block_id,section_id,section_name,division,department,work_type,work_duration_minutes,date,day_of_week,requested_time_window,candidate_start_time,candidate_end_time,candidate_start_minute,candidate_end_minute,train_count_in_window,vip_train_count,freight_train_count,passenger_train_count,max_train_priority,corridor_availability_score,existing_scheduled_blocks_count,other_department_activity,crew_type_required,equipment_required,maintenance_priority,priority_score,historical_avg_delay_minutes,actual_affected_trains,actual_delay_caused_minutes,block_efficiency_score,is_optimal_slot
HIST-BLK-00001,SEC_C01_08,Nellore - Gudur,Vijayawada,Engineering,Deep Screening Ballast,210,2026-07-16,Thu,EARLY_MORNING,04:30,08:00,270,480,2,0,1,1,4.0,0.525,0,1,track_gang,Ballast Regulator,CRITICAL,97,5.9,2,27.1,52.6,0
HIST-BLK-00002,SEC_C01_02,Tenali - Bapatla,Vijayawada,Traction,Power Isolation Maintenance,210,2026-08-11,Tue,PEAK_EVENING,17:45,21:15,1065,1275,2,1,0,2,9.0,0.348,0,1,tower_wagon_crew,Tower Wagon,HIGH,78,10.0,2,46.8,5.0,0
HIST-BLK-00003,SEC_C03_04,Donakonda - Markapur Road,Guntur,Engineering,Track Maintenance,120,2026-07-07,Tue,PEAK_MORNING,08:24,10:24,504,624,4,0,1,3,7.0,0.159,1,0,track_gang,None / Manual Tools,MEDIUM,57,8.1,5,93.8,5.0,0
HIST-BLK-00004,SEC_C01_05,Ongole - Singarayakonda,Vijayawada,Engineering,Deep Screening Ballast,195,2026-08-19,Wed,PEAK_MORNING,07:30,10:45,450,645,2,0,1,1,7.0,0.568,1,0,track_gang,Ballast Regulator,HIGH,81,8.5,3,65.1,5.0,0
HIST-BLK-00005,SEC_C02_03,Anakapalle - Tuni,Visakhapatnam,Traction,Substation Transformer Overhaul,225,2026-07-11,Sat,MIDDAY_FREIGHT_GAP,11:30,15:15,690,915,1,1,0,1,9.0,0.568,0,1,specialist_team,None / Manual Tools,LOW,40,4.9,1,26.1,34.6,0
HIST-BLK-00006,SEC_C03_03,Vinukonda - Donakonda,Guntur,S&T,Track Circuit Testing,45,2026-07-14,Tue,AFTERNOON_SLOT,16:31,17:16,991,1036,0,0,0,0,1.0,0.945,0,0,ST_gang,None / Manual Tools,MEDIUM,57,3.0,0,0.0,99.0,1
HIST-BLK-00007,SEC_C02_09,Tadepalligudem - Eluru,Vijayawada,Traction,Insulator Washing & Replacement,120,2026-08-27,Thu,AFTERNOON_SLOT,15:12,17:12,912,1032,1,0,1,0,3.0,0.816,0,1,tower_wagon_crew,Tower Wagon,LOW,24,2.0,1,15.1,86.8,1
HIST-BLK-00008,SEC_C04_04,Kondapuram - Yerraguntla,Guntakal,Traction,OHE Inspection,120,2026-07-25,Sat,AFTERNOON_SLOT,15:14,17:14,914,1034,0,0,0,0,1.0,0.962,0,1,tower_wagon_crew,Tower Wagon,LOW,20,10.8,0,0.0,99.0,1
HIST-BLK-00009,SEC_C03_04,Donakonda - Markapur Road,Guntur,Engineering,Rail Renewal,240,2026-07-11,Sat,MIDDAY_FREIGHT_GAP,11:30,15:30,690,930,2,0,0,2,6.0,0.501,0,0,track_gang,CSM Tamping Machine,MEDIUM,68,3.4,2,46.3,22.3,0
HIST-BLK-00010,SEC_C03_02,Narasaraopet - Vinukonda,Guntur,Traction,Insulator Washing & Replacement,135,2026-07-13,Mon,EARLY_MORNING,04:41,06:56,281,416,0,0,0,0,1.0,0.981,0,0,tower_wagon_crew,Tower Wagon,MEDIUM,69,7.8,0,0.0,99.0,1
HIST-BLK-00011,SEC_C01_08,Nellore - Gudur,Vijayawada,S&T,Track Circuit Testing,60,2026-07-04,Sat,EARLY_MORNING,05:42,06:42,342,402,1,0,0,1,4.0,0.875,0,0,ST_gang,None / Manual Tools,CRITICAL,93,7.1,1,12.3,81.5,0
HIST-BLK-00012,SEC_C02_03,Anakapalle - Tuni,Visakhapatnam,S&T,Interlocking Inspection,105,2026-07-28,Tue,EARLY_MORNING,05:04,06:49,304,409,1,0,0,1,8.0,0.856,0,0,ST_gang,None / Manual Tools,MEDIUM,67,8.3,1,17.6,74.1,0
HIST-BLK-00013,SEC_C01_08,Nellore - Gudur,Vijayawada,Engineering,Turnout Overhaul,150,2026-07-22,Wed,NIGHT_MEGABLOCK,01:18,03:48,78,228,0,0,0,0,1.0,0.967,0,0,track_gang,CSM Tamping Machine,CRITICAL,97,11.0,0,0.0,99.0,1
HIST-BLK-00014,SEC_C01_05,Ongole - Singarayakonda,Vijayawada,Traction,Power Isolation Maintenance,180,2026-08-12,Wed,MIDDAY_FREIGHT_GAP,11:30,14:30,690,870,0,0,0,0,1.0,0.937,0,0,tower_wagon_crew,Tower Wagon,CRITICAL,100,4.1,0,0.0,99.0,1
HIST-BLK-00015,SEC_C04_03,Tadipatri - Kondapuram,Guntakal,Engineering,Track Maintenance,90,2026-08-12,Wed,MIDDAY_FREIGHT_GAP,12:15,13:45,735,825,0,0,0,0,1.0,0.954,0,0,track_gang,None / Manual Tools,HIGH,71,2.5,0,0.0,99.0,1
HIST-BLK-00016,SEC_C03_04,Donakonda - Markapur Road,Guntur,Engineering,Turnout Overhaul,165,2026-07-13,Mon,AFTERNOON_SLOT,15:00,17:45,900,1065,3,0,1,2,4.0,0.34,0,0,track_gang,CSM Tamping Machine,HIGH,78,2.3,3,56.5,5.0,0
HIST-BLK-00017,SEC_C01_07,Kavali - Nellore,Vijayawada,Engineering,Deep Screening Ballast,225,2026-08-23,Sun,NIGHT_MEGABLOCK,01:00,04:45,60,285,0,0,0,0,1.0,0.994,0,0,track_gang,Ballast Regulator,MEDIUM,50,10.6,0,0.0,99.0,1
HIST-BLK-00018,SEC_C02_03,Anakapalle - Tuni,Visakhapatnam,S&T,Signal Maintenance,60,2026-07-17,Fri,LATE_NIGHT,22:28,23:28,1348,1408,0,0,0,0,1.0,0.976,0,0,ST_gang,None / Manual Tools,MEDIUM,62,3.5,0,0.0,99.0,1
HIST-BLK-00019,SEC_C01_04,Chirala - Ongole,Vijayawada,Traction,Substation Transformer Overhaul,255,2026-07-04,Sat,PEAK_EVENING,17:45,22:00,1065,1320,1,0,1,0,3.0,0.811,0,0,specialist_team,None / Manual Tools,CRITICAL,93,3.2,1,30.4,55.6,0
HIST-BLK-00020,SEC_C02_04,Tuni - Annavaram,Vijayawada,Engineering,Weld Rectification,60,2026-08-13,Thu,LATE_NIGHT,22:00,23:00,1320,1380,0,0,0,0,1.0,0.995,0,0,track_gang,USFD Flaw Detector,MEDIUM,63,5.9,0,0.0,99.0,1
HIST-BLK-00021,SEC_C03_03,Vinukonda - Donakonda,Guntur,S&T,Point Machine Overhaul,120,2026-08-15,Sat,PEAK_MORNING,07:45,09:45,465,585,1,1,0,1,10.0,0.557,0,0,ST_gang,Testing Van,CRITICAL,96,9.4,1,34.2,15.6,0
HIST-BLK-00022,SEC_C01_07,Kavali - Nellore,Vijayawada,Engineering,Weld Rectification,75,2026-08-02,Sun,PEAK_MORNING,07:46,09:01,466,541,1,0,0,1,6.0,0.873,0,1,track_gang,USFD Flaw Detector,LOW,27,10.3,1,18.8,83.5,0
HIST-BLK-00023,SEC_C01_01,Vijayawada - Tenali,Vijayawada,Traction,Insulator Washing & Replacement,120,2026-08-29,Sat,PEAK_EVENING,17:58,19:58,1078,1198,2,0,0,2,7.0,0.669,0,0,tower_wagon_crew,Tower Wagon,CRITICAL,87,3.1,2,27.6,44.8,0
HIST-BLK-00024,SEC_C03_04,Donakonda - Markapur Road,Guntur,Engineering,Deep Screening Ballast,240,2026-08-24,Mon,PEAK_MORNING,07:30,11:30,450,690,5,1,1,4,10.0,0.05,0,0,track_gang,Ballast Regulator,CRITICAL,96,1.5,5,100.6,5.0,0
HIST-BLK-00025,SEC_C04_05,Yerraguntla - Kadapa,Guntakal,Traction,Substation Transformer Overhaul,240,2026-08-05,Wed,NIGHT_MEGABLOCK,01:00,05:00,60,300,1,0,1,0,3.0,0.875,0,0,specialist_team,None / Manual Tools,MEDIUM,49,7.6,1,21.5,67.8,0
HIST-BLK-00026,SEC_C03_02,Narasaraopet - Vinukonda,Guntur,S&T,Signal Maintenance,60,2026-07-14,Tue,PEAK_EVENING,18:48,19:48,1128,1188,2,1,1,1,10.0,0.351,0,0,ST_gang,None / Manual Tools,LOW,39,4.0,2,50.6,5.0,0
HIST-BLK-00027,SEC_C04_03,Tadipatri - Kondapuram,Guntakal,Engineering,Turnout Overhaul,210,2026-08-29,Sat,PEAK_MORNING,07:30,11:00,450,660,5,0,1,4,7.0,0.09,0,1,track_gang,CSM Tamping Machine,MEDIUM,48,6.4,5,60.5,5.0,0
HIST-BLK-00028,SEC_C03_05,Markapur Road - Giddalur,Guntur,S&T,Point Machine Overhaul,75,2026-07-02,Thu,PEAK_EVENING,18:09,19:24,1089,1164,1,1,0,1,9.0,0.57,0,0,ST_gang,Testing Van,HIGH,72,8.2,1,44.6,5.0,0
HIST-BLK-00029,SEC_C01_02,Tenali - Bapatla,Vijayawada,Engineering,Rail Renewal,225,2026-08-07,Fri,PEAK_MORNING,07:30,11:15,450,675,1,0,0,1,7.0,0.784,0,0,track_gang,CSM Tamping Machine,MEDIUM,56,7.9,1,24.4,63.8,0
HIST-BLK-00030,SEC_C02_05,Annavaram - Samalkot,Vijayawada,S&T,Signal Maintenance,90,2026-07-28,Tue,NIGHT_MEGABLOCK,02:06,03:36,126,216,1,0,0,1,8.0,0.873,0,0,ST_gang,None / Manual Tools,MEDIUM,68,3.6,1,16.8,77.5,0
HIST-BLK-00031,SEC_C03_04,Donakonda - Markapur Road,Guntur,Traction,Cantilever Adjustment,180,2026-08-24,Mon,NIGHT_MEGABLOCK,01:00,04:00,60,240,0,0,0,0,1.0,0.944,0,0,tower_wagon_crew,Tower Wagon,HIGH,83,7.3,0,0.0,99.0,1
HIST-BLK-00032,SEC_C04_01,Guntakal - Gooty,Guntakal,Traction,Substation Transformer Overhaul,225,2026-08-09,Sun,AFTERNOON_SLOT,15:00,18:45,900,1125,0,0,0,0,1.0,0.944,0,1,specialist_team,None / Manual Tools,MEDIUM,45,9.8,0,0.0,99.0,1
HIST-BLK-00033,SEC_C03_03,Vinukonda - Donakonda,Guntur,S&T,Axle Counter Replacement,120,2026-08-13,Thu,EARLY_MORNING,04:46,06:46,286,406,2,2,0,2,9.0,0.335,1,1,ST_gang,Testing Van,LOW,43,6.9,3,90.7,5.0,0
HIST-BLK-00034,SEC_C03_02,Narasaraopet - Vinukonda,Guntur,Engineering,Turnout Overhaul,165,2026-07-02,Thu,NIGHT_MEGABLOCK,01:07,03:52,67,232,0,0,0,0,1.0,0.969,0,0,track_gang,CSM Tamping Machine,MEDIUM,59,3.5,0,0.0,99.0,1
HIST-BLK-00035,SEC_C04_08,Koduru - Renigunta,Guntakal,S&T,Point Machine Overhaul,75,2026-08-11,Tue,PEAK_EVENING,17:45,19:00,1065,1140,2,0,1,1,7.0,0.532,0,0,ST_gang,Testing Van,LOW,36,11.1,2,22.2,48.2,0
HIST-BLK-00036,SEC_C04_06,Kadapa - Razampeta,Guntakal,Traction,Insulator Washing & Replacement,135,2026-08-08,Sat,PEAK_MORNING,07:58,10:13,478,613,5,0,1,4,8.0,0.185,0,0,tower_wagon_crew,Tower Wagon,MEDIUM,60,10.3,5,60.6,5.0,0
HIST-BLK-00037,SEC_C04_08,Koduru - Renigunta,Guntakal,Traction,Power Isolation Maintenance,180,2026-07-29,Wed,NIGHT_MEGABLOCK,01:00,04:00,60,240,0,0,0,0,1.0,0.939,1,0,tower_wagon_crew,Tower Wagon,HIGH,72,8.8,1,25.6,38.9,0
HIST-BLK-00038,SEC_C04_03,Tadipatri - Kondapuram,Guntakal,S&T,Interlocking Inspection,90,2026-07-27,Mon,NIGHT_MEGABLOCK,01:26,02:56,86,176,1,0,0,1,4.0,0.863,0,0,ST_gang,None / Manual Tools,HIGH,70,5.5,1,12.6,79.4,0
HIST-BLK-00039,SEC_C04_01,Guntakal - Gooty,Guntakal,S&T,Interlocking Inspection,120,2026-08-17,Mon,AFTERNOON_SLOT,15:25,17:25,925,1045,0,0,0,0,1.0,0.968,0,0,ST_gang,None / Manual Tools,HIGH,77,5.6,0,0.0,99.0,1
HIST-BLK-00040,SEC_C04_02,Gooty - Tadipatri,Guntakal,Traction,Power Isolation Maintenance,180,2026-08-28,Fri,EARLY_MORNING,04:30,07:30,270,450,0,0,0,0,1.0,0.998,0,0,tower_wagon_crew,Tower Wagon,MEDIUM,57,2.4,0,0.0,99.0,1
HIST-BLK-00041,SEC_C04_06,Kadapa - Razampeta,Guntakal,Engineering,Track Maintenance,120,2026-07-25,Sat,PEAK_MORNING,07:43,09:43,463,583,5,1,1,4,10.0,0.05,0,1,track_gang,None / Manual Tools,HIGH,83,1.7,5,98.6,5.0,0
HIST-BLK-00042,SEC_C01_05,Ongole - Singarayakonda,Vijayawada,Traction,OHE Inspection,90,2026-08-30,Sun,EARLY_MORNING,04:42,06:12,282,372,1,0,1,0,3.0,0.864,1,0,tower_wagon_crew,Tower Wagon,MEDIUM,52,7.4,2,40.2,11.4,0
HIST-BLK-00043,SEC_C02_03,Anakapalle - Tuni,Visakhapatnam,Traction,Insulator Washing & Replacement,150,2026-08-15,Sat,NIGHT_MEGABLOCK,01:24,03:54,84,234,0,0,0,0,1.0,0.997,0,0,tower_wagon_crew,Tower Wagon,CRITICAL,86,11.0,0,0.0,99.0,1
HIST-BLK-00044,SEC_C02_05,Annavaram - Samalkot,Vijayawada,Engineering,Weld Rectification,120,2026-08-23,Sun,PEAK_EVENING,18:16,20:16,1096,1216,2,0,1,1,8.0,0.653,0,0,track_gang,USFD Flaw Detector,MEDIUM,48,1.9,2,32.7,40.6,0
HIST-BLK-00045,SEC_C01_05,Ongole - Singarayakonda,Vijayawada,Traction,Substation Transformer Overhaul,240,2026-07-01,Wed,LATE_NIGHT,21:30,01:30,1290,1530,0,0,0,0,1.0,0.959,0,0,specialist_team,None / Manual Tools,HIGH,81,8.9,0,0.0,99.0,1
HIST-BLK-00046,SEC_C02_10,Eluru - Vijayawada,Vijayawada,Traction,Insulator Washing & Replacement,120,2026-07-30,Thu,MIDDAY_FREIGHT_GAP,12:22,14:22,742,862,0,0,0,0,1.0,0.978,0,1,tower_wagon_crew,Tower Wagon,HIGH,77,10.8,0,0.0,99.0,1
HIST-BLK-00047,SEC_C04_06,Kadapa - Razampeta,Guntakal,Traction,Insulator Washing & Replacement,150,2026-07-25,Sat,PEAK_MORNING,07:30,10:00,450,600,1,1,0,1,9.0,0.579,0,0,tower_wagon_crew,Tower Wagon,HIGH,85,5.1,1,39.0,6.7,0
HIST-BLK-00048,SEC_C01_01,Vijayawada - Tenali,Vijayawada,Traction,Power Isolation Maintenance,150,2026-07-16,Thu,PEAK_EVENING,18:11,20:41,1091,1241,2,0,0,2,7.0,0.588,0,0,tower_wagon_crew,Tower Wagon,MEDIUM,67,6.2,2,23.8,48.2,0
HIST-BLK-00049,SEC_C04_02,Gooty - Tadipatri,Guntakal,Traction,Power Isolation Maintenance,180,2026-08-12,Wed,AFTERNOON_SLOT,15:00,18:00,900,1080,1,1,0,1,9.0,0.567,0,0,tower_wagon_crew,Tower Wagon,MEDIUM,56,5.0,1,30.4,16.6,0
HIST-BLK-00050,SEC_C01_08,Nellore - Gudur,Vijayawada,Traction,Power Isolation Maintenance,180,2026-07-08,Wed,PEAK_EVENING,17:50,20:50,1070,1250,1,0,1,0,3.0,0.799,0,0,tower_wagon_crew,Tower Wagon,MEDIUM,53,7.0,1,19.8,68.2,0
HIST-BLK-00051,SEC_C02_05,Annavaram - Samalkot,Vijayawada,S&T,Point Machine Overhaul,90,2026-07-12,Sun,PEAK_MORNING,07:31,09:01,451,541,3,1,1,2,10.0,0.195,0,0,ST_gang,Testing Van,MEDIUM,67,9.4,3,43.3,5.0,0
HIST-BLK-00052,SEC_C04_07,Razampeta - Koduru,Guntakal,S&T,Track Circuit Testing,60,2026-07-04,Sat,PEAK_MORNING,09:30,10:30,570,630,5,1,1,4,10.0,0.05,1,0,ST_gang,None / Manual Tools,HIGH,71,11.5,6,88.8,5.0,0
HIST-BLK-00053,SEC_C02_07,Rajahmundry - Nidadavolu,Vijayawada,Traction,Contact Wire Height Regulation,180,2026-08-28,Fri,MIDDAY_FREIGHT_GAP,11:30,14:30,690,870,0,0,0,0,1.0,0.944,0,0,tower_wagon_crew,Tower Wagon,MEDIUM,58,7.9,0,0.0,99.0,1
HIST-BLK-00054,SEC_C02_06,Samalkot - Rajahmundry,Vijayawada,Traction,Power Isolation Maintenance,180,2026-08-12,Wed,NIGHT_MEGABLOCK,01:00,04:00,60,240,1,0,1,0,3.0,0.797,0,0,tower_wagon_crew,Tower Wagon,CRITICAL,86,6.4,1,17.3,72.1,0
HIST-BLK-00055,SEC_C03_01,Guntur - Narasaraopet,Guntur,Traction,Contact Wire Height Regulation,150,2026-08-13,Thu,EARLY_MORNING,04:30,07:00,270,420,0,0,0,0,1.0,0.994,0,0,tower_wagon_crew,Tower Wagon,MEDIUM,65,3.6,0,0.0,99.0,1
HIST-BLK-00056,SEC_C02_07,Rajahmundry - Nidadavolu,Vijayawada,Traction,Power Isolation Maintenance,180,2026-08-22,Sat,EARLY_MORNING,04:30,07:30,270,450,1,0,0,1,7.0,0.787,0,0,tower_wagon_crew,Tower Wagon,HIGH,79,11.2,1,21.4,67.9,0
HIST-BLK-00057,SEC_C03_02,Narasaraopet - Vinukonda,Guntur,Traction,Contact Wire Height Regulation,180,2026-08-02,Sun,AFTERNOON_SLOT,15:00,18:00,900,1080,0,0,0,0,1.0,0.96,0,0,tower_wagon_crew,Tower Wagon,CRITICAL,86,7.8,0,0.0,99.0,1
HIST-BLK-00058,SEC_C02_07,Rajahmundry - Nidadavolu,Vijayawada,Traction,Insulator Washing & Replacement,135,2026-08-30,Sun,NIGHT_MEGABLOCK,01:43,03:58,103,238,0,0,0,0,1.0,0.966,0,0,tower_wagon_crew,Tower Wagon,MEDIUM,50,11.1,0,0.0,99.0,1
HIST-BLK-00059,SEC_C04_04,Kondapuram - Yerraguntla,Guntakal,Traction,Contact Wire Height Regulation,150,2026-07-31,Fri,PEAK_MORNING,07:43,10:13,463,613,3,1,0,3,9.0,0.067,0,0,tower_wagon_crew,Tower Wagon,MEDIUM,50,4.5,3,76.2,5.0,0
HIST-BLK-00060,SEC_C04_06,Kadapa - Razampeta,Guntakal,Engineering,Rail Renewal,240,2026-07-21,Tue,NIGHT_MEGABLOCK,01:00,05:00,60,300,0,0,0,0,1.0,0.952,0,0,track_gang,CSM Tamping Machine,MEDIUM,45,5.8,0,0.0,99.0,1
HIST-BLK-00061,SEC_C03_06,Giddalur - Nandyal,Guntur,Traction,Contact Wire Height Regulation,210,2026-07-29,Wed,LATE_NIGHT,21:30,01:00,1290,1500,1,0,1,0,3.0,0.807,0,0,tower_wagon_crew,Tower Wagon,CRITICAL,90,2.8,1,28.2,60.8,0
HIST-BLK-00062,SEC_C02_08,Nidadavolu - Tadepalligudem,Vijayawada,Traction,Power Isolation Maintenance,180,2026-08-05,Wed,NIGHT_MEGABLOCK,01:00,04:00,60,240,0,0,0,0,1.0,0.927,0,1,tower_wagon_crew,Tower Wagon,LOW,23,10.2,0,0.0,99.0,1
HIST-BLK-00063,SEC_C03_01,Guntur - Narasaraopet,Guntur,Traction,Substation Transformer Overhaul,240,2026-07-27,Mon,LATE_NIGHT,21:30,01:30,1290,1530,0,0,0,0,1.0,0.958,0,0,specialist_team,None / Manual Tools,HIGH,74,6.8,0,0.0,99.0,1
HIST-BLK-00064,SEC_C01_05,Ongole - Singarayakonda,Vijayawada,S&T,Axle Counter Replacement,120,2026-08-29,Sat,LATE_NIGHT,21:38,23:38,1298,1418,0,0,0,0,1.0,0.943,0,0,ST_gang,Testing Van,HIGH,85,6.6,0,0.0,99.0,1
HIST-BLK-00065,SEC_C04_01,Guntakal - Gooty,Guntakal,S&T,Track Circuit Testing,60,2026-08-14,Fri,EARLY_MORNING,05:43,06:43,343,403,0,0,0,0,1.0,0.951,1,0,ST_gang,None / Manual Tools,LOW,33,8.9,1,27.2,38.8,0
HIST-BLK-00066,SEC_C02_02,Duvvada - Anakapalle,Visakhapatnam,S&T,Signal Maintenance,45,2026-08-02,Sun,AFTERNOON_SLOT,15:42,16:27,942,987,0,0,0,0,1.0,0.99,1,0,ST_gang,None / Manual Tools,LOW,34,1.7,1,17.2,54.0,0
HIST-BLK-00067,SEC_C02_02,Duvvada - Anakapalle,Visakhapatnam,Engineering,Sleeper Replacement,180,2026-07-22,Wed,AFTERNOON_SLOT,15:00,18:00,900,1080,0,0,0,0,1.0,0.975,0,0,track_gang,Ballast Regulator,MEDIUM,55,5.5,0,0.0,99.0,1
HIST-BLK-00068,SEC_C04_08,Koduru - Renigunta,Guntakal,Traction,OHE Inspection,135,2026-07-05,Sun,EARLY_MORNING,04:39,06:54,279,414,0,0,0,0,1.0,1.0,0,0,tower_wagon_crew,Tower Wagon,MEDIUM,58,8.9,0,0.0,99.0,1
HIST-BLK-00069,SEC_C02_03,Anakapalle - Tuni,Visakhapatnam,Traction,Cantilever Adjustment,120,2026-07-03,Fri,PEAK_MORNING,08:20,10:20,500,620,2,1,1,1,10.0,0.317,0,0,tower_wagon_crew,Tower Wagon,CRITICAL,94,3.4,2,46.9,5.0,0
HIST-BLK-00070,SEC_C02_08,Nidadavolu - Tadepalligudem,Vijayawada,S&T,Interlocking Inspection,75,2026-07-15,Wed,MIDDAY_FREIGHT_GAP,12:51,14:06,771,846,0,0,0,0,1.0,0.94,0,0,ST_gang,None / Manual Tools,HIGH,70,4.5,0,0.0,99.0,1
HIST-BLK-00071,SEC_C01_05,Ongole - Singarayakonda,Vijayawada,S&T,Track Circuit Testing,90,2026-07-20,Mon,PEAK_EVENING,18:39,20:09,1119,1209,4,0,1,3,8.0,0.08,1,0,ST_gang,None / Manual Tools,HIGH,85,5.3,5,73.8,5.0,0
HIST-BLK-00072,SEC_C04_02,Gooty - Tadipatri,Guntakal,S&T,Signal Maintenance,75,2026-08-25,Tue,PEAK_EVENING,19:24,20:39,1164,1239,1,0,0,1,8.0,0.854,0,0,ST_gang,None / Manual Tools,CRITICAL,95,11.0,1,19.5,70.3,0
HIST-BLK-00073,SEC_C03_05,Markapur Road - Giddalur,Guntur,Engineering,Deep Screening Ballast,195,2026-08-09,Sun,PEAK_MORNING,07:30,10:45,450,645,3,0,1,2,7.0,0.312,0,1,track_gang,Ballast Regulator,HIGH,81,4.6,3,56.2,5.0,0
HIST-BLK-00074,SEC_C02_01,Visakhapatnam - Duvvada,Visakhapatnam,Traction,Cantilever Adjustment,165,2026-08-02,Sun,PEAK_MORNING,07:35,10:20,455,620,4,0,1,3,8.0,0.195,0,0,tower_wagon_crew,Tower Wagon,HIGH,80,2.3,4,70.4,5.0,0
HIST-BLK-00075,SEC_C04_02,Gooty - Tadipatri,Guntakal,Traction,Cantilever Adjustment,120,2026-08-20,Thu,MIDDAY_FREIGHT_GAP,11:30,13:30,690,810,0,0,0,0,1.0,0.941,0,0,tower_wagon_crew,Tower Wagon,CRITICAL,91,7.6,0,0.0,99.0,1
HIST-BLK-00076,SEC_C03_06,Giddalur - Nandyal,Guntur,Engineering,Deep Screening Ballast,195,2026-07-31,Fri,NIGHT_MEGABLOCK,01:00,04:15,60,255,0,0,0,0,1.0,0.995,0,0,track_gang,Ballast Regulator,HIGH,77,6.4,0,0.0,99.0,1
HIST-BLK-00077,SEC_C04_03,Tadipatri - Kondapuram,Guntakal,Engineering,Turnout Overhaul,150,2026-08-30,Sun,NIGHT_MEGABLOCK,01:09,03:39,69,219,0,0,0,0,1.0,0.929,0,0,track_gang,CSM Tamping Machine,HIGH,74,11.5,0,0.0,99.0,1
HIST-BLK-00078,SEC_C04_03,Tadipatri - Kondapuram,Guntakal,Traction,Substation Transformer Overhaul,270,2026-07-10,Fri,MIDDAY_FREIGHT_GAP,11:30,16:00,690,960,0,0,0,0,1.0,0.972,0,0,specialist_team,None / Manual Tools,MEDIUM,64,1.8,0,0.0,99.0,1
HIST-BLK-00079,SEC_C04_05,Yerraguntla - Kadapa,Guntakal,S&T,Point Machine Overhaul,90,2026-07-07,Tue,PEAK_EVENING,18:32,20:02,1112,1202,4,1,1,3,10.0,0.05,1,1,ST_gang,Testing Van,LOW,34,8.2,5,99.1,5.0,0
HIST-BLK-00080,SEC_C02_06,Samalkot - Rajahmundry,Vijayawada,Engineering,Weld Rectification,75,2026-08-07,Fri,EARLY_MORNING,04:59,06:14,299,374,0,0,0,0,1.0,0.946,0,0,track_gang,USFD Flaw Detector,CRITICAL,100,11.8,0,0.0,99.0,1
HIST-BLK-00081,SEC_C02_09,Tadepalligudem - Eluru,Vijayawada,Engineering,Track Maintenance,150,2026-08-25,Tue,NIGHT_MEGABLOCK,01:04,03:34,64,214,1,0,1,0,3.0,0.859,1,0,track_gang,None / Manual Tools,HIGH,80,2.8,2,36.4,12.3,0
HIST-BLK-00082,SEC_C04_05,Yerraguntla - Kadapa,Guntakal,S&T,Interlocking Inspection,105,2026-07-07,Tue,MIDDAY_FREIGHT_GAP,12:34,14:19,754,859,0,0,0,0,1.0,0.938,0,0,ST_gang,None / Manual Tools,MEDIUM,68,7.0,0,0.0,99.0,1
HIST-BLK-00083,SEC_C01_02,Tenali - Bapatla,Vijayawada,Engineering,Sleeper Replacement,180,2026-07-28,Tue,PEAK_EVENING,17:48,20:48,1068,1248,2,1,0,2,9.0,0.338,0,0,track_gang,Ballast Regulator,LOW,22,3.1,2,46.7,5.0,0
HIST-BLK-00084,SEC_C03_03,Vinukonda - Donakonda,Guntur,S&T,Interlocking Inspection,105,2026-07-19,Sun,MIDDAY_FREIGHT_GAP,12:34,14:19,754,859,0,0,0,0,1.0,0.968,1,0,ST_gang,None / Manual Tools,CRITICAL,97,10.7,1,23.3,46.2,0
HIST-BLK-00085,SEC_C04_04,Kondapuram - Yerraguntla,Guntakal,S&T,Point Machine Overhaul,90,2026-07-22,Wed,LATE_NIGHT,21:59,23:29,1319,1409,0,0,0,0,1.0,0.978,0,0,ST_gang,Testing Van,HIGH,80,3.1,0,0.0,99.0,1
HIST-BLK-00086,SEC_C01_05,Ongole - Singarayakonda,Vijayawada,Engineering,Track Maintenance,90,2026-07-28,Tue,NIGHT_MEGABLOCK,01:47,03:17,107,197,1,0,1,0,3.0,0.861,0,0,track_gang,None / Manual Tools,MEDIUM,63,8.5,1,16.6,77.2,0
HIST-BLK-00087,SEC_C04_04,Kondapuram - Yerraguntla,Guntakal,Traction,OHE Inspection,120,2026-08-08,Sat,PEAK_MORNING,07:52,09:52,472,592,2,0,0,2,8.0,0.519,0,0,tower_wagon_crew,Tower Wagon,MEDIUM,49,2.6,2,38.9,29.0,0
HIST-BLK-00088,SEC_C02_10,Eluru - Vijayawada,Vijayawada,Traction,Power Isolation Maintenance,180,2026-08-24,Mon,AFTERNOON_SLOT,15:00,18:00,900,1080,1,0,0,1,8.0,0.877,0,0,tower_wagon_crew,Tower Wagon,MEDIUM,64,7.9,1,23.6,68.2,0
HIST-BLK-00089,SEC_C01_02,Tenali - Bapatla,Vijayawada,Engineering,Rail Renewal,270,2026-08-18,Tue,PEAK_MORNING,07:30,12:00,450,720,1,0,0,1,8.0,0.872,0,0,track_gang,CSM Tamping Machine,HIGH,75,5.7,1,22.9,68.6,0
HIST-BLK-00090,SEC_C01_02,Tenali - Bapatla,Vijayawada,Engineering,Deep Screening Ballast,225,2026-07-14,Tue,MIDDAY_FREIGHT_GAP,11:30,15:15,690,915,2,0,0,2,8.0,0.576,0,0,track_gang,Ballast Regulator,HIGH,81,11.4,2,39.2,32.4,0
HIST-BLK-00091,SEC_C02_02,Duvvada - Anakapalle,Visakhapatnam,Engineering,Weld Rectification,60,2026-08-13,Thu,NIGHT_MEGABLOCK,01:34,02:34,94,154,0,0,0,0,1.0,0.954,0,0,track_gang,USFD Flaw Detector,MEDIUM,58,2.7,0,0.0,99.0,1
HIST-BLK-00092,SEC_C03_01,Guntur - Narasaraopet,Guntur,Traction,Substation Transformer Overhaul,255,2026-08-01,Sat,AFTERNOON_SLOT,15:00,19:15,900,1155,0,0,0,0,1.0,0.973,0,1,specialist_team,None / Manual Tools,CRITICAL,92,3.6,0,0.0,99.0,1
HIST-BLK-00093,SEC_C02_01,Visakhapatnam - Duvvada,Visakhapatnam,S&T,Track Circuit Testing,75,2026-07-08,Wed,NIGHT_MEGABLOCK,02:03,03:18,123,198,0,0,0,0,1.0,0.934,0,0,ST_gang,None / Manual Tools,HIGH,77,10.0,0,0.0,99.0,1
HIST-BLK-00094,SEC_C01_03,Bapatla - Chirala,Vijayawada,S&T,Signal Maintenance,60,2026-08-28,Fri,NIGHT_MEGABLOCK,02:50,03:50,170,230,0,0,0,0,1.0,0.954,0,0,ST_gang,None / Manual Tools,HIGH,83,11.6,0,0.0,99.0,1
HIST-BLK-00095,SEC_C04_06,Kadapa - Razampeta,Guntakal,Traction,Cantilever Adjustment,120,2026-07-28,Tue,LATE_NIGHT,21:33,23:33,1293,1413,1,0,1,0,3.0,0.839,0,0,tower_wagon_crew,Tower Wagon,MEDIUM,57,3.8,1,21.8,66.5,0
HIST-BLK-00096,SEC_C01_08,Nellore - Gudur,Vijayawada,Traction,Insulator Washing & Replacement,105,2026-08-27,Thu,LATE_NIGHT,21:41,23:26,1301,1406,0,0,0,0,1.0,0.997,0,1,tower_wagon_crew,Tower Wagon,MEDIUM,49,3.6,0,0.0,99.0,1
HIST-BLK-00097,SEC_C01_05,Ongole - Singarayakonda,Vijayawada,Engineering,Deep Screening Ballast,210,2026-07-30,Thu,LATE_NIGHT,21:30,01:00,1290,1500,0,0,0,0,1.0,0.966,0,0,track_gang,Ballast Regulator,MEDIUM,63,4.9,0,0.0,99.0,1
HIST-BLK-00098,SEC_C03_03,Vinukonda - Donakonda,Guntur,Engineering,Sleeper Replacement,150,2026-07-31,Fri,MIDDAY_FREIGHT_GAP,11:50,14:20,710,860,0,0,0,0,1.0,0.944,0,1,track_gang,Ballast Regulator,HIGH,71,6.3,0,0.0,99.0,1
HIST-BLK-00099,SEC_C03_06,Giddalur - Nandyal,Guntur,S&T,Signal Maintenance,90,2026-08-25,Tue,LATE_NIGHT,21:35,23:05,1295,1385,0,0,0,0,1.0,0.961,0,0,ST_gang,None / Manual Tools,HIGH,71,8.3,0,0.0,99.0,1
HIST-BLK-00100,SEC_C04_07,Razampeta - Koduru,Guntakal,Traction,Power Isolation Maintenance,150,2026-07-29,Wed,NIGHT_MEGABLOCK,01:25,03:55,85,235,0,0,0,0,1.0,0.947,0,1,tower_wagon_crew,Tower Wagon,MEDIUM,61,8.9,0,0.0,99.0,1
HIST-BLK-00101,SEC_C02_03,Anakapalle - Tuni,Visakhapatnam,S&T,Track Circuit Testing,75,2026-07-25,Sat,MIDDAY_FREIGHT_GAP,13:09,14:24,789,864,0,0,0,0,1.0,0.947,0,1,ST_gang,None / Manual Tools,MEDIUM,65,2.5,0,0.0,99.0,1
HIST-BLK-00102,SEC_C03_01,Guntur - Narasaraopet,Guntur,S&T,Cable Jointing & OFC,180,2026-08-28,Fri,AFTERNOON_SLOT,15:00,18:00,900,1080,1,0,0,1,4.0,0.867,0,0,ST_gang,Testing Van,HIGH,74,8.4,1,23.6,65.2,0
HIST-BLK-00103,SEC_C01_06,Singarayakonda - Kavali,Vijayawada,S&T,Interlocking Inspection,90,2026-08-11,Tue,LATE_NIGHT,21:51,23:21,1311,1401,0,0,0,0,1.0,0.974,0,0,ST_gang,None / Manual Tools,MEDIUM,68,2.5,0,0.0,99.0,1
HIST-BLK-00104,SEC_C03_06,Giddalur - Nandyal,Guntur,Engineering,Rail Renewal,240,2026-07-12,Sun,EARLY_MORNING,04:30,08:30,270,510,1,0,0,1,7.0,0.814,0,1,track_gang,CSM Tamping Machine,MEDIUM,51,2.3,1,28.4,68.2,0
HIST-BLK-00105,SEC_C01_03,Bapatla - Chirala,Vijayawada,Traction,Cantilever Adjustment,165,2026-07-09,Thu,AFTERNOON_SLOT,15:00,17:45,900,1065,0,0,0,0,1.0,0.95,0,1,tower_wagon_crew,Tower Wagon,HIGH,75,5.3,0,0.0,99.0,1
HIST-BLK-00106,SEC_C04_05,Yerraguntla - Kadapa,Guntakal,Traction,Cantilever Adjustment,180,2026-08-20,Thu,MIDDAY_FREIGHT_GAP,11:30,14:30,690,870,0,0,0,0,1.0,0.939,0,1,tower_wagon_crew,Tower Wagon,HIGH,85,8.6,0,0.0,99.0,1
HIST-BLK-00107,SEC_C04_05,Yerraguntla - Kadapa,Guntakal,S&T,Track Circuit Testing,75,2026-08-02,Sun,AFTERNOON_SLOT,15:53,17:08,953,1028,0,0,0,0,1.0,0.997,1,0,ST_gang,None / Manual Tools,MEDIUM,64,8.2,1,28.1,39.5,0
HIST-BLK-00108,SEC_C01_07,Kavali - Nellore,Vijayawada,Traction,Insulator Washing & Replacement,90,2026-07-19,Sun,NIGHT_MEGABLOCK,01:20,02:50,80,170,0,0,0,0,1.0,0.992,1,0,tower_wagon_crew,Tower Wagon,CRITICAL,92,10.1,1,28.3,41.0,0
HIST-BLK-00109,SEC_C04_03,Tadipatri - Kondapuram,Guntakal,Engineering,Sleeper Replacement,195,2026-07-24,Fri,EARLY_MORNING,04:30,07:45,270,465,0,0,0,0,1.0,0.951,1,0,track_gang,Ballast Regulator,CRITICAL,89,10.3,1,24.7,43.8,0
HIST-BLK-00110,SEC_C02_01,Visakhapatnam - Duvvada,Visakhapatnam,Engineering,Rail Renewal,240,2026-08-14,Fri,LATE_NIGHT,21:30,01:30,1290,1530,1,0,1,0,3.0,0.851,0,1,track_gang,CSM Tamping Machine,HIGH,70,3.8,1,21.5,81.4,0
HIST-BLK-00111,SEC_C04_04,Kondapuram - Yerraguntla,Guntakal,Engineering,Rail Renewal,225,2026-07-20,Mon,NIGHT_MEGABLOCK,01:00,04:45,60,285,1,0,1,0,3.0,0.822,1,0,track_gang,CSM Tamping Machine,MEDIUM,59,6.7,2,49.1,5.0,0
HIST-BLK-00112,SEC_C02_02,Duvvada - Anakapalle,Visakhapatnam,S&T,Axle Counter Replacement,90,2026-08-09,Sun,PEAK_MORNING,08:00,09:30,480,570,1,0,0,1,4.0,0.837,0,0,ST_gang,Testing Van,HIGH,72,11.5,1,17.9,74.7,0
HIST-BLK-00113,SEC_C01_02,Tenali - Bapatla,Vijayawada,S&T,Axle Counter Replacement,90,2026-08-10,Mon,MIDDAY_FREIGHT_GAP,12:17,13:47,737,827,1,0,0,1,4.0,0.805,1,0,ST_gang,Testing Van,CRITICAL,98,8.4,2,37.2,13.7,0
HIST-BLK-00114,SEC_C02_01,Visakhapatnam - Duvvada,Visakhapatnam,Engineering,Rail Renewal,255,2026-07-22,Wed,LATE_NIGHT,21:30,01:45,1290,1545,0,0,0,0,1.0,0.986,0,1,track_gang,CSM Tamping Machine,MEDIUM,67,2.9,0,0.0,99.0,1
HIST-BLK-00115,SEC_C04_06,Kadapa - Razampeta,Guntakal,Engineering,Rail Renewal,225,2026-07-03,Fri,LATE_NIGHT,21:30,01:15,1290,1515,1,0,1,0,3.0,0.784,0,0,track_gang,CSM Tamping Machine,LOW,36,6.5,1,19.6,70.9,0
HIST-BLK-00116,SEC_C03_01,Guntur - Narasaraopet,Guntur,S&T,Signal Maintenance,90,2026-07-22,Wed,PEAK_MORNING,07:45,09:15,465,555,4,0,1,3,8.0,0.161,0,1,ST_gang,None / Manual Tools,LOW,32,8.8,4,51.2,5.0,0
HIST-BLK-00117,SEC_C02_10,Eluru - Vijayawada,Vijayawada,Engineering,Deep Screening Ballast,210,2026-07-06,Mon,MIDDAY_FREIGHT_GAP,11:30,15:00,690,900,1,0,0,1,8.0,0.84,0,1,track_gang,Ballast Regulator,MEDIUM,62,4.9,1,21.5,78.7,0
HIST-BLK-00118,SEC_C04_04,Kondapuram - Yerraguntla,Guntakal,Engineering,Deep Screening Ballast,210,2026-07-23,Thu,MIDDAY_FREIGHT_GAP,11:30,15:00,690,900,0,0,0,0,1.0,0.923,0,0,track_gang,Ballast Regulator,LOW,31,8.2,0,0.0,99.0,1
HIST-BLK-00119,SEC_C01_04,Chirala - Ongole,Vijayawada,Engineering,Deep Screening Ballast,240,2026-07-26,Sun,PEAK_MORNING,07:30,11:30,450,690,3,0,1,2,7.0,0.42,1,1,track_gang,Ballast Regulator,MEDIUM,59,9.7,4,67.7,5.0,0
HIST-BLK-00120,SEC_C02_02,Duvvada - Anakapalle,Visakhapatnam,Traction,Contact Wire Height Regulation,180,2026-07-24,Fri,MIDDAY_FREIGHT_GAP,11:30,14:30,690,870,0,0,0,0,1.0,0.981,0,0,tower_wagon_crew,Tower Wagon,MEDIUM,61,4.4,0,0.0,99.0,1
HIST-BLK-00121,SEC_C01_02,Tenali - Bapatla,Vijayawada,Traction,Power Isolation Maintenance,180,2026-08-03,Mon,MIDDAY_FREIGHT_GAP,11:30,14:30,690,870,2,0,0,2,8.0,0.664,0,0,tower_wagon_crew,Tower Wagon,CRITICAL,98,12.0,2,30.7,44.5,0
HIST-BLK-00122,SEC_C04_08,Koduru - Renigunta,Guntakal,Engineering,Track Maintenance,105,2026-08-24,Mon,NIGHT_MEGABLOCK,01:57,03:42,117,222,1,0,1,0,3.0,0.851,0,0,track_gang,None / Manual Tools,LOW,41,8.5,1,20.3,70.9,0
HIST-BLK-00123,SEC_C03_01,Guntur - Narasaraopet,Guntur,S&T,Point Machine Overhaul,120,2026-08-15,Sat,PEAK_EVENING,18:07,20:07,1087,1207,4,0,1,3,7.0,0.198,0,1,ST_gang,Testing Van,MEDIUM,52,7.3,4,52.8,5.0,0
HIST-BLK-00124,SEC_C02_01,Visakhapatnam - Duvvada,Visakhapatnam,Traction,OHE Inspection,90,2026-07-20,Mon,MIDDAY_FREIGHT_GAP,12:31,14:01,751,841,0,0,0,0,1.0,0.962,1,0,tower_wagon_crew,Tower Wagon,MEDIUM,63,8.2,1,21.7,47.1,0
HIST-BLK-00125,SEC_C03_05,Markapur Road - Giddalur,Guntur,Engineering,Weld Rectification,120,2026-08-07,Fri,EARLY_MORNING,04:54,06:54,294,414,0,0,0,0,1.0,0.997,0,0,track_gang,USFD Flaw Detector,HIGH,71,4.7,0,0.0,99.0,1
HIST-BLK-00126,SEC_C02_07,Rajahmundry - Nidadavolu,Vijayawada,S&T,Interlocking Inspection,90,2026-08-24,Mon,NIGHT_MEGABLOCK,01:32,03:02,92,182,1,0,1,0,3.0,0.876,0,1,ST_gang,None / Manual Tools,HIGH,79,8.2,1,18.4,73.8,0
HIST-BLK-00127,SEC_C02_03,Anakapalle - Tuni,Visakhapatnam,Traction,Insulator Washing & Replacement,150,2026-08-27,Thu,AFTERNOON_SLOT,15:00,17:30,900,1050,1,1,0,1,9.0,0.564,0,1,tower_wagon_crew,Tower Wagon,LOW,21,2.0,1,36.5,21.2,0
HIST-BLK-00128,SEC_C04_03,Tadipatri - Kondapuram,Guntakal,Traction,Substation Transformer Overhaul,210,2026-08-01,Sat,PEAK_EVENING,17:45,21:15,1065,1275,1,0,0,1,6.0,0.835,0,0,specialist_team,None / Manual Tools,MEDIUM,54,8.7,1,21.5,66.8,0
HIST-BLK-00129,SEC_C01_04,Chirala - Ongole,Vijayawada,Engineering,Sleeper Replacement,180,2026-07-31,Fri,MIDDAY_FREIGHT_GAP,11:30,14:30,690,870,0,0,0,0,1.0,0.936,0,0,track_gang,Ballast Regulator,MEDIUM,55,11.9,0,0.0,99.0,1
HIST-BLK-00130,SEC_C04_02,Gooty - Tadipatri,Guntakal,Engineering,Rail Renewal,255,2026-08-05,Wed,NIGHT_MEGABLOCK,01:00,05:15,60,315,0,0,0,0,1.0,0.957,1,1,track_gang,CSM Tamping Machine,HIGH,77,11.4,1,28.0,48.1,0
HIST-BLK-00131,SEC_C02_03,Anakapalle - Tuni,Visakhapatnam,S&T,Interlocking Inspection,120,2026-07-21,Tue,EARLY_MORNING,04:54,06:54,294,414,1,0,0,1,8.0,0.796,0,0,ST_gang,None / Manual Tools,LOW,34,1.7,1,23.5,65.7,0
HIST-BLK-00132,SEC_C02_08,Nidadavolu - Tadepalligudem,Vijayawada,Engineering,Weld Rectification,90,2026-07-04,Sat,NIGHT_MEGABLOCK,01:36,03:06,96,186,1,0,1,0,3.0,0.829,0,0,track_gang,USFD Flaw Detector,LOW,40,1.6,1,13.6,76.4,0
HIST-BLK-00133,SEC_C02_09,Tadepalligudem - Eluru,Vijayawada,Traction,Cantilever Adjustment,150,2026-07-24,Fri,NIGHT_MEGABLOCK,01:12,03:42,72,222,1,0,1,0,3.0,0.836,1,0,tower_wagon_crew,Tower Wagon,HIGH,79,9.5,2,48.1,5.0,0
HIST-BLK-00134,SEC_C01_08,Nellore - Gudur,Vijayawada,Engineering,Track Maintenance,120,2026-07-24,Fri,LATE_NIGHT,21:40,23:40,1300,1420,0,0,0,0,1.0,0.949,0,0,track_gang,None / Manual Tools,CRITICAL,95,2.0,0,0.0,99.0,1
HIST-BLK-00135,SEC_C03_04,Donakonda - Markapur Road,Guntur,S&T,Interlocking Inspection,90,2026-07-10,Fri,AFTERNOON_SLOT,15:57,17:27,957,1047,1,0,0,1,4.0,0.832,1,0,ST_gang,None / Manual Tools,HIGH,80,9.3,2,35.5,16.7,0
HIST-BLK-00136,SEC_C04_08,Koduru - Renigunta,Guntakal,Traction,Insulator Washing & Replacement,120,2026-07-31,Fri,LATE_NIGHT,21:30,23:30,1290,1410,0,0,0,0,1.0,0.974,0,0,tower_wagon_crew,Tower Wagon,LOW,38,10.7,0,0.0,99.0,1
HIST-BLK-00137,SEC_C04_07,Razampeta - Koduru,Guntakal,S&T,Cable Jointing & OFC,165,2026-08-06,Thu,EARLY_MORNING,04:30,07:15,270,435,0,0,0,0,1.0,0.978,0,0,ST_gang,Testing Van,MEDIUM,50,9.6,0,0.0,99.0,1
HIST-BLK-00138,SEC_C02_08,Nidadavolu - Tadepalligudem,Vijayawada,Engineering,Weld Rectification,120,2026-07-08,Wed,EARLY_MORNING,04:30,06:30,270,390,0,0,0,0,1.0,0.955,0,0,track_gang,USFD Flaw Detector,HIGH,83,9.6,0,0.0,99.0,1
HIST-BLK-00139,SEC_C01_04,Chirala - Ongole,Vijayawada,Traction,Power Isolation Maintenance,195,2026-07-14,Tue,AFTERNOON_SLOT,15:00,18:15,900,1095,1,0,1,0,3.0,0.813,0,0,tower_wagon_crew,Tower Wagon,MEDIUM,61,6.3,1,23.1,66.8,0
HIST-BLK-00140,SEC_C02_09,Tadepalligudem - Eluru,Vijayawada,Traction,Contact Wire Height Regulation,165,2026-07-16,Thu,PEAK_MORNING,07:39,10:24,459,624,1,0,0,1,8.0,0.802,0,0,tower_wagon_crew,Tower Wagon,LOW,29,8.7,1,21.1,68.6,0
HIST-BLK-00141,SEC_C02_10,Eluru - Vijayawada,Vijayawada,S&T,Signal Maintenance,75,2026-08-13,Thu,AFTERNOON_SLOT,15:48,17:03,948,1023,0,0,0,0,1.0,0.992,0,0,ST_gang,None / Manual Tools,HIGH,81,4.5,0,0.0,99.0,1
HIST-BLK-00142,SEC_C01_06,Singarayakonda - Kavali,Vijayawada,S&T,Axle Counter Replacement,150,2026-07-17,Fri,PEAK_EVENING,18:15,20:45,1095,1245,3,1,1,2,10.0,0.108,0,1,ST_gang,Testing Van,LOW,42,9.3,3,46.8,5.0,0
HIST-BLK-00143,SEC_C02_07,Rajahmundry - Nidadavolu,Vijayawada,Traction,Power Isolation Maintenance,150,2026-07-07,Tue,MIDDAY_FREIGHT_GAP,11:40,14:10,700,850,1,0,0,1,6.0,0.852,1,0,tower_wagon_crew,Tower Wagon,CRITICAL,98,11.8,2,41.9,9.7,0
HIST-BLK-00144,SEC_C04_07,Razampeta - Koduru,Guntakal,S&T,Cable Jointing & OFC,135,2026-08-18,Tue,PEAK_MORNING,07:50,10:05,470,605,4,0,1,3,7.0,0.148,0,1,ST_gang,Testing Van,HIGH,71,10.8,4,45.8,5.0,0
HIST-BLK-00145,SEC_C04_02,Gooty - Tadipatri,Guntakal,S&T,Point Machine Overhaul,120,2026-08-25,Tue,PEAK_MORNING,08:26,10:26,506,626,1,0,0,1,8.0,0.784,0,0,ST_gang,Testing Van,HIGH,73,6.3,1,20.4,69.3,0
HIST-BLK-00146,SEC_C02_01,Visakhapatnam - Duvvada,Visakhapatnam,Traction,Contact Wire Height Regulation,180,2026-07-13,Mon,LATE_NIGHT,21:30,00:30,1290,1470,1,0,1,0,3.0,0.796,0,1,tower_wagon_crew,Tower Wagon,HIGH,78,5.0,1,20.0,80.8,0
HIST-BLK-00147,SEC_C02_05,Annavaram - Samalkot,Vijayawada,Engineering,Weld Rectification,120,2026-08-27,Thu,MIDDAY_FREIGHT_GAP,12:22,14:22,742,862,0,0,0,0,1.0,0.954,0,1,track_gang,USFD Flaw Detector,HIGH,82,3.0,0,0.0,99.0,1
HIST-BLK-00148,SEC_C02_08,Nidadavolu - Tadepalligudem,Vijayawada,Engineering,Rail Renewal,240,2026-07-16,Thu,MIDDAY_FREIGHT_GAP,11:30,15:30,690,930,1,0,1,0,3.0,0.855,0,0,track_gang,CSM Tamping Machine,LOW,29,4.2,1,23.6,65.5,0
HIST-BLK-00149,SEC_C01_08,Nellore - Gudur,Vijayawada,S&T,Track Circuit Testing,60,2026-07-26,Sun,PEAK_EVENING,19:53,20:53,1193,1253,4,0,1,3,8.0,0.105,0,0,ST_gang,None / Manual Tools,HIGH,74,11.9,4,49.9,5.0,0
HIST-BLK-00150,SEC_C04_07,Razampeta - Koduru,Guntakal,Traction,Substation Transformer Overhaul,225,2026-08-18,Tue,EARLY_MORNING,04:30,08:15,270,495,1,0,1,0,3.0,0.848,0,0,specialist_team,None / Manual Tools,MEDIUM,47,5.3,1,28.4,58.9,0
HIST-BLK-00151,SEC_C02_05,Annavaram - Samalkot,Vijayawada,Traction,Insulator Washing & Replacement,105,2026-07-11,Sat,PEAK_MORNING,08:36,10:21,516,621,1,0,0,1,8.0,0.824,0,1,tower_wagon_crew,Tower Wagon,MEDIUM,67,6.9,1,21.3,78.7,0
HIST-BLK-00152,SEC_C04_03,Tadipatri - Kondapuram,Guntakal,S&T,Interlocking Inspection,60,2026-08-05,Wed,MIDDAY_FREIGHT_GAP,12:56,13:56,776,836,0,0,0,0,1.0,0.985,0,1,ST_gang,None / Manual Tools,MEDIUM,57,3.8,0,0.0,99.0,1
HIST-BLK-00153,SEC_C04_04,Kondapuram - Yerraguntla,Guntakal,S&T,Cable Jointing & OFC,120,2026-08-04,Tue,NIGHT_MEGABLOCK,01:59,03:59,119,239,0,0,0,0,1.0,0.999,0,0,ST_gang,Testing Van,HIGH,79,9.5,0,0.0,99.0,1
HIST-BLK-00154,SEC_C04_03,Tadipatri - Kondapuram,Guntakal,S&T,Axle Counter Replacement,120,2026-08-25,Tue,MIDDAY_FREIGHT_GAP,11:54,13:54,714,834,0,0,0,0,1.0,0.926,1,0,ST_gang,Testing Van,LOW,37,2.7,1,29.9,35.1,0
HIST-BLK-00155,SEC_C02_01,Visakhapatnam - Duvvada,Visakhapatnam,Traction,Power Isolation Maintenance,150,2026-08-18,Tue,NIGHT_MEGABLOCK,01:09,03:39,69,219,0,0,0,0,1.0,0.978,0,0,tower_wagon_crew,Tower Wagon,HIGH,82,5.1,0,0.0,99.0,1
HIST-BLK-00156,SEC_C01_08,Nellore - Gudur,Vijayawada,Engineering,Deep Screening Ballast,210,2026-08-09,Sun,LATE_NIGHT,21:30,01:00,1290,1500,0,0,0,0,1.0,0.991,1,1,track_gang,Ballast Regulator,HIGH,72,7.8,1,25.5,50.0,0
HIST-BLK-00157,SEC_C01_03,Bapatla - Chirala,Vijayawada,S&T,Axle Counter Replacement,105,2026-08-04,Tue,EARLY_MORNING,04:33,06:18,273,378,0,0,0,0,1.0,0.931,0,0,ST_gang,Testing Van,LOW,27,4.8,0,0.0,99.0,1
HIST-BLK-00158,SEC_C03_03,Vinukonda - Donakonda,Guntur,Engineering,Rail Renewal,225,2026-08-12,Wed,AFTERNOON_SLOT,15:00,18:45,900,1125,0,0,0,0,1.0,0.938,0,0,track_gang,CSM Tamping Machine,HIGH,71,9.2,0,0.0,99.0,1
HIST-BLK-00159,SEC_C04_04,Kondapuram - Yerraguntla,Guntakal,Traction,Contact Wire Height Regulation,150,2026-07-23,Thu,PEAK_EVENING,18:27,20:57,1107,1257,5,0,1,4,8.0,0.154,0,0,tower_wagon_crew,Tower Wagon,HIGH,79,6.5,5,90.0,5.0,0
HIST-BLK-00160,SEC_C02_02,Duvvada - Anakapalle,Visakhapatnam,S&T,Signal Maintenance,75,2026-07-27,Mon,MIDDAY_FREIGHT_GAP,12:41,13:56,761,836,0,0,0,0,1.0,0.962,0,0,ST_gang,None / Manual Tools,HIGH,78,11.2,0,0.0,99.0,1
HIST-BLK-00161,SEC_C01_06,Singarayakonda - Kavali,Vijayawada,Traction,Substation Transformer Overhaul,225,2026-07-04,Sat,PEAK_MORNING,07:30,11:15,450,675,1,0,1,0,3.0,0.818,0,1,specialist_team,None / Manual Tools,MEDIUM,46,9.5,1,26.5,72.9,0
HIST-BLK-00162,SEC_C04_07,Razampeta - Koduru,Guntakal,Engineering,Rail Renewal,240,2026-08-28,Fri,NIGHT_MEGABLOCK,01:00,05:00,60,300,1,0,1,0,3.0,0.799,0,0,track_gang,CSM Tamping Machine,MEDIUM,68,4.0,1,26.0,61.3,0
HIST-BLK-00163,SEC_C02_08,Nidadavolu - Tadepalligudem,Vijayawada,Traction,Cantilever Adjustment,150,2026-07-25,Sat,MIDDAY_FREIGHT_GAP,11:47,14:17,707,857,1,0,1,0,3.0,0.845,0,0,tower_wagon_crew,Tower Wagon,HIGH,81,2.5,1,25.3,64.4,0
HIST-BLK-00164,SEC_C03_03,Vinukonda - Donakonda,Guntur,Engineering,Rail Renewal,240,2026-07-27,Mon,NIGHT_MEGABLOCK,01:00,05:00,60,300,0,0,0,0,1.0,0.938,0,0,track_gang,CSM Tamping Machine,CRITICAL,90,9.1,0,0.0,99.0,1
HIST-BLK-00165,SEC_C02_05,Annavaram - Samalkot,Vijayawada,S&T,Point Machine Overhaul,90,2026-08-06,Thu,LATE_NIGHT,21:45,23:15,1305,1395,0,0,0,0,1.0,0.972,0,0,ST_gang,Testing Van,MEDIUM,53,9.1,0,0.0,99.0,1
HIST-BLK-00166,SEC_C04_06,Kadapa - Razampeta,Guntakal,Engineering,Deep Screening Ballast,210,2026-07-11,Sat,EARLY_MORNING,04:30,08:00,270,480,2,1,1,1,9.0,0.38,0,0,track_gang,Ballast Regulator,HIGH,71,2.3,2,42.2,5.0,0
HIST-BLK-00167,SEC_C02_01,Visakhapatnam - Duvvada,Visakhapatnam,Traction,Power Isolation Maintenance,150,2026-08-15,Sat,EARLY_MORNING,04:30,07:00,270,420,2,0,0,2,6.0,0.502,1,0,tower_wagon_crew,Tower Wagon,MEDIUM,56,11.3,3,66.7,5.0,0
HIST-BLK-00168,SEC_C04_03,Tadipatri - Kondapuram,Guntakal,Engineering,Track Maintenance,135,2026-08-16,Sun,PEAK_MORNING,08:04,10:19,484,619,4,1,1,3,10.0,0.05,1,1,track_gang,None / Manual Tools,MEDIUM,50,3.1,5,92.5,5.0,0
HIST-BLK-00169,SEC_C04_02,Gooty - Tadipatri,Guntakal,Engineering,Rail Renewal,240,2026-07-30,Thu,AFTERNOON_SLOT,15:00,19:00,900,1140,1,1,0,1,9.0,0.554,0,0,track_gang,CSM Tamping Machine,MEDIUM,54,8.4,1,40.2,5.0,0
HIST-BLK-00170,SEC_C04_01,Guntakal - Gooty,Guntakal,S&T,Interlocking Inspection,90,2026-07-04,Sat,PEAK_EVENING,17:46,19:16,1066,1156,3,1,1,2,10.0,0.169,0,0,ST_gang,None / Manual Tools,MEDIUM,55,2.5,3,52.4,5.0,0
HIST-BLK-00171,SEC_C04_07,Razampeta - Koduru,Guntakal,S&T,Signal Maintenance,45,2026-08-13,Thu,PEAK_MORNING,07:38,08:23,458,503,1,0,1,0,3.0,0.798,0,0,ST_gang,None / Manual Tools,LOW,20,9.4,1,17.4,72.6,0
HIST-BLK-00172,SEC_C01_05,Ongole - Singarayakonda,Vijayawada,S&T,Point Machine Overhaul,105,2026-07-16,Thu,AFTERNOON_SLOT,15:24,17:09,924,1029,0,0,0,0,1.0,0.974,0,1,ST_gang,Testing Van,MEDIUM,57,11.9,0,0.0,99.0,1
HIST-BLK-00173,SEC_C03_05,Markapur Road - Giddalur,Guntur,Engineering,Track Maintenance,120,2026-07-15,Wed,LATE_NIGHT,21:32,23:32,1292,1412,0,0,0,0,1.0,0.982,0,0,track_gang,None / Manual Tools,LOW,32,8.2,0,0.0,99.0,1
HIST-BLK-00174,SEC_C04_05,Yerraguntla - Kadapa,Guntakal,S&T,Point Machine Overhaul,90,2026-08-05,Wed,MIDDAY_FREIGHT_GAP,12:25,13:55,745,835,0,0,0,0,1.0,0.935,1,0,ST_gang,Testing Van,MEDIUM,57,9.9,1,25.7,38.8,0
HIST-BLK-00175,SEC_C02_02,Duvvada - Anakapalle,Visakhapatnam,S&T,Cable Jointing & OFC,180,2026-07-10,Fri,PEAK_EVENING,17:57,20:57,1077,1257,1,0,0,1,4.0,0.812,0,0,ST_gang,Testing Van,CRITICAL,86,9.5,1,18.0,70.6,0
HIST-BLK-00176,SEC_C04_04,Kondapuram - Yerraguntla,Guntakal,S&T,Interlocking Inspection,105,2026-08-02,Sun,MIDDAY_FREIGHT_GAP,11:43,13:28,703,808,0,0,0,0,1.0,0.922,0,0,ST_gang,None / Manual Tools,HIGH,72,10.6,0,0.0,99.0,1
HIST-BLK-00177,SEC_C04_03,Tadipatri - Kondapuram,Guntakal,S&T,Signal Maintenance,90,2026-08-27,Thu,AFTERNOON_SLOT,15:57,17:27,957,1047,0,0,0,0,1.0,0.999,0,1,ST_gang,None / Manual Tools,HIGH,75,4.3,0,0.0,99.0,1
HIST-BLK-00178,SEC_C02_02,Duvvada - Anakapalle,Visakhapatnam,Engineering,Turnout Overhaul,180,2026-07-18,Sat,MIDDAY_FREIGHT_GAP,11:30,14:30,690,870,0,0,0,0,1.0,0.944,0,0,track_gang,CSM Tamping Machine,MEDIUM,56,8.1,0,0.0,99.0,1
HIST-BLK-00179,SEC_C02_05,Annavaram - Samalkot,Vijayawada,S&T,Signal Maintenance,45,2026-07-20,Mon,NIGHT_MEGABLOCK,02:41,03:26,161,206,1,0,0,1,8.0,0.813,0,0,ST_gang,None / Manual Tools,MEDIUM,55,10.1,1,16.8,74.6,0
HIST-BLK-00180,SEC_C03_02,Narasaraopet - Vinukonda,Guntur,S&T,Interlocking Inspection,120,2026-07-13,Mon,MIDDAY_FREIGHT_GAP,11:50,13:50,710,830,0,0,0,0,1.0,0.934,0,0,ST_gang,None / Manual Tools,HIGH,80,6.7,0,0.0,99.0,1
HIST-BLK-00181,SEC_C02_08,Nidadavolu - Tadepalligudem,Vijayawada,S&T,Axle Counter Replacement,120,2026-08-22,Sat,LATE_NIGHT,21:42,23:42,1302,1422,0,0,0,0,1.0,0.995,0,0,ST_gang,Testing Van,HIGH,75,11.5,0,0.0,99.0,1
HIST-BLK-00182,SEC_C02_06,Samalkot - Rajahmundry,Vijayawada,S&T,Track Circuit Testing,105,2026-07-05,Sun,LATE_NIGHT,21:57,23:42,1317,1422,0,0,0,0,1.0,0.953,0,0,ST_gang,None / Manual Tools,HIGH,79,9.0,0,0.0,99.0,1
HIST-BLK-00183,SEC_C01_05,Ongole - Singarayakonda,Vijayawada,S&T,Interlocking Inspection,90,2026-08-07,Fri,MIDDAY_FREIGHT_GAP,12:38,14:08,758,848,0,0,0,0,1.0,0.961,0,1,ST_gang,None / Manual Tools,LOW,42,11.7,0,0.0,99.0,1
HIST-BLK-00184,SEC_C01_06,Singarayakonda - Kavali,Vijayawada,Engineering,Turnout Overhaul,210,2026-08-12,Wed,PEAK_MORNING,07:30,11:00,450,660,1,0,0,1,4.0,0.797,0,0,track_gang,CSM Tamping Machine,MEDIUM,63,5.7,1,26.0,65.1,0
HIST-BLK-00185,SEC_C04_04,Kondapuram - Yerraguntla,Guntakal,Engineering,Track Maintenance,90,2026-07-17,Fri,EARLY_MORNING,05:02,06:32,302,392,0,0,0,0,1.0,0.98,0,0,track_gang,None / Manual Tools,MEDIUM,67,5.6,0,0.0,99.0,1
HIST-BLK-00186,SEC_C02_02,Duvvada - Anakapalle,Visakhapatnam,S&T,Signal Maintenance,60,2026-07-07,Tue,PEAK_MORNING,08:23,09:23,503,563,2,0,0,2,4.0,0.666,0,1,ST_gang,None / Manual Tools,CRITICAL,99,4.8,2,28.1,44.1,0
HIST-BLK-00187,SEC_C04_07,Razampeta - Koduru,Guntakal,S&T,Axle Counter Replacement,90,2026-07-29,Wed,PEAK_EVENING,19:14,20:44,1154,1244,5,1,1,4,10.0,0.05,1,0,ST_gang,Testing Van,MEDIUM,48,2.6,6,133.7,5.0,0
HIST-BLK-00188,SEC_C02_03,Anakapalle - Tuni,Visakhapatnam,S&T,Interlocking Inspection,90,2026-07-30,Thu,EARLY_MORNING,05:21,06:51,321,411,1,0,0,1,8.0,0.821,0,0,ST_gang,None / Manual Tools,HIGH,83,10.8,1,17.0,73.7,0
HIST-BLK-00189,SEC_C01_01,Vijayawada - Tenali,Vijayawada,Traction,Power Isolation Maintenance,165,2026-07-18,Sat,LATE_NIGHT,21:30,00:15,1290,1455,1,0,0,1,7.0,0.85,1,0,tower_wagon_crew,Tower Wagon,MEDIUM,63,3.5,2,41.4,7.1,0
HIST-BLK-00190,SEC_C04_08,Koduru - Renigunta,Guntakal,Traction,Substation Transformer Overhaul,240,2026-08-08,Sat,MIDDAY_FREIGHT_GAP,11:30,15:30,690,930,0,0,0,0,1.0,0.969,0,0,specialist_team,None / Manual Tools,MEDIUM,56,3.3,0,0.0,99.0,1
HIST-BLK-00191,SEC_C03_02,Narasaraopet - Vinukonda,Guntur,Traction,Insulator Washing & Replacement,90,2026-08-13,Thu,EARLY_MORNING,04:50,06:20,290,380,0,0,0,0,1.0,0.929,0,1,tower_wagon_crew,Tower Wagon,HIGH,75,5.6,0,0.0,99.0,1
HIST-BLK-00192,SEC_C04_01,Guntakal - Gooty,Guntakal,S&T,Point Machine Overhaul,90,2026-08-10,Mon,AFTERNOON_SLOT,15:44,17:14,944,1034,0,0,0,0,1.0,0.994,0,0,ST_gang,Testing Van,LOW,25,3.0,0,0.0,99.0,1
HIST-BLK-00193,SEC_C04_05,Yerraguntla - Kadapa,Guntakal,Traction,OHE Inspection,120,2026-08-30,Sun,NIGHT_MEGABLOCK,01:31,03:31,91,211,1,0,1,0,3.0,0.862,0,0,tower_wagon_crew,Tower Wagon,LOW,36,6.7,1,21.1,69.6,0
HIST-BLK-00194,SEC_C02_03,Anakapalle - Tuni,Visakhapatnam,Engineering,Weld Rectification,60,2026-08-20,Thu,LATE_NIGHT,21:58,22:58,1318,1378,0,0,0,0,1.0,0.942,0,0,track_gang,USFD Flaw Detector,MEDIUM,50,9.6,0,0.0,99.0,1
HIST-BLK-00195,SEC_C01_08,Nellore - Gudur,Vijayawada,Traction,OHE Inspection,120,2026-08-19,Wed,AFTERNOON_SLOT,15:26,17:26,926,1046,0,0,0,0,1.0,0.999,1,0,tower_wagon_crew,Tower Wagon,MEDIUM,69,7.2,1,29.8,35.2,0
HIST-BLK-00196,SEC_C02_08,Nidadavolu - Tadepalligudem,Vijayawada,S&T,Signal Maintenance,60,2026-07-17,Fri,PEAK_MORNING,09:20,10:20,560,620,2,0,1,1,7.0,0.64,0,0,ST_gang,None / Manual Tools,HIGH,81,6.0,2,31.3,42.7,0
HIST-BLK-00197,SEC_C02_06,Samalkot - Rajahmundry,Vijayawada,Engineering,Weld Rectification,90,2026-08-04,Tue,PEAK_MORNING,08:46,10:16,526,616,3,1,1,2,10.0,0.141,0,0,track_gang,USFD Flaw Detector,HIGH,78,11.0,3,60.0,5.0,0
HIST-BLK-00198,SEC_C04_03,Tadipatri - Kondapuram,Guntakal,Engineering,Rail Renewal,270,2026-07-09,Thu,PEAK_EVENING,17:45,22:15,1065,1335,1,0,0,1,6.0,0.867,0,0,track_gang,CSM Tamping Machine,HIGH,80,8.6,1,26.4,64.0,0
HIST-BLK-00199,SEC_C02_10,Eluru - Vijayawada,Vijayawada,Traction,Contact Wire Height Regulation,180,2026-07-29,Wed,NIGHT_MEGABLOCK,01:00,04:00,60,240,0,0,0,0,1.0,0.99,0,0,tower_wagon_crew,Tower Wagon,CRITICAL,94,10.7,0,0.0,99.0,1
HIST-BLK-00200,SEC_C04_08,Koduru - Renigunta,Guntakal,S&T,Interlocking Inspection,60,2026-08-25,Tue,LATE_NIGHT,21:41,22:41,1301,1361,1,1,0,1,10.0,0.603,0,0,ST_gang,None / Manual Tools,HIGH,81,5.7,1,41.5,5.2,0
HIST-BLK-00201,SEC_C03_03,Vinukonda - Donakonda,Guntur,S&T,Track Circuit Testing,90,2026-08-06,Thu,EARLY_MORNING,05:06,06:36,306,396,2,2,0,2,9.0,0.403,0,1,ST_gang,None / Manual Tools,MEDIUM,66,8.1,2,50.7,5.0,0
HIST-BLK-00202,SEC_C02_03,Anakapalle - Tuni,Visakhapatnam,S&T,Axle Counter Replacement,90,2026-07-28,Tue,EARLY_MORNING,05:14,06:44,314,404,1,0,0,1,8.0,0.871,1,0,ST_gang,Testing Van,LOW,29,4.4,2,37.8,12.4,0
HIST-BLK-00203,SEC_C02_03,Anakapalle - Tuni,Visakhapatnam,Engineering,Sleeper Replacement,210,2026-07-20,Mon,PEAK_EVENING,17:45,21:15,1065,1275,1,1,0,1,10.0,0.6,0,1,track_gang,Ballast Regulator,HIGH,72,6.5,1,29.5,30.5,0
HIST-BLK-00204,SEC_C01_01,Vijayawada - Tenali,Vijayawada,Engineering,Deep Screening Ballast,210,2026-08-22,Sat,NIGHT_MEGABLOCK,01:00,04:30,60,270,0,0,0,0,1.0,0.954,0,1,track_gang,Ballast Regulator,CRITICAL,87,10.0,0,0.0,99.0,1
HIST-BLK-00205,SEC_C03_06,Giddalur - Nandyal,Guntur,S&T,Point Machine Overhaul,90,2026-08-19,Wed,LATE_NIGHT,21:38,23:08,1298,1388,0,0,0,0,1.0,0.974,1,0,ST_gang,Testing Van,CRITICAL,95,6.1,1,25.8,42.2,0
HIST-BLK-00206,SEC_C02_02,Duvvada - Anakapalle,Visakhapatnam,S&T,Interlocking Inspection,120,2026-07-29,Wed,LATE_NIGHT,21:36,23:36,1296,1416,1,0,1,0,3.0,0.79,0,0,ST_gang,None / Manual Tools,MEDIUM,63,6.0,1,21.9,66.3,0
HIST-BLK-00207,SEC_C01_06,Singarayakonda - Kavali,Vijayawada,Engineering,Weld Rectification,105,2026-08-08,Sat,PEAK_EVENING,19:02,20:47,1142,1247,4,0,1,3,7.0,0.177,0,0,track_gang,USFD Flaw Detector,MEDIUM,54,3.5,4,52.9,5.0,0
HIST-BLK-00208,SEC_C02_08,Nidadavolu - Tadepalligudem,Vijayawada,S&T,Axle Counter Replacement,90,2026-07-16,Thu,MIDDAY_FREIGHT_GAP,12:51,14:21,771,861,1,0,1,0,3.0,0.839,0,0,ST_gang,Testing Van,MEDIUM,45,2.9,1,21.1,69.8,0
HIST-BLK-00209,SEC_C03_06,Giddalur - Nandyal,Guntur,Traction,Substation Transformer Overhaul,225,2026-08-18,Tue,MIDDAY_FREIGHT_GAP,11:30,15:15,690,915,1,0,1,0,3.0,0.875,0,1,specialist_team,None / Manual Tools,MEDIUM,45,3.8,1,28.5,73.5,0
HIST-BLK-00210,SEC_C04_02,Gooty - Tadipatri,Guntakal,Traction,Cantilever Adjustment,180,2026-08-15,Sat,AFTERNOON_SLOT,15:00,18:00,900,1080,0,0,0,0,1.0,0.981,1,0,tower_wagon_crew,Tower Wagon,HIGH,82,8.0,1,19.2,48.6,0
HIST-BLK-00211,SEC_C02_06,Samalkot - Rajahmundry,Vijayawada,Engineering,Weld Rectification,90,2026-07-26,Sun,AFTERNOON_SLOT,15:40,17:10,940,1030,0,0,0,0,1.0,0.981,1,0,track_gang,USFD Flaw Detector,MEDIUM,65,9.2,1,27.7,37.2,0
HIST-BLK-00212,SEC_C01_06,Singarayakonda - Kavali,Vijayawada,S&T,Signal Maintenance,60,2026-08-09,Sun,AFTERNOON_SLOT,15:07,16:07,907,967,0,0,0,0,1.0,0.945,1,1,ST_gang,None / Manual Tools,MEDIUM,68,2.9,1,15.2,53.6,0
HIST-BLK-00213,SEC_C03_05,Markapur Road - Giddalur,Guntur,Traction,Insulator Washing & Replacement,150,2026-07-17,Fri,EARLY_MORNING,04:30,07:00,270,420,0,0,0,0,1.0,0.95,0,1,tower_wagon_crew,Tower Wagon,MEDIUM,53,10.9,0,0.0,99.0,1
HIST-BLK-00214,SEC_C04_04,Kondapuram - Yerraguntla,Guntakal,S&T,Interlocking Inspection,60,2026-07-17,Fri,PEAK_EVENING,18:04,19:04,1084,1144,5,0,1,4,8.0,0.058,0,0,ST_gang,None / Manual Tools,LOW,25,2.6,5,71.7,5.0,0
HIST-BLK-00215,SEC_C02_07,Rajahmundry - Nidadavolu,Vijayawada,Traction,Insulator Washing & Replacement,90,2026-07-03,Fri,LATE_NIGHT,21:30,23:00,1290,1380,1,0,0,1,4.0,0.804,0,1,tower_wagon_crew,Tower Wagon,HIGH,82,11.6,1,12.9,90.1,1
HIST-BLK-00216,SEC_C04_03,Tadipatri - Kondapuram,Guntakal,Engineering,Rail Renewal,225,2026-07-27,Mon,PEAK_EVENING,17:45,21:30,1065,1290,4,1,1,3,10.0,0.05,1,0,track_gang,CSM Tamping Machine,HIGH,71,11.8,5,101.0,5.0,0
HIST-BLK-00217,SEC_C03_02,Narasaraopet - Vinukonda,Guntur,S&T,Signal Maintenance,75,2026-07-30,Thu,NIGHT_MEGABLOCK,01:47,03:02,107,182,1,0,1,0,3.0,0.836,0,0,ST_gang,None / Manual Tools,HIGH,77,6.7,1,19.5,69.8,0
HIST-BLK-00218,SEC_C02_08,Nidadavolu - Tadepalligudem,Vijayawada,Engineering,Track Maintenance,120,2026-07-02,Thu,EARLY_MORNING,04:47,06:47,287,407,0,0,0,0,1.0,0.948,0,1,track_gang,None / Manual Tools,MEDIUM,45,8.4,0,0.0,99.0,1
HIST-BLK-00219,SEC_C03_02,Narasaraopet - Vinukonda,Guntur,Engineering,Turnout Overhaul,195,2026-07-16,Thu,MIDDAY_FREIGHT_GAP,11:30,14:45,690,885,2,1,0,2,10.0,0.339,0,1,track_gang,CSM Tamping Machine,CRITICAL,88,11.2,2,52.4,5.0,0
HIST-BLK-00220,SEC_C03_06,Giddalur - Nandyal,Guntur,S&T,Cable Jointing & OFC,120,2026-08-07,Fri,NIGHT_MEGABLOCK,01:32,03:32,92,212,1,0,1,0,3.0,0.862,1,0,ST_gang,Testing Van,CRITICAL,95,2.9,2,44.7,6.7,0
HIST-BLK-00221,SEC_C04_02,Gooty - Tadipatri,Guntakal,Traction,Substation Transformer Overhaul,240,2026-07-21,Tue,MIDDAY_FREIGHT_GAP,11:30,15:30,690,930,1,1,0,1,9.0,0.557,1,0,specialist_team,None / Manual Tools,CRITICAL,89,2.6,2,53.7,5.0,0
HIST-BLK-00222,SEC_C03_05,Markapur Road - Giddalur,Guntur,Engineering,Sleeper Replacement,180,2026-07-30,Thu,PEAK_MORNING,07:30,10:30,450,630,3,0,1,2,8.0,0.42,0,0,track_gang,Ballast Regulator,CRITICAL,98,8.8,3,34.2,23.0,0
HIST-BLK-00223,SEC_C03_03,Vinukonda - Donakonda,Guntur,Engineering,Track Maintenance,150,2026-07-16,Thu,PEAK_MORNING,07:42,10:12,462,612,2,0,1,1,8.0,0.648,0,0,track_gang,None / Manual Tools,HIGH,82,7.3,2,25.4,46.5,0
HIST-BLK-00224,SEC_C02_01,Visakhapatnam - Duvvada,Visakhapatnam,Engineering,Track Maintenance,90,2026-08-23,Sun,LATE_NIGHT,21:44,23:14,1304,1394,1,0,1,0,3.0,0.862,0,0,track_gang,None / Manual Tools,HIGH,72,10.0,1,12.7,77.8,0
HIST-BLK-00225,SEC_C04_05,Yerraguntla - Kadapa,Guntakal,Engineering,Track Maintenance,120,2026-07-08,Wed,NIGHT_MEGABLOCK,02:00,04:00,120,240,0,0,0,0,1.0,0.933,0,1,track_gang,None / Manual Tools,MEDIUM,68,8.7,0,0.0,99.0,1
HIST-BLK-00226,SEC_C02_06,Samalkot - Rajahmundry,Vijayawada,Engineering,Rail Renewal,240,2026-07-29,Wed,EARLY_MORNING,04:30,08:30,270,510,2,0,0,2,6.0,0.506,0,0,track_gang,CSM Tamping Machine,MEDIUM,52,10.8,2,37.6,28.9,0
HIST-BLK-00227,SEC_C04_01,Guntakal - Gooty,Guntakal,Engineering,Sleeper Replacement,165,2026-08-11,Tue,LATE_NIGHT,21:30,00:15,1290,1455,1,0,1,0,3.0,0.833,0,0,track_gang,Ballast Regulator,MEDIUM,62,9.7,1,19.8,71.1,0
HIST-BLK-00228,SEC_C04_08,Koduru - Renigunta,Guntakal,S&T,Interlocking Inspection,105,2026-07-21,Tue,MIDDAY_FREIGHT_GAP,12:04,13:49,724,829,1,0,0,1,8.0,0.798,1,0,ST_gang,None / Manual Tools,HIGH,77,4.4,2,43.4,5.0,0
HIST-BLK-00229,SEC_C02_07,Rajahmundry - Nidadavolu,Vijayawada,Engineering,Track Maintenance,105,2026-08-12,Wed,EARLY_MORNING,04:47,06:32,287,392,0,0,0,0,1.0,0.963,1,0,track_gang,None / Manual Tools,MEDIUM,68,3.8,1,27.7,40.5,0
HIST-BLK-00230,SEC_C03_05,Markapur Road - Giddalur,Guntur,Engineering,Turnout Overhaul,165,2026-08-07,Fri,PEAK_MORNING,07:41,10:26,461,626,2,0,1,1,8.0,0.665,0,0,track_gang,CSM Tamping Machine,CRITICAL,97,3.0,2,43.2,29.1,0
HIST-BLK-00231,SEC_C04_08,Koduru - Renigunta,Guntakal,Traction,Cantilever Adjustment,135,2026-08-01,Sat,NIGHT_MEGABLOCK,01:05,03:20,65,200,1,0,1,0,3.0,0.84,1,0,tower_wagon_crew,Tower Wagon,CRITICAL,93,3.6,2,41.9,9.6,0
HIST-BLK-00232,SEC_C03_03,Vinukonda - Donakonda,Guntur,Engineering,Track Maintenance,105,2026-08-07,Fri,PEAK_EVENING,18:03,19:48,1083,1188,2,0,1,1,8.0,0.673,0,0,track_gang,None / Manual Tools,HIGH,82,4.9,2,40.8,31.7,0
HIST-BLK-00233,SEC_C04_04,Kondapuram - Yerraguntla,Guntakal,Traction,Contact Wire Height Regulation,210,2026-07-21,Tue,EARLY_MORNING,04:30,08:00,270,480,0,0,0,0,1.0,0.977,0,0,tower_wagon_crew,Tower Wagon,MEDIUM,64,7.7,0,0.0,99.0,1
HIST-BLK-00234,SEC_C03_02,Narasaraopet - Vinukonda,Guntur,Traction,Substation Transformer Overhaul,240,2026-07-09,Thu,EARLY_MORNING,04:30,08:30,270,510,0,0,0,0,1.0,0.978,0,0,specialist_team,None / Manual Tools,LOW,38,11.6,0,0.0,99.0,1
HIST-BLK-00235,SEC_C03_03,Vinukonda - Donakonda,Guntur,Traction,Power Isolation Maintenance,210,2026-08-06,Thu,NIGHT_MEGABLOCK,01:00,04:30,60,270,0,0,0,0,1.0,0.931,0,0,tower_wagon_crew,Tower Wagon,MEDIUM,52,8.2,0,0.0,99.0,1
HIST-BLK-00236,SEC_C03_04,Donakonda - Markapur Road,Guntur,S&T,Signal Maintenance,60,2026-07-14,Tue,EARLY_MORNING,05:58,06:58,358,418,0,0,0,0,1.0,0.925,0,1,ST_gang,None / Manual Tools,HIGH,73,6.1,0,0.0,99.0,1
HIST-BLK-00237,SEC_C02_03,Anakapalle - Tuni,Visakhapatnam,S&T,Axle Counter Replacement,120,2026-07-23,Thu,AFTERNOON_SLOT,15:12,17:12,912,1032,1,1,0,1,9.0,0.54,1,1,ST_gang,Testing Van,HIGH,77,10.4,2,60.7,5.0,0
HIST-BLK-00238,SEC_C02_03,Anakapalle - Tuni,Visakhapatnam,S&T,Point Machine Overhaul,120,2026-07-05,Sun,AFTERNOON_SLOT,15:30,17:30,930,1050,0,0,0,0,1.0,0.992,0,0,ST_gang,Testing Van,CRITICAL,95,8.9,0,0.0,99.0,1
HIST-BLK-00239,SEC_C02_03,Anakapalle - Tuni,Visakhapatnam,Traction,Contact Wire Height Regulation,165,2026-07-04,Sat,NIGHT_MEGABLOCK,01:10,03:55,70,235,1,0,1,0,3.0,0.799,0,0,tower_wagon_crew,Tower Wagon,MEDIUM,68,8.4,1,19.2,68.9,0
HIST-BLK-00240,SEC_C04_02,Gooty - Tadipatri,Guntakal,Traction,Insulator Washing & Replacement,120,2026-07-10,Fri,NIGHT_MEGABLOCK,01:23,03:23,83,203,1,0,1,0,3.0,0.789,0,1,tower_wagon_crew,Tower Wagon,MEDIUM,65,1.8,1,15.7,83.9,0
HIST-BLK-00241,SEC_C01_06,Singarayakonda - Kavali,Vijayawada,S&T,Signal Maintenance,60,2026-08-20,Thu,MIDDAY_FREIGHT_GAP,12:30,13:30,750,810,0,0,0,0,1.0,0.959,0,0,ST_gang,None / Manual Tools,MEDIUM,47,5.4,0,0.0,99.0,1
HIST-BLK-00242,SEC_C02_04,Tuni - Annavaram,Vijayawada,S&T,Signal Maintenance,60,2026-07-29,Wed,MIDDAY_FREIGHT_GAP,12:03,13:03,723,783,0,0,0,0,1.0,0.938,1,0,ST_gang,None / Manual Tools,HIGH,71,2.5,1,25.0,43.3,0
HIST-BLK-00243,SEC_C04_03,Tadipatri - Kondapuram,Guntakal,Traction,Power Isolation Maintenance,195,2026-07-04,Sat,LATE_NIGHT,21:30,00:45,1290,1485,0,0,0,0,1.0,0.962,0,0,tower_wagon_crew,Tower Wagon,LOW,41,10.8,0,0.0,99.0,1
HIST-BLK-00244,SEC_C01_06,Singarayakonda - Kavali,Vijayawada,S&T,Cable Jointing & OFC,120,2026-08-02,Sun,AFTERNOON_SLOT,15:28,17:28,928,1048,0,0,0,0,1.0,0.961,1,0,ST_gang,Testing Van,MEDIUM,64,6.2,1,29.2,35.5,0
HIST-BLK-00245,SEC_C02_06,Samalkot - Rajahmundry,Vijayawada,Engineering,Turnout Overhaul,150,2026-07-28,Tue,NIGHT_MEGABLOCK,01:21,03:51,81,231,0,0,0,0,1.0,1.0,0,0,track_gang,CSM Tamping Machine,MEDIUM,64,11.1,0,0.0,99.0,1
HIST-BLK-00246,SEC_C04_01,Guntakal - Gooty,Guntakal,Traction,Contact Wire Height Regulation,195,2026-07-21,Tue,LATE_NIGHT,21:30,00:45,1290,1485,1,0,1,0,3.0,0.808,0,0,tower_wagon_crew,Tower Wagon,HIGH,70,7.0,1,21.9,67.5,0
HIST-BLK-00247,SEC_C02_02,Duvvada - Anakapalle,Visakhapatnam,Traction,Insulator Washing & Replacement,135,2026-08-18,Tue,NIGHT_MEGABLOCK,01:06,03:21,66,201,0,0,0,0,1.0,0.928,0,0,tower_wagon_crew,Tower Wagon,HIGH,81,8.4,0,0.0,99.0,1
HIST-BLK-00248,SEC_C04_07,Razampeta - Koduru,Guntakal,Engineering,Turnout Overhaul,180,2026-07-26,Sun,EARLY_MORNING,04:30,07:30,270,450,1,0,1,0,3.0,0.842,1,0,track_gang,CSM Tamping Machine,MEDIUM,57,5.0,2,45.6,5.2,0
HIST-BLK-00249,SEC_C03_06,Giddalur - Nandyal,Guntur,Engineering,Rail Renewal,240,2026-07-20,Mon,PEAK_MORNING,07:30,11:30,450,690,1,0,0,1,4.0,0.864,1,0,track_gang,CSM Tamping Machine,LOW,41,2.9,2,51.3,5.0,0
HIST-BLK-00250,SEC_C02_10,Eluru - Vijayawada,Vijayawada,Traction,Contact Wire Height Regulation,195,2026-08-11,Tue,NIGHT_MEGABLOCK,01:00,04:15,60,255,1,0,1,0,3.0,0.801,0,0,tower_wagon_crew,Tower Wagon,MEDIUM,68,5.4,1,18.3,73.5,0
HIST-BLK-00251,SEC_C01_05,Ongole - Singarayakonda,Vijayawada,S&T,Cable Jointing & OFC,165,2026-07-26,Sun,EARLY_MORNING,04:30,07:15,270,435,1,0,1,0,3.0,0.858,1,1,ST_gang,Testing Van,MEDIUM,63,10.2,2,43.3,6.0,0
HIST-BLK-00252,SEC_C03_06,Giddalur - Nandyal,Guntur,Traction,Power Isolation Maintenance,180,2026-07-24,Fri,LATE_NIGHT,21:30,00:30,1290,1470,0,0,0,0,1.0,0.952,1,0,tower_wagon_crew,Tower Wagon,LOW,41,7.7,1,17.7,52.7,0
HIST-BLK-00253,SEC_C03_05,Markapur Road - Giddalur,Guntur,S&T,Point Machine Overhaul,90,2026-08-17,Mon,LATE_NIGHT,22:14,23:44,1334,1424,1,0,1,0,3.0,0.783,0,0,ST_gang,Testing Van,CRITICAL,99,10.5,1,19.0,71.7,0
HIST-BLK-00254,SEC_C02_10,Eluru - Vijayawada,Vijayawada,Traction,Contact Wire Height Regulation,195,2026-07-02,Thu,LATE_NIGHT,21:30,00:45,1290,1485,0,0,0,0,1.0,0.981,1,1,tower_wagon_crew,Tower Wagon,CRITICAL,100,9.9,1,18.4,61.1,0
HIST-BLK-00255,SEC_C03_02,Narasaraopet - Vinukonda,Guntur,Traction,Substation Transformer Overhaul,270,2026-07-18,Sat,MIDDAY_FREIGHT_GAP,11:30,16:00,690,960,1,0,0,1,8.0,0.87,0,0,specialist_team,None / Manual Tools,LOW,34,8.6,1,29.7,59.2,0
HIST-BLK-00256,SEC_C01_07,Kavali - Nellore,Vijayawada,Engineering,Weld Rectification,120,2026-08-23,Sun,LATE_NIGHT,21:41,23:41,1301,1421,0,0,0,0,1.0,0.968,0,0,track_gang,USFD Flaw Detector,HIGH,73,4.4,0,0.0,99.0,1
HIST-BLK-00257,SEC_C02_10,Eluru - Vijayawada,Vijayawada,S&T,Cable Jointing & OFC,180,2026-08-30,Sun,PEAK_EVENING,17:54,20:54,1074,1254,1,0,1,0,3.0,0.799,0,0,ST_gang,Testing Van,MEDIUM,52,9.9,1,23.0,67.2,0
HIST-BLK-00258,SEC_C02_01,Visakhapatnam - Duvvada,Visakhapatnam,Traction,OHE Inspection,150,2026-08-01,Sat,PEAK_MORNING,07:38,10:08,458,608,5,0,1,4,7.0,0.137,0,0,tower_wagon_crew,Tower Wagon,LOW,26,8.7,5,79.4,5.0,0
HIST-BLK-00259,SEC_C03_05,Markapur Road - Giddalur,Guntur,Traction,Cantilever Adjustment,135,2026-08-23,Sun,PEAK_EVENING,18:41,20:56,1121,1256,3,1,1,2,10.0,0.094,0,0,tower_wagon_crew,Tower Wagon,MEDIUM,68,3.4,3,61.3,5.0,0
HIST-BLK-00260,SEC_C03_05,Markapur Road - Giddalur,Guntur,Engineering,Deep Screening Ballast,210,2026-07-27,Mon,LATE_NIGHT,21:30,01:00,1290,1500,0,0,0,0,1.0,0.95,0,0,track_gang,Ballast Regulator,MEDIUM,59,10.6,0,0.0,99.0,1
HIST-BLK-00261,SEC_C01_05,Ongole - Singarayakonda,Vijayawada,S&T,Point Machine Overhaul,105,2026-07-08,Wed,LATE_NIGHT,21:51,23:36,1311,1416,0,0,0,0,1.0,0.944,1,0,ST_gang,Testing Van,CRITICAL,99,5.1,1,29.8,38.1,0
HIST-BLK-00262,SEC_C04_06,Kadapa - Razampeta,Guntakal,Engineering,Rail Renewal,270,2026-07-12,Sun,LATE_NIGHT,21:30,02:00,1290,1560,1,0,1,0,3.0,0.813,0,1,track_gang,CSM Tamping Machine,LOW,30,4.4,1,29.1,67.7,0
HIST-BLK-00263,SEC_C02_03,Anakapalle - Tuni,Visakhapatnam,S&T,Signal Maintenance,45,2026-08-09,Sun,MIDDAY_FREIGHT_GAP,13:19,14:04,799,844,0,0,0,0,1.0,0.952,1,0,ST_gang,None / Manual Tools,LOW,32,9.2,1,29.3,38.8,0
HIST-BLK-00264,SEC_C02_05,Annavaram - Samalkot,Vijayawada,Engineering,Deep Screening Ballast,180,2026-08-10,Mon,PEAK_EVENING,17:52,20:52,1072,1252,3,0,1,2,8.0,0.312,0,1,track_gang,Ballast Regulator,CRITICAL,94,10.2,3,41.9,18.9,0
HIST-BLK-00265,SEC_C03_04,Donakonda - Markapur Road,Guntur,S&T,Cable Jointing & OFC,135,2026-07-22,Wed,MIDDAY_FREIGHT_GAP,11:52,14:07,712,847,2,0,0,2,6.0,0.635,1,0,ST_gang,Testing Van,HIGH,82,11.8,3,42.3,5.0,0
HIST-BLK-00266,SEC_C01_08,Nellore - Gudur,Vijayawada,S&T,Cable Jointing & OFC,180,2026-08-20,Thu,NIGHT_MEGABLOCK,01:00,04:00,60,240,0,0,0,0,1.0,0.971,1,0,ST_gang,Testing Van,MEDIUM,64,8.5,1,24.8,40.3,0
HIST-BLK-00267,SEC_C01_08,Nellore - Gudur,Vijayawada,S&T,Axle Counter Replacement,120,2026-07-08,Wed,AFTERNOON_SLOT,15:08,17:08,908,1028,0,0,0,0,1.0,0.958,0,0,ST_gang,Testing Van,HIGH,70,8.5,0,0.0,99.0,1
HIST-BLK-00268,SEC_C02_01,Visakhapatnam - Duvvada,Visakhapatnam,S&T,Signal Maintenance,75,2026-08-16,Sun,AFTERNOON_SLOT,15:15,16:30,915,990,0,0,0,0,1.0,0.943,0,1,ST_gang,None / Manual Tools,MEDIUM,60,4.3,0,0.0,99.0,1
HIST-BLK-00269,SEC_C02_05,Annavaram - Samalkot,Vijayawada,S&T,Cable Jointing & OFC,150,2026-07-19,Sun,EARLY_MORNING,04:30,07:00,270,420,0,0,0,0,1.0,0.923,0,0,ST_gang,Testing Van,HIGH,76,4.0,0,0.0,99.0,1
HIST-BLK-00270,SEC_C01_06,Singarayakonda - Kavali,Vijayawada,Engineering,Weld Rectification,120,2026-08-01,Sat,EARLY_MORNING,05:00,07:00,300,420,0,0,0,0,1.0,0.927,0,0,track_gang,USFD Flaw Detector,MEDIUM,68,8.3,0,0.0,99.0,1
HIST-BLK-00271,SEC_C03_01,Guntur - Narasaraopet,Guntur,S&T,Axle Counter Replacement,90,2026-07-07,Tue,LATE_NIGHT,21:41,23:11,1301,1391,0,0,0,0,1.0,0.988,0,1,ST_gang,Testing Van,HIGH,80,10.4,0,0.0,99.0,1
HIST-BLK-00272,SEC_C01_01,Vijayawada - Tenali,Vijayawada,Engineering,Deep Screening Ballast,240,2026-07-11,Sat,PEAK_MORNING,07:30,11:30,450,690,2,1,1,1,10.0,0.314,0,1,track_gang,Ballast Regulator,HIGH,78,10.1,2,42.8,5.0,0
HIST-BLK-00273,SEC_C02_10,Eluru - Vijayawada,Vijayawada,S&T,Cable Jointing & OFC,150,2026-08-21,Fri,MIDDAY_FREIGHT_GAP,11:50,14:20,710,860,0,0,0,0,1.0,0.991,0,1,ST_gang,Testing Van,HIGH,74,11.4,0,0.0,99.0,1
HIST-BLK-00274,SEC_C04_03,Tadipatri - Kondapuram,Guntakal,Traction,Contact Wire Height Regulation,195,2026-08-13,Thu,MIDDAY_FREIGHT_GAP,11:30,14:45,690,885,0,0,0,0,1.0,0.935,0,0,tower_wagon_crew,Tower Wagon,HIGH,81,10.7,0,0.0,99.0,1
HIST-BLK-00275,SEC_C02_01,Visakhapatnam - Duvvada,Visakhapatnam,S&T,Axle Counter Replacement,90,2026-08-26,Wed,MIDDAY_FREIGHT_GAP,12:26,13:56,746,836,0,0,0,0,1.0,0.924,1,0,ST_gang,Testing Van,HIGH,80,7.0,1,26.2,41.2,0
HIST-BLK-00276,SEC_C02_07,Rajahmundry - Nidadavolu,Vijayawada,Traction,Cantilever Adjustment,165,2026-08-03,Mon,PEAK_EVENING,18:07,20:52,1087,1252,2,0,1,1,7.0,0.587,0,0,tower_wagon_crew,Tower Wagon,MEDIUM,65,7.4,2,44.0,22.7,0
HIST-BLK-00277,SEC_C02_03,Anakapalle - Tuni,Visakhapatnam,Traction,Contact Wire Height Regulation,180,2026-08-25,Tue,EARLY_MORNING,04:30,07:30,270,450,1,0,0,1,8.0,0.787,0,0,tower_wagon_crew,Tower Wagon,HIGH,77,6.8,1,22.5,66.1,0
HIST-BLK-00278,SEC_C02_08,Nidadavolu - Tadepalligudem,Vijayawada,Engineering,Sleeper Replacement,180,2026-08-21,Fri,AFTERNOON_SLOT,15:00,18:00,900,1080,0,0,0,0,1.0,0.956,0,0,track_gang,Ballast Regulator,LOW,34,9.3,0,0.0,99.0,1
HIST-BLK-00279,SEC_C04_02,Gooty - Tadipatri,Guntakal,S&T,Signal Maintenance,75,2026-08-05,Wed,NIGHT_MEGABLOCK,02:45,04:00,165,240,1,0,1,0,3.0,0.84,0,0,ST_gang,None / Manual Tools,MEDIUM,54,8.4,1,16.3,74.4,0
HIST-BLK-00280,SEC_C01_04,Chirala - Ongole,Vijayawada,Engineering,Sleeper Replacement,180,2026-08-05,Wed,LATE_NIGHT,21:30,00:30,1290,1470,1,0,0,1,8.0,0.842,0,1,track_gang,Ballast Regulator,HIGH,81,9.5,1,19.2,81.0,0
HIST-BLK-00281,SEC_C03_01,Guntur - Narasaraopet,Guntur,Traction,Insulator Washing & Replacement,120,2026-08-14,Fri,NIGHT_MEGABLOCK,01:02,03:02,62,182,0,0,0,0,1.0,0.959,0,1,tower_wagon_crew,Tower Wagon,MEDIUM,68,7.9,0,0.0,99.0,1
HIST-BLK-00282,SEC_C04_02,Gooty - Tadipatri,Guntakal,Engineering,Sleeper Replacement,165,2026-08-15,Sat,PEAK_MORNING,07:33,10:18,453,618,2,1,0,2,10.0,0.386,0,0,track_gang,Ballast Regulator,CRITICAL,96,9.6,2,50.7,5.0,0
HIST-BLK-00283,SEC_C02_01,Visakhapatnam - Duvvada,Visakhapatnam,S&T,Signal Maintenance,75,2026-08-17,Mon,NIGHT_MEGABLOCK,02:10,03:25,130,205,0,0,0,0,1.0,0.987,0,1,ST_gang,None / Manual Tools,HIGH,75,10.1,0,0.0,99.0,1
HIST-BLK-00284,SEC_C03_03,Vinukonda - Donakonda,Guntur,Traction,Contact Wire Height Regulation,180,2026-08-08,Sat,PEAK_EVENING,17:52,20:52,1072,1252,1,0,0,1,4.0,0.807,0,1,tower_wagon_crew,Tower Wagon,LOW,29,5.8,1,24.0,76.6,0
HIST-BLK-00285,SEC_C03_02,Narasaraopet - Vinukonda,Guntur,Traction,Insulator Washing & Replacement,120,2026-08-15,Sat,PEAK_EVENING,18:55,20:55,1135,1255,3,1,1,2,10.0,0.125,0,1,tower_wagon_crew,Tower Wagon,HIGH,81,9.0,3,64.1,5.0,0
HIST-BLK-00286,SEC_C03_03,Vinukonda - Donakonda,Guntur,Traction,OHE Inspection,120,2026-08-05,Wed,MIDDAY_FREIGHT_GAP,12:07,14:07,727,847,0,0,0,0,1.0,0.966,0,0,tower_wagon_crew,Tower Wagon,MEDIUM,58,7.1,0,0.0,99.0,1
HIST-BLK-00287,SEC_C04_04,Kondapuram - Yerraguntla,Guntakal,Engineering,Weld Rectification,60,2026-07-02,Thu,MIDDAY_FREIGHT_GAP,11:48,12:48,708,768,0,0,0,0,1.0,0.924,0,1,track_gang,USFD Flaw Detector,CRITICAL,90,4.5,0,0.0,99.0,1
HIST-BLK-00288,SEC_C01_04,Chirala - Ongole,Vijayawada,Traction,Cantilever Adjustment,135,2026-08-18,Tue,AFTERNOON_SLOT,15:01,17:16,901,1036,1,0,1,0,3.0,0.816,0,0,tower_wagon_crew,Tower Wagon,HIGH,77,4.0,1,22.6,68.7,0
HIST-BLK-00289,SEC_C03_01,Guntur - Narasaraopet,Guntur,Traction,Substation Transformer Overhaul,210,2026-08-29,Sat,MIDDAY_FREIGHT_GAP,11:30,15:00,690,900,1,1,0,1,10.0,0.569,0,0,specialist_team,None / Manual Tools,LOW,41,1.6,1,37.4,10.9,0
HIST-BLK-00290,SEC_C04_05,Yerraguntla - Kadapa,Guntakal,Engineering,Deep Screening Ballast,240,2026-08-15,Sat,PEAK_EVENING,17:45,21:45,1065,1305,1,1,0,1,10.0,0.567,0,0,track_gang,Ballast Regulator,MEDIUM,68,11.6,1,28.5,21.1,0
HIST-BLK-00291,SEC_C02_04,Tuni - Annavaram,Vijayawada,Engineering,Deep Screening Ballast,225,2026-07-08,Wed,MIDDAY_FREIGHT_GAP,11:30,15:15,690,915,0,0,0,0,1.0,0.923,1,0,track_gang,Ballast Regulator,HIGH,78,4.2,1,20.0,48.5,0
HIST-BLK-00292,SEC_C02_02,Duvvada - Anakapalle,Visakhapatnam,Engineering,Turnout Overhaul,180,2026-08-08,Sat,NIGHT_MEGABLOCK,01:00,04:00,60,240,0,0,0,0,1.0,0.97,0,0,track_gang,CSM Tamping Machine,MEDIUM,54,5.3,0,0.0,99.0,1
HIST-BLK-00293,SEC_C03_03,Vinukonda - Donakonda,Guntur,Traction,Power Isolation Maintenance,165,2026-08-03,Mon,NIGHT_MEGABLOCK,01:05,03:50,65,230,0,0,0,0,1.0,0.963,0,0,tower_wagon_crew,Tower Wagon,CRITICAL,89,5.0,0,0.0,99.0,1
HIST-BLK-00294,SEC_C04_07,Razampeta - Koduru,Guntakal,Traction,Substation Transformer Overhaul,210,2026-07-08,Wed,PEAK_EVENING,17:45,21:15,1065,1275,4,0,1,3,7.0,0.194,0,0,specialist_team,None / Manual Tools,MEDIUM,55,2.7,4,52.8,5.0,0
HIST-BLK-00295,SEC_C01_02,Tenali - Bapatla,Vijayawada,Traction,Cantilever Adjustment,165,2026-08-21,Fri,AFTERNOON_SLOT,15:00,17:45,900,1065,0,0,0,0,1.0,0.956,0,0,tower_wagon_crew,Tower Wagon,CRITICAL,100,2.4,0,0.0,99.0,1
HIST-BLK-00296,SEC_C01_01,Vijayawada - Tenali,Vijayawada,Traction,OHE Inspection,105,2026-08-12,Wed,PEAK_EVENING,18:12,19:57,1092,1197,2,0,0,2,7.0,0.656,0,0,tower_wagon_crew,Tower Wagon,HIGH,73,10.7,2,36.1,35.5,0
HIST-BLK-00297,SEC_C01_05,Ongole - Singarayakonda,Vijayawada,Traction,Substation Transformer Overhaul,225,2026-07-02,Thu,MIDDAY_FREIGHT_GAP,11:30,15:15,690,915,1,0,0,1,8.0,0.852,1,0,specialist_team,None / Manual Tools,CRITICAL,87,7.4,2,43.4,5.0,0
HIST-BLK-00298,SEC_C04_01,Guntakal - Gooty,Guntakal,S&T,Cable Jointing & OFC,150,2026-07-28,Tue,PEAK_MORNING,07:30,10:00,450,600,3,0,1,2,6.0,0.328,0,0,ST_gang,Testing Van,CRITICAL,86,9.4,3,49.1,5.0,0
HIST-BLK-00299,SEC_C01_05,Ongole - Singarayakonda,Vijayawada,S&T,Interlocking Inspection,60,2026-07-19,Sun,LATE_NIGHT,22:08,23:08,1328,1388,0,0,0,0,1.0,0.943,0,0,ST_gang,None / Manual Tools,LOW,32,6.5,0,0.0,99.0,1
HIST-BLK-00300,SEC_C02_01,Visakhapatnam - Duvvada,Visakhapatnam,Traction,Contact Wire Height Regulation,195,2026-07-19,Sun,PEAK_EVENING,17:45,21:00,1065,1260,3,1,1,2,10.0,0.177,0,0,tower_wagon_crew,Tower Wagon,LOW,43,1.6,3,61.3,5.0,0
HIST-BLK-00301,SEC_C04_02,Gooty - Tadipatri,Guntakal,Traction,Insulator Washing & Replacement,90,2026-07-20,Mon,EARLY_MORNING,05:17,06:47,317,407,0,0,0,0,1.0,0.979,0,0,tower_wagon_crew,Tower Wagon,MEDIUM,51,6.9,0,0.0,99.0,1
HIST-BLK-00302,SEC_C02_07,Rajahmundry - Nidadavolu,Vijayawada,Traction,Cantilever Adjustment,135,2026-07-08,Wed,EARLY_MORNING,04:31,06:46,271,406,0,0,0,0,1.0,0.988,0,0,tower_wagon_crew,Tower Wagon,LOW,37,4.6,0,0.0,99.0,1
HIST-BLK-00303,SEC_C01_07,Kavali - Nellore,Vijayawada,Engineering,Deep Screening Ballast,225,2026-08-01,Sat,PEAK_MORNING,07:30,11:15,450,675,1,0,0,1,6.0,0.816,1,0,track_gang,Ballast Regulator,MEDIUM,52,11.0,2,44.2,5.0,0
HIST-BLK-00304,SEC_C03_02,Narasaraopet - Vinukonda,Guntur,Traction,Insulator Washing & Replacement,105,2026-08-06,Thu,AFTERNOON_SLOT,15:23,17:08,923,1028,0,0,0,0,1.0,0.985,1,0,tower_wagon_crew,Tower Wagon,LOW,25,3.8,1,26.1,41.1,0
HIST-BLK-00305,SEC_C03_06,Giddalur - Nandyal,Guntur,Engineering,Deep Screening Ballast,240,2026-07-22,Wed,MIDDAY_FREIGHT_GAP,11:30,15:30,690,930,1,0,1,0,3.0,0.826,0,1,track_gang,Ballast Regulator,HIGH,79,8.3,1,20.8,78.5,0
HIST-BLK-00306,SEC_C02_01,Visakhapatnam - Duvvada,Visakhapatnam,Traction,Power Isolation Maintenance,180,2026-08-16,Sun,PEAK_EVENING,17:47,20:47,1067,1247,2,0,1,1,7.0,0.646,0,0,tower_wagon_crew,Tower Wagon,MEDIUM,69,7.3,2,35.9,38.3,0
HIST-BLK-00307,SEC_C04_07,Razampeta - Koduru,Guntakal,Traction,Power Isolation Maintenance,180,2026-07-26,Sun,EARLY_MORNING,04:30,07:30,270,450,1,0,1,0,3.0,0.869,1,0,tower_wagon_crew,Tower Wagon,MEDIUM,54,2.5,2,35.8,14.1,0
HIST-BLK-00308,SEC_C02_03,Anakapalle - Tuni,Visakhapatnam,Traction,Power Isolation Maintenance,180,2026-07-11,Sat,EARLY_MORNING,04:30,07:30,270,450,1,0,0,1,8.0,0.837,0,0,tower_wagon_crew,Tower Wagon,MEDIUM,49,5.3,1,19.2,71.6,0
HIST-BLK-00309,SEC_C01_05,Ongole - Singarayakonda,Vijayawada,S&T,Track Circuit Testing,60,2026-07-03,Fri,PEAK_EVENING,18:37,19:37,1117,1177,4,1,1,3,10.0,0.05,0,0,ST_gang,None / Manual Tools,LOW,21,8.9,4,81.2,5.0,0
HIST-BLK-00310,SEC_C02_09,Tadepalligudem - Eluru,Vijayawada,Traction,Insulator Washing & Replacement,135,2026-07-12,Sun,MIDDAY_FREIGHT_GAP,12:11,14:26,731,866,0,0,0,0,1.0,0.95,0,0,tower_wagon_crew,Tower Wagon,MEDIUM,47,11.0,0,0.0,99.0,1
HIST-BLK-00311,SEC_C03_05,Markapur Road - Giddalur,Guntur,S&T,Axle Counter Replacement,120,2026-08-26,Wed,AFTERNOON_SLOT,15:00,17:00,900,1020,0,0,0,0,1.0,0.96,0,0,ST_gang,Testing Van,CRITICAL,88,4.4,0,0.0,99.0,1
HIST-BLK-00312,SEC_C02_03,Anakapalle - Tuni,Visakhapatnam,S&T,Interlocking Inspection,120,2026-08-22,Sat,NIGHT_MEGABLOCK,01:42,03:42,102,222,1,0,1,0,3.0,0.861,0,0,ST_gang,None / Manual Tools,MEDIUM,60,7.7,1,20.5,70.2,0
HIST-BLK-00313,SEC_C02_08,Nidadavolu - Tadepalligudem,Vijayawada,Engineering,Turnout Overhaul,195,2026-08-07,Fri,EARLY_MORNING,04:30,07:45,270,465,0,0,0,0,1.0,0.931,1,1,track_gang,CSM Tamping Machine,MEDIUM,63,11.2,1,22.7,53.9,0
HIST-BLK-00314,SEC_C01_02,Tenali - Bapatla,Vijayawada,Traction,Substation Transformer Overhaul,270,2026-08-22,Sat,PEAK_MORNING,07:30,12:00,450,720,1,0,0,1,8.0,0.875,0,1,specialist_team,None / Manual Tools,HIGH,85,10.2,1,27.5,74.0,0
HIST-BLK-00315,SEC_C02_04,Tuni - Annavaram,Vijayawada,Traction,Substation Transformer Overhaul,255,2026-07-17,Fri,EARLY_MORNING,04:30,08:45,270,525,1,1,0,1,10.0,0.602,0,1,specialist_team,None / Manual Tools,HIGH,84,5.5,1,25.3,34.8,0
HIST-BLK-00316,SEC_C04_03,Tadipatri - Kondapuram,Guntakal,Engineering,Weld Rectification,60,2026-07-12,Sun,MIDDAY_FREIGHT_GAP,13:25,14:25,805,865,0,0,0,0,1.0,0.969,0,0,track_gang,USFD Flaw Detector,CRITICAL,98,2.5,0,0.0,99.0,1
HIST-BLK-00317,SEC_C01_01,Vijayawada - Tenali,Vijayawada,Traction,Substation Transformer Overhaul,240,2026-08-03,Mon,MIDDAY_FREIGHT_GAP,11:30,15:30,690,930,0,0,0,0,1.0,0.95,0,0,specialist_team,None / Manual Tools,CRITICAL,94,6.6,0,0.0,99.0,1
HIST-BLK-00318,SEC_C03_05,Markapur Road - Giddalur,Guntur,Traction,Substation Transformer Overhaul,270,2026-08-06,Thu,NIGHT_MEGABLOCK,01:00,05:30,60,330,0,0,0,0,1.0,0.94,0,0,specialist_team,None / Manual Tools,MEDIUM,47,5.8,0,0.0,99.0,1
HIST-BLK-00319,SEC_C01_01,Vijayawada - Tenali,Vijayawada,Traction,Insulator Washing & Replacement,90,2026-08-03,Mon,NIGHT_MEGABLOCK,01:48,03:18,108,198,0,0,0,0,1.0,0.975,1,0,tower_wagon_crew,Tower Wagon,HIGH,81,7.6,1,18.9,50.0,0
HIST-BLK-00320,SEC_C03_06,Giddalur - Nandyal,Guntur,Traction,Cantilever Adjustment,180,2026-07-26,Sun,LATE_NIGHT,21:30,00:30,1290,1470,1,0,1,0,3.0,0.835,0,0,tower_wagon_crew,Tower Wagon,MEDIUM,50,4.2,1,20.1,69.8,0
HIST-BLK-00321,SEC_C04_02,Gooty - Tadipatri,Guntakal,Traction,Power Isolation Maintenance,210,2026-07-08,Wed,PEAK_EVENING,17:45,21:15,1065,1275,3,0,1,2,7.0,0.27,0,0,tower_wagon_crew,Tower Wagon,MEDIUM,55,8.7,3,36.1,15.5,0
HIST-BLK-00322,SEC_C01_01,Vijayawada - Tenali,Vijayawada,Engineering,Turnout Overhaul,180,2026-08-29,Sat,AFTERNOON_SLOT,15:00,18:00,900,1080,0,0,0,0,1.0,0.955,0,0,track_gang,CSM Tamping Machine,CRITICAL,89,9.1,0,0.0,99.0,1
HIST-BLK-00323,SEC_C04_02,Gooty - Tadipatri,Guntakal,Traction,Substation Transformer Overhaul,255,2026-07-19,Sun,PEAK_EVENING,17:45,22:00,1065,1320,1,0,0,1,8.0,0.876,0,0,specialist_team,None / Manual Tools,CRITICAL,98,6.1,1,22.8,68.9,0
HIST-BLK-00324,SEC_C03_01,Guntur - Narasaraopet,Guntur,Engineering,Track Maintenance,135,2026-08-02,Sun,AFTERNOON_SLOT,15:07,17:22,907,1042,0,0,0,0,1.0,0.969,0,1,track_gang,None / Manual Tools,MEDIUM,56,3.2,0,0.0,99.0,1
HIST-BLK-00325,SEC_C04_02,Gooty - Tadipatri,Guntakal,S&T,Cable Jointing & OFC,150,2026-07-26,Sun,AFTERNOON_SLOT,15:00,17:30,900,1050,0,0,0,0,1.0,0.936,1,1,ST_gang,Testing Van,CRITICAL,97,4.5,1,27.4,40.9,0
HIST-BLK-00326,SEC_C03_05,Markapur Road - Giddalur,Guntur,S&T,Track Circuit Testing,60,2026-08-08,Sat,EARLY_MORNING,05:28,06:28,328,388,0,0,0,0,1.0,0.994,1,0,ST_gang,None / Manual Tools,MEDIUM,53,7.4,1,22.5,45.1,0
HIST-BLK-00327,SEC_C01_08,Nellore - Gudur,Vijayawada,Traction,Cantilever Adjustment,165,2026-08-22,Sat,LATE_NIGHT,21:30,00:15,1290,1455,0,0,0,0,1.0,0.976,0,0,tower_wagon_crew,Tower Wagon,LOW,38,5.1,0,0.0,99.0,1
HIST-BLK-00328,SEC_C04_06,Kadapa - Razampeta,Guntakal,Traction,OHE Inspection,120,2026-07-08,Wed,PEAK_MORNING,07:34,09:34,454,574,5,0,1,4,7.0,0.152,0,0,tower_wagon_crew,Tower Wagon,HIGH,80,7.1,5,81.0,5.0,0
HIST-BLK-00329,SEC_C03_01,Guntur - Narasaraopet,Guntur,Engineering,Sleeper Replacement,210,2026-08-17,Mon,LATE_NIGHT,21:30,01:00,1290,1500,0,0,0,0,1.0,0.964,0,0,track_gang,Ballast Regulator,HIGH,80,4.3,0,0.0,99.0,1
HIST-BLK-00330,SEC_C02_05,Annavaram - Samalkot,Vijayawada,S&T,Cable Jointing & OFC,135,2026-07-16,Thu,PEAK_EVENING,18:00,20:15,1080,1215,1,0,0,1,4.0,0.867,0,0,ST_gang,Testing Van,HIGH,76,5.2,1,22.5,66.4,0
HIST-BLK-00331,SEC_C01_06,Singarayakonda - Kavali,Vijayawada,Traction,Substation Transformer Overhaul,240,2026-08-09,Sun,NIGHT_MEGABLOCK,01:00,05:00,60,300,2,0,1,1,8.0,0.638,0,0,specialist_team,None / Manual Tools,MEDIUM,46,4.8,2,46.0,25.5,0
HIST-BLK-00332,SEC_C02_10,Eluru - Vijayawada,Vijayawada,S&T,Point Machine Overhaul,105,2026-07-18,Sat,MIDDAY_FREIGHT_GAP,11:58,13:43,718,823,0,0,0,0,1.0,0.98,0,0,ST_gang,Testing Van,CRITICAL,94,7.2,0,0.0,99.0,1
HIST-BLK-00333,SEC_C04_02,Gooty - Tadipatri,Guntakal,Traction,Power Isolation Maintenance,180,2026-07-08,Wed,PEAK_EVENING,17:59,20:59,1079,1259,4,0,1,3,7.0,0.151,0,0,tower_wagon_crew,Tower Wagon,HIGH,73,4.2,4,62.9,5.0,0
HIST-BLK-00334,SEC_C04_07,Razampeta - Koduru,Guntakal,Traction,Cantilever Adjustment,150,2026-07-12,Sun,MIDDAY_FREIGHT_GAP,11:43,14:13,703,853,1,1,0,1,10.0,0.551,0,0,tower_wagon_crew,Tower Wagon,MEDIUM,56,6.2,1,44.6,5.0,0
HIST-BLK-00335,SEC_C01_07,Kavali - Nellore,Vijayawada,Traction,Cantilever Adjustment,135,2026-08-05,Wed,MIDDAY_FREIGHT_GAP,11:54,14:09,714,849,0,0,0,0,1.0,0.936,1,0,tower_wagon_crew,Tower Wagon,MEDIUM,68,3.4,1,22.5,47.2,0
HIST-BLK-00336,SEC_C03_03,Vinukonda - Donakonda,Guntur,S&T,Track Circuit Testing,75,2026-08-05,Wed,LATE_NIGHT,22:06,23:21,1326,1401,1,0,1,0,3.0,0.79,0,0,ST_gang,None / Manual Tools,HIGH,76,8.1,1,16.2,73.5,0
HIST-BLK-00337,SEC_C03_06,Giddalur - Nandyal,Guntur,S&T,Interlocking Inspection,105,2026-08-29,Sat,LATE_NIGHT,21:38,23:23,1298,1403,0,0,0,0,1.0,0.953,0,0,ST_gang,None / Manual Tools,HIGH,76,7.2,0,0.0,99.0,1
HIST-BLK-00338,SEC_C03_01,Guntur - Narasaraopet,Guntur,S&T,Track Circuit Testing,105,2026-08-02,Sun,MIDDAY_FREIGHT_GAP,12:27,14:12,747,852,0,0,0,0,1.0,0.991,0,0,ST_gang,None / Manual Tools,HIGH,79,10.6,0,0.0,99.0,1
HIST-BLK-00339,SEC_C03_04,Donakonda - Markapur Road,Guntur,S&T,Cable Jointing & OFC,165,2026-08-06,Thu,MIDDAY_FREIGHT_GAP,11:32,14:17,692,857,2,0,0,2,6.0,0.514,0,0,ST_gang,Testing Van,HIGH,80,4.3,2,37.1,30.6,0
HIST-BLK-00340,SEC_C04_05,Yerraguntla - Kadapa,Guntakal,S&T,Cable Jointing & OFC,165,2026-08-03,Mon,MIDDAY_FREIGHT_GAP,11:43,14:28,703,868,0,0,0,0,1.0,0.933,0,0,ST_gang,Testing Van,LOW,24,11.4,0,0.0,99.0,1
HIST-BLK-00341,SEC_C01_06,Singarayakonda - Kavali,Vijayawada,Engineering,Turnout Overhaul,180,2026-07-07,Tue,NIGHT_MEGABLOCK,01:00,04:00,60,240,1,0,1,0,3.0,0.868,0,0,track_gang,CSM Tamping Machine,MEDIUM,45,12.0,1,18.0,74.4,0
HIST-BLK-00342,SEC_C01_06,Singarayakonda - Kavali,Vijayawada,Traction,Contact Wire Height Regulation,180,2026-07-15,Wed,EARLY_MORNING,04:30,07:30,270,450,1,0,1,0,3.0,0.854,1,0,tower_wagon_crew,Tower Wagon,HIGH,74,1.8,2,51.5,5.0,0
HIST-BLK-00343,SEC_C04_07,Razampeta - Koduru,Guntakal,S&T,Interlocking Inspection,90,2026-08-05,Wed,MIDDAY_FREIGHT_GAP,11:47,13:17,707,797,0,0,0,0,1.0,0.998,0,0,ST_gang,None / Manual Tools,MEDIUM,50,9.4,0,0.0,99.0,1
HIST-BLK-00344,SEC_C04_04,Kondapuram - Yerraguntla,Guntakal,Traction,Substation Transformer Overhaul,270,2026-08-04,Tue,PEAK_MORNING,07:30,12:00,450,720,1,0,0,1,8.0,0.871,0,0,specialist_team,None / Manual Tools,HIGH,77,5.3,1,24.1,65.5,0
HIST-BLK-00345,SEC_C01_01,Vijayawada - Tenali,Vijayawada,Traction,Power Isolation Maintenance,180,2026-07-19,Sun,MIDDAY_FREIGHT_GAP,11:30,14:30,690,870,0,0,0,0,1.0,0.963,0,0,tower_wagon_crew,Tower Wagon,MEDIUM,60,1.6,0,0.0,99.0,1
HIST-BLK-00346,SEC_C03_01,Guntur - Narasaraopet,Guntur,Traction,Power Isolation Maintenance,150,2026-08-05,Wed,PEAK_MORNING,07:36,10:06,456,606,1,0,1,0,3.0,0.821,0,0,tower_wagon_crew,Tower Wagon,MEDIUM,57,8.3,1,23.8,64.5,0
HIST-BLK-00347,SEC_C01_06,Singarayakonda - Kavali,Vijayawada,S&T,Cable Jointing & OFC,135,2026-08-03,Mon,LATE_NIGHT,21:30,23:45,1290,1425,0,0,0,0,1.0,0.969,0,0,ST_gang,Testing Van,MEDIUM,53,10.0,0,0.0,99.0,1
HIST-BLK-00348,SEC_C01_05,Ongole - Singarayakonda,Vijayawada,Engineering,Turnout Overhaul,180,2026-07-08,Wed,PEAK_EVENING,17:59,20:59,1079,1259,5,1,1,4,10.0,0.05,1,0,track_gang,CSM Tamping Machine,HIGH,70,1.7,6,118.4,5.0,0
HIST-BLK-00349,SEC_C01_01,Vijayawada - Tenali,Vijayawada,Engineering,Track Maintenance,105,2026-07-01,Wed,MIDDAY_FREIGHT_GAP,11:57,13:42,717,822,0,0,0,0,1.0,0.947,0,0,track_gang,None / Manual Tools,HIGH,85,9.8,0,0.0,99.0,1
HIST-BLK-00350,SEC_C02_02,Duvvada - Anakapalle,Visakhapatnam,Engineering,Rail Renewal,240,2026-07-05,Sun,AFTERNOON_SLOT,15:00,19:00,900,1140,0,0,0,0,1.0,0.958,0,0,track_gang,CSM Tamping Machine,HIGH,78,2.8,0,0.0,99.0,1
HIST-BLK-00351,SEC_C02_08,Nidadavolu - Tadepalligudem,Vijayawada,S&T,Axle Counter Replacement,105,2026-08-17,Mon,NIGHT_MEGABLOCK,01:25,03:10,85,190,1,0,1,0,3.0,0.826,0,1,ST_gang,Testing Van,MEDIUM,61,5.6,1,22.9,69.2,0
HIST-BLK-00352,SEC_C02_03,Anakapalle - Tuni,Visakhapatnam,Traction,Substation Transformer Overhaul,210,2026-08-17,Mon,AFTERNOON_SLOT,15:00,18:30,900,1110,1,1,0,1,9.0,0.582,0,0,specialist_team,None / Manual Tools,HIGH,79,10.6,1,27.3,22.5,0
HIST-BLK-00353,SEC_C03_03,Vinukonda - Donakonda,Guntur,Engineering,Turnout Overhaul,180,2026-08-07,Fri,NIGHT_MEGABLOCK,01:00,04:00,60,240,0,0,0,0,1.0,0.939,0,0,track_gang,CSM Tamping Machine,LOW,38,7.8,0,0.0,99.0,1
HIST-BLK-00354,SEC_C01_06,Singarayakonda - Kavali,Vijayawada,Engineering,Turnout Overhaul,180,2026-07-06,Mon,PEAK_EVENING,17:55,20:55,1075,1255,2,1,1,1,10.0,0.366,1,0,track_gang,CSM Tamping Machine,MEDIUM,48,11.8,3,83.1,5.0,0
HIST-BLK-00355,SEC_C02_05,Annavaram - Samalkot,Vijayawada,Engineering,Deep Screening Ballast,210,2026-07-23,Thu,PEAK_EVENING,17:45,21:15,1065,1275,1,0,0,1,4.0,0.793,0,0,track_gang,Ballast Regulator,LOW,35,7.2,1,23.4,66.1,0
HIST-BLK-00356,SEC_C03_05,Markapur Road - Giddalur,Guntur,S&T,Cable Jointing & OFC,150,2026-07-18,Sat,LATE_NIGHT,21:30,00:00,1290,1440,0,0,0,0,1.0,0.993,0,0,ST_gang,Testing Van,MEDIUM,47,10.1,0,0.0,99.0,1
HIST-BLK-00357,SEC_C04_06,Kadapa - Razampeta,Guntakal,Engineering,Deep Screening Ballast,225,2026-07-25,Sat,PEAK_EVENING,17:45,21:30,1065,1290,2,1,1,1,10.0,0.283,0,0,track_gang,Ballast Regulator,CRITICAL,99,4.9,2,53.0,5.0,0
HIST-BLK-00358,SEC_C02_05,Annavaram - Samalkot,Vijayawada,Traction,Substation Transformer Overhaul,240,2026-08-19,Wed,AFTERNOON_SLOT,15:00,19:00,900,1140,0,0,0,0,1.0,0.932,0,1,specialist_team,None / Manual Tools,HIGH,83,7.0,0,0.0,99.0,1
HIST-BLK-00359,SEC_C02_01,Visakhapatnam - Duvvada,Visakhapatnam,Engineering,Track Maintenance,105,2026-07-07,Tue,MIDDAY_FREIGHT_GAP,11:54,13:39,714,819,0,0,0,0,1.0,0.928,0,0,track_gang,None / Manual Tools,MEDIUM,57,8.9,0,0.0,99.0,1
HIST-BLK-00360,SEC_C03_06,Giddalur - Nandyal,Guntur,Engineering,Weld Rectification,120,2026-07-05,Sun,NIGHT_MEGABLOCK,01:59,03:59,119,239,0,0,0,0,1.0,0.972,0,0,track_gang,USFD Flaw Detector,LOW,22,5.3,0,0.0,99.0,1
HIST-BLK-00361,SEC_C04_03,Tadipatri - Kondapuram,Guntakal,S&T,Cable Jointing & OFC,120,2026-08-22,Sat,AFTERNOON_SLOT,15:08,17:08,908,1028,1,0,1,0,3.0,0.833,1,1,ST_gang,Testing Van,MEDIUM,54,7.0,2,33.5,16.9,0
HIST-BLK-00362,SEC_C02_05,Annavaram - Samalkot,Vijayawada,Traction,Substation Transformer Overhaul,225,2026-08-06,Thu,PEAK_EVENING,17:45,21:30,1065,1290,1,0,0,1,4.0,0.875,0,1,specialist_team,None / Manual Tools,MEDIUM,62,8.2,1,22.8,77.9,0
HIST-BLK-00363,SEC_C04_04,Kondapuram - Yerraguntla,Guntakal,Engineering,Turnout Overhaul,165,2026-08-05,Wed,MIDDAY_FREIGHT_GAP,11:40,14:25,700,865,0,0,0,0,1.0,0.973,0,0,track_gang,CSM Tamping Machine,MEDIUM,64,4.8,0,0.0,99.0,1
HIST-BLK-00364,SEC_C03_03,Vinukonda - Donakonda,Guntur,S&T,Axle Counter Replacement,150,2026-07-28,Tue,LATE_NIGHT,21:30,00:00,1290,1440,0,0,0,0,1.0,0.969,0,0,ST_gang,Testing Van,MEDIUM,51,9.3,0,0.0,99.0,1
HIST-BLK-00365,SEC_C04_05,Yerraguntla - Kadapa,Guntakal,S&T,Axle Counter Replacement,90,2026-08-16,Sun,NIGHT_MEGABLOCK,01:36,03:06,96,186,0,0,0,0,1.0,0.961,1,0,ST_gang,Testing Van,LOW,29,3.8,1,19.7,49.9,0
HIST-BLK-00366,SEC_C02_10,Eluru - Vijayawada,Vijayawada,Traction,Insulator Washing & Replacement,135,2026-08-06,Thu,AFTERNOON_SLOT,15:04,17:19,904,1039,1,0,0,1,8.0,0.789,1,0,tower_wagon_crew,Tower Wagon,HIGH,74,7.6,2,44.3,5.0,0
HIST-BLK-00367,SEC_C04_02,Gooty - Tadipatri,Guntakal,Traction,Power Isolation Maintenance,210,2026-07-05,Sun,PEAK_EVENING,17:45,21:15,1065,1275,1,0,0,1,8.0,0.812,0,0,tower_wagon_crew,Tower Wagon,HIGH,85,7.6,1,27.6,61.6,0
HIST-BLK-00368,SEC_C03_02,Narasaraopet - Vinukonda,Guntur,Engineering,Deep Screening Ballast,225,2026-07-25,Sat,NIGHT_MEGABLOCK,01:00,04:45,60,285,0,0,0,0,1.0,0.994,0,0,track_gang,Ballast Regulator,HIGH,83,10.6,0,0.0,99.0,1
HIST-BLK-00369,SEC_C01_01,Vijayawada - Tenali,Vijayawada,Traction,Substation Transformer Overhaul,240,2026-07-04,Sat,PEAK_MORNING,07:30,11:30,450,690,2,1,1,1,10.0,0.344,0,0,specialist_team,None / Manual Tools,HIGH,74,3.1,2,59.7,5.0,0
HIST-BLK-00370,SEC_C01_06,Singarayakonda - Kavali,Vijayawada,Engineering,Sleeper Replacement,180,2026-08-20,Thu,MIDDAY_FREIGHT_GAP,11:30,14:30,690,870,0,0,0,0,1.0,0.932,0,1,track_gang,Ballast Regulator,HIGH,85,5.7,0,0.0,99.0,1
HIST-BLK-00371,SEC_C04_04,Kondapuram - Yerraguntla,Guntakal,Traction,Power Isolation Maintenance,165,2026-07-31,Fri,AFTERNOON_SLOT,15:00,17:45,900,1065,0,0,0,0,1.0,0.936,0,0,tower_wagon_crew,Tower Wagon,HIGH,76,7.0,0,0.0,99.0,1
HIST-BLK-00372,SEC_C02_10,Eluru - Vijayawada,Vijayawada,S&T,Track Circuit Testing,105,2026-08-29,Sat,AFTERNOON_SLOT,15:05,16:50,905,1010,1,0,0,1,8.0,0.791,0,0,ST_gang,None / Manual Tools,HIGH,81,7.7,1,13.5,76.6,0
HIST-BLK-00373,SEC_C03_05,Markapur Road - Giddalur,Guntur,Traction,Contact Wire Height Regulation,195,2026-07-10,Fri,MIDDAY_FREIGHT_GAP,11:30,14:45,690,885,0,0,0,0,1.0,0.924,0,1,tower_wagon_crew,Tower Wagon,MEDIUM,51,9.1,0,0.0,99.0,1
HIST-BLK-00374,SEC_C01_04,Chirala - Ongole,Vijayawada,Engineering,Weld Rectification,75,2026-08-25,Tue,LATE_NIGHT,22:22,23:37,1342,1417,0,0,0,0,1.0,0.947,0,1,track_gang,USFD Flaw Detector,MEDIUM,54,3.7,0,0.0,99.0,1
HIST-BLK-00375,SEC_C02_06,Samalkot - Rajahmundry,Vijayawada,Traction,Insulator Washing & Replacement,120,2026-08-05,Wed,MIDDAY_FREIGHT_GAP,12:09,14:09,729,849,0,0,0,0,1.0,0.978,0,0,tower_wagon_crew,Tower Wagon,CRITICAL,97,11.0,0,0.0,99.0,1
HIST-BLK-00376,SEC_C02_09,Tadepalligudem - Eluru,Vijayawada,Engineering,Track Maintenance,120,2026-07-13,Mon,LATE_NIGHT,21:38,23:38,1298,1418,1,0,1,0,3.0,0.845,0,0,track_gang,None / Manual Tools,CRITICAL,92,11.1,1,17.6,71.8,0
HIST-BLK-00377,SEC_C03_01,Guntur - Narasaraopet,Guntur,Traction,Contact Wire Height Regulation,165,2026-07-25,Sat,AFTERNOON_SLOT,15:00,17:45,900,1065,0,0,0,0,1.0,0.998,0,0,tower_wagon_crew,Tower Wagon,CRITICAL,91,2.4,0,0.0,99.0,1
HIST-BLK-00378,SEC_C04_06,Kadapa - Razampeta,Guntakal,Traction,Substation Transformer Overhaul,210,2026-07-03,Fri,EARLY_MORNING,04:30,08:00,270,480,0,0,0,0,1.0,0.994,0,1,specialist_team,None / Manual Tools,HIGH,85,5.1,0,0.0,99.0,1
HIST-BLK-00379,SEC_C03_02,Narasaraopet - Vinukonda,Guntur,Engineering,Weld Rectification,90,2026-08-21,Fri,NIGHT_MEGABLOCK,02:20,03:50,140,230,0,0,0,0,1.0,0.951,0,0,track_gang,USFD Flaw Detector,LOW,20,3.9,0,0.0,99.0,1
HIST-BLK-00380,SEC_C04_02,Gooty - Tadipatri,Guntakal,Traction,Power Isolation Maintenance,150,2026-08-16,Sun,MIDDAY_FREIGHT_GAP,11:46,14:16,706,856,0,0,0,0,1.0,0.997,0,0,tower_wagon_crew,Tower Wagon,MEDIUM,65,7.5,0,0.0,99.0,1
HIST-BLK-00381,SEC_C03_02,Narasaraopet - Vinukonda,Guntur,Traction,Cantilever Adjustment,150,2026-08-04,Tue,EARLY_MORNING,04:30,07:00,270,420,0,0,0,0,1.0,0.937,0,1,tower_wagon_crew,Tower Wagon,CRITICAL,94,3.0,0,0.0,99.0,1
HIST-BLK-00382,SEC_C02_01,Visakhapatnam - Duvvada,Visakhapatnam,S&T,Point Machine Overhaul,120,2026-08-29,Sat,AFTERNOON_SLOT,15:29,17:29,929,1049,1,0,1,0,3.0,0.796,0,1,ST_gang,Testing Van,CRITICAL,94,4.8,1,22.8,67.7,0
HIST-BLK-00383,SEC_C03_03,Vinukonda - Donakonda,Guntur,S&T,Axle Counter Replacement,120,2026-07-29,Wed,PEAK_EVENING,18:20,20:20,1100,1220,3,0,1,2,7.0,0.276,0,0,ST_gang,Testing Van,CRITICAL,95,7.9,3,47.9,5.0,0
HIST-BLK-00384,SEC_C01_02,Tenali - Bapatla,Vijayawada,S&T,Signal Maintenance,90,2026-08-19,Wed,MIDDAY_FREIGHT_GAP,11:47,13:17,707,797,0,0,0,0,1.0,0.96,0,1,ST_gang,None / Manual Tools,MEDIUM,67,5.6,0,0.0,99.0,1
HIST-BLK-00385,SEC_C02_03,Anakapalle - Tuni,Visakhapatnam,Engineering,Turnout Overhaul,150,2026-07-27,Mon,LATE_NIGHT,21:30,00:00,1290,1440,0,0,0,0,1.0,0.994,0,0,track_gang,CSM Tamping Machine,LOW,27,9.5,0,0.0,99.0,1
HIST-BLK-00386,SEC_C04_05,Yerraguntla - Kadapa,Guntakal,Traction,Contact Wire Height Regulation,210,2026-07-21,Tue,LATE_NIGHT,21:30,01:00,1290,1500,1,1,0,1,10.0,0.576,0,0,tower_wagon_crew,Tower Wagon,HIGH,82,10.2,1,32.9,17.2,0
HIST-BLK-00387,SEC_C01_03,Bapatla - Chirala,Vijayawada,Traction,OHE Inspection,120,2026-07-30,Thu,LATE_NIGHT,21:31,23:31,1291,1411,0,0,0,0,1.0,0.94,1,0,tower_wagon_crew,Tower Wagon,MEDIUM,68,9.5,1,29.4,35.0,0
HIST-BLK-00388,SEC_C04_05,Yerraguntla - Kadapa,Guntakal,S&T,Track Circuit Testing,75,2026-07-30,Thu,EARLY_MORNING,05:24,06:39,324,399,0,0,0,0,1.0,0.944,0,1,ST_gang,None / Manual Tools,LOW,42,10.2,0,0.0,99.0,1
HIST-BLK-00389,SEC_C01_08,Nellore - Gudur,Vijayawada,Engineering,Weld Rectification,120,2026-08-04,Tue,EARLY_MORNING,04:42,06:42,282,402,1,0,0,1,4.0,0.821,0,0,track_gang,USFD Flaw Detector,HIGH,75,10.9,1,22.8,65.0,0
HIST-BLK-00390,SEC_C03_03,Vinukonda - Donakonda,Guntur,Traction,Substation Transformer Overhaul,270,2026-08-20,Thu,EARLY_MORNING,04:30,09:00,270,540,2,2,0,2,9.0,0.379,0,0,specialist_team,None / Manual Tools,CRITICAL,87,2.4,2,79.1,5.0,0
HIST-BLK-00391,SEC_C02_03,Anakapalle - Tuni,Visakhapatnam,S&T,Interlocking Inspection,90,2026-07-03,Fri,LATE_NIGHT,21:40,23:10,1300,1390,0,0,0,0,1.0,0.965,1,1,ST_gang,None / Manual Tools,MEDIUM,49,9.6,1,15.8,52.4,0
HIST-BLK-00392,SEC_C04_05,Yerraguntla - Kadapa,Guntakal,S&T,Cable Jointing & OFC,135,2026-07-08,Wed,EARLY_MORNING,04:36,06:51,276,411,1,0,1,0,3.0,0.78,0,0,ST_gang,Testing Van,MEDIUM,45,7.2,1,14.8,77.8,0
HIST-BLK-00393,SEC_C02_08,Nidadavolu - Tadepalligudem,Vijayawada,Engineering,Weld Rectification,120,2026-07-31,Fri,MIDDAY_FREIGHT_GAP,11:56,13:56,716,836,0,0,0,0,1.0,0.955,0,0,track_gang,USFD Flaw Detector,MEDIUM,45,8.0,0,0.0,99.0,1
HIST-BLK-00394,SEC_C02_06,Samalkot - Rajahmundry,Vijayawada,Engineering,Turnout Overhaul,165,2026-07-04,Sat,PEAK_EVENING,17:56,20:41,1076,1241,1,1,0,1,10.0,0.534,0,0,track_gang,CSM Tamping Machine,LOW,41,5.0,1,27.2,23.5,0
HIST-BLK-00395,SEC_C02_03,Anakapalle - Tuni,Visakhapatnam,Traction,Cantilever Adjustment,165,2026-08-12,Wed,PEAK_EVENING,18:07,20:52,1087,1252,3,0,1,2,8.0,0.436,0,0,tower_wagon_crew,Tower Wagon,CRITICAL,90,10.1,3,55.0,5.0,0
HIST-BLK-00396,SEC_C01_05,Ongole - Singarayakonda,Vijayawada,S&T,Axle Counter Replacement,105,2026-07-08,Wed,PEAK_EVENING,18:20,20:05,1100,1205,4,0,1,3,7.0,0.154,0,0,ST_gang,Testing Van,MEDIUM,48,7.1,4,40.8,5.0,0
HIST-BLK-00397,SEC_C03_01,Guntur - Narasaraopet,Guntur,S&T,Interlocking Inspection,90,2026-07-17,Fri,AFTERNOON_SLOT,15:36,17:06,936,1026,1,0,0,1,4.0,0.88,0,0,ST_gang,None / Manual Tools,HIGH,74,9.2,1,17.5,76.1,0
HIST-BLK-00398,SEC_C02_07,Rajahmundry - Nidadavolu,Vijayawada,Traction,Cantilever Adjustment,135,2026-07-01,Wed,NIGHT_MEGABLOCK,01:01,03:16,61,196,0,0,0,0,1.0,0.984,0,0,tower_wagon_crew,Tower Wagon,MEDIUM,51,5.8,0,0.0,99.0,1
HIST-BLK-00399,SEC_C02_06,Samalkot - Rajahmundry,Vijayawada,Engineering,Deep Screening Ballast,195,2026-08-14,Fri,PEAK_MORNING,07:30,10:45,450,645,1,0,0,1,6.0,0.805,0,0,track_gang,Ballast Regulator,CRITICAL,90,1.6,1,24.6,63.8,0
HIST-BLK-00400,SEC_C01_02,Tenali - Bapatla,Vijayawada,Engineering,Turnout Overhaul,180,2026-08-23,Sun,PEAK_MORNING,07:30,10:30,450,630,5,0,1,4,7.0,0.147,0,0,track_gang,CSM Tamping Machine,HIGH,84,5.0,5,88.2,5.0,0
HIST-BLK-00401,SEC_C01_04,Chirala - Ongole,Vijayawada,Traction,Cantilever Adjustment,165,2026-08-16,Sun,PEAK_EVENING,17:55,20:40,1075,1240,1,0,1,0,3.0,0.836,0,0,tower_wagon_crew,Tower Wagon,CRITICAL,95,10.8,1,19.8,73.3,0
HIST-BLK-00402,SEC_C02_10,Eluru - Vijayawada,Vijayawada,Engineering,Rail Renewal,240,2026-08-10,Mon,AFTERNOON_SLOT,15:00,19:00,900,1140,2,0,1,1,8.0,0.652,0,1,track_gang,CSM Tamping Machine,MEDIUM,57,9.7,2,34.2,49.8,0
HIST-BLK-00403,SEC_C01_03,Bapatla - Chirala,Vijayawada,S&T,Axle Counter Replacement,90,2026-08-01,Sat,EARLY_MORNING,04:53,06:23,293,383,0,0,0,0,1.0,0.956,0,1,ST_gang,Testing Van,LOW,26,5.4,0,0.0,99.0,1
HIST-BLK-00404,SEC_C02_05,Annavaram - Samalkot,Vijayawada,Engineering,Sleeper Replacement,195,2026-07-02,Thu,LATE_NIGHT,21:30,00:45,1290,1485,0,0,0,0,1.0,0.96,0,0,track_gang,Ballast Regulator,HIGH,85,9.6,0,0.0,99.0,1
HIST-BLK-00405,SEC_C01_07,Kavali - Nellore,Vijayawada,Traction,Substation Transformer Overhaul,225,2026-07-14,Tue,PEAK_EVENING,17:45,21:30,1065,1290,1,1,0,1,9.0,0.534,1,0,specialist_team,None / Manual Tools,HIGH,73,8.7,2,48.7,5.0,0
HIST-BLK-00406,SEC_C03_02,Narasaraopet - Vinukonda,Guntur,Engineering,Weld Rectification,90,2026-08-10,Mon,EARLY_MORNING,04:50,06:20,290,380,0,0,0,0,1.0,0.936,0,0,track_gang,USFD Flaw Detector,HIGH,80,4.4,0,0.0,99.0,1
HIST-BLK-00407,SEC_C01_08,Nellore - Gudur,Vijayawada,Engineering,Weld Rectification,105,2026-08-02,Sun,NIGHT_MEGABLOCK,01:26,03:11,86,191,0,0,0,0,1.0,0.964,0,1,track_gang,USFD Flaw Detector,HIGH,79,4.8,0,0.0,99.0,1
HIST-BLK-00408,SEC_C04_05,Yerraguntla - Kadapa,Guntakal,Engineering,Turnout Overhaul,150,2026-07-31,Fri,PEAK_EVENING,17:48,20:18,1068,1218,2,1,1,1,10.0,0.266,0,0,track_gang,CSM Tamping Machine,HIGH,84,10.1,2,53.5,5.0,0
HIST-BLK-00409,SEC_C04_06,Kadapa - Razampeta,Guntakal,Traction,Power Isolation Maintenance,150,2026-08-22,Sat,LATE_NIGHT,21:30,00:00,1290,1440,0,0,0,0,1.0,0.957,0,0,tower_wagon_crew,Tower Wagon,HIGH,84,3.0,0,0.0,99.0,1
HIST-BLK-00410,SEC_C02_09,Tadepalligudem - Eluru,Vijayawada,S&T,Axle Counter Replacement,105,2026-08-14,Fri,PEAK_EVENING,18:27,20:12,1107,1212,4,0,1,3,7.0,0.06,0,1,ST_gang,Testing Van,CRITICAL,93,9.6,4,61.4,5.0,0
HIST-BLK-00411,SEC_C01_07,Kavali - Nellore,Vijayawada,S&T,Cable Jointing & OFC,120,2026-07-21,Tue,AFTERNOON_SLOT,15:20,17:20,920,1040,1,1,0,1,9.0,0.537,0,0,ST_gang,Testing Van,HIGH,84,8.0,1,44.5,5.0,0
HIST-BLK-00412,SEC_C03_04,Donakonda - Markapur Road,Guntur,Engineering,Deep Screening Ballast,225,2026-07-28,Tue,LATE_NIGHT,21:30,01:15,1290,1515,0,0,0,0,1.0,0.965,1,0,track_gang,Ballast Regulator,HIGH,77,9.3,1,25.7,43.1,0
HIST-BLK-00413,SEC_C01_08,Nellore - Gudur,Vijayawada,Traction,Insulator Washing & Replacement,120,2026-07-21,Tue,AFTERNOON_SLOT,15:03,17:03,903,1023,0,0,0,0,1.0,0.986,1,1,tower_wagon_crew,Tower Wagon,HIGH,82,10.0,1,26.6,50.2,0
HIST-BLK-00414,SEC_C04_08,Koduru - Renigunta,Guntakal,Traction,Substation Transformer Overhaul,210,2026-07-06,Mon,EARLY_MORNING,04:30,08:00,270,480,1,0,0,1,8.0,0.862,0,1,specialist_team,None / Manual Tools,LOW,44,3.0,1,20.0,81.4,0
HIST-BLK-00415,SEC_C04_01,Guntakal - Gooty,Guntakal,Traction,Insulator Washing & Replacement,120,2026-07-13,Mon,EARLY_MORNING,04:51,06:51,291,411,1,0,0,1,4.0,0.868,0,0,tower_wagon_crew,Tower Wagon,HIGH,79,9.0,1,23.2,70.0,0
HIST-BLK-00416,SEC_C01_01,Vijayawada - Tenali,Vijayawada,Traction,Insulator Washing & Replacement,120,2026-08-24,Mon,EARLY_MORNING,04:57,06:57,297,417,0,0,0,0,1.0,0.944,1,0,tower_wagon_crew,Tower Wagon,HIGH,71,11.8,1,16.6,50.9,0
HIST-BLK-00417,SEC_C01_02,Tenali - Bapatla,Vijayawada,Engineering,Sleeper Replacement,210,2026-08-07,Fri,MIDDAY_FREIGHT_GAP,11:30,15:00,690,900,1,0,0,1,4.0,0.843,0,0,track_gang,Ballast Regulator,MEDIUM,57,8.5,1,23.2,65.5,0
HIST-BLK-00418,SEC_C04_01,Guntakal - Gooty,Guntakal,S&T,Axle Counter Replacement,105,2026-07-19,Sun,LATE_NIGHT,21:51,23:36,1311,1416,1,0,1,0,3.0,0.781,0,0,ST_gang,Testing Van,MEDIUM,49,6.1,1,23.2,63.7,0
HIST-BLK-00419,SEC_C04_03,Tadipatri - Kondapuram,Guntakal,S&T,Cable Jointing & OFC,165,2026-08-29,Sat,MIDDAY_FREIGHT_GAP,11:35,14:20,695,860,0,0,0,0,1.0,0.956,0,0,ST_gang,Testing Van,HIGH,84,6.0,0,0.0,99.0,1
HIST-BLK-00420,SEC_C04_08,Koduru - Renigunta,Guntakal,Traction,Power Isolation Maintenance,210,2026-08-02,Sun,PEAK_MORNING,07:30,11:00,450,660,5,0,1,4,8.0,0.055,0,1,tower_wagon_crew,Tower Wagon,CRITICAL,93,6.6,5,85.0,5.0,0
HIST-BLK-00421,SEC_C02_10,Eluru - Vijayawada,Vijayawada,S&T,Interlocking Inspection,60,2026-08-03,Mon,AFTERNOON_SLOT,15:11,16:11,911,971,1,0,0,1,8.0,0.805,0,1,ST_gang,None / Manual Tools,MEDIUM,66,8.2,1,19.0,70.4,0
HIST-BLK-00422,SEC_C01_04,Chirala - Ongole,Vijayawada,S&T,Interlocking Inspection,60,2026-07-31,Fri,MIDDAY_FREIGHT_GAP,12:35,13:35,755,815,0,0,0,0,1.0,0.992,0,0,ST_gang,None / Manual Tools,MEDIUM,55,9.9,0,0.0,99.0,1
HIST-BLK-00423,SEC_C01_03,Bapatla - Chirala,Vijayawada,Traction,Insulator Washing & Replacement,150,2026-07-20,Mon,PEAK_EVENING,18:21,20:51,1101,1251,2,0,0,2,8.0,0.547,1,1,tower_wagon_crew,Tower Wagon,MEDIUM,63,11.9,3,64.1,5.0,0
HIST-BLK-00424,SEC_C01_06,Singarayakonda - Kavali,Vijayawada,Engineering,Weld Rectification,60,2026-08-24,Mon,LATE_NIGHT,22:05,23:05,1325,1385,0,0,0,0,1.0,0.969,1,1,track_gang,USFD Flaw Detector,HIGH,78,3.3,1,23.9,52.0,0
HIST-BLK-00425,SEC_C04_05,Yerraguntla - Kadapa,Guntakal,S&T,Point Machine Overhaul,90,2026-08-20,Thu,PEAK_EVENING,18:15,19:45,1095,1185,5,1,1,4,10.0,0.05,0,0,ST_gang,Testing Van,CRITICAL,87,10.1,5,105.6,5.0,0
HIST-BLK-00426,SEC_C04_01,Guntakal - Gooty,Guntakal,Engineering,Deep Screening Ballast,210,2026-08-16,Sun,PEAK_EVENING,17:45,21:15,1065,1275,3,1,1,2,10.0,0.147,0,1,track_gang,Ballast Regulator,HIGH,78,3.3,3,55.0,5.0,0
HIST-BLK-00427,SEC_C02_07,Rajahmundry - Nidadavolu,Vijayawada,S&T,Cable Jointing & OFC,180,2026-07-25,Sat,MIDDAY_FREIGHT_GAP,11:30,14:30,690,870,1,0,0,1,6.0,0.806,1,0,ST_gang,Testing Van,MEDIUM,58,6.2,2,53.2,5.0,0
HIST-BLK-00428,SEC_C01_03,Bapatla - Chirala,Vijayawada,Engineering,Weld Rectification,120,2026-07-23,Thu,LATE_NIGHT,21:43,23:43,1303,1423,0,0,0,0,1.0,0.972,0,1,track_gang,USFD Flaw Detector,HIGH,78,8.4,0,0.0,99.0,1
HIST-BLK-00429,SEC_C02_08,Nidadavolu - Tadepalligudem,Vijayawada,Traction,Substation Transformer Overhaul,255,2026-08-19,Wed,EARLY_MORNING,04:30,08:45,270,525,0,0,0,0,1.0,0.962,0,1,specialist_team,None / Manual Tools,MEDIUM,50,1.6,0,0.0,99.0,1
HIST-BLK-00430,SEC_C04_03,Tadipatri - Kondapuram,Guntakal,Engineering,Weld Rectification,60,2026-08-13,Thu,MIDDAY_FREIGHT_GAP,12:14,13:14,734,794,0,0,0,0,1.0,0.938,1,0,track_gang,USFD Flaw Detector,HIGH,76,2.1,1,23.9,45.0,0
HIST-BLK-00431,SEC_C02_06,Samalkot - Rajahmundry,Vijayawada,Traction,Substation Transformer Overhaul,210,2026-08-15,Sat,NIGHT_MEGABLOCK,01:00,04:30,60,270,1,0,1,0,3.0,0.84,0,0,specialist_team,None / Manual Tools,HIGH,75,4.2,1,23.2,69.1,0
HIST-BLK-00432,SEC_C04_06,Kadapa - Razampeta,Guntakal,S&T,Axle Counter Replacement,150,2026-08-27,Thu,PEAK_EVENING,18:05,20:35,1085,1235,1,0,1,0,3.0,0.806,0,0,ST_gang,Testing Van,MEDIUM,53,5.0,1,16.1,77.1,0
HIST-BLK-00433,SEC_C02_09,Tadepalligudem - Eluru,Vijayawada,Engineering,Sleeper Replacement,150,2026-08-01,Sat,EARLY_MORNING,04:30,07:00,270,420,0,0,0,0,1.0,0.969,1,0,track_gang,Ballast Regulator,HIGH,85,6.0,1,24.2,41.4,0
HIST-BLK-00434,SEC_C04_05,Yerraguntla - Kadapa,Guntakal,Traction,Cantilever Adjustment,120,2026-07-03,Fri,NIGHT_MEGABLOCK,01:04,03:04,64,184,0,0,0,0,1.0,0.94,1,0,tower_wagon_crew,Tower Wagon,HIGH,85,11.3,1,25.0,40.6,0
HIST-BLK-00435,SEC_C03_04,Donakonda - Markapur Road,Guntur,S&T,Interlocking Inspection,60,2026-08-02,Sun,PEAK_EVENING,19:50,20:50,1190,1250,5,0,1,4,7.0,0.131,0,0,ST_gang,None / Manual Tools,CRITICAL,97,7.5,5,89.8,5.0,0
HIST-BLK-00436,SEC_C03_02,Narasaraopet - Vinukonda,Guntur,S&T,Signal Maintenance,90,2026-08-11,Tue,NIGHT_MEGABLOCK,01:46,03:16,106,196,0,0,0,0,1.0,0.997,0,0,ST_gang,None / Manual Tools,CRITICAL,93,3.6,0,0.0,99.0,1
HIST-BLK-00437,SEC_C04_01,Guntakal - Gooty,Guntakal,Traction,Power Isolation Maintenance,180,2026-08-14,Fri,MIDDAY_FREIGHT_GAP,11:30,14:30,690,870,0,0,0,0,1.0,0.992,0,0,tower_wagon_crew,Tower Wagon,MEDIUM,56,6.1,0,0.0,99.0,1
HIST-BLK-00438,SEC_C01_03,Bapatla - Chirala,Vijayawada,Engineering,Track Maintenance,150,2026-08-07,Fri,EARLY_MORNING,04:30,07:00,270,420,0,0,0,0,1.0,0.959,0,0,track_gang,None / Manual Tools,CRITICAL,94,11.6,0,0.0,99.0,1
HIST-BLK-00439,SEC_C01_02,Tenali - Bapatla,Vijayawada,Engineering,Rail Renewal,210,2026-07-22,Wed,LATE_NIGHT,21:30,01:00,1290,1500,0,0,0,0,1.0,0.952,0,0,track_gang,CSM Tamping Machine,HIGH,84,7.1,0,0.0,99.0,1
HIST-BLK-00440,SEC_C02_07,Rajahmundry - Nidadavolu,Vijayawada,Engineering,Track Maintenance,150,2026-07-10,Fri,MIDDAY_FREIGHT_GAP,11:50,14:20,710,860,0,0,0,0,1.0,0.922,1,0,track_gang,None / Manual Tools,LOW,39,2.9,1,17.6,48.1,0
HIST-BLK-00441,SEC_C03_02,Narasaraopet - Vinukonda,Guntur,Engineering,Sleeper Replacement,195,2026-07-11,Sat,LATE_NIGHT,21:30,00:45,1290,1485,0,0,0,0,1.0,0.985,0,0,track_gang,Ballast Regulator,CRITICAL,93,2.2,0,0.0,99.0,1
HIST-BLK-00442,SEC_C03_04,Donakonda - Markapur Road,Guntur,Traction,Substation Transformer Overhaul,240,2026-07-21,Tue,NIGHT_MEGABLOCK,01:00,05:00,60,300,0,0,0,0,1.0,0.966,0,1,specialist_team,None / Manual Tools,CRITICAL,99,2.0,0,0.0,99.0,1
HIST-BLK-00443,SEC_C01_05,Ongole - Singarayakonda,Vijayawada,Engineering,Rail Renewal,225,2026-08-18,Tue,MIDDAY_FREIGHT_GAP,11:30,15:15,690,915,1,0,0,1,8.0,0.797,0,0,track_gang,CSM Tamping Machine,HIGH,75,1.9,1,20.2,71.4,0
HIST-BLK-00444,SEC_C04_01,Guntakal - Gooty,Guntakal,Engineering,Track Maintenance,120,2026-07-06,Mon,NIGHT_MEGABLOCK,01:00,03:00,60,180,1,0,1,0,3.0,0.789,0,0,track_gang,None / Manual Tools,MEDIUM,54,9.6,1,20.9,67.2,0
HIST-BLK-00445,SEC_C02_10,Eluru - Vijayawada,Vijayawada,Traction,Contact Wire Height Regulation,180,2026-07-16,Thu,EARLY_MORNING,04:30,07:30,270,450,0,0,0,0,1.0,0.969,0,0,tower_wagon_crew,Tower Wagon,CRITICAL,88,2.4,0,0.0,99.0,1
HIST-BLK-00446,SEC_C03_02,Narasaraopet - Vinukonda,Guntur,S&T,Axle Counter Replacement,90,2026-08-05,Wed,EARLY_MORNING,04:42,06:12,282,372,0,0,0,0,1.0,0.929,0,0,ST_gang,Testing Van,MEDIUM,48,11.9,0,0.0,99.0,1
HIST-BLK-00447,SEC_C04_06,Kadapa - Razampeta,Guntakal,Traction,Substation Transformer Overhaul,225,2026-07-18,Sat,NIGHT_MEGABLOCK,01:00,04:45,60,285,1,0,1,0,3.0,0.86,0,1,specialist_team,None / Manual Tools,MEDIUM,60,11.2,1,19.8,80.8,0
HIST-BLK-00448,SEC_C02_06,Samalkot - Rajahmundry,Vijayawada,S&T,Track Circuit Testing,75,2026-08-09,Sun,LATE_NIGHT,22:26,23:41,1346,1421,0,0,0,0,1.0,0.923,1,0,ST_gang,None / Manual Tools,MEDIUM,62,6.6,1,16.7,53.4,0
HIST-BLK-00449,SEC_C04_05,Yerraguntla - Kadapa,Guntakal,Traction,Insulator Washing & Replacement,120,2026-07-27,Mon,EARLY_MORNING,04:53,06:53,293,413,1,0,1,0,3.0,0.848,0,1,tower_wagon_crew,Tower Wagon,HIGH,73,9.2,1,22.7,77.1,0
HIST-BLK-00450,SEC_C02_07,Rajahmundry - Nidadavolu,Vijayawada,Engineering,Sleeper Replacement,195,2026-08-01,Sat,NIGHT_MEGABLOCK,01:00,04:15,60,255,0,0,0,0,1.0,0.932,1,0,track_gang,Ballast Regulator,LOW,34,6.3,1,17.9,49.5,0
HIST-BLK-00451,SEC_C02_10,Eluru - Vijayawada,Vijayawada,Engineering,Rail Renewal,225,2026-07-03,Fri,PEAK_EVENING,17:45,21:30,1065,1290,2,0,2,0,3.0,0.602,0,0,track_gang,CSM Tamping Machine,HIGH,73,3.3,2,34.1,39.1,0
HIST-BLK-00452,SEC_C02_03,Anakapalle - Tuni,Visakhapatnam,Traction,Insulator Washing & Replacement,105,2026-08-06,Thu,AFTERNOON_SLOT,15:14,16:59,914,1019,1,1,0,1,9.0,0.539,0,1,tower_wagon_crew,Tower Wagon,LOW,35,6.5,1,25.3,33.1,0
HIST-BLK-00453,SEC_C02_08,Nidadavolu - Tadepalligudem,Vijayawada,Engineering,Rail Renewal,240,2026-08-07,Fri,EARLY_MORNING,04:30,08:30,270,510,0,0,0,0,1.0,0.991,0,0,track_gang,CSM Tamping Machine,MEDIUM,49,5.9,0,0.0,99.0,1
HIST-BLK-00454,SEC_C04_07,Razampeta - Koduru,Guntakal,Traction,Insulator Washing & Replacement,90,2026-07-28,Tue,AFTERNOON_SLOT,15:25,16:55,925,1015,0,0,0,0,1.0,0.958,0,0,tower_wagon_crew,Tower Wagon,MEDIUM,48,7.4,0,0.0,99.0,1
HIST-BLK-00455,SEC_C04_03,Tadipatri - Kondapuram,Guntakal,Engineering,Turnout Overhaul,180,2026-07-19,Sun,EARLY_MORNING,04:30,07:30,270,450,0,0,0,0,1.0,0.972,0,1,track_gang,CSM Tamping Machine,CRITICAL,93,6.3,0,0.0,99.0,1
HIST-BLK-00456,SEC_C01_02,Tenali - Bapatla,Vijayawada,S&T,Axle Counter Replacement,105,2026-08-25,Tue,PEAK_EVENING,18:36,20:21,1116,1221,2,1,0,2,9.0,0.283,0,0,ST_gang,Testing Van,LOW,40,10.5,2,51.6,5.0,0
HIST-BLK-00457,SEC_C01_03,Bapatla - Chirala,Vijayawada,S&T,Axle Counter Replacement,120,2026-08-14,Fri,AFTERNOON_SLOT,15:17,17:17,917,1037,0,0,0,0,1.0,0.966,0,0,ST_gang,Testing Van,HIGH,72,11.3,0,0.0,99.0,1
HIST-BLK-00458,SEC_C03_06,Giddalur - Nandyal,Guntur,Engineering,Track Maintenance,120,2026-07-24,Fri,MIDDAY_FREIGHT_GAP,12:09,14:09,729,849,1,0,1,0,3.0,0.784,0,0,track_gang,None / Manual Tools,HIGH,72,3.0,1,17.3,73.1,0
HIST-BLK-00459,SEC_C04_07,Razampeta - Koduru,Guntakal,Traction,Insulator Washing & Replacement,150,2026-07-14,Tue,LATE_NIGHT,21:30,00:00,1290,1440,0,0,0,0,1.0,0.938,0,0,tower_wagon_crew,Tower Wagon,HIGH,78,2.1,0,0.0,99.0,1
HIST-BLK-00460,SEC_C04_05,Yerraguntla - Kadapa,Guntakal,S&T,Interlocking Inspection,105,2026-08-23,Sun,NIGHT_MEGABLOCK,02:00,03:45,120,225,0,0,0,0,1.0,0.974,0,0,ST_gang,None / Manual Tools,MEDIUM,54,8.6,0,0.0,99.0,1
HIST-BLK-00461,SEC_C01_05,Ongole - Singarayakonda,Vijayawada,Engineering,Sleeper Replacement,150,2026-07-06,Mon,MIDDAY_FREIGHT_GAP,11:58,14:28,718,868,1,0,0,1,8.0,0.798,1,0,track_gang,Ballast Regulator,LOW,22,8.8,2,48.6,5.0,0
HIST-BLK-00462,SEC_C01_02,Tenali - Bapatla,Vijayawada,S&T,Axle Counter Replacement,150,2026-08-04,Tue,EARLY_MORNING,04:30,07:00,270,420,0,0,0,0,1.0,0.958,0,1,ST_gang,Testing Van,HIGH,70,10.7,0,0.0,99.0,1
HIST-BLK-00463,SEC_C03_04,Donakonda - Markapur Road,Guntur,S&T,Interlocking Inspection,90,2026-08-11,Tue,PEAK_EVENING,19:25,20:55,1165,1255,4,0,1,3,8.0,0.119,1,0,ST_gang,None / Manual Tools,MEDIUM,54,6.6,5,101.8,5.0,0
HIST-BLK-00464,SEC_C03_05,Markapur Road - Giddalur,Guntur,S&T,Axle Counter Replacement,105,2026-08-09,Sun,EARLY_MORNING,05:15,07:00,315,420,0,0,0,0,1.0,0.963,0,0,ST_gang,Testing Van,HIGH,75,8.5,0,0.0,99.0,1
HIST-BLK-00465,SEC_C02_08,Nidadavolu - Tadepalligudem,Vijayawada,Engineering,Track Maintenance,120,2026-08-06,Thu,EARLY_MORNING,04:44,06:44,284,404,0,0,0,0,1.0,0.941,0,0,track_gang,None / Manual Tools,HIGH,71,3.1,0,0.0,99.0,1
HIST-BLK-00466,SEC_C02_03,Anakapalle - Tuni,Visakhapatnam,Traction,Cantilever Adjustment,120,2026-08-28,Fri,NIGHT_MEGABLOCK,01:25,03:25,85,205,0,0,0,0,1.0,0.981,1,0,tower_wagon_crew,Tower Wagon,LOW,30,7.2,1,22.6,46.2,0
HIST-BLK-00467,SEC_C03_01,Guntur - Narasaraopet,Guntur,S&T,Track Circuit Testing,90,2026-08-12,Wed,EARLY_MORNING,05:21,06:51,321,411,0,0,0,0,1.0,0.965,0,1,ST_gang,None / Manual Tools,LOW,34,6.5,0,0.0,99.0,1
HIST-BLK-00468,SEC_C01_08,Nellore - Gudur,Vijayawada,S&T,Signal Maintenance,60,2026-08-09,Sun,LATE_NIGHT,21:58,22:58,1318,1378,0,0,0,0,1.0,0.927,0,0,ST_gang,None / Manual Tools,CRITICAL,96,9.7,0,0.0,99.0,1
HIST-BLK-00469,SEC_C02_05,Annavaram - Samalkot,Vijayawada,Engineering,Track Maintenance,135,2026-08-24,Mon,MIDDAY_FREIGHT_GAP,12:13,14:28,733,868,0,0,0,0,1.0,0.974,0,0,track_gang,None / Manual Tools,CRITICAL,94,7.8,0,0.0,99.0,1
HIST-BLK-00470,SEC_C01_04,Chirala - Ongole,Vijayawada,Traction,Cantilever Adjustment,150,2026-07-10,Fri,PEAK_EVENING,18:12,20:42,1092,1242,1,0,1,0,3.0,0.817,0,0,tower_wagon_crew,Tower Wagon,HIGH,79,6.2,1,21.1,67.6,0
HIST-BLK-00471,SEC_C04_05,Yerraguntla - Kadapa,Guntakal,Traction,Contact Wire Height Regulation,180,2026-07-19,Sun,EARLY_MORNING,04:30,07:30,270,450,1,0,0,1,4.0,0.861,0,0,tower_wagon_crew,Tower Wagon,LOW,33,10.3,1,23.0,65.8,0
HIST-BLK-00472,SEC_C03_02,Narasaraopet - Vinukonda,Guntur,S&T,Interlocking Inspection,90,2026-07-05,Sun,AFTERNOON_SLOT,15:48,17:18,948,1038,0,0,0,0,1.0,0.95,0,0,ST_gang,None / Manual Tools,CRITICAL,96,7.3,0,0.0,99.0,1
HIST-BLK-00473,SEC_C02_01,Visakhapatnam - Duvvada,Visakhapatnam,Engineering,Turnout Overhaul,180,2026-07-19,Sun,AFTERNOON_SLOT,15:00,18:00,900,1080,0,0,0,0,1.0,0.959,0,0,track_gang,CSM Tamping Machine,MEDIUM,54,7.4,0,0.0,99.0,1
HIST-BLK-00474,SEC_C01_02,Tenali - Bapatla,Vijayawada,Engineering,Turnout Overhaul,180,2026-07-20,Mon,PEAK_EVENING,18:00,21:00,1080,1260,2,1,0,2,9.0,0.272,0,0,track_gang,CSM Tamping Machine,MEDIUM,54,8.7,2,37.8,5.0,0
HIST-BLK-00475,SEC_C01_05,Ongole - Singarayakonda,Vijayawada,Traction,Substation Transformer Overhaul,240,2026-08-07,Fri,MIDDAY_FREIGHT_GAP,11:30,15:30,690,930,0,0,0,0,1.0,0.965,0,0,specialist_team,None / Manual Tools,LOW,40,10.1,0,0.0,99.0,1
HIST-BLK-00476,SEC_C01_02,Tenali - Bapatla,Vijayawada,S&T,Point Machine Overhaul,105,2026-07-04,Sat,EARLY_MORNING,04:50,06:35,290,395,0,0,0,0,1.0,0.957,1,0,ST_gang,Testing Van,MEDIUM,56,5.9,1,28.7,37.0,0
HIST-BLK-00477,SEC_C03_01,Guntur - Narasaraopet,Guntur,S&T,Interlocking Inspection,120,2026-08-29,Sat,NIGHT_MEGABLOCK,01:32,03:32,92,212,1,0,1,0,3.0,0.843,0,0,ST_gang,None / Manual Tools,MEDIUM,64,10.7,1,22.3,69.0,0
HIST-BLK-00478,SEC_C03_02,Narasaraopet - Vinukonda,Guntur,S&T,Cable Jointing & OFC,180,2026-08-14,Fri,PEAK_MORNING,07:30,10:30,450,630,2,0,1,1,8.0,0.648,0,0,ST_gang,Testing Van,CRITICAL,94,5.8,2,43.4,25.2,0
HIST-BLK-00479,SEC_C02_06,Samalkot - Rajahmundry,Vijayawada,Engineering,Weld Rectification,75,2026-08-23,Sun,EARLY_MORNING,05:41,06:56,341,416,1,0,0,1,8.0,0.841,0,0,track_gang,USFD Flaw Detector,MEDIUM,61,8.9,1,19.8,70.6,0
HIST-BLK-00480,SEC_C01_05,Ongole - Singarayakonda,Vijayawada,Engineering,Turnout Overhaul,150,2026-07-31,Fri,PEAK_MORNING,07:39,10:09,459,609,4,1,1,3,10.0,0.05,0,0,track_gang,CSM Tamping Machine,LOW,36,9.0,4,66.2,5.0,0
HIST-BLK-00481,SEC_C02_02,Duvvada - Anakapalle,Visakhapatnam,Traction,Power Isolation Maintenance,180,2026-07-09,Thu,EARLY_MORNING,04:30,07:30,270,450,0,0,0,0,1.0,0.93,0,1,tower_wagon_crew,Tower Wagon,CRITICAL,97,1.7,0,0.0,99.0,1
HIST-BLK-00482,SEC_C04_04,Kondapuram - Yerraguntla,Guntakal,Engineering,Turnout Overhaul,150,2026-07-03,Fri,LATE_NIGHT,21:30,00:00,1290,1440,0,0,0,0,1.0,0.967,1,0,track_gang,CSM Tamping Machine,HIGH,78,1.6,1,16.4,50.8,0
HIST-BLK-00483,SEC_C02_06,Samalkot - Rajahmundry,Vijayawada,Traction,Power Isolation Maintenance,165,2026-08-12,Wed,PEAK_MORNING,07:30,10:15,450,615,1,0,0,1,6.0,0.789,0,0,tower_wagon_crew,Tower Wagon,MEDIUM,53,3.2,1,21.3,69.4,0
HIST-BLK-00484,SEC_C02_08,Nidadavolu - Tadepalligudem,Vijayawada,Traction,Insulator Washing & Replacement,90,2026-07-07,Tue,LATE_NIGHT,22:07,23:37,1327,1417,1,0,1,0,3.0,0.856,0,0,tower_wagon_crew,Tower Wagon,MEDIUM,67,11.0,1,17.9,76.0,0
HIST-BLK-00485,SEC_C01_07,Kavali - Nellore,Vijayawada,Engineering,Weld Rectification,120,2026-07-31,Fri,PEAK_MORNING,08:14,10:14,494,614,3,0,1,2,7.0,0.286,0,0,track_gang,USFD Flaw Detector,HIGH,82,5.8,3,52.8,5.0,0
HIST-BLK-00486,SEC_C04_06,Kadapa - Razampeta,Guntakal,Engineering,Weld Rectification,75,2026-08-01,Sat,LATE_NIGHT,21:53,23:08,1313,1388,0,0,0,0,1.0,0.965,0,0,track_gang,USFD Flaw Detector,CRITICAL,91,6.3,0,0.0,99.0,1
HIST-BLK-00487,SEC_C04_05,Yerraguntla - Kadapa,Guntakal,Engineering,Weld Rectification,90,2026-07-19,Sun,LATE_NIGHT,21:57,23:27,1317,1407,1,0,1,0,3.0,0.787,0,0,track_gang,USFD Flaw Detector,MEDIUM,60,1.6,1,19.2,71.6,0
HIST-BLK-00488,SEC_C04_02,Gooty - Tadipatri,Guntakal,S&T,Interlocking Inspection,120,2026-08-13,Thu,NIGHT_MEGABLOCK,01:07,03:07,67,187,1,0,1,0,3.0,0.82,0,0,ST_gang,None / Manual Tools,MEDIUM,48,3.3,1,17.6,71.8,0
HIST-BLK-00489,SEC_C02_05,Annavaram - Samalkot,Vijayawada,Traction,Contact Wire Height Regulation,150,2026-07-15,Wed,LATE_NIGHT,21:30,00:00,1290,1440,0,0,0,0,1.0,0.96,0,0,tower_wagon_crew,Tower Wagon,MEDIUM,69,9.8,0,0.0,99.0,1
HIST-BLK-00490,SEC_C04_02,Gooty - Tadipatri,Guntakal,S&T,Axle Counter Replacement,150,2026-08-08,Sat,MIDDAY_FREIGHT_GAP,11:45,14:15,705,855,0,0,0,0,1.0,0.961,1,0,ST_gang,Testing Van,CRITICAL,93,6.7,1,24.4,41.1,0
HIST-BLK-00491,SEC_C01_07,Kavali - Nellore,Vijayawada,Traction,OHE Inspection,90,2026-08-01,Sat,PEAK_EVENING,17:48,19:18,1068,1158,3,1,1,2,10.0,0.136,0,0,tower_wagon_crew,Tower Wagon,HIGH,73,7.0,3,60.2,5.0,0
HIST-BLK-00492,SEC_C04_08,Koduru - Renigunta,Guntakal,S&T,Interlocking Inspection,90,2026-08-04,Tue,PEAK_MORNING,08:39,10:09,519,609,2,0,1,1,7.0,0.678,0,0,ST_gang,None / Manual Tools,LOW,23,5.5,2,29.7,41.6,0
HIST-BLK-00493,SEC_C03_02,Narasaraopet - Vinukonda,Guntur,Traction,Power Isolation Maintenance,180,2026-07-28,Tue,EARLY_MORNING,04:30,07:30,270,450,0,0,0,0,1.0,0.945,0,0,tower_wagon_crew,Tower Wagon,HIGH,73,7.3,0,0.0,99.0,1
HIST-BLK-00494,SEC_C04_07,Razampeta - Koduru,Guntakal,S&T,Interlocking Inspection,75,2026-08-02,Sun,NIGHT_MEGABLOCK,01:50,03:05,110,185,0,0,0,0,1.0,0.967,0,0,ST_gang,None / Manual Tools,HIGH,81,2.1,0,0.0,99.0,1
HIST-BLK-00495,SEC_C02_01,Visakhapatnam - Duvvada,Visakhapatnam,S&T,Track Circuit Testing,105,2026-08-07,Fri,NIGHT_MEGABLOCK,01:43,03:28,103,208,0,0,0,0,1.0,0.954,0,0,ST_gang,None / Manual Tools,LOW,33,4.1,0,0.0,99.0,1
HIST-BLK-00496,SEC_C01_06,Singarayakonda - Kavali,Vijayawada,Traction,OHE Inspection,120,2026-07-08,Wed,PEAK_MORNING,07:40,09:40,460,580,1,0,0,1,4.0,0.782,0,0,tower_wagon_crew,Tower Wagon,HIGH,84,6.9,1,18.2,69.4,0
HIST-BLK-00497,SEC_C04_07,Razampeta - Koduru,Guntakal,Traction,OHE Inspection,120,2026-07-25,Sat,AFTERNOON_SLOT,15:12,17:12,912,1032,1,0,0,1,6.0,0.812,1,0,tower_wagon_crew,Tower Wagon,CRITICAL,93,5.0,2,45.5,5.0,0
HIST-BLK-00498,SEC_C03_02,Narasaraopet - Vinukonda,Guntur,S&T,Axle Counter Replacement,105,2026-08-01,Sat,PEAK_EVENING,17:54,19:39,1074,1179,3,1,1,2,10.0,0.05,0,0,ST_gang,Testing Van,LOW,32,11.6,3,66.9,5.0,0
HIST-BLK-00499,SEC_C02_10,Eluru - Vijayawada,Vijayawada,Engineering,Weld Rectification,105,2026-07-31,Fri,MIDDAY_FREIGHT_GAP,11:56,13:41,716,821,0,0,0,0,1.0,0.948,0,0,track_gang,USFD Flaw Detector,CRITICAL,99,6.0,0,0.0,99.0,1
HIST-BLK-00500,SEC_C02_05,Annavaram - Samalkot,Vijayawada,S&T,Axle Counter Replacement,120,2026-08-09,Sun,AFTERNOON_SLOT,15:14,17:14,914,1034,0,0,0,0,1.0,0.974,0,0,ST_gang,Testing Van,MEDIUM,45,3.5,0,0.0,99.0,1
HIST-BLK-00501,SEC_C04_06,Kadapa - Razampeta,Guntakal,S&T,Cable Jointing & OFC,165,2026-08-21,Fri,AFTERNOON_SLOT,15:00,17:45,900,1065,0,0,0,0,1.0,0.988,0,1,ST_gang,Testing Van,LOW,38,3.6,0,0.0,99.0,1
HIST-BLK-00502,SEC_C02_08,Nidadavolu - Tadepalligudem,Vijayawada,Engineering,Deep Screening Ballast,240,2026-08-18,Tue,PEAK_MORNING,07:30,11:30,450,690,2,1,0,2,10.0,0.402,0,0,track_gang,Ballast Regulator,HIGH,72,4.3,2,39.1,5.0,0
HIST-BLK-00503,SEC_C02_08,Nidadavolu - Tadepalligudem,Vijayawada,S&T,Point Machine Overhaul,60,2026-07-10,Fri,EARLY_MORNING,04:33,05:33,273,333,0,0,0,0,1.0,0.94,0,0,ST_gang,Testing Van,MEDIUM,59,5.9,0,0.0,99.0,1
HIST-BLK-00504,SEC_C02_05,Annavaram - Samalkot,Vijayawada,Engineering,Rail Renewal,225,2026-07-02,Thu,PEAK_MORNING,07:30,11:15,450,675,1,0,0,1,8.0,0.859,0,1,track_gang,CSM Tamping Machine,HIGH,75,9.1,1,27.1,70.4,0
HIST-BLK-00505,SEC_C01_06,Singarayakonda - Kavali,Vijayawada,S&T,Interlocking Inspection,90,2026-08-25,Tue,NIGHT_MEGABLOCK,01:52,03:22,112,202,0,0,0,0,1.0,0.974,0,0,ST_gang,None / Manual Tools,LOW,32,3.0,0,0.0,99.0,1
HIST-BLK-00506,SEC_C01_08,Nellore - Gudur,Vijayawada,Traction,Substation Transformer Overhaul,255,2026-08-30,Sun,LATE_NIGHT,21:30,01:45,1290,1545,0,0,0,0,1.0,0.94,0,0,specialist_team,None / Manual Tools,LOW,27,4.8,0,0.0,99.0,1
HIST-BLK-00507,SEC_C04_01,Guntakal - Gooty,Guntakal,Traction,Substation Transformer Overhaul,225,2026-08-29,Sat,MIDDAY_FREIGHT_GAP,11:30,15:15,690,915,0,0,0,0,1.0,0.937,0,0,specialist_team,None / Manual Tools,CRITICAL,89,4.2,0,0.0,99.0,1
HIST-BLK-00508,SEC_C04_08,Koduru - Renigunta,Guntakal,Traction,Cantilever Adjustment,180,2026-08-30,Sun,NIGHT_MEGABLOCK,01:00,04:00,60,240,0,0,0,0,1.0,0.954,0,0,tower_wagon_crew,Tower Wagon,MEDIUM,53,5.3,0,0.0,99.0,1
HIST-BLK-00509,SEC_C03_02,Narasaraopet - Vinukonda,Guntur,Engineering,Deep Screening Ballast,225,2026-07-03,Fri,LATE_NIGHT,21:30,01:15,1290,1515,0,0,0,0,1.0,0.984,0,0,track_gang,Ballast Regulator,CRITICAL,100,7.3,0,0.0,99.0,1
HIST-BLK-00510,SEC_C03_06,Giddalur - Nandyal,Guntur,Traction,OHE Inspection,135,2026-08-25,Tue,EARLY_MORNING,04:44,06:59,284,419,0,0,0,0,1.0,0.951,0,0,tower_wagon_crew,Tower Wagon,LOW,32,4.7,0,0.0,99.0,1
HIST-BLK-00511,SEC_C02_08,Nidadavolu - Tadepalligudem,Vijayawada,S&T,Point Machine Overhaul,75,2026-08-28,Fri,MIDDAY_FREIGHT_GAP,12:50,14:05,770,845,0,0,0,0,1.0,0.945,0,1,ST_gang,Testing Van,MEDIUM,65,10.6,0,0.0,99.0,1
HIST-BLK-00512,SEC_C04_08,Koduru - Renigunta,Guntakal,S&T,Cable Jointing & OFC,150,2026-08-29,Sat,LATE_NIGHT,21:30,00:00,1290,1440,1,1,0,1,10.0,0.563,0,0,ST_gang,Testing Van,HIGH,73,6.8,1,37.0,11.4,0
HIST-BLK-00513,SEC_C03_03,Vinukonda - Donakonda,Guntur,S&T,Cable Jointing & OFC,120,2026-08-18,Tue,NIGHT_MEGABLOCK,01:41,03:41,101,221,0,0,0,0,1.0,0.97,1,1,ST_gang,Testing Van,MEDIUM,49,4.7,1,23.6,42.1,0
HIST-BLK-00514,SEC_C02_08,Nidadavolu - Tadepalligudem,Vijayawada,Traction,Substation Transformer Overhaul,270,2026-08-18,Tue,EARLY_MORNING,04:30,09:00,270,540,1,0,0,1,8.0,0.865,0,0,specialist_team,None / Manual Tools,MEDIUM,55,2.9,1,23.2,67.9,0
HIST-BLK-00515,SEC_C03_03,Vinukonda - Donakonda,Guntur,S&T,Point Machine Overhaul,60,2026-07-27,Mon,PEAK_MORNING,07:53,08:53,473,533,5,0,1,4,7.0,0.053,0,0,ST_gang,Testing Van,CRITICAL,94,11.0,5,91.7,5.0,0
HIST-BLK-00516,SEC_C02_03,Anakapalle - Tuni,Visakhapatnam,Engineering,Sleeper Replacement,195,2026-07-28,Tue,AFTERNOON_SLOT,15:00,18:15,900,1095,1,1,0,1,9.0,0.556,1,0,track_gang,Ballast Regulator,CRITICAL,91,1.6,2,69.4,5.0,0
HIST-BLK-00517,SEC_C04_08,Koduru - Renigunta,Guntakal,Engineering,Turnout Overhaul,210,2026-07-14,Tue,EARLY_MORNING,04:30,08:00,270,480,2,0,1,1,8.0,0.67,0,0,track_gang,CSM Tamping Machine,MEDIUM,53,2.9,2,43.6,27.6,0
HIST-BLK-00518,SEC_C03_01,Guntur - Narasaraopet,Guntur,Traction,Substation Transformer Overhaul,225,2026-07-27,Mon,EARLY_MORNING,04:30,08:15,270,495,0,0,0,0,1.0,0.953,0,0,specialist_team,None / Manual Tools,CRITICAL,90,6.2,0,0.0,99.0,1
HIST-BLK-00519,SEC_C04_06,Kadapa - Razampeta,Guntakal,Engineering,Track Maintenance,120,2026-07-09,Thu,LATE_NIGHT,21:40,23:40,1300,1420,0,0,0,0,1.0,0.952,0,0,track_gang,None / Manual Tools,HIGH,82,4.2,0,0.0,99.0,1
HIST-BLK-00520,SEC_C01_04,Chirala - Ongole,Vijayawada,Engineering,Rail Renewal,225,2026-07-31,Fri,PEAK_MORNING,07:30,11:15,450,675,2,1,1,1,10.0,0.341,0,1,track_gang,CSM Tamping Machine,HIGH,82,10.9,2,37.0,5.0,0
HIST-BLK-00521,SEC_C04_08,Koduru - Renigunta,Guntakal,S&T,Axle Counter Replacement,105,2026-07-06,Mon,PEAK_MORNING,08:37,10:22,517,622,5,1,1,4,10.0,0.05,0,0,ST_gang,Testing Van,CRITICAL,88,4.5,5,80.0,5.0,0
HIST-BLK-00522,SEC_C02_09,Tadepalligudem - Eluru,Vijayawada,Traction,Cantilever Adjustment,165,2026-07-21,Tue,MIDDAY_FREIGHT_GAP,11:35,14:20,695,860,0,0,0,0,1.0,0.945,0,0,tower_wagon_crew,Tower Wagon,LOW,44,11.2,0,0.0,99.0,1
HIST-BLK-00523,SEC_C04_05,Yerraguntla - Kadapa,Guntakal,Engineering,Turnout Overhaul,165,2026-07-04,Sat,EARLY_MORNING,04:30,07:15,270,435,1,0,0,1,4.0,0.798,0,0,track_gang,CSM Tamping Machine,HIGH,75,11.9,1,25.5,61.1,0
HIST-BLK-00524,SEC_C03_05,Markapur Road - Giddalur,Guntur,Traction,Insulator Washing & Replacement,120,2026-07-30,Thu,MIDDAY_FREIGHT_GAP,11:37,13:37,697,817,1,0,1,0,3.0,0.865,0,1,tower_wagon_crew,Tower Wagon,LOW,23,4.5,1,22.3,79.8,0
HIST-BLK-00525,SEC_C02_10,Eluru - Vijayawada,Vijayawada,Traction,Substation Transformer Overhaul,255,2026-07-14,Tue,AFTERNOON_SLOT,15:00,19:15,900,1155,2,0,1,1,8.0,0.68,0,0,specialist_team,None / Manual Tools,CRITICAL,98,2.3,2,44.1,27.6,0
HIST-BLK-00526,SEC_C03_04,Donakonda - Markapur Road,Guntur,Engineering,Rail Renewal,270,2026-08-13,Thu,NIGHT_MEGABLOCK,01:00,05:30,60,330,0,0,0,0,1.0,0.967,1,1,track_gang,CSM Tamping Machine,LOW,30,10.2,1,24.9,52.2,0
HIST-BLK-00527,SEC_C02_10,Eluru - Vijayawada,Vijayawada,Traction,Substation Transformer Overhaul,210,2026-07-22,Wed,NIGHT_MEGABLOCK,01:00,04:30,60,270,0,0,0,0,1.0,0.996,0,1,specialist_team,None / Manual Tools,HIGH,74,8.3,0,0.0,99.0,1
HIST-BLK-00528,SEC_C01_04,Chirala - Ongole,Vijayawada,Traction,OHE Inspection,135,2026-08-30,Sun,AFTERNOON_SLOT,15:12,17:27,912,1047,1,0,1,0,3.0,0.789,0,0,tower_wagon_crew,Tower Wagon,HIGH,77,2.4,1,23.3,64.1,0
HIST-BLK-00529,SEC_C04_02,Gooty - Tadipatri,Guntakal,S&T,Cable Jointing & OFC,180,2026-07-10,Fri,NIGHT_MEGABLOCK,01:00,04:00,60,240,0,0,0,0,1.0,0.984,0,0,ST_gang,Testing Van,MEDIUM,54,5.3,0,0.0,99.0,1
HIST-BLK-00530,SEC_C03_06,Giddalur - Nandyal,Guntur,Traction,Power Isolation Maintenance,180,2026-07-29,Wed,MIDDAY_FREIGHT_GAP,11:30,14:30,690,870,1,0,1,0,3.0,0.828,1,0,tower_wagon_crew,Tower Wagon,MEDIUM,58,5.4,2,43.4,5.0,0
HIST-BLK-00531,SEC_C03_04,Donakonda - Markapur Road,Guntur,S&T,Cable Jointing & OFC,135,2026-08-11,Tue,PEAK_EVENING,18:30,20:45,1110,1245,3,0,1,2,7.0,0.308,0,0,ST_gang,Testing Van,HIGH,85,8.7,3,39.8,11.1,0
HIST-BLK-00532,SEC_C04_04,Kondapuram - Yerraguntla,Guntakal,S&T,Interlocking Inspection,60,2026-08-05,Wed,NIGHT_MEGABLOCK,02:57,03:57,177,237,1,0,1,0,3.0,0.791,0,0,ST_gang,None / Manual Tools,HIGH,73,10.0,1,14.6,76.7,0
HIST-BLK-00533,SEC_C01_02,Tenali - Bapatla,Vijayawada,Engineering,Deep Screening Ballast,240,2026-07-30,Thu,EARLY_MORNING,04:30,08:30,270,510,0,0,0,0,1.0,0.983,1,0,track_gang,Ballast Regulator,MEDIUM,46,4.6,1,23.8,43.9,0
HIST-BLK-00534,SEC_C04_05,Yerraguntla - Kadapa,Guntakal,Traction,Cantilever Adjustment,150,2026-08-28,Fri,LATE_NIGHT,21:30,00:00,1290,1440,0,0,0,0,1.0,0.937,0,0,tower_wagon_crew,Tower Wagon,CRITICAL,95,6.1,0,0.0,99.0,1
HIST-BLK-00535,SEC_C04_02,Gooty - Tadipatri,Guntakal,Engineering,Track Maintenance,105,2026-08-11,Tue,MIDDAY_FREIGHT_GAP,12:28,14:13,748,853,0,0,0,0,1.0,0.975,0,0,track_gang,None / Manual Tools,LOW,43,8.0,0,0.0,99.0,1
HIST-BLK-00536,SEC_C03_06,Giddalur - Nandyal,Guntur,Traction,Substation Transformer Overhaul,270,2026-08-13,Thu,MIDDAY_FREIGHT_GAP,11:30,16:00,690,960,1,0,1,0,3.0,0.86,1,1,specialist_team,None / Manual Tools,CRITICAL,88,1.7,2,59.1,5.0,0
HIST-BLK-00537,SEC_C02_02,Duvvada - Anakapalle,Visakhapatnam,Traction,Power Isolation Maintenance,180,2026-08-23,Sun,PEAK_EVENING,17:51,20:51,1071,1251,2,1,1,1,10.0,0.333,1,0,tower_wagon_crew,Tower Wagon,HIGH,70,9.3,3,62.5,5.0,0
HIST-BLK-00538,SEC_C02_08,Nidadavolu - Tadepalligudem,Vijayawada,Engineering,Rail Renewal,255,2026-08-23,Sun,LATE_NIGHT,21:30,01:45,1290,1545,0,0,0,0,1.0,0.947,0,0,track_gang,CSM Tamping Machine,CRITICAL,99,10.4,0,0.0,99.0,1
HIST-BLK-00539,SEC_C03_01,Guntur - Narasaraopet,Guntur,Engineering,Sleeper Replacement,180,2026-08-01,Sat,AFTERNOON_SLOT,15:00,18:00,900,1080,0,0,0,0,1.0,0.967,0,0,track_gang,Ballast Regulator,MEDIUM,66,3.9,0,0.0,99.0,1
HIST-BLK-00540,SEC_C01_02,Tenali - Bapatla,Vijayawada,S&T,Interlocking Inspection,90,2026-08-05,Wed,NIGHT_MEGABLOCK,01:34,03:04,94,184,0,0,0,0,1.0,0.953,0,0,ST_gang,None / Manual Tools,HIGH,85,6.2,0,0.0,99.0,1
HIST-BLK-00541,SEC_C02_03,Anakapalle - Tuni,Visakhapatnam,S&T,Cable Jointing & OFC,135,2026-07-31,Fri,PEAK_MORNING,07:58,10:13,478,613,3,0,1,2,8.0,0.434,0,1,ST_gang,Testing Van,LOW,42,4.6,3,52.1,5.0,0
HIST-BLK-00542,SEC_C03_06,Giddalur - Nandyal,Guntur,S&T,Point Machine Overhaul,105,2026-07-14,Tue,PEAK_MORNING,07:41,09:26,461,566,1,0,0,1,4.0,0.847,1,0,ST_gang,Testing Van,CRITICAL,89,9.8,2,45.1,5.0,0
HIST-BLK-00543,SEC_C01_04,Chirala - Ongole,Vijayawada,Engineering,Rail Renewal,240,2026-07-23,Thu,PEAK_EVENING,17:45,21:45,1065,1305,2,0,2,0,3.0,0.529,1,1,track_gang,CSM Tamping Machine,MEDIUM,61,6.0,3,57.2,5.0,0
HIST-BLK-00544,SEC_C02_09,Tadepalligudem - Eluru,Vijayawada,S&T,Track Circuit Testing,45,2026-08-19,Wed,AFTERNOON_SLOT,15:34,16:19,934,979,0,0,0,0,1.0,0.992,0,1,ST_gang,None / Manual Tools,LOW,36,2.0,0,0.0,99.0,1
HIST-BLK-00545,SEC_C04_06,Kadapa - Razampeta,Guntakal,Engineering,Track Maintenance,135,2026-08-09,Sun,LATE_NIGHT,21:30,23:45,1290,1425,0,0,0,0,1.0,0.928,1,0,track_gang,None / Manual Tools,MEDIUM,61,10.6,1,28.7,35.4,0
HIST-BLK-00546,SEC_C03_01,Guntur - Narasaraopet,Guntur,Traction,Contact Wire Height Regulation,195,2026-08-01,Sat,PEAK_EVENING,17:45,21:00,1065,1260,2,1,1,1,10.0,0.315,0,0,tower_wagon_crew,Tower Wagon,MEDIUM,48,5.9,2,45.6,5.0,0
HIST-BLK-00547,SEC_C03_04,Donakonda - Markapur Road,Guntur,S&T,Interlocking Inspection,75,2026-07-06,Mon,PEAK_MORNING,08:17,09:32,497,572,5,1,1,4,10.0,0.05,0,1,ST_gang,None / Manual Tools,HIGH,83,6.0,5,111.7,5.0,0
HIST-BLK-00548,SEC_C03_06,Giddalur - Nandyal,Guntur,Engineering,Sleeper Replacement,165,2026-08-19,Wed,NIGHT_MEGABLOCK,01:02,03:47,62,227,1,0,1,0,3.0,0.811,0,0,track_gang,Ballast Regulator,LOW,25,1.9,1,25.5,61.9,0
HIST-BLK-00549,SEC_C01_04,Chirala - Ongole,Vijayawada,Traction,Substation Transformer Overhaul,270,2026-08-26,Wed,AFTERNOON_SLOT,15:00,19:30,900,1170,1,0,1,0,3.0,0.877,0,0,specialist_team,None / Manual Tools,HIGH,79,5.1,1,29.8,61.8,0
HIST-BLK-00550,SEC_C02_02,Duvvada - Anakapalle,Visakhapatnam,Traction,Contact Wire Height Regulation,180,2026-08-11,Tue,EARLY_MORNING,04:30,07:30,270,450,0,0,0,0,1.0,0.991,0,0,tower_wagon_crew,Tower Wagon,MEDIUM,64,10.8,0,0.0,99.0,1
HIST-BLK-00551,SEC_C04_02,Gooty - Tadipatri,Guntakal,Engineering,Rail Renewal,210,2026-07-03,Fri,AFTERNOON_SLOT,15:00,18:30,900,1110,1,1,0,1,9.0,0.563,0,0,track_gang,CSM Tamping Machine,MEDIUM,68,7.2,1,35.2,11.1,0
HIST-BLK-00552,SEC_C03_04,Donakonda - Markapur Road,Guntur,Traction,Power Isolation Maintenance,150,2026-07-02,Thu,LATE_NIGHT,21:30,00:00,1290,1440,0,0,0,0,1.0,0.941,0,0,tower_wagon_crew,Tower Wagon,MEDIUM,54,2.7,0,0.0,99.0,1
HIST-BLK-00553,SEC_C03_06,Giddalur - Nandyal,Guntur,S&T,Cable Jointing & OFC,165,2026-07-23,Thu,NIGHT_MEGABLOCK,01:01,03:46,61,226,0,0,0,0,1.0,0.995,0,0,ST_gang,Testing Van,HIGH,70,10.0,0,0.0,99.0,1
HIST-BLK-00554,SEC_C02_07,Rajahmundry - Nidadavolu,Vijayawada,S&T,Track Circuit Testing,75,2026-08-12,Wed,LATE_NIGHT,22:22,23:37,1342,1417,0,0,0,0,1.0,0.974,0,1,ST_gang,None / Manual Tools,MEDIUM,61,6.9,0,0.0,99.0,1
HIST-BLK-00555,SEC_C03_06,Giddalur - Nandyal,Guntur,S&T,Signal Maintenance,45,2026-08-15,Sat,MIDDAY_FREIGHT_GAP,13:15,14:00,795,840,0,0,0,0,1.0,0.927,1,1,ST_gang,None / Manual Tools,CRITICAL,100,2.3,1,25.2,40.8,0
HIST-BLK-00556,SEC_C04_02,Gooty - Tadipatri,Guntakal,S&T,Interlocking Inspection,90,2026-08-10,Mon,MIDDAY_FREIGHT_GAP,12:26,13:56,746,836,0,0,0,0,1.0,0.975,0,0,ST_gang,None / Manual Tools,LOW,43,3.0,0,0.0,99.0,1
HIST-BLK-00557,SEC_C04_06,Kadapa - Razampeta,Guntakal,Engineering,Deep Screening Ballast,225,2026-08-25,Tue,AFTERNOON_SLOT,15:00,18:45,900,1125,1,0,1,0,3.0,0.792,1,1,track_gang,Ballast Regulator,HIGH,85,7.4,2,45.3,14.2,0
HIST-BLK-00558,SEC_C01_08,Nellore - Gudur,Vijayawada,Engineering,Rail Renewal,255,2026-07-19,Sun,NIGHT_MEGABLOCK,01:00,05:15,60,315,0,0,0,0,1.0,0.929,0,0,track_gang,CSM Tamping Machine,HIGH,81,9.8,0,0.0,99.0,1
HIST-BLK-00559,SEC_C04_03,Tadipatri - Kondapuram,Guntakal,Engineering,Rail Renewal,240,2026-07-14,Tue,EARLY_MORNING,04:30,08:30,270,510,0,0,0,0,1.0,0.986,0,1,track_gang,CSM Tamping Machine,HIGH,73,2.0,0,0.0,99.0,1
HIST-BLK-00560,SEC_C03_02,Narasaraopet - Vinukonda,Guntur,Traction,Contact Wire Height Regulation,180,2026-08-20,Thu,MIDDAY_FREIGHT_GAP,11:30,14:30,690,870,2,1,0,2,10.0,0.336,1,1,tower_wagon_crew,Tower Wagon,MEDIUM,64,8.2,3,71.2,5.0,0
HIST-BLK-00561,SEC_C01_06,Singarayakonda - Kavali,Vijayawada,Traction,Substation Transformer Overhaul,255,2026-07-27,Mon,MIDDAY_FREIGHT_GAP,11:30,15:45,690,945,0,0,0,0,1.0,0.939,0,0,specialist_team,None / Manual Tools,HIGH,71,9.2,0,0.0,99.0,1
HIST-BLK-00562,SEC_C02_03,Anakapalle - Tuni,Visakhapatnam,Traction,OHE Inspection,135,2026-08-10,Mon,LATE_NIGHT,21:30,23:45,1290,1425,0,0,0,0,1.0,0.945,0,1,tower_wagon_crew,Tower Wagon,MEDIUM,65,8.0,0,0.0,99.0,1
HIST-BLK-00563,SEC_C01_04,Chirala - Ongole,Vijayawada,Traction,Insulator Washing & Replacement,105,2026-08-18,Tue,MIDDAY_FREIGHT_GAP,12:34,14:19,754,859,0,0,0,0,1.0,0.992,0,0,tower_wagon_crew,Tower Wagon,CRITICAL,100,4.4,0,0.0,99.0,1
HIST-BLK-00564,SEC_C04_05,Yerraguntla - Kadapa,Guntakal,Engineering,Weld Rectification,105,2026-07-21,Tue,MIDDAY_FREIGHT_GAP,12:45,14:30,765,870,0,0,0,0,1.0,0.924,0,1,track_gang,USFD Flaw Detector,LOW,20,1.8,0,0.0,99.0,1
HIST-BLK-00565,SEC_C04_01,Guntakal - Gooty,Guntakal,S&T,Signal Maintenance,45,2026-07-07,Tue,AFTERNOON_SLOT,15:21,16:06,921,966,0,0,0,0,1.0,0.943,1,0,ST_gang,None / Manual Tools,HIGH,72,8.6,1,15.9,55.1,0
HIST-BLK-00566,SEC_C02_04,Tuni - Annavaram,Vijayawada,Engineering,Deep Screening Ballast,180,2026-07-20,Mon,MIDDAY_FREIGHT_GAP,11:30,14:30,690,870,0,0,0,0,1.0,0.928,0,0,track_gang,Ballast Regulator,CRITICAL,100,10.2,0,0.0,99.0,1
HIST-BLK-00567,SEC_C02_05,Annavaram - Samalkot,Vijayawada,Engineering,Weld Rectification,105,2026-07-16,Thu,MIDDAY_FREIGHT_GAP,12:35,14:20,755,860,0,0,0,0,1.0,0.98,0,0,track_gang,USFD Flaw Detector,HIGH,73,7.3,0,0.0,99.0,1
HIST-BLK-00568,SEC_C01_02,Tenali - Bapatla,Vijayawada,S&T,Cable Jointing & OFC,135,2026-08-28,Fri,NIGHT_MEGABLOCK,01:17,03:32,77,212,0,0,0,0,1.0,0.967,0,0,ST_gang,Testing Van,CRITICAL,98,4.7,0,0.0,99.0,1
HIST-BLK-00569,SEC_C01_06,Singarayakonda - Kavali,Vijayawada,Traction,Insulator Washing & Replacement,105,2026-08-20,Thu,EARLY_MORNING,04:53,06:38,293,398,0,0,0,0,1.0,0.963,0,0,tower_wagon_crew,Tower Wagon,HIGH,77,11.1,0,0.0,99.0,1
HIST-BLK-00570,SEC_C01_01,Vijayawada - Tenali,Vijayawada,S&T,Interlocking Inspection,90,2026-08-11,Tue,EARLY_MORNING,04:30,06:00,270,360,0,0,0,0,1.0,0.925,0,0,ST_gang,None / Manual Tools,LOW,28,5.5,0,0.0,99.0,1
HIST-BLK-00571,SEC_C02_06,Samalkot - Rajahmundry,Vijayawada,Traction,Insulator Washing & Replacement,120,2026-07-03,Fri,EARLY_MORNING,04:53,06:53,293,413,1,0,0,1,6.0,0.833,0,1,tower_wagon_crew,Tower Wagon,CRITICAL,87,3.0,1,19.6,80.0,0
HIST-BLK-00572,SEC_C04_04,Kondapuram - Yerraguntla,Guntakal,Engineering,Weld Rectification,105,2026-08-21,Fri,PEAK_MORNING,08:13,09:58,493,598,3,1,0,3,9.0,0.127,0,0,track_gang,USFD Flaw Detector,LOW,42,11.8,3,57.0,5.0,0
HIST-BLK-00573,SEC_C01_02,Tenali - Bapatla,Vijayawada,Traction,Power Isolation Maintenance,210,2026-08-29,Sat,NIGHT_MEGABLOCK,01:00,04:30,60,270,0,0,0,0,1.0,0.92,0,0,tower_wagon_crew,Tower Wagon,CRITICAL,88,8.9,0,0.0,99.0,1
HIST-BLK-00574,SEC_C01_06,Singarayakonda - Kavali,Vijayawada,Traction,Substation Transformer Overhaul,210,2026-08-04,Tue,NIGHT_MEGABLOCK,01:00,04:30,60,270,1,0,1,0,3.0,0.869,0,0,specialist_team,None / Manual Tools,MEDIUM,59,10.0,1,26.8,62.5,0
HIST-BLK-00575,SEC_C02_04,Tuni - Annavaram,Vijayawada,Traction,OHE Inspection,90,2026-07-30,Thu,PEAK_MORNING,07:54,09:24,474,564,1,0,1,0,3.0,0.824,0,0,tower_wagon_crew,Tower Wagon,HIGH,70,8.9,1,14.4,78.8,0
HIST-BLK-00576,SEC_C03_02,Narasaraopet - Vinukonda,Guntur,Traction,Power Isolation Maintenance,165,2026-08-01,Sat,PEAK_MORNING,07:31,10:16,451,616,2,0,0,2,4.0,0.551,0,1,tower_wagon_crew,Tower Wagon,LOW,42,11.8,2,37.0,40.7,0
HIST-BLK-00577,SEC_C02_10,Eluru - Vijayawada,Vijayawada,Traction,Insulator Washing & Replacement,120,2026-07-11,Sat,AFTERNOON_SLOT,15:06,17:06,906,1026,1,0,0,1,8.0,0.846,0,1,tower_wagon_crew,Tower Wagon,MEDIUM,66,7.7,1,21.5,77.3,0
HIST-BLK-00578,SEC_C02_07,Rajahmundry - Nidadavolu,Vijayawada,Traction,Substation Transformer Overhaul,240,2026-07-13,Mon,LATE_NIGHT,21:30,01:30,1290,1530,1,0,0,1,4.0,0.848,0,0,specialist_team,None / Manual Tools,LOW,42,8.6,1,28.8,57.9,0
HIST-BLK-00579,SEC_C04_04,Kondapuram - Yerraguntla,Guntakal,Traction,Substation Transformer Overhaul,270,2026-07-04,Sat,LATE_NIGHT,21:30,02:00,1290,1560,1,0,0,1,8.0,0.874,0,0,specialist_team,None / Manual Tools,HIGH,83,6.4,1,25.1,66.7,0
HIST-BLK-00580,SEC_C02_07,Rajahmundry - Nidadavolu,Vijayawada,Engineering,Rail Renewal,240,2026-08-04,Tue,MIDDAY_FREIGHT_GAP,11:30,15:30,690,930,1,0,0,1,6.0,0.812,1,0,track_gang,CSM Tamping Machine,HIGH,80,1.8,2,57.1,5.0,0
HIST-BLK-00581,SEC_C01_05,Ongole - Singarayakonda,Vijayawada,Engineering,Turnout Overhaul,165,2026-07-22,Wed,PEAK_MORNING,07:32,10:17,452,617,2,1,1,1,10.0,0.328,0,0,track_gang,CSM Tamping Machine,CRITICAL,98,4.1,2,38.8,5.0,0
HIST-BLK-00582,SEC_C01_04,Chirala - Ongole,Vijayawada,S&T,Interlocking Inspection,75,2026-08-30,Sun,NIGHT_MEGABLOCK,02:39,03:54,159,234,0,0,0,0,1.0,0.955,0,1,ST_gang,None / Manual Tools,CRITICAL,93,2.1,0,0.0,99.0,1
HIST-BLK-00583,SEC_C03_03,Vinukonda - Donakonda,Guntur,Traction,OHE Inspection,105,2026-07-04,Sat,LATE_NIGHT,21:44,23:29,1304,1409,1,0,1,0,3.0,0.841,0,0,tower_wagon_crew,Tower Wagon,HIGH,73,4.6,1,17.1,72.3,0
HIST-BLK-00584,SEC_C04_03,Tadipatri - Kondapuram,Guntakal,Engineering,Weld Rectification,120,2026-08-09,Sun,NIGHT_MEGABLOCK,01:29,03:29,89,209,0,0,0,0,1.0,0.984,1,0,track_gang,USFD Flaw Detector,LOW,39,8.6,1,15.4,54.3,0
HIST-BLK-00585,SEC_C02_05,Annavaram - Samalkot,Vijayawada,Engineering,Track Maintenance,90,2026-08-08,Sat,PEAK_EVENING,17:53,19:23,1073,1163,1,0,0,1,4.0,0.839,1,0,track_gang,None / Manual Tools,MEDIUM,63,5.2,2,41.6,6.3,0
HIST-BLK-00586,SEC_C02_01,Visakhapatnam - Duvvada,Visakhapatnam,Engineering,Track Maintenance,105,2026-07-20,Mon,AFTERNOON_SLOT,15:27,17:12,927,1032,0,0,0,0,1.0,0.961,0,0,track_gang,None / Manual Tools,MEDIUM,56,9.6,0,0.0,99.0,1
HIST-BLK-00587,SEC_C03_02,Narasaraopet - Vinukonda,Guntur,Traction,Cantilever Adjustment,150,2026-07-24,Fri,NIGHT_MEGABLOCK,01:16,03:46,76,226,0,0,0,0,1.0,0.974,0,0,tower_wagon_crew,Tower Wagon,CRITICAL,94,2.1,0,0.0,99.0,1
HIST-BLK-00588,SEC_C02_05,Annavaram - Samalkot,Vijayawada,Traction,Power Isolation Maintenance,150,2026-07-22,Wed,EARLY_MORNING,04:30,07:00,270,420,0,0,0,0,1.0,0.973,0,0,tower_wagon_crew,Tower Wagon,MEDIUM,59,7.6,0,0.0,99.0,1
HIST-BLK-00589,SEC_C03_02,Narasaraopet - Vinukonda,Guntur,S&T,Track Circuit Testing,60,2026-07-07,Tue,MIDDAY_FREIGHT_GAP,13:22,14:22,802,862,0,0,0,0,1.0,0.983,0,0,ST_gang,None / Manual Tools,CRITICAL,89,8.8,0,0.0,99.0,1
HIST-BLK-00590,SEC_C02_06,Samalkot - Rajahmundry,Vijayawada,Engineering,Sleeper Replacement,210,2026-08-19,Wed,LATE_NIGHT,21:30,01:00,1290,1500,0,0,0,0,1.0,0.979,0,1,track_gang,Ballast Regulator,HIGH,75,1.6,0,0.0,99.0,1
HIST-BLK-00591,SEC_C01_08,Nellore - Gudur,Vijayawada,Engineering,Rail Renewal,240,2026-07-13,Mon,PEAK_EVENING,17:45,21:45,1065,1305,1,0,1,0,3.0,0.839,0,1,track_gang,CSM Tamping Machine,MEDIUM,46,4.5,1,22.2,76.9,0
HIST-BLK-00592,SEC_C02_04,Tuni - Annavaram,Vijayawada,S&T,Interlocking Inspection,75,2026-07-12,Sun,EARLY_MORNING,04:32,05:47,272,347,0,0,0,0,1.0,0.934,1,0,ST_gang,None / Manual Tools,HIGH,73,5.5,1,26.8,37.6,0
HIST-BLK-00593,SEC_C02_06,Samalkot - Rajahmundry,Vijayawada,S&T,Axle Counter Replacement,105,2026-07-24,Fri,LATE_NIGHT,21:41,23:26,1301,1406,0,0,0,0,1.0,0.995,0,0,ST_gang,Testing Van,LOW,39,2.2,0,0.0,99.0,1
HIST-BLK-00594,SEC_C02_01,Visakhapatnam - Duvvada,Visakhapatnam,Engineering,Turnout Overhaul,195,2026-07-25,Sat,PEAK_EVENING,17:45,21:00,1065,1260,4,1,1,3,10.0,0.05,0,0,track_gang,CSM Tamping Machine,MEDIUM,46,10.5,4,60.8,5.0,0
HIST-BLK-00595,SEC_C02_10,Eluru - Vijayawada,Vijayawada,Engineering,Weld Rectification,105,2026-08-26,Wed,MIDDAY_FREIGHT_GAP,11:56,13:41,716,821,0,0,0,0,1.0,0.978,0,1,track_gang,USFD Flaw Detector,MEDIUM,66,5.6,0,0.0,99.0,1
HIST-BLK-00596,SEC_C03_06,Giddalur - Nandyal,Guntur,S&T,Interlocking Inspection,90,2026-07-12,Sun,PEAK_MORNING,08:17,09:47,497,587,1,0,0,1,4.0,0.833,0,0,ST_gang,None / Manual Tools,HIGH,85,8.2,1,20.4,70.9,0
HIST-BLK-00597,SEC_C02_06,Samalkot - Rajahmundry,Vijayawada,Engineering,Turnout Overhaul,180,2026-08-25,Tue,EARLY_MORNING,04:30,07:30,270,450,4,0,0,4,8.0,0.109,0,0,track_gang,CSM Tamping Machine,HIGH,82,5.4,4,63.0,5.0,0
HIST-BLK-00598,SEC_C01_06,Singarayakonda - Kavali,Vijayawada,S&T,Axle Counter Replacement,135,2026-07-23,Thu,EARLY_MORNING,04:31,06:46,271,406,1,0,1,0,3.0,0.827,0,0,ST_gang,Testing Van,MEDIUM,58,5.4,1,19.7,69.8,0
HIST-BLK-00599,SEC_C01_02,Tenali - Bapatla,Vijayawada,Engineering,Sleeper Replacement,165,2026-07-17,Fri,PEAK_EVENING,17:47,20:32,1067,1232,1,1,0,1,9.0,0.566,0,0,track_gang,Ballast Regulator,CRITICAL,99,2.3,1,29.6,16.9,0
HIST-BLK-00600,SEC_C03_06,Giddalur - Nandyal,Guntur,Engineering,Weld Rectification,75,2026-07-22,Wed,EARLY_MORNING,05:12,06:27,312,387,0,0,0,0,1.0,0.94,0,0,track_gang,USFD Flaw Detector,MEDIUM,69,8.9,0,0.0,99.0,1
HIST-BLK-00601,SEC_C02_09,Tadepalligudem - Eluru,Vijayawada,Engineering,Rail Renewal,240,2026-08-22,Sat,PEAK_MORNING,07:30,11:30,450,690,1,0,0,1,8.0,0.858,0,0,track_gang,CSM Tamping Machine,HIGH,82,1.6,1,26.5,65.8,0
HIST-BLK-00602,SEC_C02_02,Duvvada - Anakapalle,Visakhapatnam,S&T,Point Machine Overhaul,75,2026-08-16,Sun,PEAK_EVENING,18:11,19:26,1091,1166,5,1,1,4,10.0,0.05,0,0,ST_gang,Testing Van,MEDIUM,59,9.8,5,73.3,5.0,0
HIST-BLK-00603,SEC_C04_03,Tadipatri - Kondapuram,Guntakal,Engineering,Sleeper Replacement,180,2026-08-24,Mon,AFTERNOON_SLOT,15:00,18:00,900,1080,0,0,0,0,1.0,0.922,1,0,track_gang,Ballast Regulator,CRITICAL,99,1.6,1,27.2,40.5,0
HIST-BLK-00604,SEC_C03_04,Donakonda - Markapur Road,Guntur,Engineering,Sleeper Replacement,180,2026-08-13,Thu,LATE_NIGHT,21:30,00:30,1290,1470,0,0,0,0,1.0,0.982,0,0,track_gang,Ballast Regulator,MEDIUM,55,1.8,0,0.0,99.0,1
HIST-BLK-00605,SEC_C03_04,Donakonda - Markapur Road,Guntur,Traction,Substation Transformer Overhaul,255,2026-08-28,Fri,AFTERNOON_SLOT,15:00,19:15,900,1155,1,0,0,1,4.0,0.837,0,0,specialist_team,None / Manual Tools,HIGH,82,7.1,1,22.6,65.7,0
HIST-BLK-00606,SEC_C04_05,Yerraguntla - Kadapa,Guntakal,Traction,Cantilever Adjustment,120,2026-07-11,Sat,NIGHT_MEGABLOCK,01:43,03:43,103,223,0,0,0,0,1.0,0.923,1,1,tower_wagon_crew,Tower Wagon,MEDIUM,60,11.1,1,20.8,55.0,0
HIST-BLK-00607,SEC_C03_01,Guntur - Narasaraopet,Guntur,Traction,Insulator Washing & Replacement,90,2026-07-30,Thu,NIGHT_MEGABLOCK,01:47,03:17,107,197,0,0,0,0,1.0,0.934,0,0,tower_wagon_crew,Tower Wagon,LOW,33,2.9,0,0.0,99.0,1
HIST-BLK-00608,SEC_C01_05,Ongole - Singarayakonda,Vijayawada,S&T,Point Machine Overhaul,75,2026-08-25,Tue,EARLY_MORNING,05:09,06:24,309,384,0,0,0,0,1.0,0.955,1,0,ST_gang,Testing Van,MEDIUM,60,4.8,1,18.0,51.6,0
HIST-BLK-00609,SEC_C04_06,Kadapa - Razampeta,Guntakal,S&T,Point Machine Overhaul,60,2026-07-10,Fri,MIDDAY_FREIGHT_GAP,11:38,12:38,698,758,0,0,0,0,1.0,0.986,0,0,ST_gang,Testing Van,MEDIUM,52,10.7,0,0.0,99.0,1
HIST-BLK-00610,SEC_C01_03,Bapatla - Chirala,Vijayawada,Traction,OHE Inspection,120,2026-08-11,Tue,MIDDAY_FREIGHT_GAP,11:52,13:52,712,832,0,0,0,0,1.0,0.976,0,0,tower_wagon_crew,Tower Wagon,MEDIUM,54,10.4,0,0.0,99.0,1
HIST-BLK-00611,SEC_C02_04,Tuni - Annavaram,Vijayawada,Traction,Substation Transformer Overhaul,240,2026-07-30,Thu,MIDDAY_FREIGHT_GAP,11:30,15:30,690,930,0,0,0,0,1.0,0.993,0,0,specialist_team,None / Manual Tools,HIGH,73,4.0,0,0.0,99.0,1
HIST-BLK-00612,SEC_C02_10,Eluru - Vijayawada,Vijayawada,Traction,Insulator Washing & Replacement,120,2026-08-12,Wed,NIGHT_MEGABLOCK,01:44,03:44,104,224,0,0,0,0,1.0,0.992,0,0,tower_wagon_crew,Tower Wagon,LOW,33,12.0,0,0.0,99.0,1
HIST-BLK-00613,SEC_C01_07,Kavali - Nellore,Vijayawada,Traction,Cantilever Adjustment,150,2026-07-29,Wed,EARLY_MORNING,04:30,07:00,270,420,1,0,1,0,3.0,0.805,1,0,tower_wagon_crew,Tower Wagon,MEDIUM,59,8.6,2,40.3,8.2,0
HIST-BLK-00614,SEC_C02_05,Annavaram - Samalkot,Vijayawada,S&T,Signal Maintenance,45,2026-07-17,Fri,NIGHT_MEGABLOCK,01:34,02:19,94,139,1,0,0,1,8.0,0.813,0,1,ST_gang,None / Manual Tools,MEDIUM,60,8.4,1,17.4,73.1,0
HIST-BLK-00615,SEC_C04_07,Razampeta - Koduru,Guntakal,S&T,Point Machine Overhaul,75,2026-08-23,Sun,NIGHT_MEGABLOCK,02:17,03:32,137,212,1,0,1,0,3.0,0.809,1,0,ST_gang,Testing Van,MEDIUM,57,1.6,2,36.1,12.2,0
HIST-BLK-00616,SEC_C01_03,Bapatla - Chirala,Vijayawada,Traction,Insulator Washing & Replacement,105,2026-07-29,Wed,PEAK_EVENING,17:51,19:36,1071,1176,2,1,1,1,10.0,0.305,1,0,tower_wagon_crew,Tower Wagon,CRITICAL,86,3.6,3,71.7,5.0,0
HIST-BLK-00617,SEC_C01_02,Tenali - Bapatla,Vijayawada,Engineering,Rail Renewal,225,2026-08-13,Thu,PEAK_EVENING,17:45,21:30,1065,1290,2,1,0,2,9.0,0.261,0,0,track_gang,CSM Tamping Machine,LOW,23,3.3,2,43.0,5.0,0
HIST-BLK-00618,SEC_C03_03,Vinukonda - Donakonda,Guntur,S&T,Interlocking Inspection,120,2026-07-13,Mon,AFTERNOON_SLOT,15:06,17:06,906,1026,0,0,0,0,1.0,0.995,1,1,ST_gang,None / Manual Tools,HIGH,83,5.2,1,17.6,51.3,0
HIST-BLK-00619,SEC_C03_03,Vinukonda - Donakonda,Guntur,Engineering,Sleeper Replacement,165,2026-07-30,Thu,EARLY_MORNING,04:30,07:15,270,435,2,2,0,2,9.0,0.262,0,1,track_gang,Ballast Regulator,MEDIUM,65,10.8,2,80.7,5.0,0
HIST-BLK-00620,SEC_C01_07,Kavali - Nellore,Vijayawada,Traction,Insulator Washing & Replacement,135,2026-07-11,Sat,PEAK_MORNING,07:36,09:51,456,591,1,0,0,1,6.0,0.84,0,0,tower_wagon_crew,Tower Wagon,LOW,42,9.6,1,16.1,73.9,0
HIST-BLK-00621,SEC_C03_03,Vinukonda - Donakonda,Guntur,Traction,Contact Wire Height Regulation,150,2026-07-22,Wed,NIGHT_MEGABLOCK,01:19,03:49,79,229,0,0,0,0,1.0,0.956,0,0,tower_wagon_crew,Tower Wagon,MEDIUM,68,11.9,0,0.0,99.0,1
HIST-BLK-00622,SEC_C01_08,Nellore - Gudur,Vijayawada,S&T,Point Machine Overhaul,120,2026-07-28,Tue,LATE_NIGHT,21:37,23:37,1297,1417,0,0,0,0,1.0,0.925,0,0,ST_gang,Testing Van,HIGH,79,8.2,0,0.0,99.0,1
HIST-BLK-00623,SEC_C04_05,Yerraguntla - Kadapa,Guntakal,Traction,Cantilever Adjustment,135,2026-07-18,Sat,PEAK_MORNING,08:11,10:26,491,626,2,0,1,1,8.0,0.617,0,0,tower_wagon_crew,Tower Wagon,HIGH,70,5.1,2,26.9,43.8,0
HIST-BLK-00624,SEC_C02_08,Nidadavolu - Tadepalligudem,Vijayawada,Traction,Substation Transformer Overhaul,270,2026-07-15,Wed,AFTERNOON_SLOT,15:00,19:30,900,1170,0,0,0,0,1.0,0.99,0,1,specialist_team,None / Manual Tools,MEDIUM,50,10.6,0,0.0,99.0,1
HIST-BLK-00625,SEC_C02_05,Annavaram - Samalkot,Vijayawada,Engineering,Deep Screening Ballast,195,2026-08-30,Sun,EARLY_MORNING,04:30,07:45,270,465,0,0,0,0,1.0,0.93,0,1,track_gang,Ballast Regulator,HIGH,76,9.1,0,0.0,99.0,1
HIST-BLK-00626,SEC_C02_05,Annavaram - Samalkot,Vijayawada,Engineering,Sleeper Replacement,165,2026-08-08,Sat,EARLY_MORNING,04:30,07:15,270,435,0,0,0,0,1.0,0.944,0,0,track_gang,Ballast Regulator,MEDIUM,65,6.6,0,0.0,99.0,1
HIST-BLK-00627,SEC_C03_06,Giddalur - Nandyal,Guntur,S&T,Axle Counter Replacement,105,2026-07-31,Fri,MIDDAY_FREIGHT_GAP,12:24,14:09,744,849,1,0,1,0,3.0,0.831,1,0,ST_gang,Testing Van,MEDIUM,69,6.6,2,42.3,5.0,0
HIST-BLK-00628,SEC_C03_02,Narasaraopet - Vinukonda,Guntur,Traction,Insulator Washing & Replacement,105,2026-08-05,Wed,PEAK_EVENING,18:07,19:52,1087,1192,1,0,1,0,3.0,0.806,0,0,tower_wagon_crew,Tower Wagon,HIGH,84,6.5,1,16.6,75.3,0
HIST-BLK-00629,SEC_C02_05,Annavaram - Samalkot,Vijayawada,Engineering,Turnout Overhaul,150,2026-07-01,Wed,LATE_NIGHT,21:30,00:00,1290,1440,0,0,0,0,1.0,0.978,0,0,track_gang,CSM Tamping Machine,HIGH,83,5.4,0,0.0,99.0,1
HIST-BLK-00630,SEC_C01_05,Ongole - Singarayakonda,Vijayawada,S&T,Signal Maintenance,45,2026-07-25,Sat,AFTERNOON_SLOT,15:20,16:05,920,965,0,0,0,0,1.0,0.936,0,0,ST_gang,None / Manual Tools,HIGH,78,5.2,0,0.0,99.0,1
HIST-BLK-00631,SEC_C03_06,Giddalur - Nandyal,Guntur,Traction,OHE Inspection,150,2026-07-25,Sat,MIDDAY_FREIGHT_GAP,11:53,14:23,713,863,0,0,0,0,1.0,0.94,0,0,tower_wagon_crew,Tower Wagon,HIGH,81,8.8,0,0.0,99.0,1
HIST-BLK-00632,SEC_C02_09,Tadepalligudem - Eluru,Vijayawada,Traction,Contact Wire Height Regulation,210,2026-07-10,Fri,PEAK_MORNING,07:30,11:00,450,660,1,0,1,0,3.0,0.805,0,1,tower_wagon_crew,Tower Wagon,MEDIUM,66,9.6,1,24.9,76.3,0
HIST-BLK-00633,SEC_C04_02,Gooty - Tadipatri,Guntakal,Traction,Insulator Washing & Replacement,90,2026-08-03,Mon,EARLY_MORNING,05:26,06:56,326,416,0,0,0,0,1.0,0.954,0,0,tower_wagon_crew,Tower Wagon,MEDIUM,53,7.1,0,0.0,99.0,1
HIST-BLK-00634,SEC_C03_02,Narasaraopet - Vinukonda,Guntur,Traction,Contact Wire Height Regulation,210,2026-08-25,Tue,NIGHT_MEGABLOCK,01:00,04:30,60,270,1,0,1,0,3.0,0.837,0,1,tower_wagon_crew,Tower Wagon,MEDIUM,49,9.4,1,25.5,71.7,0
HIST-BLK-00635,SEC_C02_03,Anakapalle - Tuni,Visakhapatnam,S&T,Signal Maintenance,45,2026-07-05,Sun,LATE_NIGHT,22:59,23:44,1379,1424,0,0,0,0,1.0,0.953,1,0,ST_gang,None / Manual Tools,HIGH,83,8.9,1,18.0,48.9,0
HIST-BLK-00636,SEC_C01_08,Nellore - Gudur,Vijayawada,S&T,Interlocking Inspection,75,2026-07-12,Sun,EARLY_MORNING,04:37,05:52,277,352,0,0,0,0,1.0,0.98,0,0,ST_gang,None / Manual Tools,MEDIUM,51,5.8,0,0.0,99.0,1
HIST-BLK-00637,SEC_C01_07,Kavali - Nellore,Vijayawada,Traction,Power Isolation Maintenance,150,2026-07-19,Sun,NIGHT_MEGABLOCK,01:12,03:42,72,222,1,0,1,0,3.0,0.786,0,0,tower_wagon_crew,Tower Wagon,CRITICAL,89,2.6,1,16.1,75.7,0
HIST-BLK-00638,SEC_C01_01,Vijayawada - Tenali,Vijayawada,Traction,Insulator Washing & Replacement,90,2026-07-07,Tue,EARLY_MORNING,05:03,06:33,303,393,0,0,0,0,1.0,0.983,0,0,tower_wagon_crew,Tower Wagon,HIGH,78,5.0,0,0.0,99.0,1
HIST-BLK-00639,SEC_C03_06,Giddalur - Nandyal,Guntur,Traction,Cantilever Adjustment,150,2026-08-22,Sat,EARLY_MORNING,04:30,07:00,270,420,0,0,0,0,1.0,0.995,0,0,tower_wagon_crew,Tower Wagon,MEDIUM,57,10.7,0,0.0,99.0,1
HIST-BLK-00640,SEC_C01_01,Vijayawada - Tenali,Vijayawada,S&T,Cable Jointing & OFC,150,2026-08-16,Sun,LATE_NIGHT,21:30,00:00,1290,1440,1,0,0,1,7.0,0.869,1,0,ST_gang,Testing Van,CRITICAL,95,11.5,2,41.7,8.1,0
HIST-BLK-00641,SEC_C04_07,Razampeta - Koduru,Guntakal,Traction,Contact Wire Height Regulation,210,2026-07-13,Mon,NIGHT_MEGABLOCK,01:00,04:30,60,270,0,0,0,0,1.0,0.997,0,0,tower_wagon_crew,Tower Wagon,MEDIUM,45,11.7,0,0.0,99.0,1
HIST-BLK-00642,SEC_C04_05,Yerraguntla - Kadapa,Guntakal,Engineering,Weld Rectification,90,2026-07-26,Sun,PEAK_EVENING,19:03,20:33,1143,1233,2,1,1,1,10.0,0.419,0,0,track_gang,USFD Flaw Detector,LOW,35,11.0,2,46.2,5.0,0
HIST-BLK-00643,SEC_C02_02,Duvvada - Anakapalle,Visakhapatnam,Traction,Insulator Washing & Replacement,150,2026-08-02,Sun,NIGHT_MEGABLOCK,01:04,03:34,64,214,0,0,0,0,1.0,0.927,0,0,tower_wagon_crew,Tower Wagon,MEDIUM,62,10.9,0,0.0,99.0,1
HIST-BLK-00644,SEC_C04_07,Razampeta - Koduru,Guntakal,Traction,Insulator Washing & Replacement,105,2026-07-16,Thu,EARLY_MORNING,04:40,06:25,280,385,0,0,0,0,1.0,0.98,1,0,tower_wagon_crew,Tower Wagon,MEDIUM,47,1.8,1,28.9,37.1,0
HIST-BLK-00645,SEC_C04_01,Guntakal - Gooty,Guntakal,S&T,Point Machine Overhaul,120,2026-07-17,Fri,PEAK_EVENING,18:45,20:45,1125,1245,2,0,1,1,8.0,0.516,0,0,ST_gang,Testing Van,MEDIUM,52,7.8,2,34.9,33.8,0
HIST-BLK-00646,SEC_C04_01,Guntakal - Gooty,Guntakal,Traction,Substation Transformer Overhaul,255,2026-08-24,Mon,MIDDAY_FREIGHT_GAP,11:30,15:45,690,945,0,0,0,0,1.0,0.985,0,1,specialist_team,None / Manual Tools,HIGH,73,5.1,0,0.0,99.0,1
HIST-BLK-00647,SEC_C02_05,Annavaram - Samalkot,Vijayawada,Traction,OHE Inspection,135,2026-07-24,Fri,EARLY_MORNING,04:40,06:55,280,415,0,0,0,0,1.0,0.996,0,0,tower_wagon_crew,Tower Wagon,MEDIUM,45,3.5,0,0.0,99.0,1
HIST-BLK-00648,SEC_C04_04,Kondapuram - Yerraguntla,Guntakal,S&T,Track Circuit Testing,105,2026-08-29,Sat,LATE_NIGHT,21:34,23:19,1294,1399,1,0,0,1,8.0,0.832,1,1,ST_gang,None / Manual Tools,MEDIUM,52,10.4,2,43.6,5.0,0
HIST-BLK-00649,SEC_C02_07,Rajahmundry - Nidadavolu,Vijayawada,S&T,Cable Jointing & OFC,150,2026-07-10,Fri,AFTERNOON_SLOT,15:00,17:30,900,1050,0,0,0,0,1.0,0.943,1,0,ST_gang,Testing Van,MEDIUM,67,6.8,1,25.3,40.4,0
HIST-BLK-00650,SEC_C04_07,Razampeta - Koduru,Guntakal,Traction,Power Isolation Maintenance,180,2026-07-19,Sun,PEAK_EVENING,17:57,20:57,1077,1257,1,0,0,1,7.0,0.786,0,1,tower_wagon_crew,Tower Wagon,MEDIUM,49,9.2,1,25.1,74.6,0
HIST-BLK-00651,SEC_C01_04,Chirala - Ongole,Vijayawada,Engineering,Sleeper Replacement,210,2026-07-26,Sun,PEAK_MORNING,07:30,11:00,450,660,3,0,1,2,8.0,0.317,0,0,track_gang,Ballast Regulator,MEDIUM,56,7.0,3,43.0,9.7,0
HIST-BLK-00652,SEC_C02_05,Annavaram - Samalkot,Vijayawada,Traction,Insulator Washing & Replacement,120,2026-07-07,Tue,EARLY_MORNING,04:40,06:40,280,400,0,0,0,0,1.0,0.98,0,0,tower_wagon_crew,Tower Wagon,MEDIUM,46,6.3,0,0.0,99.0,1
HIST-BLK-00653,SEC_C02_01,Visakhapatnam - Duvvada,Visakhapatnam,S&T,Cable Jointing & OFC,150,2026-07-19,Sun,EARLY_MORNING,04:30,07:00,270,420,1,0,0,1,4.0,0.801,0,1,ST_gang,Testing Van,MEDIUM,51,9.1,1,21.3,69.4,0
HIST-BLK-00654,SEC_C02_02,Duvvada - Anakapalle,Visakhapatnam,S&T,Axle Counter Replacement,150,2026-08-23,Sun,EARLY_MORNING,04:30,07:00,270,420,1,0,0,1,7.0,0.873,1,1,ST_gang,Testing Van,CRITICAL,93,11.8,2,45.9,5.7,0
HIST-BLK-00655,SEC_C04_02,Gooty - Tadipatri,Guntakal,Engineering,Track Maintenance,90,2026-07-16,Thu,MIDDAY_FREIGHT_GAP,12:32,14:02,752,842,0,0,0,0,1.0,0.944,0,0,track_gang,None / Manual Tools,MEDIUM,50,8.8,0,0.0,99.0,1
HIST-BLK-00656,SEC_C01_06,Singarayakonda - Kavali,Vijayawada,S&T,Cable Jointing & OFC,150,2026-07-18,Sat,PEAK_EVENING,18:26,20:56,1106,1256,5,1,1,4,10.0,0.05,0,0,ST_gang,Testing Van,CRITICAL,93,3.9,5,100.2,5.0,0
HIST-BLK-00657,SEC_C01_07,Kavali - Nellore,Vijayawada,Traction,Power Isolation Maintenance,180,2026-07-31,Fri,PEAK_EVENING,17:58,20:58,1078,1258,4,0,1,3,7.0,0.099,0,0,tower_wagon_crew,Tower Wagon,MEDIUM,62,1.7,4,63.2,5.0,0
HIST-BLK-00658,SEC_C04_08,Koduru - Renigunta,Guntakal,Engineering,Weld Rectification,105,2026-08-04,Tue,PEAK_EVENING,19:08,20:53,1148,1253,1,0,0,1,7.0,0.792,0,1,track_gang,USFD Flaw Detector,MEDIUM,66,7.8,1,15.0,86.1,1
HIST-BLK-00659,SEC_C03_03,Vinukonda - Donakonda,Guntur,Engineering,Track Maintenance,105,2026-08-06,Thu,EARLY_MORNING,05:11,06:56,311,416,2,2,0,2,9.0,0.279,1,0,track_gang,None / Manual Tools,MEDIUM,69,6.8,3,93.1,5.0,0
HIST-BLK-00660,SEC_C01_01,Vijayawada - Tenali,Vijayawada,Engineering,Rail Renewal,210,2026-08-30,Sun,AFTERNOON_SLOT,15:00,18:30,900,1110,1,0,0,1,7.0,0.87,1,0,track_gang,CSM Tamping Machine,HIGH,84,4.8,2,57.6,5.0,0
HIST-BLK-00661,SEC_C02_06,Samalkot - Rajahmundry,Vijayawada,Traction,OHE Inspection,150,2026-08-22,Sat,NIGHT_MEGABLOCK,01:07,03:37,67,217,1,0,1,0,3.0,0.794,0,0,tower_wagon_crew,Tower Wagon,LOW,26,3.8,1,19.1,69.1,0
HIST-BLK-00662,SEC_C04_04,Kondapuram - Yerraguntla,Guntakal,Engineering,Weld Rectification,90,2026-07-17,Fri,MIDDAY_FREIGHT_GAP,12:53,14:23,773,863,0,0,0,0,1.0,0.992,0,0,track_gang,USFD Flaw Detector,HIGH,72,11.4,0,0.0,99.0,1
HIST-BLK-00663,SEC_C02_06,Samalkot - Rajahmundry,Vijayawada,Engineering,Deep Screening Ballast,240,2026-07-18,Sat,PEAK_EVENING,17:45,21:45,1065,1305,1,1,0,1,10.0,0.6,0,0,track_gang,Ballast Regulator,HIGH,81,6.9,1,41.4,5.0,0
HIST-BLK-00664,SEC_C04_04,Kondapuram - Yerraguntla,Guntakal,S&T,Signal Maintenance,75,2026-07-16,Thu,NIGHT_MEGABLOCK,01:34,02:49,94,169,1,0,1,0,3.0,0.791,0,1,ST_gang,None / Manual Tools,MEDIUM,47,11.0,1,19.5,68.7,0
HIST-BLK-00665,SEC_C02_07,Rajahmundry - Nidadavolu,Vijayawada,S&T,Signal Maintenance,45,2026-07-25,Sat,EARLY_MORNING,05:18,06:03,318,363,0,0,0,0,1.0,0.996,1,0,ST_gang,None / Manual Tools,MEDIUM,48,4.7,1,27.3,40.1,0
HIST-BLK-00666,SEC_C03_05,Markapur Road - Giddalur,Guntur,Traction,Insulator Washing & Replacement,120,2026-08-05,Wed,PEAK_MORNING,08:08,10:08,488,608,2,0,1,1,8.0,0.518,0,0,tower_wagon_crew,Tower Wagon,CRITICAL,91,5.1,2,36.8,34.5,0
HIST-BLK-00667,SEC_C04_02,Gooty - Tadipatri,Guntakal,S&T,Interlocking Inspection,75,2026-07-17,Fri,NIGHT_MEGABLOCK,02:27,03:42,147,222,0,0,0,0,1.0,0.932,0,0,ST_gang,None / Manual Tools,CRITICAL,92,11.1,0,0.0,99.0,1
HIST-BLK-00668,SEC_C03_06,Giddalur - Nandyal,Guntur,Traction,Power Isolation Maintenance,210,2026-08-08,Sat,MIDDAY_FREIGHT_GAP,11:30,15:00,690,900,0,0,0,0,1.0,0.977,0,0,tower_wagon_crew,Tower Wagon,HIGH,81,4.4,0,0.0,99.0,1
HIST-BLK-00669,SEC_C02_07,Rajahmundry - Nidadavolu,Vijayawada,S&T,Cable Jointing & OFC,120,2026-08-30,Sun,PEAK_MORNING,07:56,09:56,476,596,1,0,0,1,7.0,0.857,1,0,ST_gang,Testing Van,MEDIUM,65,11.4,2,31.6,21.4,0
HIST-BLK-00670,SEC_C04_08,Koduru - Renigunta,Guntakal,Engineering,Sleeper Replacement,210,2026-08-02,Sun,PEAK_EVENING,17:45,21:15,1065,1275,3,0,1,2,7.0,0.331,1,0,track_gang,Ballast Regulator,MEDIUM,68,7.1,4,74.8,5.0,0
HIST-BLK-00671,SEC_C01_03,Bapatla - Chirala,Vijayawada,Traction,Contact Wire Height Regulation,165,2026-08-13,Thu,LATE_NIGHT,21:30,00:15,1290,1455,0,0,0,0,1.0,0.938,1,0,tower_wagon_crew,Tower Wagon,CRITICAL,99,2.0,1,22.4,43.2,0
HIST-BLK-00672,SEC_C01_08,Nellore - Gudur,Vijayawada,S&T,Cable Jointing & OFC,135,2026-08-23,Sun,AFTERNOON_SLOT,15:03,17:18,903,1038,0,0,0,0,1.0,0.943,0,0,ST_gang,Testing Van,HIGH,78,7.5,0,0.0,99.0,1
HIST-BLK-00673,SEC_C03_02,Narasaraopet - Vinukonda,Guntur,Traction,Insulator Washing & Replacement,90,2026-08-29,Sat,MIDDAY_FREIGHT_GAP,12:49,14:19,769,859,0,0,0,0,1.0,0.988,0,0,tower_wagon_crew,Tower Wagon,CRITICAL,86,5.2,0,0.0,99.0,1
HIST-BLK-00674,SEC_C02_04,Tuni - Annavaram,Vijayawada,S&T,Track Circuit Testing,45,2026-07-07,Tue,MIDDAY_FREIGHT_GAP,13:35,14:20,815,860,0,0,0,0,1.0,0.936,0,0,ST_gang,None / Manual Tools,MEDIUM,49,1.6,0,0.0,99.0,1
HIST-BLK-00675,SEC_C02_09,Tadepalligudem - Eluru,Vijayawada,Engineering,Sleeper Replacement,180,2026-07-24,Fri,PEAK_MORNING,07:30,10:30,450,630,1,0,1,0,3.0,0.816,0,1,track_gang,Ballast Regulator,LOW,37,6.1,1,25.4,72.1,0
HIST-BLK-00676,SEC_C03_05,Markapur Road - Giddalur,Guntur,Traction,Contact Wire Height Regulation,150,2026-07-23,Thu,LATE_NIGHT,21:30,00:00,1290,1440,0,0,0,0,1.0,0.929,0,0,tower_wagon_crew,Tower Wagon,HIGH,74,11.0,0,0.0,99.0,1
HIST-BLK-00677,SEC_C02_05,Annavaram - Samalkot,Vijayawada,S&T,Cable Jointing & OFC,150,2026-07-08,Wed,MIDDAY_FREIGHT_GAP,11:45,14:15,705,855,0,0,0,0,1.0,0.964,1,0,ST_gang,Testing Van,MEDIUM,67,9.7,1,21.0,48.2,0
HIST-BLK-00678,SEC_C04_01,Guntakal - Gooty,Guntakal,Engineering,Track Maintenance,90,2026-08-20,Thu,NIGHT_MEGABLOCK,01:16,02:46,76,166,1,0,1,0,3.0,0.83,1,0,track_gang,None / Manual Tools,MEDIUM,52,6.0,2,33.6,17.2,0
HIST-BLK-00679,SEC_C03_01,Guntur - Narasaraopet,Guntur,S&T,Signal Maintenance,60,2026-07-16,Thu,AFTERNOON_SLOT,15:19,16:19,919,979,1,0,0,1,4.0,0.853,0,0,ST_gang,None / Manual Tools,HIGH,78,11.9,1,13.5,80.5,0
HIST-BLK-00680,SEC_C02_05,Annavaram - Samalkot,Vijayawada,S&T,Cable Jointing & OFC,120,2026-08-14,Fri,PEAK_EVENING,18:49,20:49,1129,1249,3,1,1,2,10.0,0.171,0,1,ST_gang,Testing Van,MEDIUM,49,1.9,3,79.4,5.0,0
HIST-BLK-00681,SEC_C02_05,Annavaram - Samalkot,Vijayawada,Engineering,Track Maintenance,120,2026-07-27,Mon,AFTERNOON_SLOT,15:09,17:09,909,1029,0,0,0,0,1.0,0.976,0,0,track_gang,None / Manual Tools,LOW,27,6.9,0,0.0,99.0,1
HIST-BLK-00682,SEC_C03_02,Narasaraopet - Vinukonda,Guntur,Engineering,Rail Renewal,240,2026-07-18,Sat,PEAK_MORNING,07:30,11:30,450,690,2,0,0,2,4.0,0.628,0,1,track_gang,CSM Tamping Machine,HIGH,71,8.4,2,34.4,46.2,0
HIST-BLK-00683,SEC_C02_10,Eluru - Vijayawada,Vijayawada,Traction,OHE Inspection,120,2026-07-12,Sun,PEAK_MORNING,08:30,10:30,510,630,1,0,0,1,8.0,0.829,1,1,tower_wagon_crew,Tower Wagon,HIGH,73,7.3,2,42.6,17.7,0
HIST-BLK-00684,SEC_C03_06,Giddalur - Nandyal,Guntur,Traction,Insulator Washing & Replacement,135,2026-08-08,Sat,PEAK_MORNING,07:45,10:00,465,600,1,0,0,1,4.0,0.845,1,1,tower_wagon_crew,Tower Wagon,HIGH,82,8.1,2,36.4,26.6,0
HIST-BLK-00685,SEC_C02_05,Annavaram - Samalkot,Vijayawada,Engineering,Deep Screening Ballast,210,2026-08-29,Sat,NIGHT_MEGABLOCK,01:00,04:30,60,270,1,0,0,1,8.0,0.787,0,0,track_gang,Ballast Regulator,MEDIUM,55,9.5,1,23.8,63.4,0
HIST-BLK-00686,SEC_C02_01,Visakhapatnam - Duvvada,Visakhapatnam,Engineering,Sleeper Replacement,195,2026-08-15,Sat,PEAK_MORNING,07:30,10:45,450,645,4,0,1,3,8.0,0.144,1,0,track_gang,Ballast Regulator,CRITICAL,92,11.3,5,77.2,5.0,0
HIST-BLK-00687,SEC_C02_01,Visakhapatnam - Duvvada,Visakhapatnam,S&T,Signal Maintenance,75,2026-07-04,Sat,LATE_NIGHT,22:14,23:29,1334,1409,1,0,1,0,3.0,0.861,1,0,ST_gang,None / Manual Tools,HIGH,72,5.5,2,40.5,8.5,0
HIST-BLK-00688,SEC_C02_04,Tuni - Annavaram,Vijayawada,Engineering,Turnout Overhaul,195,2026-07-14,Tue,AFTERNOON_SLOT,15:00,18:15,900,1095,0,0,0,0,1.0,0.976,0,0,track_gang,CSM Tamping Machine,LOW,36,7.0,0,0.0,99.0,1
HIST-BLK-00689,SEC_C02_07,Rajahmundry - Nidadavolu,Vijayawada,S&T,Cable Jointing & OFC,150,2026-08-05,Wed,NIGHT_MEGABLOCK,01:05,03:35,65,215,1,0,1,0,3.0,0.833,0,0,ST_gang,Testing Van,HIGH,74,2.9,1,24.2,63.4,0
HIST-BLK-00690,SEC_C02_08,Nidadavolu - Tadepalligudem,Vijayawada,Engineering,Weld Rectification,60,2026-07-01,Wed,PEAK_EVENING,19:13,20:13,1153,1213,4,1,1,3,10.0,0.05,0,0,track_gang,USFD Flaw Detector,LOW,28,7.9,4,59.9,5.0,0
HIST-BLK-00691,SEC_C03_05,Markapur Road - Giddalur,Guntur,Engineering,Deep Screening Ballast,210,2026-07-12,Sun,PEAK_MORNING,07:30,11:00,450,660,2,0,1,1,7.0,0.63,0,0,track_gang,Ballast Regulator,MEDIUM,65,7.8,2,30.6,41.6,0
HIST-BLK-00692,SEC_C03_03,Vinukonda - Donakonda,Guntur,S&T,Point Machine Overhaul,105,2026-08-10,Mon,LATE_NIGHT,21:57,23:42,1317,1422,0,0,0,0,1.0,0.932,0,0,ST_gang,Testing Van,HIGH,83,2.5,0,0.0,99.0,1
HIST-BLK-00693,SEC_C02_04,Tuni - Annavaram,Vijayawada,Engineering,Turnout Overhaul,195,2026-08-01,Sat,PEAK_EVENING,17:45,21:00,1065,1260,3,0,1,2,7.0,0.312,0,1,track_gang,CSM Tamping Machine,LOW,32,3.0,3,46.5,14.2,0
HIST-BLK-00694,SEC_C04_02,Gooty - Tadipatri,Guntakal,Engineering,Deep Screening Ballast,225,2026-07-09,Thu,PEAK_EVENING,17:45,21:30,1065,1290,1,0,0,1,8.0,0.855,0,1,track_gang,Ballast Regulator,CRITICAL,87,10.2,1,26.9,73.5,0
HIST-BLK-00695,SEC_C01_03,Bapatla - Chirala,Vijayawada,Engineering,Turnout Overhaul,150,2026-07-18,Sat,EARLY_MORNING,04:30,07:00,270,420,0,0,0,0,1.0,0.995,0,1,track_gang,CSM Tamping Machine,MEDIUM,45,9.2,0,0.0,99.0,1
HIST-BLK-00696,SEC_C01_06,Singarayakonda - Kavali,Vijayawada,Engineering,Turnout Overhaul,180,2026-08-18,Tue,AFTERNOON_SLOT,15:00,18:00,900,1080,0,0,0,0,1.0,0.991,0,1,track_gang,CSM Tamping Machine,MEDIUM,54,2.1,0,0.0,99.0,1
HIST-BLK-00697,SEC_C01_08,Nellore - Gudur,Vijayawada,Engineering,Track Maintenance,90,2026-08-04,Tue,PEAK_MORNING,07:43,09:13,463,553,5,1,1,4,10.0,0.05,0,0,track_gang,None / Manual Tools,CRITICAL,92,4.5,5,107.6,5.0,0
HIST-BLK-00698,SEC_C01_08,Nellore - Gudur,Vijayawada,S&T,Point Machine Overhaul,60,2026-07-15,Wed,NIGHT_MEGABLOCK,01:36,02:36,96,156,0,0,0,0,1.0,0.969,0,1,ST_gang,Testing Van,CRITICAL,100,2.0,0,0.0,99.0,1
HIST-BLK-00699,SEC_C04_04,Kondapuram - Yerraguntla,Guntakal,Traction,Cantilever Adjustment,165,2026-07-12,Sun,PEAK_EVENING,17:58,20:43,1078,1243,3,0,1,2,8.0,0.375,0,0,tower_wagon_crew,Tower Wagon,HIGH,73,5.4,3,40.2,15.3,0
HIST-BLK-00700,SEC_C01_05,Ongole - Singarayakonda,Vijayawada,Engineering,Turnout Overhaul,210,2026-07-10,Fri,PEAK_MORNING,07:30,11:00,450,660,3,1,1,2,10.0,0.144,0,1,track_gang,CSM Tamping Machine,MEDIUM,60,6.0,3,58.4,5.0,0
HIST-BLK-00701,SEC_C02_01,Visakhapatnam - Duvvada,Visakhapatnam,Engineering,Sleeper Replacement,180,2026-07-21,Tue,MIDDAY_FREIGHT_GAP,11:30,14:30,690,870,0,0,0,0,1.0,0.954,0,0,track_gang,Ballast Regulator,MEDIUM,58,3.0,0,0.0,99.0,1
HIST-BLK-00702,SEC_C02_08,Nidadavolu - Tadepalligudem,Vijayawada,S&T,Axle Counter Replacement,135,2026-08-01,Sat,AFTERNOON_SLOT,15:15,17:30,915,1050,0,0,0,0,1.0,0.963,1,0,ST_gang,Testing Van,MEDIUM,57,7.0,1,26.6,41.9,0
HIST-BLK-00703,SEC_C02_07,Rajahmundry - Nidadavolu,Vijayawada,Traction,OHE Inspection,105,2026-07-24,Fri,NIGHT_MEGABLOCK,01:26,03:11,86,191,0,0,0,0,1.0,0.921,0,1,tower_wagon_crew,Tower Wagon,MEDIUM,49,5.2,0,0.0,99.0,1
HIST-BLK-00704,SEC_C02_01,Visakhapatnam - Duvvada,Visakhapatnam,S&T,Axle Counter Replacement,105,2026-08-23,Sun,LATE_NIGHT,21:47,23:32,1307,1412,0,0,0,0,1.0,0.993,1,1,ST_gang,Testing Van,HIGH,77,11.6,1,25.6,41.5,0
HIST-BLK-00705,SEC_C01_02,Tenali - Bapatla,Vijayawada,Traction,Contact Wire Height Regulation,180,2026-07-04,Sat,PEAK_EVENING,17:48,20:48,1068,1248,2,1,0,2,9.0,0.369,0,1,tower_wagon_crew,Tower Wagon,CRITICAL,99,3.0,2,39.3,5.0,0
HIST-BLK-00706,SEC_C04_03,Tadipatri - Kondapuram,Guntakal,Engineering,Turnout Overhaul,180,2026-08-17,Mon,EARLY_MORNING,04:30,07:30,270,450,0,0,0,0,1.0,0.98,0,0,track_gang,CSM Tamping Machine,MEDIUM,54,6.2,0,0.0,99.0,1
HIST-BLK-00707,SEC_C01_01,Vijayawada - Tenali,Vijayawada,S&T,Signal Maintenance,45,2026-07-04,Sat,PEAK_EVENING,17:53,18:38,1073,1118,1,0,0,1,7.0,0.84,1,0,ST_gang,None / Manual Tools,HIGH,75,8.6,2,42.3,8.7,0
HIST-BLK-00708,SEC_C03_02,Narasaraopet - Vinukonda,Guntur,Traction,Power Isolation Maintenance,180,2026-08-29,Sat,EARLY_MORNING,04:30,07:30,270,450,0,0,0,0,1.0,0.942,0,1,tower_wagon_crew,Tower Wagon,CRITICAL,92,3.7,0,0.0,99.0,1
HIST-BLK-00709,SEC_C02_07,Rajahmundry - Nidadavolu,Vijayawada,S&T,Point Machine Overhaul,120,2026-08-05,Wed,AFTERNOON_SLOT,15:26,17:26,926,1046,0,0,0,0,1.0,0.926,0,0,ST_gang,Testing Van,MEDIUM,60,10.2,0,0.0,99.0,1
HIST-BLK-00710,SEC_C03_06,Giddalur - Nandyal,Guntur,Traction,Contact Wire Height Regulation,165,2026-07-18,Sat,NIGHT_MEGABLOCK,01:03,03:48,63,228,1,0,1,0,3.0,0.84,0,1,tower_wagon_crew,Tower Wagon,MEDIUM,45,2.6,1,18.4,80.3,0
HIST-BLK-00711,SEC_C03_02,Narasaraopet - Vinukonda,Guntur,Engineering,Weld Rectification,75,2026-08-10,Mon,NIGHT_MEGABLOCK,01:30,02:45,90,165,0,0,0,0,1.0,0.998,0,0,track_gang,USFD Flaw Detector,MEDIUM,63,2.0,0,0.0,99.0,1
HIST-BLK-00712,SEC_C03_02,Narasaraopet - Vinukonda,Guntur,Engineering,Rail Renewal,240,2026-07-26,Sun,AFTERNOON_SLOT,15:00,19:00,900,1140,0,0,0,0,1.0,0.936,0,1,track_gang,CSM Tamping Machine,MEDIUM,68,8.6,0,0.0,99.0,1
HIST-BLK-00713,SEC_C01_07,Kavali - Nellore,Vijayawada,Traction,Power Isolation Maintenance,150,2026-08-07,Fri,LATE_NIGHT,21:30,00:00,1290,1440,0,0,0,0,1.0,0.967,1,0,tower_wagon_crew,Tower Wagon,LOW,29,2.3,1,24.4,45.3,0
HIST-BLK-00714,SEC_C02_07,Rajahmundry - Nidadavolu,Vijayawada,Engineering,Deep Screening Ballast,240,2026-07-10,Fri,LATE_NIGHT,21:30,01:30,1290,1530,1,0,0,1,4.0,0.852,0,0,track_gang,Ballast Regulator,LOW,36,8.3,1,29.3,59.1,0
HIST-BLK-00715,SEC_C02_01,Visakhapatnam - Duvvada,Visakhapatnam,S&T,Track Circuit Testing,75,2026-08-09,Sun,LATE_NIGHT,22:30,23:45,1350,1425,0,0,0,0,1.0,0.991,0,0,ST_gang,None / Manual Tools,MEDIUM,57,7.9,0,0.0,99.0,1
HIST-BLK-00716,SEC_C04_08,Koduru - Renigunta,Guntakal,Engineering,Track Maintenance,105,2026-08-19,Wed,LATE_NIGHT,21:39,23:24,1299,1404,0,0,0,0,1.0,0.998,0,0,track_gang,None / Manual Tools,MEDIUM,47,3.3,0,0.0,99.0,1
HIST-BLK-00717,SEC_C01_05,Ongole - Singarayakonda,Vijayawada,S&T,Interlocking Inspection,90,2026-07-23,Thu,NIGHT_MEGABLOCK,01:09,02:39,69,159,1,0,1,0,3.0,0.798,0,0,ST_gang,None / Manual Tools,MEDIUM,53,9.5,1,16.9,75.8,0
HIST-BLK-00718,SEC_C01_08,Nellore - Gudur,Vijayawada,Traction,Contact Wire Height Regulation,150,2026-07-24,Fri,LATE_NIGHT,21:30,00:00,1290,1440,0,0,0,0,1.0,0.953,1,0,tower_wagon_crew,Tower Wagon,MEDIUM,66,10.4,1,29.3,36.3,0
HIST-BLK-00719,SEC_C04_03,Tadipatri - Kondapuram,Guntakal,Traction,Contact Wire Height Regulation,180,2026-08-26,Wed,PEAK_EVENING,17:46,20:46,1066,1246,2,0,1,1,7.0,0.626,0,0,tower_wagon_crew,Tower Wagon,MEDIUM,49,3.2,2,33.0,36.8,0
HIST-BLK-00720,SEC_C04_01,Guntakal - Gooty,Guntakal,S&T,Cable Jointing & OFC,120,2026-07-23,Thu,MIDDAY_FREIGHT_GAP,11:59,13:59,719,839,0,0,0,0,1.0,0.971,1,1,ST_gang,Testing Van,LOW,34,2.6,1,29.4,36.6,0
HIST-BLK-00721,SEC_C04_04,Kondapuram - Yerraguntla,Guntakal,Engineering,Sleeper Replacement,180,2026-07-05,Sun,PEAK_MORNING,07:30,10:30,450,630,2,0,0,2,8.0,0.562,0,0,track_gang,Ballast Regulator,MEDIUM,51,4.4,2,25.8,44.6,0
HIST-BLK-00722,SEC_C04_07,Razampeta - Koduru,Guntakal,Engineering,Deep Screening Ballast,195,2026-07-21,Tue,AFTERNOON_SLOT,15:00,18:15,900,1095,0,0,0,0,1.0,0.923,1,0,track_gang,Ballast Regulator,MEDIUM,57,9.8,1,29.7,34.4,0
HIST-BLK-00723,SEC_C02_06,Samalkot - Rajahmundry,Vijayawada,Engineering,Deep Screening Ballast,210,2026-07-18,Sat,PEAK_MORNING,07:30,11:00,450,660,3,1,1,2,10.0,0.05,0,0,track_gang,Ballast Regulator,HIGH,79,5.9,3,63.1,5.0,0
HIST-BLK-00724,SEC_C01_04,Chirala - Ongole,Vijayawada,Engineering,Sleeper Replacement,180,2026-08-18,Tue,PEAK_MORNING,07:30,10:30,450,630,3,1,1,2,10.0,0.188,0,0,track_gang,Ballast Regulator,HIGH,75,11.1,3,68.9,5.0,0
HIST-BLK-00725,SEC_C02_05,Annavaram - Samalkot,Vijayawada,Engineering,Deep Screening Ballast,240,2026-08-07,Fri,AFTERNOON_SLOT,15:00,19:00,900,1140,0,0,0,0,1.0,0.932,0,0,track_gang,Ballast Regulator,MEDIUM,68,4.8,0,0.0,99.0,1
HIST-BLK-00726,SEC_C04_06,Kadapa - Razampeta,Guntakal,Engineering,Sleeper Replacement,180,2026-07-08,Wed,LATE_NIGHT,21:30,00:30,1290,1470,0,0,0,0,1.0,0.953,0,0,track_gang,Ballast Regulator,MEDIUM,45,10.5,0,0.0,99.0,1
HIST-BLK-00727,SEC_C01_07,Kavali - Nellore,Vijayawada,Engineering,Turnout Overhaul,210,2026-07-13,Mon,MIDDAY_FREIGHT_GAP,11:30,15:00,690,900,0,0,0,0,1.0,0.976,0,0,track_gang,CSM Tamping Machine,MEDIUM,64,11.5,0,0.0,99.0,1
HIST-BLK-00728,SEC_C01_01,Vijayawada - Tenali,Vijayawada,S&T,Track Circuit Testing,45,2026-07-20,Mon,PEAK_MORNING,09:38,10:23,578,623,2,0,1,1,8.0,0.575,0,0,ST_gang,None / Manual Tools,HIGH,83,2.7,2,21.8,51.0,0
HIST-BLK-00729,SEC_C02_04,Tuni - Annavaram,Vijayawada,Traction,Insulator Washing & Replacement,105,2026-08-04,Tue,MIDDAY_FREIGHT_GAP,12:18,14:03,738,843,0,0,0,0,1.0,0.943,0,0,tower_wagon_crew,Tower Wagon,MEDIUM,66,8.0,0,0.0,99.0,1
HIST-BLK-00730,SEC_C01_07,Kavali - Nellore,Vijayawada,Engineering,Track Maintenance,90,2026-08-11,Tue,NIGHT_MEGABLOCK,02:18,03:48,138,228,0,0,0,0,1.0,0.928,0,1,track_gang,None / Manual Tools,MEDIUM,64,6.2,0,0.0,99.0,1
HIST-BLK-00731,SEC_C01_03,Bapatla - Chirala,Vijayawada,Traction,Cantilever Adjustment,150,2026-07-14,Tue,EARLY_MORNING,04:30,07:00,270,420,0,0,0,0,1.0,0.982,0,0,tower_wagon_crew,Tower Wagon,MEDIUM,48,2.8,0,0.0,99.0,1
HIST-BLK-00732,SEC_C04_06,Kadapa - Razampeta,Guntakal,S&T,Cable Jointing & OFC,180,2026-08-20,Thu,PEAK_EVENING,17:57,20:57,1077,1257,2,1,1,1,10.0,0.251,0,0,ST_gang,Testing Van,HIGH,77,8.4,2,54.1,5.0,0
HIST-BLK-00733,SEC_C02_08,Nidadavolu - Tadepalligudem,Vijayawada,Engineering,Sleeper Replacement,150,2026-07-01,Wed,NIGHT_MEGABLOCK,01:04,03:34,64,214,0,0,0,0,1.0,0.987,0,0,track_gang,Ballast Regulator,MEDIUM,68,11.6,0,0.0,99.0,1
HIST-BLK-00734,SEC_C02_08,Nidadavolu - Tadepalligudem,Vijayawada,Traction,Contact Wire Height Regulation,165,2026-08-09,Sun,PEAK_EVENING,17:57,20:42,1077,1242,2,0,1,1,8.0,0.523,1,0,tower_wagon_crew,Tower Wagon,MEDIUM,68,6.9,3,49.5,5.0,0
HIST-BLK-00735,SEC_C01_08,Nellore - Gudur,Vijayawada,Traction,Insulator Washing & Replacement,120,2026-08-23,Sun,LATE_NIGHT,21:38,23:38,1298,1418,0,0,0,0,1.0,0.933,1,0,tower_wagon_crew,Tower Wagon,HIGH,72,8.1,1,23.9,40.6,0
HIST-BLK-00736,SEC_C01_06,Singarayakonda - Kavali,Vijayawada,Traction,Contact Wire Height Regulation,150,2026-08-17,Mon,PEAK_EVENING,17:53,20:23,1073,1223,5,0,1,4,8.0,0.078,0,0,tower_wagon_crew,Tower Wagon,MEDIUM,52,4.1,5,86.5,5.0,0
HIST-BLK-00737,SEC_C02_09,Tadepalligudem - Eluru,Vijayawada,Traction,OHE Inspection,120,2026-07-06,Mon,EARLY_MORNING,04:50,06:50,290,410,0,0,0,0,1.0,0.922,1,0,tower_wagon_crew,Tower Wagon,LOW,23,2.8,1,17.1,49.7,0
HIST-BLK-00738,SEC_C02_04,Tuni - Annavaram,Vijayawada,Engineering,Track Maintenance,120,2026-08-24,Mon,PEAK_MORNING,08:28,10:28,508,628,3,1,1,2,10.0,0.098,0,0,track_gang,None / Manual Tools,CRITICAL,87,3.7,3,67.2,5.0,0
HIST-BLK-00739,SEC_C04_05,Yerraguntla - Kadapa,Guntakal,Engineering,Turnout Overhaul,180,2026-07-01,Wed,EARLY_MORNING,04:30,07:30,270,450,1,0,1,0,3.0,0.846,1,0,track_gang,CSM Tamping Machine,MEDIUM,46,5.1,2,50.9,5.0,0
HIST-BLK-00740,SEC_C02_09,Tadepalligudem - Eluru,Vijayawada,Engineering,Turnout Overhaul,195,2026-07-02,Thu,AFTERNOON_SLOT,15:00,18:15,900,1095,1,0,1,0,3.0,0.782,0,0,track_gang,CSM Tamping Machine,MEDIUM,49,10.9,1,18.0,70.2,0
HIST-BLK-00741,SEC_C01_06,Singarayakonda - Kavali,Vijayawada,Traction,Substation Transformer Overhaul,225,2026-07-18,Sat,PEAK_MORNING,07:30,11:15,450,675,1,0,1,0,3.0,0.828,0,0,specialist_team,None / Manual Tools,LOW,31,6.4,1,27.3,61.5,0
HIST-BLK-00742,SEC_C04_02,Gooty - Tadipatri,Guntakal,Engineering,Rail Renewal,225,2026-07-13,Mon,PEAK_EVENING,17:45,21:30,1065,1290,1,0,0,1,8.0,0.865,1,0,track_gang,CSM Tamping Machine,MEDIUM,57,7.7,2,39.0,12.6,0
HIST-BLK-00743,SEC_C04_04,Kondapuram - Yerraguntla,Guntakal,S&T,Axle Counter Replacement,135,2026-08-17,Mon,PEAK_MORNING,07:50,10:05,470,605,3,1,0,3,9.0,0.125,0,0,ST_gang,Testing Van,MEDIUM,58,10.9,3,66.4,5.0,0
HIST-BLK-00744,SEC_C02_09,Tadepalligudem - Eluru,Vijayawada,Traction,Contact Wire Height Regulation,180,2026-08-08,Sat,LATE_NIGHT,21:30,00:30,1290,1470,0,0,0,0,1.0,0.996,1,1,tower_wagon_crew,Tower Wagon,MEDIUM,57,4.9,1,26.9,49.9,0
HIST-BLK-00745,SEC_C01_05,Ongole - Singarayakonda,Vijayawada,Engineering,Deep Screening Ballast,210,2026-07-24,Fri,EARLY_MORNING,04:30,08:00,270,480,0,0,0,0,1.0,0.982,0,0,track_gang,Ballast Regulator,CRITICAL,91,3.7,0,0.0,99.0,1
HIST-BLK-00746,SEC_C03_03,Vinukonda - Donakonda,Guntur,Engineering,Weld Rectification,60,2026-07-25,Sat,PEAK_MORNING,08:47,09:47,527,587,3,0,1,2,7.0,0.362,1,0,track_gang,USFD Flaw Detector,MEDIUM,66,5.9,4,69.5,5.0,0
HIST-BLK-00747,SEC_C02_05,Annavaram - Samalkot,Vijayawada,Engineering,Sleeper Replacement,180,2026-07-03,Fri,PEAK_MORNING,07:30,10:30,450,630,5,1,1,4,10.0,0.05,0,0,track_gang,Ballast Regulator,MEDIUM,63,4.5,5,99.9,5.0,0
HIST-BLK-00748,SEC_C04_06,Kadapa - Razampeta,Guntakal,S&T,Point Machine Overhaul,90,2026-07-03,Fri,AFTERNOON_SLOT,15:58,17:28,958,1048,0,0,0,0,1.0,0.962,1,1,ST_gang,Testing Van,HIGH,70,9.9,1,25.8,40.2,0
HIST-BLK-00749,SEC_C03_05,Markapur Road - Giddalur,Guntur,S&T,Signal Maintenance,75,2026-08-19,Wed,PEAK_MORNING,08:33,09:48,513,588,2,0,1,1,8.0,0.61,0,0,ST_gang,None / Manual Tools,HIGH,84,11.1,2,36.6,36.5,0
HIST-BLK-00750,SEC_C01_07,Kavali - Nellore,Vijayawada,Engineering,Turnout Overhaul,150,2026-08-22,Sat,NIGHT_MEGABLOCK,01:04,03:34,64,214,1,0,1,0,3.0,0.812,0,1,track_gang,CSM Tamping Machine,MEDIUM,58,9.1,1,23.6,77.5,0
HIST-BLK-00751,SEC_C01_01,Vijayawada - Tenali,Vijayawada,Traction,OHE Inspection,120,2026-08-26,Wed,LATE_NIGHT,21:31,23:31,1291,1411,1,0,1,0,3.0,0.875,0,0,tower_wagon_crew,Tower Wagon,CRITICAL,91,5.5,1,21.0,72.4,0
HIST-BLK-00752,SEC_C04_06,Kadapa - Razampeta,Guntakal,Engineering,Turnout Overhaul,180,2026-08-25,Tue,EARLY_MORNING,04:30,07:30,270,450,2,1,1,1,9.0,0.386,0,0,track_gang,CSM Tamping Machine,LOW,33,7.0,2,45.0,5.0,0
HIST-BLK-00753,SEC_C02_10,Eluru - Vijayawada,Vijayawada,S&T,Cable Jointing & OFC,150,2026-07-15,Wed,NIGHT_MEGABLOCK,01:08,03:38,68,218,0,0,0,0,1.0,0.977,0,0,ST_gang,Testing Van,HIGH,77,3.7,0,0.0,99.0,1
HIST-BLK-00754,SEC_C04_08,Koduru - Renigunta,Guntakal,Engineering,Turnout Overhaul,150,2026-08-12,Wed,EARLY_MORNING,04:30,07:00,270,420,0,0,0,0,1.0,0.957,1,1,track_gang,CSM Tamping Machine,HIGH,85,7.7,1,22.9,56.5,0
HIST-BLK-00755,SEC_C03_02,Narasaraopet - Vinukonda,Guntur,Traction,Contact Wire Height Regulation,210,2026-07-10,Fri,LATE_NIGHT,21:30,01:00,1290,1500,0,0,0,0,1.0,0.993,0,0,tower_wagon_crew,Tower Wagon,HIGH,81,8.0,0,0.0,99.0,1
HIST-BLK-00756,SEC_C04_02,Gooty - Tadipatri,Guntakal,Engineering,Track Maintenance,120,2026-07-28,Tue,EARLY_MORNING,04:51,06:51,291,411,1,0,0,1,8.0,0.811,1,0,track_gang,None / Manual Tools,LOW,40,2.6,2,30.3,20.7,0
HIST-BLK-00757,SEC_C02_10,Eluru - Vijayawada,Vijayawada,Engineering,Sleeper Replacement,210,2026-08-03,Mon,MIDDAY_FREIGHT_GAP,11:30,15:00,690,900,1,0,0,1,8.0,0.815,1,0,track_gang,Ballast Regulator,CRITICAL,94,3.1,2,46.1,5.0,0
HIST-BLK-00758,SEC_C02_10,Eluru - Vijayawada,Vijayawada,S&T,Signal Maintenance,45,2026-08-11,Tue,MIDDAY_FREIGHT_GAP,13:18,14:03,798,843,0,0,0,0,1.0,0.936,0,0,ST_gang,None / Manual Tools,HIGH,75,6.7,0,0.0,99.0,1
HIST-BLK-00759,SEC_C01_04,Chirala - Ongole,Vijayawada,Traction,Power Isolation Maintenance,150,2026-07-15,Wed,NIGHT_MEGABLOCK,01:01,03:31,61,211,0,0,0,0,1.0,0.966,0,0,tower_wagon_crew,Tower Wagon,HIGH,73,8.8,0,0.0,99.0,1
HIST-BLK-00760,SEC_C04_02,Gooty - Tadipatri,Guntakal,Engineering,Turnout Overhaul,210,2026-08-22,Sat,PEAK_EVENING,17:45,21:15,1065,1275,1,0,0,1,8.0,0.807,0,0,track_gang,CSM Tamping Machine,HIGH,76,7.8,1,25.8,61.2,0
HIST-BLK-00761,SEC_C04_07,Razampeta - Koduru,Guntakal,Traction,Cantilever Adjustment,180,2026-07-16,Thu,EARLY_MORNING,04:30,07:30,270,450,1,0,1,0,3.0,0.812,0,0,tower_wagon_crew,Tower Wagon,CRITICAL,88,11.6,1,23.7,65.4,0
HIST-BLK-00762,SEC_C01_02,Tenali - Bapatla,Vijayawada,Engineering,Rail Renewal,210,2026-07-11,Sat,PEAK_EVENING,17:45,21:15,1065,1275,2,1,0,2,9.0,0.387,0,0,track_gang,CSM Tamping Machine,CRITICAL,91,6.6,2,37.7,5.0,0
HIST-BLK-00763,SEC_C03_01,Guntur - Narasaraopet,Guntur,Engineering,Weld Rectification,105,2026-07-11,Sat,LATE_NIGHT,21:34,23:19,1294,1399,0,0,0,0,1.0,0.928,0,0,track_gang,USFD Flaw Detector,MEDIUM,55,11.9,0,0.0,99.0,1
HIST-BLK-00764,SEC_C04_08,Koduru - Renigunta,Guntakal,S&T,Track Circuit Testing,75,2026-07-01,Wed,LATE_NIGHT,21:52,23:07,1312,1387,0,0,0,0,1.0,0.947,0,0,ST_gang,None / Manual Tools,MEDIUM,66,7.8,0,0.0,99.0,1
HIST-BLK-00765,SEC_C01_02,Tenali - Bapatla,Vijayawada,Engineering,Sleeper Replacement,165,2026-08-12,Wed,EARLY_MORNING,04:30,07:15,270,435,0,0,0,0,1.0,0.949,0,0,track_gang,Ballast Regulator,CRITICAL,95,5.3,0,0.0,99.0,1
HIST-BLK-00766,SEC_C02_05,Annavaram - Samalkot,Vijayawada,S&T,Cable Jointing & OFC,120,2026-07-18,Sat,PEAK_EVENING,18:54,20:54,1134,1254,5,0,1,4,7.0,0.09,0,0,ST_gang,Testing Van,MEDIUM,55,11.9,5,61.5,5.0,0
HIST-BLK-00767,SEC_C03_04,Donakonda - Markapur Road,Guntur,Traction,OHE Inspection,120,2026-08-20,Thu,MIDDAY_FREIGHT_GAP,12:06,14:06,726,846,2,0,0,2,6.0,0.674,1,1,tower_wagon_crew,Tower Wagon,MEDIUM,54,11.2,3,50.1,5.0,0
HIST-BLK-00768,SEC_C03_01,Guntur - Narasaraopet,Guntur,Traction,Insulator Washing & Replacement,150,2026-07-11,Sat,PEAK_MORNING,07:45,10:15,465,615,2,0,0,2,8.0,0.552,0,1,tower_wagon_crew,Tower Wagon,MEDIUM,45,10.2,2,26.0,55.8,0
HIST-BLK-00769,SEC_C01_01,Vijayawada - Tenali,Vijayawada,S&T,Track Circuit Testing,105,2026-08-23,Sun,NIGHT_MEGABLOCK,01:06,02:51,66,171,0,0,0,0,1.0,0.948,0,0,ST_gang,None / Manual Tools,HIGH,74,3.0,0,0.0,99.0,1
HIST-BLK-00770,SEC_C04_04,Kondapuram - Yerraguntla,Guntakal,Traction,OHE Inspection,120,2026-07-15,Wed,NIGHT_MEGABLOCK,01:30,03:30,90,210,0,0,0,0,1.0,0.94,0,0,tower_wagon_crew,Tower Wagon,MEDIUM,57,2.5,0,0.0,99.0,1
HIST-BLK-00771,SEC_C03_02,Narasaraopet - Vinukonda,Guntur,Traction,Cantilever Adjustment,135,2026-08-06,Thu,MIDDAY_FREIGHT_GAP,12:13,14:28,733,868,1,0,0,1,8.0,0.868,0,1,tower_wagon_crew,Tower Wagon,MEDIUM,49,2.9,1,20.3,80.0,0
HIST-BLK-00772,SEC_C01_06,Singarayakonda - Kavali,Vijayawada,S&T,Interlocking Inspection,120,2026-07-30,Thu,AFTERNOON_SLOT,15:05,17:05,905,1025,0,0,0,0,1.0,0.95,1,0,ST_gang,None / Manual Tools,LOW,33,8.8,1,22.6,45.8,0
HIST-BLK-00773,SEC_C03_05,Markapur Road - Giddalur,Guntur,S&T,Track Circuit Testing,75,2026-07-30,Thu,MIDDAY_FREIGHT_GAP,12:22,13:37,742,817,1,0,1,0,3.0,0.826,0,0,ST_gang,None / Manual Tools,LOW,20,9.4,1,17.9,72.1,0
HIST-BLK-00774,SEC_C02_08,Nidadavolu - Tadepalligudem,Vijayawada,Traction,Insulator Washing & Replacement,120,2026-07-09,Thu,AFTERNOON_SLOT,15:17,17:17,917,1037,0,0,0,0,1.0,0.992,0,0,tower_wagon_crew,Tower Wagon,LOW,21,5.7,0,0.0,99.0,1
HIST-BLK-00775,SEC_C04_06,Kadapa - Razampeta,Guntakal,Engineering,Track Maintenance,90,2026-07-18,Sat,LATE_NIGHT,22:11,23:41,1331,1421,1,0,1,0,3.0,0.839,0,0,track_gang,None / Manual Tools,MEDIUM,63,2.1,1,19.9,71.8,0
HIST-BLK-00776,SEC_C01_04,Chirala - Ongole,Vijayawada,Traction,Power Isolation Maintenance,195,2026-07-10,Fri,AFTERNOON_SLOT,15:00,18:15,900,1095,1,0,1,0,3.0,0.854,0,0,tower_wagon_crew,Tower Wagon,HIGH,77,3.1,1,24.0,67.4,0
HIST-BLK-00777,SEC_C01_01,Vijayawada - Tenali,Vijayawada,S&T,Interlocking Inspection,120,2026-07-13,Mon,NIGHT_MEGABLOCK,01:04,03:04,64,184,1,0,1,0,3.0,0.84,0,1,ST_gang,None / Manual Tools,CRITICAL,87,1.8,1,19.1,71.3,0
HIST-BLK-00778,SEC_C01_08,Nellore - Gudur,Vijayawada,S&T,Axle Counter Replacement,120,2026-07-12,Sun,LATE_NIGHT,21:37,23:37,1297,1417,0,0,0,0,1.0,0.964,0,0,ST_gang,Testing Van,MEDIUM,66,2.8,0,0.0,99.0,1
HIST-BLK-00779,SEC_C01_02,Tenali - Bapatla,Vijayawada,Engineering,Turnout Overhaul,210,2026-08-12,Wed,EARLY_MORNING,04:30,08:00,270,480,0,0,0,0,1.0,0.934,0,0,track_gang,CSM Tamping Machine,MEDIUM,62,4.5,0,0.0,99.0,1
HIST-BLK-00780,SEC_C04_08,Koduru - Renigunta,Guntakal,S&T,Cable Jointing & OFC,150,2026-07-26,Sun,MIDDAY_FREIGHT_GAP,11:52,14:22,712,862,0,0,0,0,1.0,0.984,1,0,ST_gang,Testing Van,HIGH,83,2.8,1,20.8,48.1,0
HIST-BLK-00781,SEC_C01_03,Bapatla - Chirala,Vijayawada,Traction,Substation Transformer Overhaul,270,2026-08-09,Sun,MIDDAY_FREIGHT_GAP,11:30,16:00,690,960,1,0,0,1,8.0,0.784,0,0,specialist_team,None / Manual Tools,LOW,24,4.4,1,31.3,55.4,0
HIST-BLK-00782,SEC_C02_06,Samalkot - Rajahmundry,Vijayawada,S&T,Cable Jointing & OFC,165,2026-07-25,Sat,AFTERNOON_SLOT,15:00,17:45,900,1065,0,0,0,0,1.0,0.925,0,0,ST_gang,Testing Van,MEDIUM,56,6.3,0,0.0,99.0,1
HIST-BLK-00783,SEC_C02_01,Visakhapatnam - Duvvada,Visakhapatnam,S&T,Cable Jointing & OFC,150,2026-08-29,Sat,MIDDAY_FREIGHT_GAP,11:32,14:02,692,842,0,0,0,0,1.0,0.993,0,0,ST_gang,Testing Van,MEDIUM,57,3.4,0,0.0,99.0,1
HIST-BLK-00784,SEC_C02_09,Tadepalligudem - Eluru,Vijayawada,Engineering,Deep Screening Ballast,210,2026-08-07,Fri,AFTERNOON_SLOT,15:00,18:30,900,1110,1,0,0,1,8.0,0.815,1,1,track_gang,Ballast Regulator,MEDIUM,57,9.2,2,45.8,12.3,0
HIST-BLK-00785,SEC_C04_07,Razampeta - Koduru,Guntakal,S&T,Point Machine Overhaul,120,2026-08-20,Thu,EARLY_MORNING,04:33,06:33,273,393,0,0,0,0,1.0,0.992,0,0,ST_gang,Testing Van,HIGH,82,2.2,0,0.0,99.0,1
HIST-BLK-00786,SEC_C01_08,Nellore - Gudur,Vijayawada,Engineering,Deep Screening Ballast,180,2026-07-29,Wed,LATE_NIGHT,21:30,00:30,1290,1470,0,0,0,0,1.0,0.971,0,0,track_gang,Ballast Regulator,CRITICAL,88,5.5,0,0.0,99.0,1
HIST-BLK-00787,SEC_C02_05,Annavaram - Samalkot,Vijayawada,Engineering,Rail Renewal,240,2026-07-29,Wed,PEAK_EVENING,17:45,21:45,1065,1305,4,1,1,3,10.0,0.05,1,1,track_gang,CSM Tamping Machine,HIGH,76,11.6,5,69.7,5.0,0
HIST-BLK-00788,SEC_C04_03,Tadipatri - Kondapuram,Guntakal,Traction,Insulator Washing & Replacement,90,2026-07-22,Wed,EARLY_MORNING,05:13,06:43,313,403,0,0,0,0,1.0,0.978,0,1,tower_wagon_crew,Tower Wagon,LOW,40,3.7,0,0.0,99.0,1
HIST-BLK-00789,SEC_C03_05,Markapur Road - Giddalur,Guntur,S&T,Interlocking Inspection,105,2026-08-24,Mon,EARLY_MORNING,04:34,06:19,274,379,0,0,0,0,1.0,0.955,0,1,ST_gang,None / Manual Tools,MEDIUM,47,6.9,0,0.0,99.0,1
HIST-BLK-00790,SEC_C04_08,Koduru - Renigunta,Guntakal,Engineering,Track Maintenance,135,2026-08-04,Tue,PEAK_MORNING,07:31,09:46,451,586,1,0,0,1,8.0,0.802,0,0,track_gang,None / Manual Tools,LOW,28,10.7,1,16.3,73.4,0
HIST-BLK-00791,SEC_C02_08,Nidadavolu - Tadepalligudem,Vijayawada,Traction,Insulator Washing & Replacement,135,2026-07-20,Mon,MIDDAY_FREIGHT_GAP,12:09,14:24,729,864,0,0,0,0,1.0,0.925,0,0,tower_wagon_crew,Tower Wagon,MEDIUM,48,11.8,0,0.0,99.0,1
HIST-BLK-00792,SEC_C01_03,Bapatla - Chirala,Vijayawada,S&T,Axle Counter Replacement,120,2026-07-13,Mon,PEAK_MORNING,08:26,10:26,506,626,2,1,1,1,10.0,0.348,0,0,ST_gang,Testing Van,MEDIUM,69,4.0,2,52.7,5.0,0
HIST-BLK-00793,SEC_C01_03,Bapatla - Chirala,Vijayawada,S&T,Signal Maintenance,60,2026-08-08,Sat,PEAK_EVENING,18:05,19:05,1085,1145,2,0,0,2,8.0,0.66,0,1,ST_gang,None / Manual Tools,HIGH,74,1.9,2,29.2,44.9,0
HIST-BLK-00794,SEC_C04_04,Kondapuram - Yerraguntla,Guntakal,S&T,Track Circuit Testing,60,2026-07-02,Thu,NIGHT_MEGABLOCK,01:03,02:03,63,123,0,0,0,0,1.0,0.985,0,0,ST_gang,None / Manual Tools,MEDIUM,57,7.3,0,0.0,99.0,1
HIST-BLK-00795,SEC_C04_01,Guntakal - Gooty,Guntakal,Traction,Power Isolation Maintenance,180,2026-08-14,Fri,MIDDAY_FREIGHT_GAP,11:30,14:30,690,870,0,0,0,0,1.0,0.964,0,0,tower_wagon_crew,Tower Wagon,CRITICAL,87,5.4,0,0.0,99.0,1
HIST-BLK-00796,SEC_C04_04,Kondapuram - Yerraguntla,Guntakal,Engineering,Turnout Overhaul,165,2026-07-06,Mon,AFTERNOON_SLOT,15:00,17:45,900,1065,0,0,0,0,1.0,0.921,0,1,track_gang,CSM Tamping Machine,HIGH,71,9.1,0,0.0,99.0,1
HIST-BLK-00797,SEC_C01_05,Ongole - Singarayakonda,Vijayawada,Engineering,Turnout Overhaul,180,2026-07-12,Sun,PEAK_MORNING,07:30,10:30,450,630,2,0,0,2,7.0,0.508,0,1,track_gang,CSM Tamping Machine,HIGH,77,5.7,2,38.2,41.1,0
HIST-BLK-00798,SEC_C01_05,Ongole - Singarayakonda,Vijayawada,S&T,Interlocking Inspection,75,2026-08-01,Sat,PEAK_EVENING,19:19,20:34,1159,1234,4,0,1,3,7.0,0.117,0,0,ST_gang,None / Manual Tools,HIGH,81,8.4,4,56.8,5.0,0
HIST-BLK-00799,SEC_C01_07,Kavali - Nellore,Vijayawada,Engineering,Rail Renewal,240,2026-08-15,Sat,AFTERNOON_SLOT,15:00,19:00,900,1140,1,1,0,1,9.0,0.579,1,0,track_gang,CSM Tamping Machine,CRITICAL,100,3.9,2,49.8,5.0,0
HIST-BLK-00800,SEC_C02_02,Duvvada - Anakapalle,Visakhapatnam,Engineering,Turnout Overhaul,210,2026-07-29,Wed,PEAK_EVENING,17:45,21:15,1065,1275,1,0,0,1,4.0,0.856,0,1,track_gang,CSM Tamping Machine,LOW,20,4.4,1,22.3,80.0,0
HIST-BLK-00801,SEC_C01_06,Singarayakonda - Kavali,Vijayawada,Engineering,Rail Renewal,255,2026-07-25,Sat,MIDDAY_FREIGHT_GAP,11:30,15:45,690,945,0,0,0,0,1.0,0.922,1,1,track_gang,CSM Tamping Machine,HIGH,84,3.4,1,21.5,53.4,0
HIST-BLK-00802,SEC_C03_02,Narasaraopet - Vinukonda,Guntur,Engineering,Weld Rectification,90,2026-08-29,Sat,NIGHT_MEGABLOCK,02:17,03:47,137,227,0,0,0,0,1.0,0.947,0,0,track_gang,USFD Flaw Detector,MEDIUM,53,9.5,0,0.0,99.0,1
HIST-BLK-00803,SEC_C04_04,Kondapuram - Yerraguntla,Guntakal,S&T,Cable Jointing & OFC,180,2026-08-18,Tue,NIGHT_MEGABLOCK,01:00,04:00,60,240,0,0,0,0,1.0,0.964,0,0,ST_gang,Testing Van,LOW,41,7.1,0,0.0,99.0,1
HIST-BLK-00804,SEC_C02_09,Tadepalligudem - Eluru,Vijayawada,Engineering,Sleeper Replacement,180,2026-08-17,Mon,EARLY_MORNING,04:30,07:30,270,450,2,0,0,2,8.0,0.524,0,0,track_gang,Ballast Regulator,CRITICAL,98,12.0,2,40.4,27.0,0
HIST-BLK-00805,SEC_C04_02,Gooty - Tadipatri,Guntakal,Engineering,Weld Rectification,90,2026-07-24,Fri,PEAK_MORNING,08:54,10:24,534,624,1,0,0,1,8.0,0.805,0,1,track_gang,USFD Flaw Detector,MEDIUM,69,7.5,1,15.7,84.1,0
HIST-BLK-00806,SEC_C02_04,Tuni - Annavaram,Vijayawada,S&T,Axle Counter Replacement,90,2026-07-29,Wed,NIGHT_MEGABLOCK,01:59,03:29,119,209,1,0,1,0,3.0,0.816,0,1,ST_gang,Testing Van,MEDIUM,62,11.4,1,15.3,76.5,0
HIST-BLK-00807,SEC_C03_03,Vinukonda - Donakonda,Guntur,Engineering,Sleeper Replacement,165,2026-07-17,Fri,LATE_NIGHT,21:30,00:15,1290,1455,0,0,0,0,1.0,0.941,0,1,track_gang,Ballast Regulator,HIGH,77,8.0,0,0.0,99.0,1
HIST-BLK-00808,SEC_C01_08,Nellore - Gudur,Vijayawada,Traction,OHE Inspection,105,2026-08-13,Thu,AFTERNOON_SLOT,15:28,17:13,928,1033,0,0,0,0,1.0,0.966,0,0,tower_wagon_crew,Tower Wagon,CRITICAL,97,11.9,0,0.0,99.0,1
HIST-BLK-00809,SEC_C01_02,Tenali - Bapatla,Vijayawada,Traction,Cantilever Adjustment,165,2026-08-15,Sat,NIGHT_MEGABLOCK,01:07,03:52,67,232,0,0,0,0,1.0,0.926,0,0,tower_wagon_crew,Tower Wagon,HIGH,72,5.4,0,0.0,99.0,1
HIST-BLK-00810,SEC_C04_03,Tadipatri - Kondapuram,Guntakal,Engineering,Deep Screening Ballast,210,2026-08-26,Wed,PEAK_MORNING,07:30,11:00,450,660,3,1,1,2,10.0,0.121,0,0,track_gang,Ballast Regulator,HIGH,83,11.4,3,47.5,5.0,0
HIST-BLK-00811,SEC_C03_01,Guntur - Narasaraopet,Guntur,Engineering,Weld Rectification,60,2026-07-07,Tue,AFTERNOON_SLOT,15:27,16:27,927,987,1,0,0,1,4.0,0.861,0,0,track_gang,USFD Flaw Detector,MEDIUM,69,9.0,1,20.4,70.1,0
HIST-BLK-00812,SEC_C01_03,Bapatla - Chirala,Vijayawada,Traction,Substation Transformer Overhaul,225,2026-07-25,Sat,LATE_NIGHT,21:30,01:15,1290,1515,0,0,0,0,1.0,0.926,0,0,specialist_team,None / Manual Tools,CRITICAL,100,12.0,0,0.0,99.0,1
HIST-BLK-00813,SEC_C04_03,Tadipatri - Kondapuram,Guntakal,Traction,Substation Transformer Overhaul,210,2026-08-24,Mon,AFTERNOON_SLOT,15:00,18:30,900,1110,0,0,0,0,1.0,0.984,0,0,specialist_team,None / Manual Tools,MEDIUM,66,4.3,0,0.0,99.0,1
HIST-BLK-00814,SEC_C03_01,Guntur - Narasaraopet,Guntur,Engineering,Rail Renewal,225,2026-08-21,Fri,LATE_NIGHT,21:30,01:15,1290,1515,0,0,0,0,1.0,0.938,0,0,track_gang,CSM Tamping Machine,HIGH,73,11.6,0,0.0,99.0,1
HIST-BLK-00815,SEC_C01_06,Singarayakonda - Kavali,Vijayawada,S&T,Interlocking Inspection,105,2026-07-05,Sun,PEAK_MORNING,08:31,10:16,511,616,1,0,1,0,3.0,0.841,0,0,ST_gang,None / Manual Tools,HIGH,83,11.9,1,22.5,66.5,0
HIST-BLK-00816,SEC_C04_03,Tadipatri - Kondapuram,Guntakal,Traction,Insulator Washing & Replacement,150,2026-07-09,Thu,AFTERNOON_SLOT,15:00,17:30,900,1050,0,0,0,0,1.0,0.941,1,0,tower_wagon_crew,Tower Wagon,HIGH,80,6.8,1,17.2,51.2,0
HIST-BLK-00817,SEC_C02_05,Annavaram - Samalkot,Vijayawada,Engineering,Sleeper Replacement,150,2026-07-11,Sat,NIGHT_MEGABLOCK,01:13,03:43,73,223,1,0,0,1,8.0,0.806,0,1,track_gang,Ballast Regulator,MEDIUM,60,1.9,1,19.8,81.3,0
HIST-BLK-00818,SEC_C01_05,Ongole - Singarayakonda,Vijayawada,Engineering,Weld Rectification,105,2026-08-28,Fri,MIDDAY_FREIGHT_GAP,12:24,14:09,744,849,0,0,0,0,1.0,0.948,0,1,track_gang,USFD Flaw Detector,HIGH,77,10.9,0,0.0,99.0,1
HIST-BLK-00819,SEC_C01_07,Kavali - Nellore,Vijayawada,Traction,OHE Inspection,90,2026-08-17,Mon,PEAK_MORNING,08:27,09:57,507,597,1,0,0,1,6.0,0.871,0,0,tower_wagon_crew,Tower Wagon,MEDIUM,68,6.5,1,13.8,77.3,0
HIST-BLK-00820,SEC_C01_06,Singarayakonda - Kavali,Vijayawada,Engineering,Track Maintenance,135,2026-08-07,Fri,PEAK_MORNING,08:13,10:28,493,628,1,0,0,1,4.0,0.845,1,0,track_gang,None / Manual Tools,HIGH,84,4.4,2,41.0,8.7,0
HIST-BLK-00821,SEC_C01_04,Chirala - Ongole,Vijayawada,Traction,Insulator Washing & Replacement,135,2026-08-07,Fri,AFTERNOON_SLOT,15:13,17:28,913,1048,1,0,1,0,3.0,0.809,0,1,tower_wagon_crew,Tower Wagon,HIGH,75,11.4,1,23.6,77.0,0
HIST-BLK-00822,SEC_C04_04,Kondapuram - Yerraguntla,Guntakal,Traction,Cantilever Adjustment,165,2026-08-26,Wed,AFTERNOON_SLOT,15:00,17:45,900,1065,0,0,0,0,1.0,0.945,1,0,tower_wagon_crew,Tower Wagon,HIGH,75,6.1,1,28.3,36.9,0
HIST-BLK-00823,SEC_C02_09,Tadepalligudem - Eluru,Vijayawada,Traction,OHE Inspection,105,2026-08-12,Wed,PEAK_MORNING,07:48,09:33,468,573,1,0,1,0,3.0,0.79,0,1,tower_wagon_crew,Tower Wagon,MEDIUM,61,11.0,1,22.8,76.6,0
HIST-BLK-00824,SEC_C02_05,Annavaram - Samalkot,Vijayawada,Engineering,Sleeper Replacement,150,2026-07-24,Fri,EARLY_MORNING,04:30,07:00,270,420,0,0,0,0,1.0,0.943,0,0,track_gang,Ballast Regulator,LOW,33,10.2,0,0.0,99.0,1
HIST-BLK-00825,SEC_C01_08,Nellore - Gudur,Vijayawada,Traction,Substation Transformer Overhaul,210,2026-07-29,Wed,MIDDAY_FREIGHT_GAP,11:30,15:00,690,900,0,0,0,0,1.0,0.959,0,0,specialist_team,None / Manual Tools,CRITICAL,88,2.7,0,0.0,99.0,1
HIST-BLK-00826,SEC_C01_06,Singarayakonda - Kavali,Vijayawada,Traction,Power Isolation Maintenance,210,2026-07-05,Sun,PEAK_MORNING,07:30,11:00,450,660,1,0,1,0,3.0,0.796,0,0,tower_wagon_crew,Tower Wagon,HIGH,84,9.7,1,25.6,62.3,0
HIST-BLK-00827,SEC_C01_03,Bapatla - Chirala,Vijayawada,S&T,Signal Maintenance,90,2026-08-20,Thu,AFTERNOON_SLOT,15:20,16:50,920,1010,0,0,0,0,1.0,0.935,1,0,ST_gang,None / Manual Tools,MEDIUM,65,1.6,1,17.1,50.6,0
HIST-BLK-00828,SEC_C02_07,Rajahmundry - Nidadavolu,Vijayawada,Traction,Power Isolation Maintenance,180,2026-07-31,Fri,EARLY_MORNING,04:30,07:30,270,450,0,0,0,0,1.0,0.959,0,1,tower_wagon_crew,Tower Wagon,HIGH,85,10.7,0,0.0,99.0,1
HIST-BLK-00829,SEC_C02_06,Samalkot - Rajahmundry,Vijayawada,Engineering,Sleeper Replacement,150,2026-08-01,Sat,AFTERNOON_SLOT,15:00,17:30,900,1050,0,0,0,0,1.0,0.969,0,0,track_gang,Ballast Regulator,MEDIUM,46,5.5,0,0.0,99.0,1
HIST-BLK-00830,SEC_C03_05,Markapur Road - Giddalur,Guntur,S&T,Interlocking Inspection,120,2026-07-12,Sun,PEAK_MORNING,08:23,10:23,503,623,3,0,1,2,8.0,0.348,0,0,ST_gang,None / Manual Tools,MEDIUM,64,2.5,3,33.4,22.8,0
HIST-BLK-00831,SEC_C03_01,Guntur - Narasaraopet,Guntur,S&T,Axle Counter Replacement,120,2026-07-16,Thu,PEAK_EVENING,18:39,20:39,1119,1239,2,1,1,1,10.0,0.422,0,0,ST_gang,Testing Van,MEDIUM,56,9.6,2,53.9,5.0,0
HIST-BLK-00832,SEC_C04_03,Tadipatri - Kondapuram,Guntakal,Traction,Power Isolation Maintenance,150,2026-07-19,Sun,PEAK_MORNING,07:46,10:16,466,616,3,0,1,2,8.0,0.262,0,0,tower_wagon_crew,Tower Wagon,MEDIUM,53,10.0,3,44.3,5.0,0
HIST-BLK-00833,SEC_C01_04,Chirala - Ongole,Vijayawada,S&T,Axle Counter Replacement,150,2026-07-15,Wed,PEAK_MORNING,07:50,10:20,470,620,2,1,1,1,10.0,0.324,0,0,ST_gang,Testing Van,MEDIUM,50,2.7,2,54.9,5.0,0
HIST-BLK-00834,SEC_C01_02,Tenali - Bapatla,Vijayawada,Traction,OHE Inspection,120,2026-07-06,Mon,LATE_NIGHT,21:40,23:40,1300,1420,0,0,0,0,1.0,0.981,1,1,tower_wagon_crew,Tower Wagon,MEDIUM,65,7.1,1,29.8,48.6,0
HIST-BLK-00835,SEC_C04_02,Gooty - Tadipatri,Guntakal,Traction,Power Isolation Maintenance,180,2026-08-21,Fri,EARLY_MORNING,04:30,07:30,270,450,0,0,0,0,1.0,0.993,0,0,tower_wagon_crew,Tower Wagon,HIGH,76,1.6,0,0.0,99.0,1
HIST-BLK-00836,SEC_C01_07,Kavali - Nellore,Vijayawada,Traction,Contact Wire Height Regulation,180,2026-07-03,Fri,EARLY_MORNING,04:30,07:30,270,450,1,0,1,0,3.0,0.808,0,0,tower_wagon_crew,Tower Wagon,CRITICAL,96,4.4,1,18.2,73.7,0
HIST-BLK-00837,SEC_C04_02,Gooty - Tadipatri,Guntakal,Engineering,Deep Screening Ballast,210,2026-08-25,Tue,NIGHT_MEGABLOCK,01:00,04:30,60,270,1,0,1,0,3.0,0.83,0,1,track_gang,Ballast Regulator,MEDIUM,68,10.2,1,24.5,73.5,0
HIST-BLK-00838,SEC_C04_02,Gooty - Tadipatri,Guntakal,Engineering,Weld Rectification,90,2026-08-20,Thu,PEAK_MORNING,08:24,09:54,504,594,1,0,0,1,8.0,0.831,0,1,track_gang,USFD Flaw Detector,CRITICAL,90,11.7,1,18.3,82.0,0
HIST-BLK-00839,SEC_C04_04,Kondapuram - Yerraguntla,Guntakal,Engineering,Turnout Overhaul,180,2026-08-05,Wed,PEAK_MORNING,07:30,10:30,450,630,3,1,0,3,9.0,0.097,0,0,track_gang,CSM Tamping Machine,LOW,37,11.9,3,74.6,5.0,0
HIST-BLK-00840,SEC_C01_07,Kavali - Nellore,Vijayawada,S&T,Point Machine Overhaul,105,2026-07-02,Thu,MIDDAY_FREIGHT_GAP,11:59,13:44,719,824,0,0,0,0,1.0,0.956,0,0,ST_gang,Testing Van,HIGH,73,10.0,0,0.0,99.0,1
HIST-BLK-00841,SEC_C01_07,Kavali - Nellore,Vijayawada,Traction,Power Isolation Maintenance,165,2026-08-25,Tue,MIDDAY_FREIGHT_GAP,11:37,14:22,697,862,0,0,0,0,1.0,0.927,0,0,tower_wagon_crew,Tower Wagon,HIGH,85,9.5,0,0.0,99.0,1
HIST-BLK-00842,SEC_C04_08,Koduru - Renigunta,Guntakal,S&T,Axle Counter Replacement,120,2026-08-17,Mon,PEAK_MORNING,08:23,10:23,503,623,3,1,1,2,10.0,0.138,0,1,ST_gang,Testing Van,MEDIUM,45,7.4,3,60.8,5.0,0
HIST-BLK-00843,SEC_C02_08,Nidadavolu - Tadepalligudem,Vijayawada,S&T,Axle Counter Replacement,150,2026-07-31,Fri,AFTERNOON_SLOT,15:00,17:30,900,1050,0,0,0,0,1.0,0.964,1,1,ST_gang,Testing Van,MEDIUM,68,8.8,1,20.6,48.8,0
HIST-BLK-00844,SEC_C02_03,Anakapalle - Tuni,Visakhapatnam,Traction,Substation Transformer Overhaul,210,2026-07-11,Sat,EARLY_MORNING,04:30,08:00,270,480,1,0,0,1,8.0,0.824,0,0,specialist_team,None / Manual Tools,LOW,21,8.1,1,23.7,64.2,0
HIST-BLK-00845,SEC_C04_03,Tadipatri - Kondapuram,Guntakal,S&T,Signal Maintenance,60,2026-07-08,Wed,MIDDAY_FREIGHT_GAP,12:07,13:07,727,787,0,0,0,0,1.0,0.978,0,0,ST_gang,None / Manual Tools,LOW,28,5.4,0,0.0,99.0,1
HIST-BLK-00846,SEC_C02_02,Duvvada - Anakapalle,Visakhapatnam,S&T,Interlocking Inspection,120,2026-07-14,Tue,LATE_NIGHT,21:41,23:41,1301,1421,0,0,0,0,1.0,0.94,0,0,ST_gang,None / Manual Tools,HIGH,80,10.5,0,0.0,99.0,1
HIST-BLK-00847,SEC_C04_07,Razampeta - Koduru,Guntakal,Engineering,Rail Renewal,240,2026-07-12,Sun,EARLY_MORNING,04:30,08:30,270,510,1,0,1,0,3.0,0.827,0,1,track_gang,CSM Tamping Machine,LOW,20,8.8,1,25.4,73.2,0
HIST-BLK-00848,SEC_C01_04,Chirala - Ongole,Vijayawada,Traction,Contact Wire Height Regulation,195,2026-07-11,Sat,NIGHT_MEGABLOCK,01:00,04:15,60,255,0,0,0,0,1.0,0.965,0,0,tower_wagon_crew,Tower Wagon,HIGH,70,10.1,0,0.0,99.0,1
HIST-BLK-00849,SEC_C03_02,Narasaraopet - Vinukonda,Guntur,S&T,Interlocking Inspection,90,2026-08-29,Sat,PEAK_MORNING,08:41,10:11,521,611,2,0,0,2,4.0,0.597,0,1,ST_gang,None / Manual Tools,MEDIUM,47,3.8,2,24.1,49.3,0
HIST-BLK-00850,SEC_C02_01,Visakhapatnam - Duvvada,Visakhapatnam,Traction,Insulator Washing & Replacement,150,2026-08-19,Wed,MIDDAY_FREIGHT_GAP,11:40,14:10,700,850,0,0,0,0,1.0,0.966,0,0,tower_wagon_crew,Tower Wagon,LOW,39,10.6,0,0.0,99.0,1
HIST-BLK-00851,SEC_C04_07,Razampeta - Koduru,Guntakal,Engineering,Turnout Overhaul,150,2026-08-20,Thu,EARLY_MORNING,04:30,07:00,270,420,0,0,0,0,1.0,0.999,0,1,track_gang,CSM Tamping Machine,CRITICAL,98,6.5,0,0.0,99.0,1
HIST-BLK-00852,SEC_C01_05,Ongole - Singarayakonda,Vijayawada,Engineering,Turnout Overhaul,195,2026-08-21,Fri,MIDDAY_FREIGHT_GAP,11:30,14:45,690,885,0,0,0,0,1.0,0.954,0,1,track_gang,CSM Tamping Machine,HIGH,79,7.4,0,0.0,99.0,1
HIST-BLK-00853,SEC_C04_01,Guntakal - Gooty,Guntakal,Traction,Contact Wire Height Regulation,180,2026-07-20,Mon,LATE_NIGHT,21:30,00:30,1290,1470,0,0,0,0,1.0,0.962,0,0,tower_wagon_crew,Tower Wagon,LOW,26,10.3,0,0.0,99.0,1
HIST-BLK-00854,SEC_C04_04,Kondapuram - Yerraguntla,Guntakal,Traction,Contact Wire Height Regulation,180,2026-08-14,Fri,LATE_NIGHT,21:30,00:30,1290,1470,0,0,0,0,1.0,0.93,0,1,tower_wagon_crew,Tower Wagon,LOW,40,5.3,0,0.0,99.0,1
HIST-BLK-00855,SEC_C03_05,Markapur Road - Giddalur,Guntur,Traction,Contact Wire Height Regulation,165,2026-08-09,Sun,AFTERNOON_SLOT,15:00,17:45,900,1065,0,0,0,0,1.0,0.99,0,1,tower_wagon_crew,Tower Wagon,LOW,26,9.4,0,0.0,99.0,1
HIST-BLK-00856,SEC_C04_05,Yerraguntla - Kadapa,Guntakal,S&T,Interlocking Inspection,75,2026-07-01,Wed,AFTERNOON_SLOT,15:39,16:54,939,1014,0,0,0,0,1.0,0.946,0,1,ST_gang,None / Manual Tools,LOW,28,4.4,0,0.0,99.0,1
HIST-BLK-00857,SEC_C04_07,Razampeta - Koduru,Guntakal,S&T,Signal Maintenance,90,2026-08-15,Sat,PEAK_MORNING,08:05,09:35,485,575,2,0,1,1,7.0,0.655,0,0,ST_gang,None / Manual Tools,LOW,39,6.5,2,38.0,34.8,0
HIST-BLK-00858,SEC_C01_07,Kavali - Nellore,Vijayawada,Engineering,Rail Renewal,210,2026-08-09,Sun,PEAK_EVENING,17:45,21:15,1065,1275,1,1,0,1,9.0,0.545,1,0,track_gang,CSM Tamping Machine,MEDIUM,49,2.8,2,58.9,5.0,0
HIST-BLK-00859,SEC_C02_10,Eluru - Vijayawada,Vijayawada,Engineering,Deep Screening Ballast,225,2026-08-17,Mon,NIGHT_MEGABLOCK,01:00,04:45,60,285,0,0,0,0,1.0,0.974,1,0,track_gang,Ballast Regulator,LOW,42,9.1,1,20.5,45.5,0
HIST-BLK-00860,SEC_C04_02,Gooty - Tadipatri,Guntakal,S&T,Cable Jointing & OFC,180,2026-07-04,Sat,NIGHT_MEGABLOCK,01:00,04:00,60,240,1,0,1,0,3.0,0.856,1,0,ST_gang,Testing Van,CRITICAL,90,4.4,2,41.6,6.6,0
HIST-BLK-00861,SEC_C01_01,Vijayawada - Tenali,Vijayawada,S&T,Track Circuit Testing,90,2026-07-23,Thu,NIGHT_MEGABLOCK,01:43,03:13,103,193,0,0,0,0,1.0,0.987,0,1,ST_gang,None / Manual Tools,CRITICAL,100,2.5,0,0.0,99.0,1
HIST-BLK-00862,SEC_C02_04,Tuni - Annavaram,Vijayawada,S&T,Interlocking Inspection,120,2026-07-02,Thu,LATE_NIGHT,21:35,23:35,1295,1415,0,0,0,0,1.0,0.937,0,0,ST_gang,None / Manual Tools,HIGH,72,4.7,0,0.0,99.0,1
HIST-BLK-00863,SEC_C02_05,Annavaram - Samalkot,Vijayawada,Traction,Substation Transformer Overhaul,225,2026-07-20,Mon,NIGHT_MEGABLOCK,01:00,04:45,60,285,2,0,0,2,8.0,0.568,1,0,specialist_team,None / Manual Tools,HIGH,78,3.9,3,59.3,5.0,0
HIST-BLK-00864,SEC_C03_01,Guntur - Narasaraopet,Guntur,S&T,Cable Jointing & OFC,150,2026-07-17,Fri,NIGHT_MEGABLOCK,01:15,03:45,75,225,0,0,0,0,1.0,0.949,0,0,ST_gang,Testing Van,MEDIUM,61,10.2,0,0.0,99.0,1
HIST-BLK-00865,SEC_C04_01,Guntakal - Gooty,Guntakal,Engineering,Weld Rectification,105,2026-07-14,Tue,PEAK_EVENING,18:40,20:25,1120,1225,4,0,1,3,8.0,0.081,0,0,track_gang,USFD Flaw Detector,MEDIUM,61,4.3,4,57.8,5.0,0
HIST-BLK-00866,SEC_C02_06,Samalkot - Rajahmundry,Vijayawada,S&T,Track Circuit Testing,45,2026-08-29,Sat,NIGHT_MEGABLOCK,03:12,03:57,192,237,0,0,0,0,1.0,0.935,0,0,ST_gang,None / Manual Tools,CRITICAL,95,8.4,0,0.0,99.0,1
HIST-BLK-00867,SEC_C03_03,Vinukonda - Donakonda,Guntur,Traction,OHE Inspection,150,2026-07-23,Thu,LATE_NIGHT,21:30,00:00,1290,1440,0,0,0,0,1.0,0.933,0,1,tower_wagon_crew,Tower Wagon,HIGH,80,11.1,0,0.0,99.0,1
HIST-BLK-00868,SEC_C04_06,Kadapa - Razampeta,Guntakal,Traction,Power Isolation Maintenance,150,2026-07-29,Wed,LATE_NIGHT,21:30,00:00,1290,1440,0,0,0,0,1.0,0.967,0,0,tower_wagon_crew,Tower Wagon,MEDIUM,68,4.2,0,0.0,99.0,1
HIST-BLK-00869,SEC_C03_04,Donakonda - Markapur Road,Guntur,S&T,Cable Jointing & OFC,150,2026-07-20,Mon,NIGHT_MEGABLOCK,01:29,03:59,89,239,0,0,0,0,1.0,0.981,1,0,ST_gang,Testing Van,LOW,36,4.3,1,23.7,44.6,0
HIST-BLK-00870,SEC_C02_03,Anakapalle - Tuni,Visakhapatnam,Traction,Power Isolation Maintenance,180,2026-08-26,Wed,AFTERNOON_SLOT,15:00,18:00,900,1080,1,1,0,1,9.0,0.627,0,0,tower_wagon_crew,Tower Wagon,LOW,26,3.0,1,40.8,5.0,0
HIST-BLK-00871,SEC_C01_06,Singarayakonda - Kavali,Vijayawada,S&T,Point Machine Overhaul,90,2026-07-30,Thu,MIDDAY_FREIGHT_GAP,11:51,13:21,711,801,0,0,0,0,1.0,0.957,0,0,ST_gang,Testing Van,MEDIUM,51,2.3,0,0.0,99.0,1
HIST-BLK-00872,SEC_C02_06,Samalkot - Rajahmundry,Vijayawada,S&T,Signal Maintenance,90,2026-07-16,Thu,EARLY_MORNING,05:13,06:43,313,403,2,0,0,2,6.0,0.6,0,0,ST_gang,None / Manual Tools,MEDIUM,45,6.4,2,34.2,38.0,0
HIST-BLK-00873,SEC_C04_07,Razampeta - Koduru,Guntakal,Traction,Contact Wire Height Regulation,180,2026-08-15,Sat,EARLY_MORNING,04:30,07:30,270,450,1,0,1,0,3.0,0.856,0,0,tower_wagon_crew,Tower Wagon,CRITICAL,88,5.7,1,20.3,69.7,0
HIST-BLK-00874,SEC_C04_04,Kondapuram - Yerraguntla,Guntakal,Traction,Contact Wire Height Regulation,195,2026-07-05,Sun,PEAK_MORNING,07:30,10:45,450,645,2,0,0,2,8.0,0.588,1,0,tower_wagon_crew,Tower Wagon,MEDIUM,63,3.4,3,50.9,5.0,0
HIST-BLK-00875,SEC_C01_01,Vijayawada - Tenali,Vijayawada,Traction,Insulator Washing & Replacement,120,2026-08-28,Fri,NIGHT_MEGABLOCK,01:41,03:41,101,221,1,0,1,0,3.0,0.83,0,0,tower_wagon_crew,Tower Wagon,CRITICAL,90,8.4,1,18.3,71.6,0
HIST-BLK-00876,SEC_C04_01,Guntakal - Gooty,Guntakal,Traction,Contact Wire Height Regulation,150,2026-07-17,Fri,MIDDAY_FREIGHT_GAP,11:35,14:05,695,845,0,0,0,0,1.0,0.933,0,1,tower_wagon_crew,Tower Wagon,MEDIUM,48,8.7,0,0.0,99.0,1
HIST-BLK-00877,SEC_C04_02,Gooty - Tadipatri,Guntakal,Engineering,Turnout Overhaul,180,2026-07-09,Thu,AFTERNOON_SLOT,15:00,18:00,900,1080,1,1,0,1,9.0,0.581,0,0,track_gang,CSM Tamping Machine,MEDIUM,45,5.7,1,31.1,16.1,0
HIST-BLK-00878,SEC_C01_08,Nellore - Gudur,Vijayawada,Traction,Contact Wire Height Regulation,195,2026-07-24,Fri,LATE_NIGHT,21:30,00:45,1290,1485,0,0,0,0,1.0,0.947,1,1,tower_wagon_crew,Tower Wagon,MEDIUM,56,6.0,1,26.4,52.1,0
HIST-BLK-00879,SEC_C01_06,Singarayakonda - Kavali,Vijayawada,Engineering,Track Maintenance,120,2026-08-30,Sun,PEAK_EVENING,19:00,21:00,1140,1260,4,1,1,3,10.0,0.05,0,0,track_gang,None / Manual Tools,MEDIUM,59,1.9,4,84.2,5.0,0
HIST-BLK-00880,SEC_C03_06,Giddalur - Nandyal,Guntur,S&T,Axle Counter Replacement,120,2026-08-13,Thu,PEAK_MORNING,08:19,10:19,499,619,1,0,0,1,4.0,0.862,0,0,ST_gang,Testing Van,MEDIUM,50,6.2,1,17.0,72.5,0
HIST-BLK-00881,SEC_C01_08,Nellore - Gudur,Vijayawada,S&T,Cable Jointing & OFC,120,2026-08-04,Tue,PEAK_EVENING,18:35,20:35,1115,1235,3,1,1,2,10.0,0.107,0,0,ST_gang,Testing Van,CRITICAL,88,4.4,3,74.2,5.0,0
HIST-BLK-00882,SEC_C04_06,Kadapa - Razampeta,Guntakal,Engineering,Track Maintenance,120,2026-07-24,Fri,NIGHT_MEGABLOCK,01:09,03:09,69,189,0,0,0,0,1.0,0.978,0,0,track_gang,None / Manual Tools,MEDIUM,48,2.3,0,0.0,99.0,1
HIST-BLK-00883,SEC_C03_02,Narasaraopet - Vinukonda,Guntur,S&T,Axle Counter Replacement,90,2026-07-12,Sun,PEAK_EVENING,18:17,19:47,1097,1187,2,0,1,1,8.0,0.674,0,0,ST_gang,Testing Van,MEDIUM,63,6.9,2,37.6,33.1,0
HIST-BLK-00884,SEC_C01_04,Chirala - Ongole,Vijayawada,S&T,Interlocking Inspection,90,2026-07-14,Tue,LATE_NIGHT,21:57,23:27,1317,1407,0,0,0,0,1.0,0.975,0,0,ST_gang,None / Manual Tools,HIGH,71,8.6,0,0.0,99.0,1
HIST-BLK-00885,SEC_C04_03,Tadipatri - Kondapuram,Guntakal,Engineering,Track Maintenance,120,2026-08-12,Wed,EARLY_MORNING,04:38,06:38,278,398,0,0,0,0,1.0,0.941,0,0,track_gang,None / Manual Tools,MEDIUM,65,1.7,0,0.0,99.0,1
HIST-BLK-00886,SEC_C01_05,Ongole - Singarayakonda,Vijayawada,Traction,Cantilever Adjustment,180,2026-08-15,Sat,AFTERNOON_SLOT,15:00,18:00,900,1080,0,0,0,0,1.0,0.986,0,0,tower_wagon_crew,Tower Wagon,MEDIUM,65,6.5,0,0.0,99.0,1
HIST-BLK-00887,SEC_C03_04,Donakonda - Markapur Road,Guntur,S&T,Track Circuit Testing,75,2026-08-22,Sat,MIDDAY_FREIGHT_GAP,11:49,13:04,709,784,1,0,0,1,6.0,0.826,0,1,ST_gang,None / Manual Tools,MEDIUM,51,5.6,1,15.8,76.4,0
HIST-BLK-00888,SEC_C01_06,Singarayakonda - Kavali,Vijayawada,Traction,Contact Wire Height Regulation,195,2026-07-23,Thu,NIGHT_MEGABLOCK,01:00,04:15,60,255,1,0,1,0,3.0,0.878,0,0,tower_wagon_crew,Tower Wagon,HIGH,79,6.4,1,19.3,72.8,0
HIST-BLK-00889,SEC_C03_05,Markapur Road - Giddalur,Guntur,Traction,Contact Wire Height Regulation,180,2026-08-18,Tue,NIGHT_MEGABLOCK,01:00,04:00,60,240,0,0,0,0,1.0,0.943,0,0,tower_wagon_crew,Tower Wagon,MEDIUM,52,5.5,0,0.0,99.0,1
HIST-BLK-00890,SEC_C01_08,Nellore - Gudur,Vijayawada,Engineering,Sleeper Replacement,165,2026-07-14,Tue,NIGHT_MEGABLOCK,01:09,03:54,69,234,1,0,1,0,3.0,0.796,0,0,track_gang,Ballast Regulator,MEDIUM,68,5.2,1,18.4,73.8,0
HIST-BLK-00891,SEC_C02_10,Eluru - Vijayawada,Vijayawada,S&T,Track Circuit Testing,105,2026-07-07,Tue,PEAK_EVENING,19:12,20:57,1152,1257,4,0,1,3,8.0,0.084,0,0,ST_gang,None / Manual Tools,HIGH,84,3.1,4,72.2,5.0,0
HIST-BLK-00892,SEC_C01_01,Vijayawada - Tenali,Vijayawada,Traction,Cantilever Adjustment,150,2026-08-11,Tue,EARLY_MORNING,04:30,07:00,270,420,0,0,0,0,1.0,0.975,0,0,tower_wagon_crew,Tower Wagon,CRITICAL,95,5.8,0,0.0,99.0,1
HIST-BLK-00893,SEC_C02_07,Rajahmundry - Nidadavolu,Vijayawada,Engineering,Weld Rectification,105,2026-08-02,Sun,NIGHT_MEGABLOCK,02:13,03:58,133,238,0,0,0,0,1.0,0.996,1,0,track_gang,USFD Flaw Detector,HIGH,77,8.7,1,29.3,35.4,0
HIST-BLK-00894,SEC_C04_01,Guntakal - Gooty,Guntakal,Traction,Insulator Washing & Replacement,105,2026-08-24,Mon,EARLY_MORNING,04:59,06:44,299,404,1,0,0,1,4.0,0.817,0,0,tower_wagon_crew,Tower Wagon,LOW,25,3.6,1,14.6,74.6,0
HIST-BLK-00895,SEC_C01_02,Tenali - Bapatla,Vijayawada,Engineering,Weld Rectification,90,2026-07-30,Thu,EARLY_MORNING,05:13,06:43,313,403,0,0,0,0,1.0,0.968,0,0,track_gang,USFD Flaw Detector,LOW,25,2.7,0,0.0,99.0,1
HIST-BLK-00896,SEC_C03_04,Donakonda - Markapur Road,Guntur,Engineering,Turnout Overhaul,180,2026-08-16,Sun,NIGHT_MEGABLOCK,01:00,04:00,60,240,1,0,1,0,3.0,0.783,0,0,track_gang,CSM Tamping Machine,MEDIUM,61,2.2,1,21.2,67.0,0
HIST-BLK-00897,SEC_C01_08,Nellore - Gudur,Vijayawada,Traction,Insulator Washing & Replacement,150,2026-08-04,Tue,PEAK_EVENING,17:46,20:16,1066,1216,5,0,1,4,7.0,0.094,0,0,tower_wagon_crew,Tower Wagon,HIGH,71,6.9,5,80.0,5.0,0
HIST-BLK-00898,SEC_C01_08,Nellore - Gudur,Vijayawada,Engineering,Turnout Overhaul,180,2026-08-18,Tue,LATE_NIGHT,21:30,00:30,1290,1470,0,0,0,0,1.0,0.983,0,0,track_gang,CSM Tamping Machine,MEDIUM,56,11.1,0,0.0,99.0,1
HIST-BLK-00899,SEC_C02_06,Samalkot - Rajahmundry,Vijayawada,S&T,Signal Maintenance,60,2026-08-11,Tue,PEAK_EVENING,18:03,19:03,1083,1143,5,0,1,4,8.0,0.163,0,0,ST_gang,None / Manual Tools,MEDIUM,55,9.8,5,78.0,5.0,0
HIST-BLK-00900,SEC_C01_03,Bapatla - Chirala,Vijayawada,Engineering,Turnout Overhaul,195,2026-07-19,Sun,NIGHT_MEGABLOCK,01:00,04:15,60,255,1,0,1,0,3.0,0.817,0,0,track_gang,CSM Tamping Machine,HIGH,79,7.5,1,20.8,70.4,0
HIST-BLK-00901,SEC_C03_01,Guntur - Narasaraopet,Guntur,Engineering,Deep Screening Ballast,240,2026-07-09,Thu,EARLY_MORNING,04:30,08:30,270,510,0,0,0,0,1.0,0.969,0,1,track_gang,Ballast Regulator,LOW,28,3.7,0,0.0,99.0,1
HIST-BLK-00902,SEC_C01_01,Vijayawada - Tenali,Vijayawada,S&T,Track Circuit Testing,105,2026-08-02,Sun,PEAK_EVENING,18:51,20:36,1131,1236,1,0,0,1,7.0,0.821,0,0,ST_gang,None / Manual Tools,MEDIUM,50,7.7,1,18.3,72.6,0
HIST-BLK-00903,SEC_C04_01,Guntakal - Gooty,Guntakal,S&T,Cable Jointing & OFC,135,2026-08-25,Tue,AFTERNOON_SLOT,15:15,17:30,915,1050,0,0,0,0,1.0,0.934,0,1,ST_gang,Testing Van,LOW,20,3.9,0,0.0,99.0,1
HIST-BLK-00904,SEC_C02_02,Duvvada - Anakapalle,Visakhapatnam,S&T,Interlocking Inspection,120,2026-08-20,Thu,NIGHT_MEGABLOCK,01:41,03:41,101,221,1,0,1,0,3.0,0.83,0,0,ST_gang,None / Manual Tools,MEDIUM,65,10.4,1,21.8,68.6,0
HIST-BLK-00905,SEC_C02_07,Rajahmundry - Nidadavolu,Vijayawada,Traction,Power Isolation Maintenance,180,2026-08-12,Wed,NIGHT_MEGABLOCK,01:00,04:00,60,240,0,0,0,0,1.0,0.928,0,0,tower_wagon_crew,Tower Wagon,HIGH,72,10.4,0,0.0,99.0,1
HIST-BLK-00906,SEC_C01_06,Singarayakonda - Kavali,Vijayawada,Engineering,Sleeper Replacement,195,2026-08-03,Mon,EARLY_MORNING,04:30,07:45,270,465,1,0,1,0,3.0,0.804,0,0,track_gang,Ballast Regulator,MEDIUM,50,4.1,1,24.6,64.3,0
HIST-BLK-00907,SEC_C01_03,Bapatla - Chirala,Vijayawada,Traction,Cantilever Adjustment,165,2026-07-18,Sat,NIGHT_MEGABLOCK,01:06,03:51,66,231,0,0,0,0,1.0,0.993,0,1,tower_wagon_crew,Tower Wagon,LOW,24,3.9,0,0.0,99.0,1
HIST-BLK-00908,SEC_C04_07,Razampeta - Koduru,Guntakal,S&T,Signal Maintenance,75,2026-08-26,Wed,LATE_NIGHT,21:33,22:48,1293,1368,0,0,0,0,1.0,0.971,0,0,ST_gang,None / Manual Tools,HIGH,73,2.5,0,0.0,99.0,1
HIST-BLK-00909,SEC_C04_08,Koduru - Renigunta,Guntakal,S&T,Interlocking Inspection,60,2026-08-07,Fri,MIDDAY_FREIGHT_GAP,13:20,14:20,800,860,1,0,0,1,8.0,0.87,0,1,ST_gang,None / Manual Tools,MEDIUM,59,10.0,1,17.1,74.7,0
HIST-BLK-00910,SEC_C01_01,Vijayawada - Tenali,Vijayawada,S&T,Axle Counter Replacement,135,2026-07-18,Sat,MIDDAY_FREIGHT_GAP,12:10,14:25,730,865,0,0,0,0,1.0,0.934,0,0,ST_gang,Testing Van,MEDIUM,61,4.3,0,0.0,99.0,1
HIST-BLK-00911,SEC_C03_04,Donakonda - Markapur Road,Guntur,S&T,Cable Jointing & OFC,165,2026-08-02,Sun,PEAK_MORNING,07:44,10:29,464,629,2,0,1,1,7.0,0.588,0,1,ST_gang,Testing Van,HIGH,85,9.5,2,37.7,30.5,0
HIST-BLK-00912,SEC_C04_05,Yerraguntla - Kadapa,Guntakal,S&T,Cable Jointing & OFC,180,2026-08-04,Tue,LATE_NIGHT,21:30,00:30,1290,1470,1,1,0,1,10.0,0.548,0,0,ST_gang,Testing Van,MEDIUM,69,4.7,1,34.4,13.6,0
HIST-BLK-00913,SEC_C02_06,Samalkot - Rajahmundry,Vijayawada,Traction,Substation Transformer Overhaul,225,2026-07-21,Tue,EARLY_MORNING,04:30,08:15,270,495,4,0,0,4,8.0,0.079,0,0,specialist_team,None / Manual Tools,HIGH,75,3.1,4,81.5,5.0,0
HIST-BLK-00914,SEC_C04_03,Tadipatri - Kondapuram,Guntakal,Traction,Cantilever Adjustment,135,2026-08-29,Sat,PEAK_MORNING,08:00,10:15,480,615,4,1,1,3,10.0,0.05,0,0,tower_wagon_crew,Tower Wagon,MEDIUM,68,7.4,4,72.0,5.0,0
HIST-BLK-00915,SEC_C01_04,Chirala - Ongole,Vijayawada,S&T,Track Circuit Testing,105,2026-08-21,Fri,EARLY_MORNING,04:59,06:44,299,404,1,1,0,1,9.0,0.607,0,0,ST_gang,None / Manual Tools,CRITICAL,97,4.2,1,25.5,24.2,0
HIST-BLK-00916,SEC_C04_01,Guntakal - Gooty,Guntakal,S&T,Interlocking Inspection,105,2026-08-17,Mon,EARLY_MORNING,04:43,06:28,283,388,1,0,0,1,4.0,0.842,1,0,ST_gang,None / Manual Tools,HIGH,78,4.9,2,43.8,5.1,0
HIST-BLK-00917,SEC_C01_03,Bapatla - Chirala,Vijayawada,Traction,Contact Wire Height Regulation,210,2026-08-28,Fri,PEAK_EVENING,17:45,21:15,1065,1275,1,0,0,1,8.0,0.829,1,1,tower_wagon_crew,Tower Wagon,HIGH,82,5.1,2,45.5,11.9,0
HIST-BLK-00918,SEC_C04_07,Razampeta - Koduru,Guntakal,Engineering,Deep Screening Ballast,180,2026-07-21,Tue,LATE_NIGHT,21:30,00:30,1290,1470,0,0,0,0,1.0,0.986,0,1,track_gang,Ballast Regulator,LOW,38,2.4,0,0.0,99.0,1
HIST-BLK-00919,SEC_C02_09,Tadepalligudem - Eluru,Vijayawada,Traction,Insulator Washing & Replacement,120,2026-08-14,Fri,NIGHT_MEGABLOCK,01:08,03:08,68,188,0,0,0,0,1.0,0.925,0,0,tower_wagon_crew,Tower Wagon,MEDIUM,67,5.3,0,0.0,99.0,1
HIST-BLK-00920,SEC_C02_06,Samalkot - Rajahmundry,Vijayawada,Engineering,Rail Renewal,240,2026-07-15,Wed,MIDDAY_FREIGHT_GAP,11:30,15:30,690,930,0,0,0,0,1.0,0.949,0,0,track_gang,CSM Tamping Machine,HIGH,78,1.7,0,0.0,99.0,1
HIST-BLK-00921,SEC_C04_03,Tadipatri - Kondapuram,Guntakal,S&T,Axle Counter Replacement,120,2026-08-21,Fri,NIGHT_MEGABLOCK,01:53,03:53,113,233,1,0,0,1,4.0,0.833,0,0,ST_gang,Testing Van,LOW,36,12.0,1,23.6,68.2,0
HIST-BLK-00922,SEC_C03_03,Vinukonda - Donakonda,Guntur,Traction,Contact Wire Height Regulation,180,2026-08-06,Thu,PEAK_MORNING,07:30,10:30,450,630,2,0,1,1,7.0,0.675,1,0,tower_wagon_crew,Tower Wagon,MEDIUM,62,10.4,3,58.5,5.0,0
HIST-BLK-00923,SEC_C02_05,Annavaram - Samalkot,Vijayawada,Engineering,Deep Screening Ballast,210,2026-08-22,Sat,PEAK_MORNING,07:30,11:00,450,660,1,0,0,1,8.0,0.827,1,0,track_gang,Ballast Regulator,LOW,43,3.4,2,46.1,5.0,0
HIST-BLK-00924,SEC_C04_04,Kondapuram - Yerraguntla,Guntakal,Engineering,Sleeper Replacement,195,2026-07-19,Sun,NIGHT_MEGABLOCK,01:00,04:15,60,255,0,0,0,0,1.0,0.951,0,0,track_gang,Ballast Regulator,CRITICAL,91,3.8,0,0.0,99.0,1
HIST-BLK-00925,SEC_C03_03,Vinukonda - Donakonda,Guntur,Traction,Contact Wire Height Regulation,210,2026-08-12,Wed,EARLY_MORNING,04:30,08:00,270,480,1,1,0,1,9.0,0.607,0,0,tower_wagon_crew,Tower Wagon,MEDIUM,56,7.6,1,28.0,20.6,0
HIST-BLK-00926,SEC_C01_07,Kavali - Nellore,Vijayawada,Engineering,Weld Rectification,105,2026-08-30,Sun,LATE_NIGHT,21:31,23:16,1291,1396,0,0,0,0,1.0,0.963,0,0,track_gang,USFD Flaw Detector,LOW,30,8.4,0,0.0,99.0,1
HIST-BLK-00927,SEC_C02_03,Anakapalle - Tuni,Visakhapatnam,S&T,Track Circuit Testing,60,2026-08-29,Sat,EARLY_MORNING,05:15,06:15,315,375,0,0,0,0,1.0,0.922,1,0,ST_gang,None / Manual Tools,LOW,34,1.8,1,28.0,39.6,0
HIST-BLK-00928,SEC_C02_06,Samalkot - Rajahmundry,Vijayawada,S&T,Signal Maintenance,60,2026-07-29,Wed,MIDDAY_FREIGHT_GAP,11:55,12:55,715,775,0,0,0,0,1.0,0.936,1,1,ST_gang,None / Manual Tools,HIGH,73,11.1,1,25.9,38.7,0
HIST-BLK-00929,SEC_C02_06,Samalkot - Rajahmundry,Vijayawada,Engineering,Sleeper Replacement,210,2026-08-08,Sat,PEAK_MORNING,07:30,11:00,450,660,4,0,1,3,7.0,0.198,0,0,track_gang,Ballast Regulator,MEDIUM,56,11.4,4,43.1,5.0,0
HIST-BLK-00930,SEC_C04_03,Tadipatri - Kondapuram,Guntakal,S&T,Signal Maintenance,60,2026-07-24,Fri,PEAK_MORNING,09:17,10:17,557,617,2,0,1,1,8.0,0.541,0,0,ST_gang,None / Manual Tools,MEDIUM,65,6.4,2,38.0,30.1,0
HIST-BLK-00931,SEC_C03_03,Vinukonda - Donakonda,Guntur,Engineering,Turnout Overhaul,165,2026-07-12,Sun,AFTERNOON_SLOT,15:00,17:45,900,1065,0,0,0,0,1.0,0.921,0,0,track_gang,CSM Tamping Machine,MEDIUM,49,2.1,0,0.0,99.0,1
HIST-BLK-00932,SEC_C03_01,Guntur - Narasaraopet,Guntur,S&T,Interlocking Inspection,90,2026-08-22,Sat,EARLY_MORNING,04:56,06:26,296,386,0,0,0,0,1.0,0.934,0,0,ST_gang,None / Manual Tools,LOW,24,3.4,0,0.0,99.0,1
HIST-BLK-00933,SEC_C01_08,Nellore - Gudur,Vijayawada,Engineering,Track Maintenance,120,2026-07-14,Tue,PEAK_MORNING,07:55,09:55,475,595,4,0,1,3,8.0,0.143,0,0,track_gang,None / Manual Tools,CRITICAL,86,1.9,4,72.9,5.0,0
HIST-BLK-00934,SEC_C01_03,Bapatla - Chirala,Vijayawada,Traction,Contact Wire Height Regulation,195,2026-08-16,Sun,AFTERNOON_SLOT,15:00,18:15,900,1095,0,0,0,0,1.0,0.934,0,1,tower_wagon_crew,Tower Wagon,CRITICAL,91,11.9,0,0.0,99.0,1
HIST-BLK-00935,SEC_C04_07,Razampeta - Koduru,Guntakal,S&T,Axle Counter Replacement,135,2026-07-29,Wed,EARLY_MORNING,04:30,06:45,270,405,0,0,0,0,1.0,0.945,1,0,ST_gang,Testing Van,HIGH,78,5.3,1,24.2,43.9,0
HIST-BLK-00936,SEC_C04_07,Razampeta - Koduru,Guntakal,S&T,Cable Jointing & OFC,165,2026-07-13,Mon,EARLY_MORNING,04:30,07:15,270,435,0,0,0,0,1.0,0.938,0,1,ST_gang,Testing Van,CRITICAL,88,2.5,0,0.0,99.0,1
HIST-BLK-00937,SEC_C01_07,Kavali - Nellore,Vijayawada,Engineering,Turnout Overhaul,180,2026-07-12,Sun,PEAK_EVENING,17:54,20:54,1074,1254,4,0,1,3,8.0,0.15,0,0,track_gang,CSM Tamping Machine,MEDIUM,63,10.9,4,54.1,5.0,0
HIST-BLK-00938,SEC_C02_02,Duvvada - Anakapalle,Visakhapatnam,Traction,Substation Transformer Overhaul,210,2026-08-17,Mon,LATE_NIGHT,21:30,01:00,1290,1500,0,0,0,0,1.0,0.924,1,0,specialist_team,None / Manual Tools,HIGH,75,10.3,1,18.6,48.6,0
HIST-BLK-00939,SEC_C01_01,Vijayawada - Tenali,Vijayawada,Traction,Contact Wire Height Regulation,180,2026-08-24,Mon,PEAK_MORNING,07:30,10:30,450,630,1,0,1,0,3.0,0.799,0,0,tower_wagon_crew,Tower Wagon,LOW,38,6.3,1,19.6,70.2,0
HIST-BLK-00940,SEC_C02_10,Eluru - Vijayawada,Vijayawada,Traction,Insulator Washing & Replacement,120,2026-07-22,Wed,EARLY_MORNING,04:38,06:38,278,398,0,0,0,0,1.0,0.947,0,0,tower_wagon_crew,Tower Wagon,LOW,44,8.5,0,0.0,99.0,1
HIST-BLK-00941,SEC_C02_09,Tadepalligudem - Eluru,Vijayawada,Engineering,Rail Renewal,240,2026-08-11,Tue,NIGHT_MEGABLOCK,01:00,05:00,60,300,0,0,0,0,1.0,0.93,0,1,track_gang,CSM Tamping Machine,HIGH,84,9.0,0,0.0,99.0,1
HIST-BLK-00942,SEC_C03_05,Markapur Road - Giddalur,Guntur,S&T,Axle Counter Replacement,120,2026-08-05,Wed,NIGHT_MEGABLOCK,01:55,03:55,115,235,0,0,0,0,1.0,0.935,0,0,ST_gang,Testing Van,MEDIUM,61,3.8,0,0.0,99.0,1
HIST-BLK-00943,SEC_C03_05,Markapur Road - Giddalur,Guntur,Traction,Insulator Washing & Replacement,105,2026-08-06,Thu,LATE_NIGHT,21:46,23:31,1306,1411,0,0,0,0,1.0,0.984,0,0,tower_wagon_crew,Tower Wagon,HIGH,77,3.3,0,0.0,99.0,1
HIST-BLK-00944,SEC_C02_03,Anakapalle - Tuni,Visakhapatnam,Traction,Substation Transformer Overhaul,255,2026-07-15,Wed,LATE_NIGHT,21:30,01:45,1290,1545,0,0,0,0,1.0,0.977,0,1,specialist_team,None / Manual Tools,MEDIUM,64,2.0,0,0.0,99.0,1
HIST-BLK-00945,SEC_C04_02,Gooty - Tadipatri,Guntakal,S&T,Axle Counter Replacement,135,2026-07-27,Mon,MIDDAY_FREIGHT_GAP,11:59,14:14,719,854,0,0,0,0,1.0,0.946,1,0,ST_gang,Testing Van,MEDIUM,54,7.3,1,19.7,50.4,0
HIST-BLK-00946,SEC_C01_05,Ongole - Singarayakonda,Vijayawada,Engineering,Sleeper Replacement,165,2026-07-10,Fri,MIDDAY_FREIGHT_GAP,11:35,14:20,695,860,0,0,0,0,1.0,0.981,0,1,track_gang,Ballast Regulator,MEDIUM,52,5.9,0,0.0,99.0,1
HIST-BLK-00947,SEC_C02_08,Nidadavolu - Tadepalligudem,Vijayawada,S&T,Signal Maintenance,45,2026-08-30,Sun,PEAK_MORNING,08:05,08:50,485,530,1,0,0,1,8.0,0.869,0,0,ST_gang,None / Manual Tools,CRITICAL,97,3.7,1,11.7,80.2,0
HIST-BLK-00948,SEC_C03_03,Vinukonda - Donakonda,Guntur,Engineering,Deep Screening Ballast,180,2026-08-03,Mon,PEAK_MORNING,07:30,10:30,450,630,2,0,1,1,8.0,0.542,0,0,track_gang,Ballast Regulator,HIGH,73,3.1,2,42.6,27.0,0
HIST-BLK-00949,SEC_C03_04,Donakonda - Markapur Road,Guntur,S&T,Signal Maintenance,60,2026-08-23,Sun,PEAK_MORNING,07:44,08:44,464,524,5,0,1,4,7.0,0.181,0,0,ST_gang,None / Manual Tools,MEDIUM,60,2.6,5,92.9,5.0,0
HIST-BLK-00950,SEC_C03_06,Giddalur - Nandyal,Guntur,Engineering,Deep Screening Ballast,210,2026-08-23,Sun,PEAK_EVENING,17:45,21:15,1065,1275,5,0,1,4,7.0,0.18,0,0,track_gang,Ballast Regulator,HIGH,78,5.0,5,83.8,5.0,0
HIST-BLK-00951,SEC_C03_05,Markapur Road - Giddalur,Guntur,Engineering,Track Maintenance,90,2026-08-15,Sat,LATE_NIGHT,22:01,23:31,1321,1411,1,0,1,0,3.0,0.829,0,0,track_gang,None / Manual Tools,MEDIUM,66,10.2,1,17.4,74.2,0
HIST-BLK-00952,SEC_C04_01,Guntakal - Gooty,Guntakal,Traction,Insulator Washing & Replacement,150,2026-07-25,Sat,NIGHT_MEGABLOCK,01:19,03:49,79,229,1,0,1,0,3.0,0.864,0,1,tower_wagon_crew,Tower Wagon,MEDIUM,48,9.5,1,19.1,83.2,0
HIST-BLK-00953,SEC_C04_03,Tadipatri - Kondapuram,Guntakal,S&T,Cable Jointing & OFC,180,2026-07-03,Fri,PEAK_MORNING,07:30,10:30,450,630,5,0,1,4,7.0,0.191,0,0,ST_gang,Testing Van,MEDIUM,65,11.0,5,59.8,5.0,0
HIST-BLK-00954,SEC_C03_04,Donakonda - Markapur Road,Guntur,Engineering,Rail Renewal,240,2026-08-21,Fri,NIGHT_MEGABLOCK,01:00,05:00,60,300,0,0,0,0,1.0,0.988,0,0,track_gang,CSM Tamping Machine,HIGH,81,4.4,0,0.0,99.0,1
HIST-BLK-00955,SEC_C03_03,Vinukonda - Donakonda,Guntur,S&T,Cable Jointing & OFC,180,2026-07-17,Fri,LATE_NIGHT,21:30,00:30,1290,1470,0,0,0,0,1.0,0.937,0,0,ST_gang,Testing Van,MEDIUM,62,9.4,0,0.0,99.0,1
HIST-BLK-00956,SEC_C02_04,Tuni - Annavaram,Vijayawada,S&T,Signal Maintenance,60,2026-07-23,Thu,AFTERNOON_SLOT,16:08,17:08,968,1028,0,0,0,0,1.0,0.979,0,0,ST_gang,None / Manual Tools,MEDIUM,52,11.1,0,0.0,99.0,1
HIST-BLK-00957,SEC_C04_02,Gooty - Tadipatri,Guntakal,S&T,Interlocking Inspection,90,2026-08-10,Mon,EARLY_MORNING,05:18,06:48,318,408,0,0,0,0,1.0,0.951,0,0,ST_gang,None / Manual Tools,HIGH,85,10.9,0,0.0,99.0,1
HIST-BLK-00958,SEC_C02_03,Anakapalle - Tuni,Visakhapatnam,S&T,Signal Maintenance,45,2026-07-13,Mon,AFTERNOON_SLOT,15:39,16:24,939,984,0,0,0,0,1.0,0.993,0,0,ST_gang,None / Manual Tools,MEDIUM,62,3.4,0,0.0,99.0,1
HIST-BLK-00959,SEC_C01_05,Ongole - Singarayakonda,Vijayawada,Engineering,Track Maintenance,90,2026-08-15,Sat,AFTERNOON_SLOT,15:58,17:28,958,1048,0,0,0,0,1.0,0.99,1,0,track_gang,None / Manual Tools,HIGH,78,5.2,1,17.0,51.8,0
HIST-BLK-00960,SEC_C03_01,Guntur - Narasaraopet,Guntur,Traction,Insulator Washing & Replacement,90,2026-07-21,Tue,EARLY_MORNING,04:58,06:28,298,388,0,0,0,0,1.0,0.986,0,0,tower_wagon_crew,Tower Wagon,HIGH,74,6.7,0,0.0,99.0,1
HIST-BLK-00961,SEC_C02_07,Rajahmundry - Nidadavolu,Vijayawada,Engineering,Turnout Overhaul,180,2026-08-11,Tue,LATE_NIGHT,21:30,00:30,1290,1470,1,0,0,1,4.0,0.802,0,0,track_gang,CSM Tamping Machine,CRITICAL,89,6.6,1,21.4,68.6,0
HIST-BLK-00962,SEC_C02_05,Annavaram - Samalkot,Vijayawada,S&T,Point Machine Overhaul,105,2026-08-07,Fri,MIDDAY_FREIGHT_GAP,12:43,14:28,763,868,0,0,0,0,1.0,0.991,0,0,ST_gang,Testing Van,LOW,43,5.3,0,0.0,99.0,1
HIST-BLK-00963,SEC_C04_04,Kondapuram - Yerraguntla,Guntakal,S&T,Track Circuit Testing,60,2026-07-21,Tue,AFTERNOON_SLOT,15:45,16:45,945,1005,0,0,0,0,1.0,0.926,0,0,ST_gang,None / Manual Tools,MEDIUM,55,4.1,0,0.0,99.0,1
HIST-BLK-00964,SEC_C02_01,Visakhapatnam - Duvvada,Visakhapatnam,Engineering,Weld Rectification,120,2026-07-31,Fri,AFTERNOON_SLOT,15:10,17:10,910,1030,0,0,0,0,1.0,0.928,0,0,track_gang,USFD Flaw Detector,MEDIUM,52,8.3,0,0.0,99.0,1
HIST-BLK-00965,SEC_C02_07,Rajahmundry - Nidadavolu,Vijayawada,S&T,Track Circuit Testing,90,2026-08-23,Sun,NIGHT_MEGABLOCK,01:58,03:28,118,208,0,0,0,0,1.0,0.96,1,0,ST_gang,None / Manual Tools,HIGH,75,8.3,1,28.4,38.0,0
HIST-BLK-00966,SEC_C02_02,Duvvada - Anakapalle,Visakhapatnam,Engineering,Deep Screening Ballast,210,2026-07-05,Sun,PEAK_EVENING,17:45,21:15,1065,1275,4,0,1,3,7.0,0.157,0,1,track_gang,Ballast Regulator,HIGH,74,6.2,4,64.0,5.0,0
HIST-BLK-00967,SEC_C03_04,Donakonda - Markapur Road,Guntur,Engineering,Weld Rectification,105,2026-08-30,Sun,MIDDAY_FREIGHT_GAP,11:48,13:33,708,813,1,0,0,1,6.0,0.857,0,1,track_gang,USFD Flaw Detector,LOW,38,7.9,1,20.4,80.0,0
HIST-BLK-00968,SEC_C01_08,Nellore - Gudur,Vijayawada,Engineering,Weld Rectification,60,2026-08-03,Mon,MIDDAY_FREIGHT_GAP,13:03,14:03,783,843,0,0,0,0,1.0,0.933,0,1,track_gang,USFD Flaw Detector,HIGH,75,11.3,0,0.0,99.0,1
HIST-BLK-00969,SEC_C03_04,Donakonda - Markapur Road,Guntur,Engineering,Track Maintenance,120,2026-08-06,Thu,PEAK_EVENING,18:34,20:34,1114,1234,5,1,1,4,10.0,0.05,1,0,track_gang,None / Manual Tools,MEDIUM,50,8.9,6,120.0,5.0,0
HIST-BLK-00970,SEC_C02_07,Rajahmundry - Nidadavolu,Vijayawada,S&T,Cable Jointing & OFC,180,2026-07-06,Mon,PEAK_MORNING,07:30,10:30,450,630,1,0,0,1,7.0,0.825,1,0,ST_gang,Testing Van,CRITICAL,90,11.8,2,38.2,10.0,0
HIST-BLK-00971,SEC_C01_01,Vijayawada - Tenali,Vijayawada,Engineering,Rail Renewal,240,2026-07-20,Mon,NIGHT_MEGABLOCK,01:00,05:00,60,300,0,0,0,0,1.0,0.965,0,1,track_gang,CSM Tamping Machine,HIGH,72,8.0,0,0.0,99.0,1
HIST-BLK-00972,SEC_C02_06,Samalkot - Rajahmundry,Vijayawada,S&T,Signal Maintenance,90,2026-08-28,Fri,EARLY_MORNING,05:08,06:38,308,398,1,0,0,1,6.0,0.817,0,0,ST_gang,None / Manual Tools,HIGH,84,3.4,1,14.0,79.1,0
HIST-BLK-00973,SEC_C01_02,Tenali - Bapatla,Vijayawada,Traction,OHE Inspection,135,2026-08-26,Wed,LATE_NIGHT,21:30,23:45,1290,1425,0,0,0,0,1.0,0.985,1,0,tower_wagon_crew,Tower Wagon,HIGH,79,7.7,1,17.5,49.7,0
HIST-BLK-00974,SEC_C02_05,Annavaram - Samalkot,Vijayawada,Traction,Power Isolation Maintenance,195,2026-08-28,Fri,PEAK_MORNING,07:30,10:45,450,645,5,0,1,4,8.0,0.168,0,0,tower_wagon_crew,Tower Wagon,LOW,41,5.3,5,61.7,5.0,0
HIST-BLK-00975,SEC_C02_05,Annavaram - Samalkot,Vijayawada,S&T,Signal Maintenance,60,2026-07-04,Sat,MIDDAY_FREIGHT_GAP,13:13,14:13,793,853,0,0,0,0,1.0,0.987,0,1,ST_gang,None / Manual Tools,MEDIUM,69,7.0,0,0.0,99.0,1
HIST-BLK-00976,SEC_C03_03,Vinukonda - Donakonda,Guntur,Traction,Insulator Washing & Replacement,135,2026-08-14,Fri,AFTERNOON_SLOT,15:12,17:27,912,1047,0,0,0,0,1.0,0.981,0,0,tower_wagon_crew,Tower Wagon,MEDIUM,54,3.6,0,0.0,99.0,1
HIST-BLK-00977,SEC_C04_04,Kondapuram - Yerraguntla,Guntakal,S&T,Axle Counter Replacement,120,2026-07-06,Mon,MIDDAY_FREIGHT_GAP,11:31,13:31,691,811,0,0,0,0,1.0,0.959,0,0,ST_gang,Testing Van,HIGH,85,11.9,0,0.0,99.0,1
HIST-BLK-00978,SEC_C01_04,Chirala - Ongole,Vijayawada,Traction,OHE Inspection,105,2026-08-30,Sun,NIGHT_MEGABLOCK,01:39,03:24,99,204,0,0,0,0,1.0,0.98,0,0,tower_wagon_crew,Tower Wagon,MEDIUM,50,7.1,0,0.0,99.0,1
HIST-BLK-00979,SEC_C03_02,Narasaraopet - Vinukonda,Guntur,S&T,Point Machine Overhaul,90,2026-08-04,Tue,NIGHT_MEGABLOCK,02:27,03:57,147,237,0,0,0,0,1.0,0.979,0,0,ST_gang,Testing Van,MEDIUM,50,2.0,0,0.0,99.0,1
HIST-BLK-00980,SEC_C04_06,Kadapa - Razampeta,Guntakal,Engineering,Turnout Overhaul,210,2026-07-21,Tue,NIGHT_MEGABLOCK,01:00,04:30,60,270,0,0,0,0,1.0,0.96,1,0,track_gang,CSM Tamping Machine,MEDIUM,64,3.7,1,25.3,44.0,0
HIST-BLK-00981,SEC_C01_01,Vijayawada - Tenali,Vijayawada,Engineering,Deep Screening Ballast,210,2026-07-12,Sun,MIDDAY_FREIGHT_GAP,11:30,15:00,690,900,0,0,0,0,1.0,0.986,1,1,track_gang,Ballast Regulator,HIGH,82,4.1,1,25.0,54.6,0
HIST-BLK-00982,SEC_C04_04,Kondapuram - Yerraguntla,Guntakal,Traction,Insulator Washing & Replacement,150,2026-08-25,Tue,PEAK_EVENING,18:04,20:34,1084,1234,3,0,1,2,8.0,0.332,0,0,tower_wagon_crew,Tower Wagon,CRITICAL,99,11.0,3,56.0,5.0,0
HIST-BLK-00983,SEC_C01_01,Vijayawada - Tenali,Vijayawada,Traction,Substation Transformer Overhaul,240,2026-07-03,Fri,PEAK_EVENING,17:45,21:45,1065,1305,2,0,0,2,7.0,0.638,0,0,specialist_team,None / Manual Tools,CRITICAL,97,2.7,2,46.0,23.5,0
HIST-BLK-00984,SEC_C02_04,Tuni - Annavaram,Vijayawada,Traction,Cantilever Adjustment,135,2026-08-30,Sun,PEAK_EVENING,18:01,20:16,1081,1216,5,1,1,4,10.0,0.05,1,1,tower_wagon_crew,Tower Wagon,LOW,28,10.1,6,134.7,5.0,0
HIST-BLK-00985,SEC_C02_01,Visakhapatnam - Duvvada,Visakhapatnam,Traction,OHE Inspection,120,2026-07-31,Fri,NIGHT_MEGABLOCK,01:07,03:07,67,187,1,0,1,0,3.0,0.863,0,0,tower_wagon_crew,Tower Wagon,HIGH,72,6.1,1,15.4,77.3,0
HIST-BLK-00986,SEC_C01_03,Bapatla - Chirala,Vijayawada,Traction,Insulator Washing & Replacement,105,2026-08-19,Wed,EARLY_MORNING,04:50,06:35,290,395,0,0,0,0,1.0,0.924,0,0,tower_wagon_crew,Tower Wagon,CRITICAL,88,11.2,0,0.0,99.0,1
HIST-BLK-00987,SEC_C02_05,Annavaram - Samalkot,Vijayawada,Traction,OHE Inspection,120,2026-07-25,Sat,EARLY_MORNING,05:00,07:00,300,420,0,0,0,0,1.0,0.943,0,0,tower_wagon_crew,Tower Wagon,CRITICAL,88,9.1,0,0.0,99.0,1
HIST-BLK-00988,SEC_C04_05,Yerraguntla - Kadapa,Guntakal,Engineering,Turnout Overhaul,195,2026-08-03,Mon,PEAK_MORNING,07:30,10:45,450,645,1,0,1,0,3.0,0.836,1,0,track_gang,CSM Tamping Machine,CRITICAL,91,5.8,2,47.4,5.0,0
HIST-BLK-00989,SEC_C03_03,Vinukonda - Donakonda,Guntur,S&T,Signal Maintenance,45,2026-08-27,Thu,NIGHT_MEGABLOCK,01:59,02:44,119,164,1,0,1,0,3.0,0.78,0,1,ST_gang,None / Manual Tools,CRITICAL,92,3.9,1,16.5,74.1,0
HIST-BLK-00990,SEC_C01_05,Ongole - Singarayakonda,Vijayawada,Engineering,Deep Screening Ballast,210,2026-08-29,Sat,AFTERNOON_SLOT,15:00,18:30,900,1110,0,0,0,0,1.0,0.972,0,0,track_gang,Ballast Regulator,HIGH,82,8.7,0,0.0,99.0,1
HIST-BLK-00991,SEC_C03_05,Markapur Road - Giddalur,Guntur,Traction,Contact Wire Height Regulation,180,2026-08-28,Fri,EARLY_MORNING,04:30,07:30,270,450,0,0,0,0,1.0,0.956,1,0,tower_wagon_crew,Tower Wagon,LOW,27,3.3,1,29.5,39.2,0
HIST-BLK-00992,SEC_C02_03,Anakapalle - Tuni,Visakhapatnam,S&T,Cable Jointing & OFC,120,2026-07-28,Tue,LATE_NIGHT,21:39,23:39,1299,1419,1,0,1,0,3.0,0.826,0,0,ST_gang,Testing Van,MEDIUM,62,2.8,1,20.3,68.7,0
HIST-BLK-00993,SEC_C04_02,Gooty - Tadipatri,Guntakal,S&T,Axle Counter Replacement,120,2026-08-16,Sun,MIDDAY_FREIGHT_GAP,11:58,13:58,718,838,0,0,0,0,1.0,0.996,0,0,ST_gang,Testing Van,HIGH,80,9.1,0,0.0,99.0,1
HIST-BLK-00994,SEC_C02_06,Samalkot - Rajahmundry,Vijayawada,Traction,Power Isolation Maintenance,195,2026-07-13,Mon,LATE_NIGHT,21:30,00:45,1290,1485,0,0,0,0,1.0,0.983,0,0,tower_wagon_crew,Tower Wagon,HIGH,84,5.8,0,0.0,99.0,1
HIST-BLK-00995,SEC_C02_06,Samalkot - Rajahmundry,Vijayawada,S&T,Point Machine Overhaul,90,2026-07-07,Tue,AFTERNOON_SLOT,15:41,17:11,941,1031,0,0,0,0,1.0,0.956,0,0,ST_gang,Testing Van,LOW,44,3.6,0,0.0,99.0,1
HIST-BLK-00996,SEC_C02_03,Anakapalle - Tuni,Visakhapatnam,Traction,Contact Wire Height Regulation,195,2026-07-28,Tue,EARLY_MORNING,04:30,07:45,270,465,1,0,0,1,8.0,0.874,0,0,tower_wagon_crew,Tower Wagon,CRITICAL,89,4.4,1,25.2,65.6,0
HIST-BLK-00997,SEC_C02_02,Duvvada - Anakapalle,Visakhapatnam,Traction,Contact Wire Height Regulation,195,2026-08-20,Thu,LATE_NIGHT,21:30,00:45,1290,1485,1,0,1,0,3.0,0.821,0,0,tower_wagon_crew,Tower Wagon,HIGH,74,7.9,1,25.4,64.1,0
HIST-BLK-00998,SEC_C01_03,Bapatla - Chirala,Vijayawada,Traction,OHE Inspection,90,2026-07-06,Mon,NIGHT_MEGABLOCK,01:01,02:31,61,151,0,0,0,0,1.0,0.99,0,0,tower_wagon_crew,Tower Wagon,HIGH,72,3.6,0,0.0,99.0,1
HIST-BLK-00999,SEC_C02_06,Samalkot - Rajahmundry,Vijayawada,S&T,Signal Maintenance,60,2026-08-09,Sun,PEAK_MORNING,08:44,09:44,524,584,5,0,1,4,7.0,0.093,1,0,ST_gang,None / Manual Tools,CRITICAL,94,3.2,6,77.6,5.0,0
HIST-BLK-01000,SEC_C04_07,Razampeta - Koduru,Guntakal,Traction,Cantilever Adjustment,180,2026-08-24,Mon,EARLY_MORNING,04:30,07:30,270,450,1,0,1,0,3.0,0.878,0,1,tower_wagon_crew,Tower Wagon,MEDIUM,49,1.9,1,25.8,74.5,0
HIST-BLK-01001,SEC_C04_07,Razampeta - Koduru,Guntakal,Engineering,Track Maintenance,135,2026-08-14,Fri,LATE_NIGHT,21:30,23:45,1290,1425,0,0,0,0,1.0,0.955,0,0,track_gang,None / Manual Tools,MEDIUM,59,11.4,0,0.0,99.0,1
HIST-BLK-01002,SEC_C03_04,Donakonda - Markapur Road,Guntur,Engineering,Rail Renewal,210,2026-07-12,Sun,EARLY_MORNING,04:30,08:00,270,480,0,0,0,0,1.0,0.97,1,0,track_gang,CSM Tamping Machine,MEDIUM,49,11.6,1,18.0,51.5,0
HIST-BLK-01003,SEC_C03_01,Guntur - Narasaraopet,Guntur,Traction,OHE Inspection,120,2026-08-08,Sat,LATE_NIGHT,21:45,23:45,1305,1425,1,0,1,0,3.0,0.869,0,0,tower_wagon_crew,Tower Wagon,HIGH,75,6.9,1,23.8,68.8,0
HIST-BLK-01004,SEC_C01_02,Tenali - Bapatla,Vijayawada,S&T,Track Circuit Testing,60,2026-07-04,Sat,PEAK_EVENING,18:46,19:46,1126,1186,2,1,0,2,9.0,0.376,0,0,ST_gang,None / Manual Tools,HIGH,83,11.9,2,52.8,5.0,0
HIST-BLK-01005,SEC_C01_03,Bapatla - Chirala,Vijayawada,Engineering,Weld Rectification,60,2026-08-17,Mon,AFTERNOON_SLOT,15:02,16:02,902,962,0,0,0,0,1.0,0.944,0,1,track_gang,USFD Flaw Detector,HIGH,85,8.6,0,0.0,99.0,1
HIST-BLK-01006,SEC_C03_04,Donakonda - Markapur Road,Guntur,S&T,Interlocking Inspection,90,2026-07-27,Mon,PEAK_EVENING,18:28,19:58,1108,1198,3,0,1,2,8.0,0.36,1,0,ST_gang,None / Manual Tools,HIGH,78,8.6,4,81.4,5.0,0
HIST-BLK-01007,SEC_C01_08,Nellore - Gudur,Vijayawada,Engineering,Turnout Overhaul,150,2026-07-16,Thu,NIGHT_MEGABLOCK,01:05,03:35,65,215,0,0,0,0,1.0,0.932,1,1,track_gang,CSM Tamping Machine,MEDIUM,69,9.1,1,26.0,49.6,0
HIST-BLK-01008,SEC_C01_05,Ongole - Singarayakonda,Vijayawada,Engineering,Weld Rectification,120,2026-08-25,Tue,MIDDAY_FREIGHT_GAP,12:10,14:10,730,850,1,0,0,1,8.0,0.867,0,1,track_gang,USFD Flaw Detector,MEDIUM,48,3.0,1,23.2,79.6,0
HIST-BLK-01009,SEC_C02_04,Tuni - Annavaram,Vijayawada,Engineering,Deep Screening Ballast,180,2026-07-01,Wed,MIDDAY_FREIGHT_GAP,11:30,14:30,690,870,0,0,0,0,1.0,0.983,0,0,track_gang,Ballast Regulator,HIGH,71,8.1,0,0.0,99.0,1
HIST-BLK-01010,SEC_C02_05,Annavaram - Samalkot,Vijayawada,Traction,Contact Wire Height Regulation,195,2026-08-15,Sat,EARLY_MORNING,04:30,07:45,270,465,0,0,0,0,1.0,0.958,0,1,tower_wagon_crew,Tower Wagon,MEDIUM,63,3.4,0,0.0,99.0,1
HIST-BLK-01011,SEC_C02_04,Tuni - Annavaram,Vijayawada,Engineering,Rail Renewal,225,2026-08-26,Wed,AFTERNOON_SLOT,15:00,18:45,900,1125,0,0,0,0,1.0,0.966,0,1,track_gang,CSM Tamping Machine,HIGH,73,3.5,0,0.0,99.0,1
HIST-BLK-01012,SEC_C02_07,Rajahmundry - Nidadavolu,Vijayawada,Engineering,Sleeper Replacement,210,2026-08-23,Sun,AFTERNOON_SLOT,15:00,18:30,900,1110,0,0,0,0,1.0,0.944,0,0,track_gang,Ballast Regulator,HIGH,79,5.1,0,0.0,99.0,1
HIST-BLK-01013,SEC_C01_01,Vijayawada - Tenali,Vijayawada,Traction,Substation Transformer Overhaul,240,2026-07-19,Sun,LATE_NIGHT,21:30,01:30,1290,1530,1,0,0,1,7.0,0.796,0,0,specialist_team,None / Manual Tools,CRITICAL,93,8.0,1,28.2,58.0,0
HIST-BLK-01014,SEC_C04_05,Yerraguntla - Kadapa,Guntakal,Engineering,Deep Screening Ballast,240,2026-07-06,Mon,PEAK_MORNING,07:30,11:30,450,690,1,0,1,0,3.0,0.839,0,0,track_gang,Ballast Regulator,LOW,31,11.6,1,25.7,65.1,0
HIST-BLK-01015,SEC_C03_03,Vinukonda - Donakonda,Guntur,S&T,Track Circuit Testing,105,2026-08-21,Fri,MIDDAY_FREIGHT_GAP,12:17,14:02,737,842,0,0,0,0,1.0,0.96,0,0,ST_gang,None / Manual Tools,MEDIUM,55,3.9,0,0.0,99.0,1
HIST-BLK-01016,SEC_C03_05,Markapur Road - Giddalur,Guntur,S&T,Axle Counter Replacement,120,2026-07-21,Tue,LATE_NIGHT,21:42,23:42,1302,1422,0,0,0,0,1.0,0.992,0,0,ST_gang,Testing Van,HIGH,74,11.5,0,0.0,99.0,1
HIST-BLK-01017,SEC_C03_03,Vinukonda - Donakonda,Guntur,S&T,Cable Jointing & OFC,135,2026-07-26,Sun,PEAK_MORNING,07:30,09:45,450,585,1,1,0,1,10.0,0.573,1,0,ST_gang,Testing Van,MEDIUM,50,3.8,2,53.5,5.0,0
HIST-BLK-01018,SEC_C04_08,Koduru - Renigunta,Guntakal,S&T,Point Machine Overhaul,90,2026-08-23,Sun,LATE_NIGHT,22:05,23:35,1325,1415,0,0,0,0,1.0,0.935,0,0,ST_gang,Testing Van,MEDIUM,60,3.2,0,0.0,99.0,1
HIST-BLK-01019,SEC_C01_04,Chirala - Ongole,Vijayawada,S&T,Signal Maintenance,45,2026-08-30,Sun,PEAK_MORNING,09:32,10:17,572,617,4,1,1,3,10.0,0.05,0,1,ST_gang,None / Manual Tools,HIGH,76,4.7,4,66.4,5.0,0
HIST-BLK-01020,SEC_C04_04,Kondapuram - Yerraguntla,Guntakal,Traction,OHE Inspection,135,2026-07-09,Thu,AFTERNOON_SLOT,15:09,17:24,909,1044,0,0,0,0,1.0,0.947,0,0,tower_wagon_crew,Tower Wagon,HIGH,74,2.2,0,0.0,99.0,1
HIST-BLK-01021,SEC_C04_03,Tadipatri - Kondapuram,Guntakal,Engineering,Turnout Overhaul,180,2026-08-14,Fri,EARLY_MORNING,04:30,07:30,270,450,0,0,0,0,1.0,0.993,0,0,track_gang,CSM Tamping Machine,LOW,40,9.8,0,0.0,99.0,1
HIST-BLK-01022,SEC_C03_04,Donakonda - Markapur Road,Guntur,Traction,Power Isolation Maintenance,165,2026-07-21,Tue,LATE_NIGHT,21:30,00:15,1290,1455,0,0,0,0,1.0,0.998,0,0,tower_wagon_crew,Tower Wagon,HIGH,77,7.4,0,0.0,99.0,1
HIST-BLK-01023,SEC_C03_03,Vinukonda - Donakonda,Guntur,Traction,OHE Inspection,120,2026-08-18,Tue,EARLY_MORNING,04:49,06:49,289,409,2,2,0,2,9.0,0.308,0,0,tower_wagon_crew,Tower Wagon,MEDIUM,59,11.6,2,68.0,5.0,0
HIST-BLK-01024,SEC_C02_10,Eluru - Vijayawada,Vijayawada,Traction,Power Isolation Maintenance,180,2026-08-24,Mon,LATE_NIGHT,21:30,00:30,1290,1470,1,0,1,0,3.0,0.805,0,0,tower_wagon_crew,Tower Wagon,MEDIUM,55,7.4,1,24.8,66.6,0
HIST-BLK-01025,SEC_C04_08,Koduru - Renigunta,Guntakal,S&T,Interlocking Inspection,105,2026-07-13,Mon,LATE_NIGHT,21:55,23:40,1315,1420,0,0,0,0,1.0,0.997,0,1,ST_gang,None / Manual Tools,MEDIUM,48,10.8,0,0.0,99.0,1
HIST-BLK-01026,SEC_C03_01,Guntur - Narasaraopet,Guntur,Engineering,Sleeper Replacement,180,2026-08-14,Fri,LATE_NIGHT,21:30,00:30,1290,1470,0,0,0,0,1.0,0.944,1,0,track_gang,Ballast Regulator,HIGH,79,9.5,1,16.2,52.3,0
HIST-BLK-01027,SEC_C02_02,Duvvada - Anakapalle,Visakhapatnam,S&T,Cable Jointing & OFC,150,2026-08-05,Wed,EARLY_MORNING,04:30,07:00,270,420,1,1,0,1,9.0,0.589,0,0,ST_gang,Testing Van,MEDIUM,48,3.6,1,30.7,18.4,0
HIST-BLK-01028,SEC_C03_03,Vinukonda - Donakonda,Guntur,Engineering,Track Maintenance,90,2026-08-25,Tue,PEAK_MORNING,08:40,10:10,520,610,5,1,1,4,10.0,0.05,1,0,track_gang,None / Manual Tools,MEDIUM,62,4.9,6,102.8,5.0,0
HIST-BLK-01029,SEC_C03_03,Vinukonda - Donakonda,Guntur,Traction,Insulator Washing & Replacement,90,2026-08-26,Wed,AFTERNOON_SLOT,15:03,16:33,903,993,0,0,0,0,1.0,0.978,1,1,tower_wagon_crew,Tower Wagon,MEDIUM,60,3.1,1,22.8,57.4,0
HIST-BLK-01030,SEC_C02_08,Nidadavolu - Tadepalligudem,Vijayawada,Engineering,Rail Renewal,240,2026-07-22,Wed,NIGHT_MEGABLOCK,01:00,05:00,60,300,0,0,0,0,1.0,0.98,0,0,track_gang,CSM Tamping Machine,HIGH,71,5.7,0,0.0,99.0,1
HIST-BLK-01031,SEC_C01_06,Singarayakonda - Kavali,Vijayawada,Engineering,Sleeper Replacement,165,2026-07-08,Wed,LATE_NIGHT,21:30,00:15,1290,1455,0,0,0,0,1.0,0.941,1,0,track_gang,Ballast Regulator,HIGH,70,3.9,1,15.6,51.7,0
HIST-BLK-01032,SEC_C02_07,Rajahmundry - Nidadavolu,Vijayawada,Engineering,Turnout Overhaul,195,2026-07-21,Tue,PEAK_MORNING,07:30,10:45,450,645,2,0,0,2,7.0,0.57,1,0,track_gang,CSM Tamping Machine,MEDIUM,57,6.7,3,64.6,5.0,0
HIST-BLK-01033,SEC_C01_03,Bapatla - Chirala,Vijayawada,Engineering,Weld Rectification,60,2026-07-14,Tue,EARLY_MORNING,05:44,06:44,344,404,0,0,0,0,1.0,0.959,0,0,track_gang,USFD Flaw Detector,HIGH,72,10.9,0,0.0,99.0,1
HIST-BLK-01034,SEC_C02_06,Samalkot - Rajahmundry,Vijayawada,Engineering,Weld Rectification,60,2026-08-28,Fri,PEAK_EVENING,18:57,19:57,1137,1197,1,1,0,1,10.0,0.557,1,1,track_gang,USFD Flaw Detector,HIGH,82,7.9,2,50.4,5.0,0
HIST-BLK-01035,SEC_C03_01,Guntur - Narasaraopet,Guntur,S&T,Signal Maintenance,60,2026-08-08,Sat,PEAK_EVENING,19:56,20:56,1196,1256,5,1,1,4,10.0,0.05,0,0,ST_gang,None / Manual Tools,HIGH,73,3.6,5,94.8,5.0,0
HIST-BLK-01036,SEC_C02_06,Samalkot - Rajahmundry,Vijayawada,Traction,Cantilever Adjustment,150,2026-07-30,Thu,NIGHT_MEGABLOCK,01:20,03:50,80,230,0,0,0,0,1.0,0.965,0,1,tower_wagon_crew,Tower Wagon,LOW,28,1.6,0,0.0,99.0,1
HIST-BLK-01037,SEC_C03_04,Donakonda - Markapur Road,Guntur,Engineering,Sleeper Replacement,210,2026-07-25,Sat,PEAK_EVENING,17:45,21:15,1065,1275,4,0,1,3,8.0,0.14,0,0,track_gang,Ballast Regulator,HIGH,85,9.8,4,69.2,5.0,0
HIST-BLK-01038,SEC_C01_05,Ongole - Singarayakonda,Vijayawada,Traction,OHE Inspection,90,2026-08-24,Mon,NIGHT_MEGABLOCK,02:19,03:49,139,229,1,0,1,0,3.0,0.785,0,0,tower_wagon_crew,Tower Wagon,CRITICAL,90,5.5,1,18.2,70.2,0
HIST-BLK-01039,SEC_C01_04,Chirala - Ongole,Vijayawada,S&T,Point Machine Overhaul,120,2026-07-13,Mon,MIDDAY_FREIGHT_GAP,12:17,14:17,737,857,0,0,0,0,1.0,0.99,0,0,ST_gang,Testing Van,CRITICAL,92,1.9,0,0.0,99.0,1
HIST-BLK-01040,SEC_C02_02,Duvvada - Anakapalle,Visakhapatnam,S&T,Axle Counter Replacement,105,2026-07-08,Wed,PEAK_EVENING,19:12,20:57,1152,1257,1,0,0,1,4.0,0.859,1,1,ST_gang,Testing Van,LOW,35,9.1,2,46.1,5.0,0
HIST-BLK-01041,SEC_C02_10,Eluru - Vijayawada,Vijayawada,S&T,Signal Maintenance,90,2026-08-06,Thu,MIDDAY_FREIGHT_GAP,11:38,13:08,698,788,0,0,0,0,1.0,0.979,0,0,ST_gang,None / Manual Tools,HIGH,72,1.9,0,0.0,99.0,1
HIST-BLK-01042,SEC_C04_06,Kadapa - Razampeta,Guntakal,S&T,Point Machine Overhaul,60,2026-08-06,Thu,NIGHT_MEGABLOCK,02:24,03:24,144,204,1,0,1,0,3.0,0.857,0,1,ST_gang,Testing Van,HIGH,79,4.3,1,17.7,76.2,0
HIST-BLK-01043,SEC_C02_05,Annavaram - Samalkot,Vijayawada,Engineering,Deep Screening Ballast,210,2026-08-21,Fri,NIGHT_MEGABLOCK,01:00,04:30,60,270,1,0,0,1,8.0,0.88,0,0,track_gang,Ballast Regulator,CRITICAL,95,11.5,1,23.4,66.2,0
HIST-BLK-01044,SEC_C01_04,Chirala - Ongole,Vijayawada,S&T,Track Circuit Testing,45,2026-08-08,Sat,PEAK_MORNING,09:26,10:11,566,611,5,0,1,4,8.0,0.149,0,0,ST_gang,None / Manual Tools,HIGH,74,5.8,5,71.3,5.0,0
HIST-BLK-01045,SEC_C03_05,Markapur Road - Giddalur,Guntur,S&T,Point Machine Overhaul,120,2026-08-18,Tue,MIDDAY_FREIGHT_GAP,12:13,14:13,733,853,1,0,1,0,3.0,0.834,1,0,ST_gang,Testing Van,HIGH,83,2.9,2,47.9,5.0,0
HIST-BLK-01046,SEC_C02_03,Anakapalle - Tuni,Visakhapatnam,Engineering,Rail Renewal,255,2026-08-28,Fri,LATE_NIGHT,21:30,01:45,1290,1545,0,0,0,0,1.0,0.932,0,0,track_gang,CSM Tamping Machine,HIGH,75,11.8,0,0.0,99.0,1
HIST-BLK-01047,SEC_C04_02,Gooty - Tadipatri,Guntakal,Engineering,Sleeper Replacement,150,2026-08-02,Sun,AFTERNOON_SLOT,15:00,17:30,900,1050,0,0,0,0,1.0,0.923,0,0,track_gang,Ballast Regulator,CRITICAL,86,11.4,0,0.0,99.0,1
HIST-BLK-01048,SEC_C03_04,Donakonda - Markapur Road,Guntur,S&T,Signal Maintenance,60,2026-08-16,Sun,LATE_NIGHT,22:17,23:17,1337,1397,0,0,0,0,1.0,0.952,0,0,ST_gang,None / Manual Tools,MEDIUM,57,5.8,0,0.0,99.0,1
HIST-BLK-01049,SEC_C01_07,Kavali - Nellore,Vijayawada,Engineering,Deep Screening Ballast,240,2026-07-30,Thu,EARLY_MORNING,04:30,08:30,270,510,1,0,1,0,3.0,0.863,0,0,track_gang,Ballast Regulator,LOW,26,11.7,1,28.0,61.6,0
HIST-BLK-01050,SEC_C01_05,Ongole - Singarayakonda,Vijayawada,Traction,Cantilever Adjustment,135,2026-08-18,Tue,MIDDAY_FREIGHT_GAP,11:49,14:04,709,844,1,0,0,1,8.0,0.863,0,1,tower_wagon_crew,Tower Wagon,MEDIUM,48,1.7,1,17.7,82.6,0
HIST-BLK-01051,SEC_C01_05,Ongole - Singarayakonda,Vijayawada,Engineering,Rail Renewal,240,2026-08-30,Sun,NIGHT_MEGABLOCK,01:00,05:00,60,300,1,0,1,0,3.0,0.822,1,0,track_gang,CSM Tamping Machine,HIGH,82,5.1,2,43.3,6.1,0
HIST-BLK-01052,SEC_C04_07,Razampeta - Koduru,Guntakal,Traction,Insulator Washing & Replacement,135,2026-07-03,Fri,PEAK_EVENING,18:16,20:31,1096,1231,2,0,1,1,8.0,0.506,0,0,tower_wagon_crew,Tower Wagon,MEDIUM,57,5.9,2,34.5,36.6,0
HIST-BLK-01053,SEC_C04_08,Koduru - Renigunta,Guntakal,Engineering,Sleeper Replacement,150,2026-08-01,Sat,LATE_NIGHT,21:30,00:00,1290,1440,1,1,0,1,10.0,0.621,1,0,track_gang,Ballast Regulator,HIGH,72,9.0,2,60.3,5.0,0
HIST-BLK-01054,SEC_C04_07,Razampeta - Koduru,Guntakal,Engineering,Rail Renewal,240,2026-08-05,Wed,LATE_NIGHT,21:30,01:30,1290,1530,0,0,0,0,1.0,0.956,1,1,track_gang,CSM Tamping Machine,MEDIUM,48,10.6,1,26.7,52.3,0
HIST-BLK-01055,SEC_C04_05,Yerraguntla - Kadapa,Guntakal,Engineering,Weld Rectification,75,2026-07-30,Thu,PEAK_MORNING,08:59,10:14,539,614,5,0,1,4,7.0,0.088,0,0,track_gang,USFD Flaw Detector,CRITICAL,94,4.6,5,51.9,5.0,0
HIST-BLK-01056,SEC_C03_04,Donakonda - Markapur Road,Guntur,S&T,Signal Maintenance,90,2026-07-10,Fri,LATE_NIGHT,21:34,23:04,1294,1384,1,0,1,0,3.0,0.829,0,0,ST_gang,None / Manual Tools,CRITICAL,98,3.4,1,16.3,74.0,0
HIST-BLK-01057,SEC_C02_07,Rajahmundry - Nidadavolu,Vijayawada,S&T,Cable Jointing & OFC,165,2026-08-24,Mon,MIDDAY_FREIGHT_GAP,11:37,14:22,697,862,0,0,0,0,1.0,0.977,1,1,ST_gang,Testing Van,MEDIUM,48,9.3,1,29.2,37.8,0
HIST-BLK-01058,SEC_C04_05,Yerraguntla - Kadapa,Guntakal,S&T,Track Circuit Testing,105,2026-07-28,Tue,NIGHT_MEGABLOCK,02:07,03:52,127,232,0,0,0,0,1.0,0.949,0,0,ST_gang,None / Manual Tools,MEDIUM,58,7.4,0,0.0,99.0,1
HIST-BLK-01059,SEC_C01_05,Ongole - Singarayakonda,Vijayawada,Engineering,Rail Renewal,270,2026-07-23,Thu,MIDDAY_FREIGHT_GAP,11:30,16:00,690,960,1,0,0,1,8.0,0.82,1,1,track_gang,CSM Tamping Machine,LOW,24,7.5,2,49.8,10.1,0
HIST-BLK-01060,SEC_C03_06,Giddalur - Nandyal,Guntur,Traction,Cantilever Adjustment,150,2026-07-05,Sun,LATE_NIGHT,21:30,00:00,1290,1440,0,0,0,0,1.0,0.967,0,1,tower_wagon_crew,Tower Wagon,CRITICAL,86,2.9,0,0.0,99.0,1
HIST-BLK-01061,SEC_C01_01,Vijayawada - Tenali,Vijayawada,S&T,Signal Maintenance,75,2026-08-20,Thu,NIGHT_MEGABLOCK,01:14,02:29,74,149,0,0,0,0,1.0,0.941,0,1,ST_gang,None / Manual Tools,MEDIUM,54,11.2,0,0.0,99.0,1
HIST-BLK-01062,SEC_C02_06,Samalkot - Rajahmundry,Vijayawada,Engineering,Deep Screening Ballast,210,2026-07-31,Fri,MIDDAY_FREIGHT_GAP,11:30,15:00,690,900,0,0,0,0,1.0,0.937,1,1,track_gang,Ballast Regulator,HIGH,72,6.9,1,27.9,46.1,0
HIST-BLK-01063,SEC_C01_05,Ongole - Singarayakonda,Vijayawada,Traction,Power Isolation Maintenance,165,2026-08-10,Mon,LATE_NIGHT,21:30,00:15,1290,1455,0,0,0,0,1.0,0.97,0,0,tower_wagon_crew,Tower Wagon,LOW,28,2.0,0,0.0,99.0,1
HIST-BLK-01064,SEC_C04_02,Gooty - Tadipatri,Guntakal,Engineering,Turnout Overhaul,210,2026-08-16,Sun,PEAK_MORNING,07:30,11:00,450,660,2,1,0,2,10.0,0.32,0,1,track_gang,CSM Tamping Machine,MEDIUM,52,8.0,2,58.7,5.0,0
HIST-BLK-01065,SEC_C02_03,Anakapalle - Tuni,Visakhapatnam,Engineering,Weld Rectification,105,2026-07-19,Sun,MIDDAY_FREIGHT_GAP,11:39,13:24,699,804,0,0,0,0,1.0,0.955,0,0,track_gang,USFD Flaw Detector,CRITICAL,87,9.7,0,0.0,99.0,1
HIST-BLK-01066,SEC_C01_03,Bapatla - Chirala,Vijayawada,S&T,Track Circuit Testing,75,2026-07-18,Sat,MIDDAY_FREIGHT_GAP,12:53,14:08,773,848,0,0,0,0,1.0,0.985,0,0,ST_gang,None / Manual Tools,LOW,29,11.2,0,0.0,99.0,1
HIST-BLK-01067,SEC_C04_07,Razampeta - Koduru,Guntakal,Traction,Contact Wire Height Regulation,180,2026-08-18,Tue,LATE_NIGHT,21:30,00:30,1290,1470,0,0,0,0,1.0,0.967,0,0,tower_wagon_crew,Tower Wagon,MEDIUM,66,7.5,0,0.0,99.0,1
HIST-BLK-01068,SEC_C01_06,Singarayakonda - Kavali,Vijayawada,Traction,Contact Wire Height Regulation,180,2026-08-04,Tue,AFTERNOON_SLOT,15:00,18:00,900,1080,0,0,0,0,1.0,0.969,0,0,tower_wagon_crew,Tower Wagon,CRITICAL,96,4.5,0,0.0,99.0,1
HIST-BLK-01069,SEC_C03_03,Vinukonda - Donakonda,Guntur,S&T,Point Machine Overhaul,105,2026-07-13,Mon,PEAK_MORNING,08:09,09:54,489,594,3,0,1,2,8.0,0.306,0,0,ST_gang,Testing Van,MEDIUM,66,10.9,3,33.4,21.4,0
HIST-BLK-01070,SEC_C03_01,Guntur - Narasaraopet,Guntur,Engineering,Deep Screening Ballast,240,2026-07-24,Fri,PEAK_EVENING,17:45,21:45,1065,1305,4,1,1,3,10.0,0.05,0,0,track_gang,Ballast Regulator,MEDIUM,48,8.2,4,71.0,5.0,0
HIST-BLK-01071,SEC_C02_04,Tuni - Annavaram,Vijayawada,Traction,Contact Wire Height Regulation,180,2026-07-16,Thu,MIDDAY_FREIGHT_GAP,11:30,14:30,690,870,0,0,0,0,1.0,0.959,0,1,tower_wagon_crew,Tower Wagon,HIGH,84,7.9,0,0.0,99.0,1
HIST-BLK-01072,SEC_C04_01,Guntakal - Gooty,Guntakal,Traction,Contact Wire Height Regulation,150,2026-07-05,Sun,EARLY_MORNING,04:30,07:00,270,420,0,0,0,0,1.0,0.985,0,0,tower_wagon_crew,Tower Wagon,HIGH,85,7.6,0,0.0,99.0,1
HIST-BLK-01073,SEC_C04_03,Tadipatri - Kondapuram,Guntakal,Engineering,Rail Renewal,210,2026-07-28,Tue,PEAK_EVENING,17:45,21:15,1065,1275,1,0,0,1,6.0,0.878,0,0,track_gang,CSM Tamping Machine,MEDIUM,60,3.0,1,19.7,73.2,0
HIST-BLK-01074,SEC_C01_04,Chirala - Ongole,Vijayawada,Engineering,Track Maintenance,120,2026-07-07,Tue,AFTERNOON_SLOT,15:17,17:17,917,1037,1,0,1,0,3.0,0.807,0,1,track_gang,None / Manual Tools,MEDIUM,68,10.9,1,19.7,78.0,0
HIST-BLK-01075,SEC_C03_04,Donakonda - Markapur Road,Guntur,Traction,Substation Transformer Overhaul,240,2026-07-19,Sun,MIDDAY_FREIGHT_GAP,11:30,15:30,690,930,2,0,0,2,6.0,0.543,0,0,specialist_team,None / Manual Tools,HIGH,78,4.0,2,28.5,43.1,0
HIST-BLK-01076,SEC_C02_07,Rajahmundry - Nidadavolu,Vijayawada,Engineering,Sleeper Replacement,165,2026-08-04,Tue,AFTERNOON_SLOT,15:00,17:45,900,1065,0,0,0,0,1.0,0.921,0,1,track_gang,Ballast Regulator,HIGH,78,4.1,0,0.0,99.0,1
HIST-BLK-01077,SEC_C02_08,Nidadavolu - Tadepalligudem,Vijayawada,S&T,Interlocking Inspection,75,2026-08-27,Thu,EARLY_MORNING,04:58,06:13,298,373,0,0,0,0,1.0,0.942,0,0,ST_gang,None / Manual Tools,CRITICAL,96,7.8,0,0.0,99.0,1
HIST-BLK-01078,SEC_C02_06,Samalkot - Rajahmundry,Vijayawada,Engineering,Track Maintenance,90,2026-07-27,Mon,PEAK_EVENING,18:41,20:11,1121,1211,1,1,0,1,10.0,0.574,0,0,track_gang,None / Manual Tools,MEDIUM,57,1.7,1,29.1,20.4,0
HIST-BLK-01079,SEC_C04_04,Kondapuram - Yerraguntla,Guntakal,Traction,Cantilever Adjustment,150,2026-07-02,Thu,MIDDAY_FREIGHT_GAP,11:46,14:16,706,856,0,0,0,0,1.0,0.969,0,1,tower_wagon_crew,Tower Wagon,MEDIUM,64,2.3,0,0.0,99.0,1
HIST-BLK-01080,SEC_C04_01,Guntakal - Gooty,Guntakal,Engineering,Sleeper Replacement,165,2026-07-14,Tue,PEAK_MORNING,07:41,10:26,461,626,3,0,1,2,6.0,0.331,0,0,track_gang,Ballast Regulator,HIGH,79,10.7,3,61.1,5.0,0
HIST-BLK-01081,SEC_C02_08,Nidadavolu - Tadepalligudem,Vijayawada,Traction,Substation Transformer Overhaul,210,2026-07-29,Wed,PEAK_EVENING,17:45,21:15,1065,1275,2,1,1,1,10.0,0.312,0,0,specialist_team,None / Manual Tools,HIGH,85,6.0,2,44.3,5.0,0
HIST-BLK-01082,SEC_C02_09,Tadepalligudem - Eluru,Vijayawada,S&T,Point Machine Overhaul,75,2026-07-15,Wed,LATE_NIGHT,22:07,23:22,1327,1402,0,0,0,0,1.0,0.968,0,0,ST_gang,Testing Van,MEDIUM,46,9.5,0,0.0,99.0,1
HIST-BLK-01083,SEC_C02_03,Anakapalle - Tuni,Visakhapatnam,Engineering,Weld Rectification,120,2026-08-05,Wed,NIGHT_MEGABLOCK,01:16,03:16,76,196,1,0,1,0,3.0,0.873,1,0,track_gang,USFD Flaw Detector,HIGH,79,10.6,2,37.0,12.4,0
HIST-BLK-01084,SEC_C01_05,Ongole - Singarayakonda,Vijayawada,Engineering,Track Maintenance,135,2026-07-04,Sat,AFTERNOON_SLOT,15:05,17:20,905,1040,0,0,0,0,1.0,0.943,0,0,track_gang,None / Manual Tools,HIGH,83,10.0,0,0.0,99.0,1
HIST-BLK-01085,SEC_C01_05,Ongole - Singarayakonda,Vijayawada,Engineering,Track Maintenance,120,2026-08-22,Sat,LATE_NIGHT,21:35,23:35,1295,1415,0,0,0,0,1.0,0.982,0,1,track_gang,None / Manual Tools,MEDIUM,56,11.3,0,0.0,99.0,1
HIST-BLK-01086,SEC_C01_01,Vijayawada - Tenali,Vijayawada,S&T,Point Machine Overhaul,90,2026-08-02,Sun,LATE_NIGHT,21:31,23:01,1291,1381,1,0,0,1,7.0,0.83,1,1,ST_gang,Testing Van,LOW,32,3.1,2,41.7,9.2,0
HIST-BLK-01087,SEC_C02_10,Eluru - Vijayawada,Vijayawada,S&T,Point Machine Overhaul,90,2026-07-12,Sun,PEAK_EVENING,17:59,19:29,1079,1169,1,0,1,0,3.0,0.851,1,0,ST_gang,Testing Van,HIGH,71,1.5,2,44.1,6.0,0
HIST-BLK-01088,SEC_C04_02,Gooty - Tadipatri,Guntakal,Traction,Insulator Washing & Replacement,150,2026-07-26,Sun,AFTERNOON_SLOT,15:00,17:30,900,1050,0,0,0,0,1.0,0.957,0,0,tower_wagon_crew,Tower Wagon,MEDIUM,61,9.0,0,0.0,99.0,1
HIST-BLK-01089,SEC_C02_09,Tadepalligudem - Eluru,Vijayawada,Traction,Contact Wire Height Regulation,165,2026-08-02,Sun,LATE_NIGHT,21:30,00:15,1290,1455,0,0,0,0,1.0,0.984,0,1,tower_wagon_crew,Tower Wagon,HIGH,81,11.0,0,0.0,99.0,1
HIST-BLK-01090,SEC_C03_02,Narasaraopet - Vinukonda,Guntur,S&T,Signal Maintenance,60,2026-08-01,Sat,EARLY_MORNING,04:32,05:32,272,332,0,0,0,0,1.0,0.937,1,0,ST_gang,None / Manual Tools,MEDIUM,69,9.8,1,26.2,41.0,0
HIST-BLK-01091,SEC_C03_02,Narasaraopet - Vinukonda,Guntur,S&T,Point Machine Overhaul,75,2026-07-02,Thu,EARLY_MORNING,05:26,06:41,326,401,0,0,0,0,1.0,0.94,0,1,ST_gang,Testing Van,HIGH,84,2.9,0,0.0,99.0,1
HIST-BLK-01092,SEC_C02_08,Nidadavolu - Tadepalligudem,Vijayawada,Engineering,Deep Screening Ballast,180,2026-07-19,Sun,PEAK_MORNING,07:30,10:30,450,630,1,0,0,1,8.0,0.785,0,0,track_gang,Ballast Regulator,HIGH,82,2.3,1,19.9,71.4,0
HIST-BLK-01093,SEC_C04_07,Razampeta - Koduru,Guntakal,Engineering,Sleeper Replacement,150,2026-07-23,Thu,PEAK_MORNING,07:36,10:06,456,606,1,0,1,0,3.0,0.811,0,1,track_gang,Ballast Regulator,MEDIUM,45,9.0,1,18.2,80.0,0
HIST-BLK-01094,SEC_C02_06,Samalkot - Rajahmundry,Vijayawada,Traction,Insulator Washing & Replacement,120,2026-07-02,Thu,MIDDAY_FREIGHT_GAP,11:55,13:55,715,835,0,0,0,0,1.0,0.947,0,0,tower_wagon_crew,Tower Wagon,MEDIUM,56,2.0,0,0.0,99.0,1
HIST-BLK-01095,SEC_C01_08,Nellore - Gudur,Vijayawada,S&T,Axle Counter Replacement,120,2026-08-18,Tue,AFTERNOON_SLOT,15:01,17:01,901,1021,0,0,0,0,1.0,0.973,0,1,ST_gang,Testing Van,MEDIUM,68,11.7,0,0.0,99.0,1
HIST-BLK-01096,SEC_C04_01,Guntakal - Gooty,Guntakal,S&T,Cable Jointing & OFC,180,2026-07-29,Wed,PEAK_EVENING,17:53,20:53,1073,1253,3,1,1,2,10.0,0.183,0,0,ST_gang,Testing Van,CRITICAL,92,2.0,3,43.9,5.0,0
HIST-BLK-01097,SEC_C02_05,Annavaram - Samalkot,Vijayawada,S&T,Point Machine Overhaul,90,2026-08-05,Wed,AFTERNOON_SLOT,15:16,16:46,916,1006,0,0,0,0,1.0,0.999,1,1,ST_gang,Testing Van,HIGH,72,9.1,1,26.8,39.4,0
HIST-BLK-01098,SEC_C02_03,Anakapalle - Tuni,Visakhapatnam,Traction,Contact Wire Height Regulation,150,2026-07-06,Mon,PEAK_EVENING,18:14,20:44,1094,1244,1,1,0,1,10.0,0.611,0,0,tower_wagon_crew,Tower Wagon,HIGH,81,4.2,1,42.8,5.4,0
HIST-BLK-01099,SEC_C03_04,Donakonda - Markapur Road,Guntur,Traction,Substation Transformer Overhaul,240,2026-08-03,Mon,EARLY_MORNING,04:30,08:30,270,510,0,0,0,0,1.0,0.973,0,0,specialist_team,None / Manual Tools,MEDIUM,63,7.7,0,0.0,99.0,1
HIST-BLK-01100,SEC_C02_07,Rajahmundry - Nidadavolu,Vijayawada,Engineering,Sleeper Replacement,180,2026-07-18,Sat,PEAK_MORNING,07:30,10:30,450,630,2,0,0,2,7.0,0.669,1,0,track_gang,Ballast Regulator,HIGH,82,9.9,3,57.6,5.0,0
HIST-BLK-01101,SEC_C02_07,Rajahmundry - Nidadavolu,Vijayawada,Engineering,Sleeper Replacement,165,2026-08-29,Sat,NIGHT_MEGABLOCK,01:11,03:56,71,236,0,0,0,0,1.0,0.952,1,1,track_gang,Ballast Regulator,MEDIUM,54,6.6,1,28.9,45.2,0
HIST-BLK-01102,SEC_C03_03,Vinukonda - Donakonda,Guntur,Engineering,Sleeper Replacement,180,2026-08-22,Sat,MIDDAY_FREIGHT_GAP,11:30,14:30,690,870,0,0,0,0,1.0,0.932,0,0,track_gang,Ballast Regulator,HIGH,70,4.7,0,0.0,99.0,1
HIST-BLK-01103,SEC_C04_08,Koduru - Renigunta,Guntakal,S&T,Interlocking Inspection,75,2026-07-26,Sun,MIDDAY_FREIGHT_GAP,12:00,13:15,720,795,0,0,0,0,1.0,0.943,0,0,ST_gang,None / Manual Tools,MEDIUM,50,7.7,0,0.0,99.0,1
HIST-BLK-01104,SEC_C01_07,Kavali - Nellore,Vijayawada,Engineering,Track Maintenance,150,2026-07-01,Wed,EARLY_MORNING,04:30,07:00,270,420,1,0,1,0,3.0,0.834,0,0,track_gang,None / Manual Tools,HIGH,72,8.8,1,17.0,72.0,0
HIST-BLK-01105,SEC_C04_07,Razampeta - Koduru,Guntakal,Engineering,Track Maintenance,105,2026-07-19,Sun,LATE_NIGHT,21:41,23:26,1301,1406,0,0,0,0,1.0,0.993,0,1,track_gang,None / Manual Tools,MEDIUM,66,10.9,0,0.0,99.0,1
HIST-BLK-01106,SEC_C01_03,Bapatla - Chirala,Vijayawada,Traction,OHE Inspection,90,2026-08-09,Sun,NIGHT_MEGABLOCK,01:24,02:54,84,174,0,0,0,0,1.0,0.992,1,0,tower_wagon_crew,Tower Wagon,MEDIUM,60,8.0,1,22.9,47.0,0
HIST-BLK-01107,SEC_C03_01,Guntur - Narasaraopet,Guntur,Engineering,Track Maintenance,120,2026-08-08,Sat,LATE_NIGHT,21:38,23:38,1298,1418,1,0,1,0,3.0,0.858,0,0,track_gang,None / Manual Tools,MEDIUM,60,1.8,1,22.5,69.0,0
HIST-BLK-01108,SEC_C04_07,Razampeta - Koduru,Guntakal,S&T,Track Circuit Testing,90,2026-07-20,Mon,PEAK_MORNING,08:53,10:23,533,623,5,0,1,4,7.0,0.169,0,0,ST_gang,None / Manual Tools,MEDIUM,66,3.1,5,52.3,5.0,0
HIST-BLK-01109,SEC_C01_08,Nellore - Gudur,Vijayawada,Engineering,Track Maintenance,120,2026-07-09,Thu,EARLY_MORNING,04:53,06:53,293,413,2,0,1,1,4.0,0.513,0,0,track_gang,None / Manual Tools,MEDIUM,67,6.6,2,30.2,42.2,0
HIST-BLK-01110,SEC_C03_02,Narasaraopet - Vinukonda,Guntur,Traction,Power Isolation Maintenance,180,2026-08-11,Tue,NIGHT_MEGABLOCK,01:00,04:00,60,240,0,0,0,0,1.0,0.951,1,0,tower_wagon_crew,Tower Wagon,HIGH,71,4.1,1,17.8,50.6,0
HIST-BLK-01111,SEC_C04_02,Gooty - Tadipatri,Guntakal,Traction,Cantilever Adjustment,150,2026-07-09,Thu,LATE_NIGHT,21:30,00:00,1290,1440,0,0,0,0,1.0,0.997,0,0,tower_wagon_crew,Tower Wagon,HIGH,80,10.6,0,0.0,99.0,1
HIST-BLK-01112,SEC_C02_03,Anakapalle - Tuni,Visakhapatnam,S&T,Axle Counter Replacement,90,2026-08-01,Sat,PEAK_MORNING,07:48,09:18,468,558,1,0,0,1,6.0,0.784,0,0,ST_gang,Testing Van,CRITICAL,94,11.0,1,19.7,69.6,0
HIST-BLK-01113,SEC_C01_01,Vijayawada - Tenali,Vijayawada,Traction,Cantilever Adjustment,180,2026-07-22,Wed,LATE_NIGHT,21:30,00:30,1290,1470,0,0,0,0,1.0,0.947,0,0,tower_wagon_crew,Tower Wagon,CRITICAL,98,3.7,0,0.0,99.0,1
HIST-BLK-01114,SEC_C02_10,Eluru - Vijayawada,Vijayawada,Traction,Contact Wire Height Regulation,195,2026-08-07,Fri,AFTERNOON_SLOT,15:00,18:15,900,1095,1,0,0,1,8.0,0.873,0,0,tower_wagon_crew,Tower Wagon,HIGH,71,7.2,1,23.1,69.0,0
HIST-BLK-01115,SEC_C01_03,Bapatla - Chirala,Vijayawada,S&T,Track Circuit Testing,45,2026-07-27,Mon,AFTERNOON_SLOT,16:20,17:05,980,1025,0,0,0,0,1.0,0.997,0,0,ST_gang,None / Manual Tools,CRITICAL,99,11.1,0,0.0,99.0,1
HIST-BLK-01116,SEC_C02_07,Rajahmundry - Nidadavolu,Vijayawada,S&T,Interlocking Inspection,75,2026-07-29,Wed,PEAK_MORNING,08:08,09:23,488,563,2,0,1,1,8.0,0.571,1,0,ST_gang,None / Manual Tools,CRITICAL,89,6.2,3,49.2,5.0,0
HIST-BLK-01117,SEC_C02_10,Eluru - Vijayawada,Vijayawada,Traction,Insulator Washing & Replacement,120,2026-07-02,Thu,AFTERNOON_SLOT,15:27,17:27,927,1047,0,0,0,0,1.0,0.996,0,0,tower_wagon_crew,Tower Wagon,MEDIUM,65,8.5,0,0.0,99.0,1
HIST-BLK-01118,SEC_C02_06,Samalkot - Rajahmundry,Vijayawada,Traction,Substation Transformer Overhaul,255,2026-07-19,Sun,LATE_NIGHT,21:30,01:45,1290,1545,1,0,1,0,3.0,0.803,0,1,specialist_team,None / Manual Tools,LOW,37,8.4,1,20.9,78.6,0
HIST-BLK-01119,SEC_C03_04,Donakonda - Markapur Road,Guntur,Traction,Power Isolation Maintenance,180,2026-07-02,Thu,NIGHT_MEGABLOCK,01:00,04:00,60,240,1,0,1,0,3.0,0.855,0,0,tower_wagon_crew,Tower Wagon,HIGH,79,11.0,1,19.0,70.6,0
HIST-BLK-01120,SEC_C01_07,Kavali - Nellore,Vijayawada,S&T,Track Circuit Testing,90,2026-08-14,Fri,AFTERNOON_SLOT,15:40,17:10,940,1030,1,0,1,0,3.0,0.787,0,1,ST_gang,None / Manual Tools,LOW,23,4.0,1,20.3,70.9,0
HIST-BLK-01121,SEC_C02_10,Eluru - Vijayawada,Vijayawada,Engineering,Track Maintenance,120,2026-07-22,Wed,NIGHT_MEGABLOCK,01:32,03:32,92,212,0,0,0,0,1.0,0.982,0,0,track_gang,None / Manual Tools,HIGH,73,9.7,0,0.0,99.0,1
HIST-BLK-01122,SEC_C01_06,Singarayakonda - Kavali,Vijayawada,S&T,Point Machine Overhaul,90,2026-08-21,Fri,EARLY_MORNING,05:04,06:34,304,394,0,0,0,0,1.0,0.996,0,0,ST_gang,Testing Van,MEDIUM,64,2.4,0,0.0,99.0,1
HIST-BLK-01123,SEC_C02_02,Duvvada - Anakapalle,Visakhapatnam,S&T,Point Machine Overhaul,105,2026-08-22,Sat,PEAK_EVENING,18:53,20:38,1133,1238,3,0,1,2,8.0,0.256,0,0,ST_gang,Testing Van,LOW,44,9.6,3,41.3,7.9,0
HIST-BLK-01124,SEC_C04_07,Razampeta - Koduru,Guntakal,Traction,Substation Transformer Overhaul,270,2026-07-05,Sun,PEAK_EVENING,17:45,22:15,1065,1335,1,0,0,1,7.0,0.803,0,0,specialist_team,None / Manual Tools,MEDIUM,69,5.6,1,27.9,59.1,0
HIST-BLK-01125,SEC_C01_03,Bapatla - Chirala,Vijayawada,Engineering,Sleeper Replacement,165,2026-07-01,Wed,AFTERNOON_SLOT,15:00,17:45,900,1065,0,0,0,0,1.0,0.948,0,0,track_gang,Ballast Regulator,LOW,31,10.3,0,0.0,99.0,1
HIST-BLK-01126,SEC_C04_06,Kadapa - Razampeta,Guntakal,Engineering,Turnout Overhaul,150,2026-08-08,Sat,AFTERNOON_SLOT,15:00,17:30,900,1050,0,0,0,0,1.0,0.965,0,0,track_gang,CSM Tamping Machine,CRITICAL,88,7.3,0,0.0,99.0,1
HIST-BLK-01127,SEC_C01_08,Nellore - Gudur,Vijayawada,Traction,OHE Inspection,150,2026-07-21,Tue,EARLY_MORNING,04:30,07:00,270,420,2,0,1,1,4.0,0.556,1,1,tower_wagon_crew,Tower Wagon,MEDIUM,54,11.4,3,66.8,5.0,0
HIST-BLK-01128,SEC_C04_01,Guntakal - Gooty,Guntakal,Engineering,Rail Renewal,240,2026-08-24,Mon,MIDDAY_FREIGHT_GAP,11:30,15:30,690,930,0,0,0,0,1.0,0.999,1,0,track_gang,CSM Tamping Machine,LOW,31,4.6,1,15.3,57.0,0
HIST-BLK-01129,SEC_C03_03,Vinukonda - Donakonda,Guntur,Engineering,Deep Screening Ballast,180,2026-08-25,Tue,EARLY_MORNING,04:30,07:30,270,450,2,2,0,2,9.0,0.418,0,1,track_gang,Ballast Regulator,MEDIUM,48,4.3,2,85.5,5.0,0
HIST-BLK-01130,SEC_C02_06,Samalkot - Rajahmundry,Vijayawada,Traction,OHE Inspection,105,2026-07-04,Sat,PEAK_MORNING,08:09,09:54,489,594,2,0,1,1,8.0,0.663,0,0,tower_wagon_crew,Tower Wagon,MEDIUM,48,1.9,2,39.6,31.3,0
HIST-BLK-01131,SEC_C03_04,Donakonda - Markapur Road,Guntur,S&T,Cable Jointing & OFC,120,2026-07-09,Thu,NIGHT_MEGABLOCK,01:06,03:06,66,186,0,0,0,0,1.0,0.967,1,0,ST_gang,Testing Van,CRITICAL,93,5.8,1,16.6,50.7,0
HIST-BLK-01132,SEC_C02_08,Nidadavolu - Tadepalligudem,Vijayawada,Engineering,Rail Renewal,225,2026-07-12,Sun,PEAK_EVENING,17:45,21:30,1065,1290,2,0,1,1,7.0,0.585,1,0,track_gang,CSM Tamping Machine,MEDIUM,49,10.6,3,67.2,5.0,0
HIST-BLK-01133,SEC_C02_10,Eluru - Vijayawada,Vijayawada,Traction,Substation Transformer Overhaul,225,2026-08-01,Sat,AFTERNOON_SLOT,15:00,18:45,900,1125,2,0,1,1,8.0,0.543,0,0,specialist_team,None / Manual Tools,HIGH,82,5.1,2,35.3,35.0,0
HIST-BLK-01134,SEC_C03_01,Guntur - Narasaraopet,Guntur,S&T,Point Machine Overhaul,105,2026-08-24,Mon,NIGHT_MEGABLOCK,01:53,03:38,113,218,0,0,0,0,1.0,0.968,0,1,ST_gang,Testing Van,CRITICAL,87,4.2,0,0.0,99.0,1
HIST-BLK-01135,SEC_C02_04,Tuni - Annavaram,Vijayawada,Traction,Insulator Washing & Replacement,90,2026-08-12,Wed,EARLY_MORNING,04:38,06:08,278,368,0,0,0,0,1.0,0.977,0,0,tower_wagon_crew,Tower Wagon,HIGH,77,8.7,0,0.0,99.0,1
HIST-BLK-01136,SEC_C02_06,Samalkot - Rajahmundry,Vijayawada,S&T,Signal Maintenance,75,2026-07-01,Wed,PEAK_EVENING,18:11,19:26,1091,1166,1,1,0,1,10.0,0.602,0,0,ST_gang,None / Manual Tools,MEDIUM,45,6.2,1,38.0,7.6,0
HIST-BLK-01137,SEC_C03_06,Giddalur - Nandyal,Guntur,S&T,Axle Counter Replacement,120,2026-08-12,Wed,AFTERNOON_SLOT,15:21,17:21,921,1041,0,0,0,0,1.0,0.942,1,0,ST_gang,Testing Van,MEDIUM,65,3.5,1,25.0,44.1,0
HIST-BLK-01138,SEC_C02_08,Nidadavolu - Tadepalligudem,Vijayawada,S&T,Axle Counter Replacement,120,2026-07-28,Tue,NIGHT_MEGABLOCK,01:16,03:16,76,196,1,0,1,0,3.0,0.78,0,0,ST_gang,Testing Van,HIGH,71,9.4,1,19.2,69.1,0
HIST-BLK-01139,SEC_C01_08,Nellore - Gudur,Vijayawada,S&T,Point Machine Overhaul,90,2026-07-18,Sat,EARLY_MORNING,04:57,06:27,297,387,1,0,0,1,4.0,0.857,0,0,ST_gang,Testing Van,HIGH,72,8.3,1,17.0,75.7,0
HIST-BLK-01140,SEC_C02_10,Eluru - Vijayawada,Vijayawada,S&T,Axle Counter Replacement,120,2026-07-11,Sat,MIDDAY_FREIGHT_GAP,11:44,13:44,704,824,0,0,0,0,1.0,0.955,0,0,ST_gang,Testing Van,CRITICAL,98,3.8,0,0.0,99.0,1
HIST-BLK-01141,SEC_C02_02,Duvvada - Anakapalle,Visakhapatnam,Engineering,Rail Renewal,270,2026-07-24,Fri,AFTERNOON_SLOT,15:00,19:30,900,1170,0,0,0,0,1.0,0.94,0,0,track_gang,CSM Tamping Machine,CRITICAL,99,9.3,0,0.0,99.0,1
HIST-BLK-01142,SEC_C01_07,Kavali - Nellore,Vijayawada,Engineering,Rail Renewal,240,2026-08-21,Fri,EARLY_MORNING,04:30,08:30,270,510,1,0,1,0,3.0,0.856,0,0,track_gang,CSM Tamping Machine,MEDIUM,62,11.2,1,29.2,60.7,0
HIST-BLK-01143,SEC_C01_01,Vijayawada - Tenali,Vijayawada,Engineering,Track Maintenance,120,2026-08-19,Wed,PEAK_EVENING,18:55,20:55,1135,1255,1,0,0,1,7.0,0.822,0,1,track_gang,None / Manual Tools,HIGH,85,4.7,1,21.6,77.3,0
HIST-BLK-01144,SEC_C02_10,Eluru - Vijayawada,Vijayawada,Traction,Power Isolation Maintenance,210,2026-07-26,Sun,PEAK_EVENING,17:45,21:15,1065,1275,1,0,1,0,3.0,0.864,0,0,tower_wagon_crew,Tower Wagon,MEDIUM,63,8.1,1,27.4,61.5,0
HIST-BLK-01145,SEC_C03_04,Donakonda - Markapur Road,Guntur,S&T,Axle Counter Replacement,105,2026-08-04,Tue,PEAK_MORNING,08:33,10:18,513,618,3,0,1,2,7.0,0.388,1,0,ST_gang,Testing Van,CRITICAL,100,2.0,4,66.3,5.0,0
HIST-BLK-01146,SEC_C01_07,Kavali - Nellore,Vijayawada,Traction,Insulator Washing & Replacement,120,2026-08-15,Sat,EARLY_MORNING,04:37,06:37,277,397,2,0,1,1,8.0,0.633,1,1,tower_wagon_crew,Tower Wagon,HIGH,73,7.7,3,43.6,5.0,0
HIST-BLK-01147,SEC_C04_05,Yerraguntla - Kadapa,Guntakal,Engineering,Track Maintenance,120,2026-08-29,Sat,EARLY_MORNING,04:49,06:49,289,409,1,0,0,1,4.0,0.792,0,0,track_gang,None / Manual Tools,MEDIUM,64,9.5,1,14.4,77.5,0
HIST-BLK-01148,SEC_C02_03,Anakapalle - Tuni,Visakhapatnam,Traction,Substation Transformer Overhaul,270,2026-07-01,Wed,LATE_NIGHT,21:30,02:00,1290,1560,0,0,0,0,1.0,0.999,1,0,specialist_team,None / Manual Tools,MEDIUM,55,3.9,1,23.6,42.2,0
HIST-BLK-01149,SEC_C03_05,Markapur Road - Giddalur,Guntur,S&T,Axle Counter Replacement,135,2026-08-14,Fri,EARLY_MORNING,04:30,06:45,270,405,0,0,0,0,1.0,0.979,1,0,ST_gang,Testing Van,LOW,38,3.3,1,17.4,52.9,0
HIST-BLK-01150,SEC_C02_04,Tuni - Annavaram,Vijayawada,Engineering,Turnout Overhaul,165,2026-07-09,Thu,PEAK_MORNING,07:44,10:29,464,629,2,1,1,1,10.0,0.261,1,0,track_gang,CSM Tamping Machine,HIGH,74,9.1,3,78.2,5.0,0
HIST-BLK-01151,SEC_C04_04,Kondapuram - Yerraguntla,Guntakal,Engineering,Deep Screening Ballast,180,2026-08-23,Sun,EARLY_MORNING,04:30,07:30,270,450,0,0,0,0,1.0,0.958,1,1,track_gang,Ballast Regulator,CRITICAL,91,10.4,1,21.3,54.5,0
HIST-BLK-01152,SEC_C02_03,Anakapalle - Tuni,Visakhapatnam,Engineering,Track Maintenance,105,2026-07-27,Mon,NIGHT_MEGABLOCK,01:55,03:40,115,220,1,0,1,0,3.0,0.861,0,1,track_gang,None / Manual Tools,HIGH,80,12.0,1,18.6,83.2,0
HIST-BLK-01153,SEC_C04_05,Yerraguntla - Kadapa,Guntakal,S&T,Point Machine Overhaul,105,2026-08-23,Sun,LATE_NIGHT,21:44,23:29,1304,1409,1,1,0,1,10.0,0.558,0,0,ST_gang,Testing Van,HIGH,76,10.3,1,30.9,18.4,0
HIST-BLK-01154,SEC_C04_06,Kadapa - Razampeta,Guntakal,Engineering,Weld Rectification,60,2026-08-20,Thu,PEAK_EVENING,18:17,19:17,1097,1157,1,0,1,0,3.0,0.87,0,0,track_gang,USFD Flaw Detector,HIGH,73,8.3,1,18.1,75.3,0
HIST-BLK-01155,SEC_C01_04,Chirala - Ongole,Vijayawada,Traction,Power Isolation Maintenance,195,2026-08-26,Wed,EARLY_MORNING,04:30,07:45,270,465,1,1,0,1,9.0,0.61,0,0,tower_wagon_crew,Tower Wagon,HIGH,71,10.8,1,36.0,11.2,0
HIST-BLK-01156,SEC_C01_06,Singarayakonda - Kavali,Vijayawada,S&T,Track Circuit Testing,75,2026-08-05,Wed,EARLY_MORNING,04:52,06:07,292,367,0,0,0,0,1.0,0.924,1,0,ST_gang,None / Manual Tools,HIGH,76,8.8,1,16.3,50.2,0
HIST-BLK-01157,SEC_C04_05,Yerraguntla - Kadapa,Guntakal,Engineering,Sleeper Replacement,210,2026-08-10,Mon,AFTERNOON_SLOT,15:00,18:30,900,1110,0,0,0,0,1.0,0.926,1,0,track_gang,Ballast Regulator,MEDIUM,59,10.4,1,15.4,54.4,0
HIST-BLK-01158,SEC_C01_02,Tenali - Bapatla,Vijayawada,Traction,Substation Transformer Overhaul,210,2026-08-25,Tue,LATE_NIGHT,21:30,01:00,1290,1500,0,0,0,0,1.0,0.927,1,1,specialist_team,None / Manual Tools,HIGH,72,11.5,1,16.5,63.2,0
HIST-BLK-01159,SEC_C03_06,Giddalur - Nandyal,Guntur,Engineering,Deep Screening Ballast,240,2026-08-08,Sat,NIGHT_MEGABLOCK,01:00,05:00,60,300,0,0,0,0,1.0,0.999,0,0,track_gang,Ballast Regulator,HIGH,73,4.5,0,0.0,99.0,1
HIST-BLK-01160,SEC_C02_03,Anakapalle - Tuni,Visakhapatnam,Engineering,Weld Rectification,75,2026-08-08,Sat,PEAK_EVENING,18:58,20:13,1138,1213,1,1,0,1,10.0,0.584,1,0,track_gang,USFD Flaw Detector,HIGH,72,4.5,2,46.5,5.0,0
HIST-BLK-01161,SEC_C04_04,Kondapuram - Yerraguntla,Guntakal,S&T,Signal Maintenance,45,2026-08-08,Sat,NIGHT_MEGABLOCK,01:00,01:45,60,105,0,0,0,0,1.0,0.991,1,0,ST_gang,None / Manual Tools,HIGH,80,4.4,1,17.2,51.6,0
HIST-BLK-01162,SEC_C01_08,Nellore - Gudur,Vijayawada,Engineering,Sleeper Replacement,165,2026-08-21,Fri,PEAK_MORNING,07:37,10:22,457,622,4,1,1,3,10.0,0.05,0,0,track_gang,Ballast Regulator,HIGH,75,1.9,4,82.9,5.0,0
HIST-BLK-01163,SEC_C02_06,Samalkot - Rajahmundry,Vijayawada,Engineering,Sleeper Replacement,195,2026-08-24,Mon,AFTERNOON_SLOT,15:00,18:15,900,1095,0,0,0,0,1.0,0.965,0,0,track_gang,Ballast Regulator,MEDIUM,45,11.5,0,0.0,99.0,1
HIST-BLK-01164,SEC_C02_04,Tuni - Annavaram,Vijayawada,Engineering,Track Maintenance,90,2026-07-18,Sat,LATE_NIGHT,21:33,23:03,1293,1383,0,0,0,0,1.0,0.989,0,0,track_gang,None / Manual Tools,HIGH,73,9.3,0,0.0,99.0,1
HIST-BLK-01165,SEC_C02_09,Tadepalligudem - Eluru,Vijayawada,Traction,Power Isolation Maintenance,195,2026-08-30,Sun,MIDDAY_FREIGHT_GAP,11:30,14:45,690,885,0,0,0,0,1.0,0.96,0,0,tower_wagon_crew,Tower Wagon,LOW,36,3.5,0,0.0,99.0,1
HIST-BLK-01166,SEC_C04_02,Gooty - Tadipatri,Guntakal,S&T,Point Machine Overhaul,75,2026-08-13,Thu,NIGHT_MEGABLOCK,01:18,02:33,78,153,0,0,0,0,1.0,0.97,0,0,ST_gang,Testing Van,HIGH,75,8.5,0,0.0,99.0,1
HIST-BLK-01167,SEC_C03_02,Narasaraopet - Vinukonda,Guntur,Engineering,Track Maintenance,105,2026-08-26,Wed,MIDDAY_FREIGHT_GAP,11:46,13:31,706,811,0,0,0,0,1.0,0.949,0,1,track_gang,None / Manual Tools,MEDIUM,61,11.6,0,0.0,99.0,1
HIST-BLK-01168,SEC_C04_06,Kadapa - Razampeta,Guntakal,Engineering,Sleeper Replacement,180,2026-08-30,Sun,PEAK_EVENING,17:57,20:57,1077,1257,2,1,1,1,10.0,0.278,0,0,track_gang,Ballast Regulator,LOW,31,1.9,2,41.6,5.0,0
HIST-BLK-01169,SEC_C03_04,Donakonda - Markapur Road,Guntur,Traction,Substation Transformer Overhaul,225,2026-07-19,Sun,EARLY_MORNING,04:30,08:15,270,495,0,0,0,0,1.0,0.997,0,0,specialist_team,None / Manual Tools,LOW,20,4.7,0,0.0,99.0,1
HIST-BLK-01170,SEC_C03_01,Guntur - Narasaraopet,Guntur,Traction,Insulator Washing & Replacement,135,2026-08-02,Sun,NIGHT_MEGABLOCK,01:14,03:29,74,209,0,0,0,0,1.0,0.949,0,0,tower_wagon_crew,Tower Wagon,MEDIUM,61,4.4,0,0.0,99.0,1
HIST-BLK-01171,SEC_C02_01,Visakhapatnam - Duvvada,Visakhapatnam,S&T,Interlocking Inspection,120,2026-07-04,Sat,PEAK_EVENING,18:28,20:28,1108,1228,2,1,1,1,10.0,0.365,0,0,ST_gang,None / Manual Tools,LOW,29,3.7,2,47.8,5.0,0
HIST-BLK-01172,SEC_C02_09,Tadepalligudem - Eluru,Vijayawada,Traction,Cantilever Adjustment,180,2026-07-08,Wed,MIDDAY_FREIGHT_GAP,11:30,14:30,690,870,0,0,0,0,1.0,0.978,1,0,tower_wagon_crew,Tower Wagon,MEDIUM,48,6.3,1,22.0,48.1,0
HIST-BLK-01173,SEC_C01_08,Nellore - Gudur,Vijayawada,Traction,OHE Inspection,135,2026-07-13,Mon,EARLY_MORNING,04:32,06:47,272,407,2,0,1,1,4.0,0.614,1,0,tower_wagon_crew,Tower Wagon,HIGH,76,12.0,3,44.6,5.0,0
HIST-BLK-01174,SEC_C01_05,Ongole - Singarayakonda,Vijayawada,Engineering,Weld Rectification,105,2026-08-01,Sat,LATE_NIGHT,22:00,23:45,1320,1425,0,0,0,0,1.0,0.951,0,0,track_gang,USFD Flaw Detector,HIGH,83,7.0,0,0.0,99.0,1
HIST-BLK-01175,SEC_C02_04,Tuni - Annavaram,Vijayawada,Engineering,Track Maintenance,90,2026-08-07,Fri,NIGHT_MEGABLOCK,01:42,03:12,102,192,0,0,0,0,1.0,0.929,0,1,track_gang,None / Manual Tools,CRITICAL,95,8.7,0,0.0,99.0,1
HIST-BLK-01176,SEC_C04_08,Koduru - Renigunta,Guntakal,S&T,Cable Jointing & OFC,150,2026-08-22,Sat,AFTERNOON_SLOT,15:00,17:30,900,1050,0,0,0,0,1.0,0.93,0,0,ST_gang,Testing Van,MEDIUM,58,8.6,0,0.0,99.0,1
HIST-BLK-01177,SEC_C03_05,Markapur Road - Giddalur,Guntur,Engineering,Track Maintenance,90,2026-07-20,Mon,AFTERNOON_SLOT,15:04,16:34,904,994,0,0,0,0,1.0,0.985,0,0,track_gang,None / Manual Tools,LOW,40,7.2,0,0.0,99.0,1
HIST-BLK-01178,SEC_C04_02,Gooty - Tadipatri,Guntakal,Traction,Contact Wire Height Regulation,180,2026-08-23,Sun,NIGHT_MEGABLOCK,01:00,04:00,60,240,0,0,0,0,1.0,0.981,0,1,tower_wagon_crew,Tower Wagon,HIGH,75,3.8,0,0.0,99.0,1
HIST-BLK-01179,SEC_C02_02,Duvvada - Anakapalle,Visakhapatnam,Engineering,Turnout Overhaul,180,2026-07-18,Sat,PEAK_MORNING,07:30,10:30,450,630,2,0,0,2,4.0,0.561,0,0,track_gang,CSM Tamping Machine,CRITICAL,90,10.5,2,30.9,40.2,0
HIST-BLK-01180,SEC_C04_03,Tadipatri - Kondapuram,Guntakal,Traction,OHE Inspection,120,2026-08-10,Mon,NIGHT_MEGABLOCK,01:49,03:49,109,229,1,0,0,1,4.0,0.859,0,0,tower_wagon_crew,Tower Wagon,HIGH,82,9.3,1,19.2,70.1,0
HIST-BLK-01181,SEC_C02_01,Visakhapatnam - Duvvada,Visakhapatnam,S&T,Signal Maintenance,45,2026-08-30,Sun,EARLY_MORNING,04:37,05:22,277,322,0,0,0,0,1.0,0.962,0,0,ST_gang,None / Manual Tools,HIGH,82,10.1,0,0.0,99.0,1
HIST-BLK-01182,SEC_C04_01,Guntakal - Gooty,Guntakal,Engineering,Deep Screening Ballast,210,2026-07-05,Sun,PEAK_MORNING,07:30,11:00,450,660,3,1,1,2,10.0,0.05,0,0,track_gang,Ballast Regulator,HIGH,80,6.8,3,56.1,5.0,0
HIST-BLK-01183,SEC_C04_08,Koduru - Renigunta,Guntakal,S&T,Interlocking Inspection,120,2026-08-27,Thu,EARLY_MORNING,04:49,06:49,289,409,1,0,1,0,3.0,0.801,0,0,ST_gang,None / Manual Tools,MEDIUM,53,2.7,1,17.0,73.9,0
HIST-BLK-01184,SEC_C04_05,Yerraguntla - Kadapa,Guntakal,Engineering,Rail Renewal,240,2026-07-16,Thu,MIDDAY_FREIGHT_GAP,11:30,15:30,690,930,1,0,0,1,8.0,0.866,0,1,track_gang,CSM Tamping Machine,LOW,43,2.0,1,22.3,77.9,0
HIST-BLK-01185,SEC_C01_08,Nellore - Gudur,Vijayawada,Engineering,Track Maintenance,150,2026-07-24,Fri,MIDDAY_FREIGHT_GAP,11:52,14:22,712,862,0,0,0,0,1.0,0.976,0,0,track_gang,None / Manual Tools,MEDIUM,46,7.6,0,0.0,99.0,1
HIST-BLK-01186,SEC_C03_01,Guntur - Narasaraopet,Guntur,S&T,Interlocking Inspection,75,2026-08-29,Sat,NIGHT_MEGABLOCK,02:31,03:46,151,226,0,0,0,0,1.0,0.999,0,0,ST_gang,None / Manual Tools,MEDIUM,50,7.5,0,0.0,99.0,1
HIST-BLK-01187,SEC_C04_03,Tadipatri - Kondapuram,Guntakal,Traction,Insulator Washing & Replacement,120,2026-08-25,Tue,LATE_NIGHT,21:39,23:39,1299,1419,0,0,0,0,1.0,0.971,0,0,tower_wagon_crew,Tower Wagon,MEDIUM,68,11.8,0,0.0,99.0,1
HIST-BLK-01188,SEC_C03_01,Guntur - Narasaraopet,Guntur,Engineering,Weld Rectification,90,2026-08-07,Fri,MIDDAY_FREIGHT_GAP,12:51,14:21,771,861,0,0,0,0,1.0,0.996,0,0,track_gang,USFD Flaw Detector,HIGH,80,9.6,0,0.0,99.0,1
HIST-BLK-01189,SEC_C02_05,Annavaram - Samalkot,Vijayawada,Engineering,Turnout Overhaul,150,2026-07-12,Sun,LATE_NIGHT,21:30,00:00,1290,1440,0,0,0,0,1.0,0.986,0,0,track_gang,CSM Tamping Machine,HIGH,74,7.4,0,0.0,99.0,1
HIST-BLK-01190,SEC_C01_04,Chirala - Ongole,Vijayawada,S&T,Interlocking Inspection,120,2026-07-02,Thu,AFTERNOON_SLOT,15:15,17:15,915,1035,0,0,0,0,1.0,0.932,0,0,ST_gang,None / Manual Tools,MEDIUM,59,1.8,0,0.0,99.0,1
HIST-BLK-01191,SEC_C02_06,Samalkot - Rajahmundry,Vijayawada,S&T,Interlocking Inspection,120,2026-07-15,Wed,AFTERNOON_SLOT,15:19,17:19,919,1039,0,0,0,0,1.0,0.938,0,0,ST_gang,None / Manual Tools,MEDIUM,64,10.9,0,0.0,99.0,1
HIST-BLK-01192,SEC_C01_02,Tenali - Bapatla,Vijayawada,S&T,Signal Maintenance,60,2026-07-27,Mon,PEAK_EVENING,18:15,19:15,1095,1155,1,1,0,1,9.0,0.628,0,0,ST_gang,None / Manual Tools,LOW,38,7.3,1,27.9,22.5,0
HIST-BLK-01193,SEC_C03_05,Markapur Road - Giddalur,Guntur,Traction,Substation Transformer Overhaul,225,2026-07-28,Tue,PEAK_EVENING,17:45,21:30,1065,1290,1,1,0,1,9.0,0.557,0,0,specialist_team,None / Manual Tools,MEDIUM,57,8.1,1,29.3,19.3,0
HIST-BLK-01194,SEC_C04_04,Kondapuram - Yerraguntla,Guntakal,Engineering,Deep Screening Ballast,240,2026-08-26,Wed,EARLY_MORNING,04:30,08:30,270,510,0,0,0,0,1.0,0.981,0,0,track_gang,Ballast Regulator,MEDIUM,55,9.4,0,0.0,99.0,1
HIST-BLK-01195,SEC_C02_05,Annavaram - Samalkot,Vijayawada,S&T,Axle Counter Replacement,135,2026-07-10,Fri,EARLY_MORNING,04:39,06:54,279,414,0,0,0,0,1.0,0.988,0,0,ST_gang,Testing Van,HIGH,71,3.2,0,0.0,99.0,1
HIST-BLK-01196,SEC_C01_01,Vijayawada - Tenali,Vijayawada,Engineering,Deep Screening Ballast,225,2026-07-28,Tue,AFTERNOON_SLOT,15:00,18:45,900,1125,1,0,0,1,7.0,0.819,0,1,track_gang,Ballast Regulator,LOW,22,11.8,1,23.1,75.2,0
HIST-BLK-01197,SEC_C01_06,Singarayakonda - Kavali,Vijayawada,Traction,Power Isolation Maintenance,195,2026-07-22,Wed,LATE_NIGHT,21:30,00:45,1290,1485,0,0,0,0,1.0,0.988,0,1,tower_wagon_crew,Tower Wagon,CRITICAL,87,8.3,0,0.0,99.0,1
HIST-BLK-01198,SEC_C01_05,Ongole - Singarayakonda,Vijayawada,Traction,Cantilever Adjustment,120,2026-07-30,Thu,MIDDAY_FREIGHT_GAP,12:19,14:19,739,859,1,0,0,1,8.0,0.798,0,0,tower_wagon_crew,Tower Wagon,MEDIUM,51,8.2,1,20.3,67.4,0
HIST-BLK-01199,SEC_C03_06,Giddalur - Nandyal,Guntur,Engineering,Deep Screening Ballast,210,2026-07-18,Sat,NIGHT_MEGABLOCK,01:00,04:30,60,270,0,0,0,0,1.0,0.955,1,0,track_gang,Ballast Regulator,MEDIUM,57,6.2,1,17.1,51.1,0
HIST-BLK-01200,SEC_C04_03,Tadipatri - Kondapuram,Guntakal,Traction,Power Isolation Maintenance,195,2026-07-09,Thu,PEAK_MORNING,07:30,10:45,450,645,2,0,1,1,7.0,0.634,0,0,tower_wagon_crew,Tower Wagon,HIGH,85,11.8,2,37.1,36.3,0
HIST-BLK-01201,SEC_C01_05,Ongole - Singarayakonda,Vijayawada,S&T,Signal Maintenance,60,2026-08-29,Sat,AFTERNOON_SLOT,16:26,17:26,986,1046,0,0,0,0,1.0,0.963,0,0,ST_gang,None / Manual Tools,CRITICAL,89,2.4,0,0.0,99.0,1
HIST-BLK-01202,SEC_C03_03,Vinukonda - Donakonda,Guntur,S&T,Cable Jointing & OFC,135,2026-07-13,Mon,PEAK_MORNING,07:55,10:10,475,610,2,0,1,1,7.0,0.584,0,1,ST_gang,Testing Van,HIGH,75,3.2,2,30.3,39.9,0
HIST-BLK-01203,SEC_C04_04,Kondapuram - Yerraguntla,Guntakal,Engineering,Weld Rectification,120,2026-07-21,Tue,EARLY_MORNING,04:44,06:44,284,404,0,0,0,0,1.0,0.96,0,1,track_gang,USFD Flaw Detector,MEDIUM,56,6.2,0,0.0,99.0,1
HIST-BLK-01204,SEC_C03_01,Guntur - Narasaraopet,Guntur,S&T,Track Circuit Testing,90,2026-07-04,Sat,PEAK_EVENING,18:06,19:36,1086,1176,4,1,1,3,10.0,0.05,0,1,ST_gang,None / Manual Tools,HIGH,71,4.4,4,83.6,5.0,0
HIST-BLK-01205,SEC_C02_09,Tadepalligudem - Eluru,Vijayawada,Engineering,Sleeper Replacement,180,2026-08-04,Tue,NIGHT_MEGABLOCK,01:00,04:00,60,240,0,0,0,0,1.0,0.992,0,1,track_gang,Ballast Regulator,MEDIUM,60,3.5,0,0.0,99.0,1
HIST-BLK-01206,SEC_C02_03,Anakapalle - Tuni,Visakhapatnam,Traction,OHE Inspection,120,2026-08-27,Thu,LATE_NIGHT,21:35,23:35,1295,1415,1,0,1,0,3.0,0.799,1,0,tower_wagon_crew,Tower Wagon,MEDIUM,58,9.2,2,44.9,5.0,0
HIST-BLK-01207,SEC_C02_07,Rajahmundry - Nidadavolu,Vijayawada,S&T,Point Machine Overhaul,105,2026-07-16,Thu,NIGHT_MEGABLOCK,02:05,03:50,125,230,1,0,1,0,3.0,0.848,0,0,ST_gang,Testing Van,HIGH,70,6.2,1,20.6,70.2,0
HIST-BLK-01208,SEC_C04_04,Kondapuram - Yerraguntla,Guntakal,S&T,Cable Jointing & OFC,120,2026-07-30,Thu,MIDDAY_FREIGHT_GAP,12:14,14:14,734,854,0,0,0,0,1.0,0.925,0,0,ST_gang,Testing Van,LOW,35,9.7,0,0.0,99.0,1
HIST-BLK-01209,SEC_C01_01,Vijayawada - Tenali,Vijayawada,S&T,Signal Maintenance,60,2026-08-04,Tue,EARLY_MORNING,04:40,05:40,280,340,0,0,0,0,1.0,0.973,0,0,ST_gang,None / Manual Tools,HIGH,77,3.2,0,0.0,99.0,1
HIST-BLK-01210,SEC_C03_06,Giddalur - Nandyal,Guntur,Engineering,Rail Renewal,255,2026-07-29,Wed,NIGHT_MEGABLOCK,01:00,05:15,60,315,0,0,0,0,1.0,0.952,0,0,track_gang,CSM Tamping Machine,HIGH,72,3.3,0,0.0,99.0,1
HIST-BLK-01211,SEC_C02_01,Visakhapatnam - Duvvada,Visakhapatnam,S&T,Interlocking Inspection,90,2026-07-30,Thu,LATE_NIGHT,22:08,23:38,1328,1418,0,0,0,0,1.0,0.965,0,0,ST_gang,None / Manual Tools,MEDIUM,66,7.9,0,0.0,99.0,1
HIST-BLK-01212,SEC_C01_02,Tenali - Bapatla,Vijayawada,Engineering,Turnout Overhaul,150,2026-08-24,Mon,PEAK_MORNING,07:55,10:25,475,625,1,0,0,1,7.0,0.783,0,0,track_gang,CSM Tamping Machine,MEDIUM,68,6.0,1,22.7,67.5,0
HIST-BLK-01213,SEC_C02_09,Tadepalligudem - Eluru,Vijayawada,Traction,Cantilever Adjustment,180,2026-07-09,Thu,PEAK_MORNING,07:30,10:30,450,630,1,0,0,1,8.0,0.868,0,0,tower_wagon_crew,Tower Wagon,HIGH,72,6.2,1,22.5,68.1,0
HIST-BLK-01214,SEC_C01_03,Bapatla - Chirala,Vijayawada,Traction,Substation Transformer Overhaul,240,2026-07-06,Mon,PEAK_MORNING,07:30,11:30,450,690,3,1,1,2,10.0,0.109,0,0,specialist_team,None / Manual Tools,HIGH,85,8.4,3,53.8,5.0,0
HIST-BLK-01215,SEC_C01_05,Ongole - Singarayakonda,Vijayawada,Traction,OHE Inspection,150,2026-08-10,Mon,PEAK_EVENING,18:14,20:44,1094,1244,5,0,1,4,8.0,0.108,0,0,tower_wagon_crew,Tower Wagon,CRITICAL,95,6.7,5,89.8,5.0,0
HIST-BLK-01216,SEC_C02_01,Visakhapatnam - Duvvada,Visakhapatnam,S&T,Interlocking Inspection,105,2026-07-13,Mon,MIDDAY_FREIGHT_GAP,11:34,13:19,694,799,0,0,0,0,1.0,0.983,0,0,ST_gang,None / Manual Tools,MEDIUM,66,3.5,0,0.0,99.0,1
HIST-BLK-01217,SEC_C02_08,Nidadavolu - Tadepalligudem,Vijayawada,S&T,Signal Maintenance,90,2026-07-18,Sat,NIGHT_MEGABLOCK,02:24,03:54,144,234,0,0,0,0,1.0,0.949,0,0,ST_gang,None / Manual Tools,LOW,32,6.3,0,0.0,99.0,1
HIST-BLK-01218,SEC_C01_08,Nellore - Gudur,Vijayawada,Engineering,Rail Renewal,255,2026-07-12,Sun,LATE_NIGHT,21:30,01:45,1290,1545,0,0,0,0,1.0,0.988,0,0,track_gang,CSM Tamping Machine,HIGH,75,7.7,0,0.0,99.0,1
HIST-BLK-01219,SEC_C03_05,Markapur Road - Giddalur,Guntur,Traction,Cantilever Adjustment,135,2026-08-10,Mon,EARLY_MORNING,04:34,06:49,274,409,0,0,0,0,1.0,0.975,0,0,tower_wagon_crew,Tower Wagon,MEDIUM,53,3.8,0,0.0,99.0,1
HIST-BLK-01220,SEC_C01_07,Kavali - Nellore,Vijayawada,S&T,Axle Counter Replacement,105,2026-07-17,Fri,NIGHT_MEGABLOCK,01:41,03:26,101,206,1,0,1,0,3.0,0.856,1,0,ST_gang,Testing Van,MEDIUM,60,5.6,2,40.5,11.8,0
HIST-BLK-01221,SEC_C02_07,Rajahmundry - Nidadavolu,Vijayawada,Traction,Power Isolation Maintenance,180,2026-08-03,Mon,AFTERNOON_SLOT,15:00,18:00,900,1080,0,0,0,0,1.0,0.983,0,0,tower_wagon_crew,Tower Wagon,HIGH,77,2.6,0,0.0,99.0,1
HIST-BLK-01222,SEC_C03_06,Giddalur - Nandyal,Guntur,S&T,Signal Maintenance,90,2026-08-01,Sat,AFTERNOON_SLOT,15:16,16:46,916,1006,0,0,0,0,1.0,0.997,0,0,ST_gang,None / Manual Tools,LOW,37,9.4,0,0.0,99.0,1
HIST-BLK-01223,SEC_C03_01,Guntur - Narasaraopet,Guntur,S&T,Point Machine Overhaul,60,2026-07-13,Mon,PEAK_MORNING,08:50,09:50,530,590,2,0,1,1,8.0,0.612,0,1,ST_gang,Testing Van,LOW,36,10.2,2,37.3,34.0,0
HIST-BLK-01224,SEC_C02_03,Anakapalle - Tuni,Visakhapatnam,Engineering,Turnout Overhaul,195,2026-08-23,Sun,PEAK_EVENING,17:45,21:00,1065,1260,1,1,0,1,10.0,0.563,1,0,track_gang,CSM Tamping Machine,HIGH,71,5.6,2,47.5,5.0,0
HIST-BLK-01225,SEC_C02_05,Annavaram - Samalkot,Vijayawada,Engineering,Turnout Overhaul,210,2026-07-12,Sun,PEAK_MORNING,07:30,11:00,450,660,1,0,0,1,8.0,0.842,0,0,track_gang,CSM Tamping Machine,HIGH,83,7.0,1,20.9,69.4,0
HIST-BLK-01226,SEC_C03_03,Vinukonda - Donakonda,Guntur,Engineering,Track Maintenance,135,2026-07-18,Sat,LATE_NIGHT,21:30,23:45,1290,1425,1,0,1,0,3.0,0.866,0,0,track_gang,None / Manual Tools,MEDIUM,54,1.9,1,18.3,73.1,0
HIST-BLK-01227,SEC_C01_08,Nellore - Gudur,Vijayawada,Traction,Insulator Washing & Replacement,135,2026-07-31,Fri,AFTERNOON_SLOT,15:01,17:16,901,1036,0,0,0,0,1.0,0.968,0,0,tower_wagon_crew,Tower Wagon,MEDIUM,69,2.9,0,0.0,99.0,1
HIST-BLK-01228,SEC_C03_05,Markapur Road - Giddalur,Guntur,S&T,Point Machine Overhaul,75,2026-08-29,Sat,PEAK_MORNING,08:41,09:56,521,596,1,0,0,1,4.0,0.861,0,0,ST_gang,Testing Van,MEDIUM,58,10.6,1,17.6,73.7,0
HIST-BLK-01229,SEC_C04_05,Yerraguntla - Kadapa,Guntakal,Traction,Contact Wire Height Regulation,180,2026-07-20,Mon,LATE_NIGHT,21:30,00:30,1290,1470,1,1,0,1,10.0,0.547,0,0,tower_wagon_crew,Tower Wagon,HIGH,80,10.9,1,37.6,10.0,0
HIST-BLK-01230,SEC_C04_04,Kondapuram - Yerraguntla,Guntakal,S&T,Track Circuit Testing,105,2026-08-23,Sun,AFTERNOON_SLOT,15:18,17:03,918,1023,0,0,0,0,1.0,0.934,0,0,ST_gang,None / Manual Tools,CRITICAL,95,10.0,0,0.0,99.0,1
HIST-BLK-01231,SEC_C03_04,Donakonda - Markapur Road,Guntur,Engineering,Turnout Overhaul,150,2026-08-26,Wed,NIGHT_MEGABLOCK,01:01,03:31,61,211,1,0,1,0,3.0,0.811,0,0,track_gang,CSM Tamping Machine,MEDIUM,63,11.6,1,16.8,75.9,0
HIST-BLK-01232,SEC_C01_08,Nellore - Gudur,Vijayawada,S&T,Track Circuit Testing,45,2026-07-14,Tue,NIGHT_MEGABLOCK,02:22,03:07,142,187,0,0,0,0,1.0,0.923,0,1,ST_gang,None / Manual Tools,HIGH,83,2.6,0,0.0,99.0,1
HIST-BLK-01233,SEC_C04_01,Guntakal - Gooty,Guntakal,S&T,Interlocking Inspection,105,2026-08-15,Sat,MIDDAY_FREIGHT_GAP,11:48,13:33,708,813,0,0,0,0,1.0,0.96,0,0,ST_gang,None / Manual Tools,LOW,27,9.8,0,0.0,99.0,1
HIST-BLK-01234,SEC_C03_01,Guntur - Narasaraopet,Guntur,Traction,Contact Wire Height Regulation,165,2026-08-17,Mon,NIGHT_MEGABLOCK,01:04,03:49,64,229,0,0,0,0,1.0,0.961,0,0,tower_wagon_crew,Tower Wagon,MEDIUM,50,11.5,0,0.0,99.0,1
HIST-BLK-01235,SEC_C02_06,Samalkot - Rajahmundry,Vijayawada,Engineering,Deep Screening Ballast,225,2026-08-21,Fri,LATE_NIGHT,21:30,01:15,1290,1515,1,0,1,0,3.0,0.793,0,1,track_gang,Ballast Regulator,MEDIUM,49,10.3,1,19.3,79.7,0
HIST-BLK-01236,SEC_C01_06,Singarayakonda - Kavali,Vijayawada,Engineering,Sleeper Replacement,210,2026-07-01,Wed,NIGHT_MEGABLOCK,01:00,04:30,60,270,1,0,1,0,3.0,0.832,1,0,track_gang,Ballast Regulator,HIGH,85,6.4,2,36.2,14.1,0
HIST-BLK-01237,SEC_C01_06,Singarayakonda - Kavali,Vijayawada,Traction,Contact Wire Height Regulation,165,2026-08-20,Thu,EARLY_MORNING,04:30,07:15,270,435,1,0,1,0,3.0,0.87,0,0,tower_wagon_crew,Tower Wagon,HIGH,80,7.4,1,18.9,70.9,0
HIST-BLK-01238,SEC_C02_02,Duvvada - Anakapalle,Visakhapatnam,Traction,OHE Inspection,120,2026-07-10,Fri,AFTERNOON_SLOT,15:02,17:02,902,1022,0,0,0,0,1.0,0.961,0,0,tower_wagon_crew,Tower Wagon,MEDIUM,66,8.4,0,0.0,99.0,1
HIST-BLK-01239,SEC_C01_07,Kavali - Nellore,Vijayawada,S&T,Signal Maintenance,75,2026-08-25,Tue,EARLY_MORNING,05:26,06:41,326,401,1,0,1,0,3.0,0.876,1,0,ST_gang,None / Manual Tools,MEDIUM,50,3.6,2,45.5,6.0,0
HIST-BLK-01240,SEC_C02_04,Tuni - Annavaram,Vijayawada,Engineering,Rail Renewal,225,2026-07-12,Sun,EARLY_MORNING,04:30,08:15,270,495,1,1,0,1,10.0,0.588,0,0,track_gang,CSM Tamping Machine,MEDIUM,64,3.3,1,33.5,13.7,0
HIST-BLK-01241,SEC_C01_05,Ongole - Singarayakonda,Vijayawada,Traction,Cantilever Adjustment,135,2026-08-05,Wed,AFTERNOON_SLOT,15:04,17:19,904,1039,0,0,0,0,1.0,0.939,0,0,tower_wagon_crew,Tower Wagon,HIGH,81,7.6,0,0.0,99.0,1
HIST-BLK-01242,SEC_C02_06,Samalkot - Rajahmundry,Vijayawada,S&T,Interlocking Inspection,90,2026-07-18,Sat,MIDDAY_FREIGHT_GAP,11:45,13:15,705,795,0,0,0,0,1.0,0.959,0,0,ST_gang,None / Manual Tools,MEDIUM,68,3.2,0,0.0,99.0,1
HIST-BLK-01243,SEC_C02_08,Nidadavolu - Tadepalligudem,Vijayawada,Engineering,Weld Rectification,90,2026-07-17,Fri,LATE_NIGHT,21:46,23:16,1306,1396,1,0,1,0,3.0,0.838,0,0,track_gang,USFD Flaw Detector,LOW,35,3.4,1,17.0,76.0,0
HIST-BLK-01244,SEC_C04_05,Yerraguntla - Kadapa,Guntakal,Engineering,Turnout Overhaul,195,2026-07-12,Sun,MIDDAY_FREIGHT_GAP,11:30,14:45,690,885,0,0,0,0,1.0,0.926,0,0,track_gang,CSM Tamping Machine,CRITICAL,89,9.5,0,0.0,99.0,1
HIST-BLK-01245,SEC_C01_08,Nellore - Gudur,Vijayawada,Engineering,Sleeper Replacement,210,2026-08-27,Thu,LATE_NIGHT,21:30,01:00,1290,1500,0,0,0,0,1.0,0.966,0,1,track_gang,Ballast Regulator,MEDIUM,61,10.0,0,0.0,99.0,1
HIST-BLK-01246,SEC_C01_07,Kavali - Nellore,Vijayawada,Engineering,Rail Renewal,240,2026-08-16,Sun,LATE_NIGHT,21:30,01:30,1290,1530,0,0,0,0,1.0,0.924,0,0,track_gang,CSM Tamping Machine,HIGH,71,7.3,0,0.0,99.0,1
HIST-BLK-01247,SEC_C04_06,Kadapa - Razampeta,Guntakal,Traction,Insulator Washing & Replacement,135,2026-08-25,Tue,AFTERNOON_SLOT,15:14,17:29,914,1049,0,0,0,0,1.0,0.948,0,0,tower_wagon_crew,Tower Wagon,HIGH,81,4.0,0,0.0,99.0,1
HIST-BLK-01248,SEC_C01_04,Chirala - Ongole,Vijayawada,Engineering,Turnout Overhaul,150,2026-07-18,Sat,PEAK_MORNING,07:37,10:07,457,607,5,0,1,4,8.0,0.066,0,0,track_gang,CSM Tamping Machine,CRITICAL,99,10.7,5,76.0,5.0,0
HIST-BLK-01249,SEC_C01_06,Singarayakonda - Kavali,Vijayawada,Engineering,Turnout Overhaul,210,2026-08-06,Thu,EARLY_MORNING,04:30,08:00,270,480,1,0,1,0,3.0,0.858,0,0,track_gang,CSM Tamping Machine,MEDIUM,63,2.5,1,20.5,69.4,0
HIST-BLK-01250,SEC_C02_05,Annavaram - Samalkot,Vijayawada,Engineering,Weld Rectification,75,2026-08-28,Fri,NIGHT_MEGABLOCK,02:13,03:28,133,208,0,0,0,0,1.0,0.958,1,0,track_gang,USFD Flaw Detector,HIGH,85,3.0,1,15.7,51.6,0
HIST-BLK-01251,SEC_C02_02,Duvvada - Anakapalle,Visakhapatnam,Engineering,Turnout Overhaul,165,2026-07-08,Wed,LATE_NIGHT,21:30,00:15,1290,1455,0,0,0,0,1.0,0.976,0,1,track_gang,CSM Tamping Machine,HIGH,84,2.7,0,0.0,99.0,1
HIST-BLK-01252,SEC_C01_06,Singarayakonda - Kavali,Vijayawada,Engineering,Track Maintenance,120,2026-07-26,Sun,NIGHT_MEGABLOCK,01:08,03:08,68,188,0,0,0,0,1.0,0.923,0,0,track_gang,None / Manual Tools,MEDIUM,46,8.4,0,0.0,99.0,1
HIST-BLK-01253,SEC_C04_05,Yerraguntla - Kadapa,Guntakal,Engineering,Turnout Overhaul,195,2026-08-17,Mon,PEAK_EVENING,17:45,21:00,1065,1260,1,0,0,1,7.0,0.801,0,0,track_gang,CSM Tamping Machine,HIGH,76,7.1,1,24.4,64.5,0
HIST-BLK-01254,SEC_C03_02,Narasaraopet - Vinukonda,Guntur,Traction,OHE Inspection,105,2026-08-18,Tue,LATE_NIGHT,21:39,23:24,1299,1404,1,0,1,0,3.0,0.789,0,0,tower_wagon_crew,Tower Wagon,CRITICAL,94,3.0,1,16.6,71.4,0
HIST-BLK-01255,SEC_C03_03,Vinukonda - Donakonda,Guntur,Engineering,Turnout Overhaul,195,2026-07-19,Sun,MIDDAY_FREIGHT_GAP,11:30,14:45,690,885,0,0,0,0,1.0,0.93,0,0,track_gang,CSM Tamping Machine,MEDIUM,63,11.9,0,0.0,99.0,1
HIST-BLK-01256,SEC_C04_01,Guntakal - Gooty,Guntakal,Engineering,Deep Screening Ballast,240,2026-08-11,Tue,NIGHT_MEGABLOCK,01:00,05:00,60,300,1,0,0,1,4.0,0.861,1,0,track_gang,Ballast Regulator,HIGH,81,6.7,2,36.7,16.5,0
HIST-BLK-01257,SEC_C01_08,Nellore - Gudur,Vijayawada,Engineering,Rail Renewal,225,2026-07-28,Tue,PEAK_MORNING,07:30,11:15,450,675,1,0,1,0,3.0,0.835,0,0,track_gang,CSM Tamping Machine,MEDIUM,57,3.7,1,19.5,73.5,0
HIST-BLK-01258,SEC_C02_02,Duvvada - Anakapalle,Visakhapatnam,Engineering,Turnout Overhaul,180,2026-08-29,Sat,NIGHT_MEGABLOCK,01:00,04:00,60,240,0,0,0,0,1.0,0.949,0,0,track_gang,CSM Tamping Machine,HIGH,77,3.2,0,0.0,99.0,1
HIST-BLK-01259,SEC_C04_05,Yerraguntla - Kadapa,Guntakal,Traction,Substation Transformer Overhaul,210,2026-07-28,Tue,MIDDAY_FREIGHT_GAP,11:30,15:00,690,900,1,0,0,1,8.0,0.866,1,0,specialist_team,None / Manual Tools,CRITICAL,89,7.1,2,44.6,5.0,0
HIST-BLK-01260,SEC_C02_03,Anakapalle - Tuni,Visakhapatnam,Traction,Substation Transformer Overhaul,270,2026-07-01,Wed,EARLY_MORNING,04:30,09:00,270,540,0,0,0,0,1.0,0.976,0,1,specialist_team,None / Manual Tools,LOW,21,8.0,0,0.0,99.0,1
HIST-BLK-01261,SEC_C04_02,Gooty - Tadipatri,Guntakal,S&T,Interlocking Inspection,120,2026-07-29,Wed,PEAK_MORNING,07:57,09:57,477,597,1,0,0,1,8.0,0.869,0,0,ST_gang,None / Manual Tools,HIGH,72,9.7,1,17.5,73.3,0
HIST-BLK-01262,SEC_C02_04,Tuni - Annavaram,Vijayawada,Engineering,Rail Renewal,240,2026-08-23,Sun,NIGHT_MEGABLOCK,01:00,05:00,60,300,1,0,1,0,3.0,0.861,1,0,track_gang,CSM Tamping Machine,HIGH,70,9.6,2,50.7,5.0,0
HIST-BLK-01263,SEC_C01_02,Tenali - Bapatla,Vijayawada,Traction,Contact Wire Height Regulation,195,2026-07-15,Wed,NIGHT_MEGABLOCK,01:00,04:15,60,255,0,0,0,0,1.0,0.942,1,0,tower_wagon_crew,Tower Wagon,LOW,35,7.2,1,22.8,46.0,0
HIST-BLK-01264,SEC_C03_06,Giddalur - Nandyal,Guntur,S&T,Signal Maintenance,45,2026-08-07,Fri,NIGHT_MEGABLOCK,01:27,02:12,87,132,0,0,0,0,1.0,0.976,0,0,ST_gang,None / Manual Tools,HIGH,76,2.6,0,0.0,99.0,1
HIST-BLK-01265,SEC_C02_07,Rajahmundry - Nidadavolu,Vijayawada,S&T,Signal Maintenance,45,2026-08-22,Sat,LATE_NIGHT,22:06,22:51,1326,1371,0,0,0,0,1.0,0.962,0,0,ST_gang,None / Manual Tools,HIGH,79,2.7,0,0.0,99.0,1
HIST-BLK-01266,SEC_C01_02,Tenali - Bapatla,Vijayawada,Traction,Contact Wire Height Regulation,165,2026-07-23,Thu,AFTERNOON_SLOT,15:00,17:45,900,1065,0,0,0,0,1.0,0.989,0,0,tower_wagon_crew,Tower Wagon,MEDIUM,59,4.2,0,0.0,99.0,1
HIST-BLK-01267,SEC_C01_08,Nellore - Gudur,Vijayawada,Traction,OHE Inspection,120,2026-07-13,Mon,PEAK_EVENING,18:10,20:10,1090,1210,1,0,1,0,3.0,0.841,0,0,tower_wagon_crew,Tower Wagon,HIGH,84,10.8,1,18.4,71.0,0
HIST-BLK-01268,SEC_C03_05,Markapur Road - Giddalur,Guntur,Traction,OHE Inspection,135,2026-07-16,Thu,LATE_NIGHT,21:30,23:45,1290,1425,1,0,1,0,3.0,0.865,0,0,tower_wagon_crew,Tower Wagon,CRITICAL,86,6.0,1,17.9,73.0,0
HIST-BLK-01269,SEC_C01_02,Tenali - Bapatla,Vijayawada,Engineering,Track Maintenance,90,2026-07-29,Wed,AFTERNOON_SLOT,15:31,17:01,931,1021,0,0,0,0,1.0,0.973,1,0,track_gang,None / Manual Tools,CRITICAL,90,4.3,1,18.5,51.6,0
HIST-BLK-01270,SEC_C01_05,Ongole - Singarayakonda,Vijayawada,Traction,Insulator Washing & Replacement,150,2026-08-24,Mon,PEAK_EVENING,18:25,20:55,1105,1255,4,0,1,3,8.0,0.087,0,1,tower_wagon_crew,Tower Wagon,LOW,22,4.2,4,63.9,5.0,0
HIST-BLK-01271,SEC_C03_02,Narasaraopet - Vinukonda,Guntur,Traction,Insulator Washing & Replacement,120,2026-08-29,Sat,MIDDAY_FREIGHT_GAP,12:20,14:20,740,860,0,0,0,0,1.0,0.968,0,1,tower_wagon_crew,Tower Wagon,LOW,40,6.4,0,0.0,99.0,1
HIST-BLK-01272,SEC_C01_08,Nellore - Gudur,Vijayawada,S&T,Axle Counter Replacement,135,2026-08-05,Wed,PEAK_EVENING,18:03,20:18,1083,1218,1,0,1,0,3.0,0.79,1,0,ST_gang,Testing Van,LOW,23,11.5,2,43.2,5.0,0
HIST-BLK-01273,SEC_C02_04,Tuni - Annavaram,Vijayawada,S&T,Axle Counter Replacement,105,2026-07-14,Tue,PEAK_EVENING,19:13,20:58,1153,1258,4,0,1,3,7.0,0.199,1,0,ST_gang,Testing Van,HIGH,70,4.3,5,100.3,5.0,0
HIST-BLK-01274,SEC_C02_01,Visakhapatnam - Duvvada,Visakhapatnam,Engineering,Turnout Overhaul,180,2026-07-04,Sat,AFTERNOON_SLOT,15:00,18:00,900,1080,1,0,1,0,3.0,0.826,1,0,track_gang,CSM Tamping Machine,LOW,25,10.3,2,48.5,5.0,0
HIST-BLK-01275,SEC_C02_09,Tadepalligudem - Eluru,Vijayawada,Engineering,Weld Rectification,60,2026-07-16,Thu,PEAK_MORNING,08:57,09:57,537,597,5,0,1,4,7.0,0.063,0,0,track_gang,USFD Flaw Detector,HIGH,70,8.1,5,91.2,5.0,0
HIST-BLK-01276,SEC_C01_02,Tenali - Bapatla,Vijayawada,Engineering,Weld Rectification,90,2026-08-27,Thu,PEAK_MORNING,08:08,09:38,488,578,3,1,1,2,10.0,0.05,0,0,track_gang,USFD Flaw Detector,LOW,31,3.9,3,80.1,5.0,0
HIST-BLK-01277,SEC_C01_01,Vijayawada - Tenali,Vijayawada,Traction,Power Isolation Maintenance,150,2026-08-21,Fri,NIGHT_MEGABLOCK,01:08,03:38,68,218,0,0,0,0,1.0,0.954,0,1,tower_wagon_crew,Tower Wagon,HIGH,72,3.5,0,0.0,99.0,1
HIST-BLK-01278,SEC_C03_02,Narasaraopet - Vinukonda,Guntur,Traction,Contact Wire Height Regulation,150,2026-08-18,Tue,PEAK_EVENING,18:27,20:57,1107,1257,2,0,1,1,8.0,0.621,0,0,tower_wagon_crew,Tower Wagon,MEDIUM,50,11.0,2,26.5,47.8,0
HIST-BLK-01279,SEC_C04_02,Gooty - Tadipatri,Guntakal,Traction,Substation Transformer Overhaul,240,2026-08-12,Wed,PEAK_EVENING,17:45,21:45,1065,1305,2,1,1,1,10.0,0.356,0,0,specialist_team,None / Manual Tools,HIGH,73,9.8,2,44.3,5.0,0
HIST-BLK-01280,SEC_C02_08,Nidadavolu - Tadepalligudem,Vijayawada,Engineering,Sleeper Replacement,180,2026-08-13,Thu,LATE_NIGHT,21:30,00:30,1290,1470,1,0,1,0,3.0,0.849,0,0,track_gang,Ballast Regulator,MEDIUM,55,9.7,1,21.6,70.5,0
HIST-BLK-01281,SEC_C04_02,Gooty - Tadipatri,Guntakal,Engineering,Rail Renewal,270,2026-07-03,Fri,AFTERNOON_SLOT,15:00,19:30,900,1170,1,1,0,1,9.0,0.623,0,0,track_gang,CSM Tamping Machine,MEDIUM,54,7.2,1,43.7,5.0,0
HIST-BLK-01282,SEC_C02_10,Eluru - Vijayawada,Vijayawada,S&T,Interlocking Inspection,90,2026-07-10,Fri,NIGHT_MEGABLOCK,01:56,03:26,116,206,1,0,1,0,3.0,0.836,1,0,ST_gang,None / Manual Tools,CRITICAL,88,7.6,2,39.4,9.3,0
HIST-BLK-01283,SEC_C02_01,Visakhapatnam - Duvvada,Visakhapatnam,Engineering,Weld Rectification,105,2026-08-20,Thu,LATE_NIGHT,21:37,23:22,1297,1402,0,0,0,0,1.0,0.952,0,0,track_gang,USFD Flaw Detector,MEDIUM,52,2.9,0,0.0,99.0,1
HIST-BLK-01284,SEC_C04_07,Razampeta - Koduru,Guntakal,Engineering,Weld Rectification,90,2026-08-08,Sat,AFTERNOON_SLOT,15:04,16:34,904,994,1,0,0,1,6.0,0.822,1,1,track_gang,USFD Flaw Detector,MEDIUM,47,12.0,2,42.0,19.5,0
HIST-BLK-01285,SEC_C02_08,Nidadavolu - Tadepalligudem,Vijayawada,S&T,Cable Jointing & OFC,165,2026-08-10,Mon,LATE_NIGHT,21:30,00:15,1290,1455,1,0,1,0,3.0,0.796,0,1,ST_gang,Testing Van,MEDIUM,51,3.7,1,23.4,67.8,0
HIST-BLK-01286,SEC_C03_04,Donakonda - Markapur Road,Guntur,Engineering,Turnout Overhaul,150,2026-08-28,Fri,PEAK_MORNING,07:40,10:10,460,610,2,0,1,1,7.0,0.664,0,0,track_gang,CSM Tamping Machine,HIGH,78,4.3,2,35.8,36.0,0
HIST-BLK-01287,SEC_C01_03,Bapatla - Chirala,Vijayawada,Engineering,Deep Screening Ballast,210,2026-07-18,Sat,NIGHT_MEGABLOCK,01:00,04:30,60,270,0,0,0,0,1.0,0.953,0,0,track_gang,Ballast Regulator,MEDIUM,60,11.1,0,0.0,99.0,1
HIST-BLK-01288,SEC_C02_01,Visakhapatnam - Duvvada,Visakhapatnam,Traction,Cantilever Adjustment,165,2026-08-04,Tue,AFTERNOON_SLOT,15:00,17:45,900,1065,1,0,1,0,3.0,0.855,0,0,tower_wagon_crew,Tower Wagon,MEDIUM,62,1.5,1,20.3,72.4,0
HIST-BLK-01289,SEC_C02_02,Duvvada - Anakapalle,Visakhapatnam,Engineering,Rail Renewal,210,2026-07-29,Wed,PEAK_MORNING,07:30,11:00,450,660,1,0,0,1,4.0,0.821,0,0,track_gang,CSM Tamping Machine,MEDIUM,48,8.0,1,27.7,61.8,0
HIST-BLK-01290,SEC_C02_09,Tadepalligudem - Eluru,Vijayawada,Traction,Contact Wire Height Regulation,195,2026-08-12,Wed,AFTERNOON_SLOT,15:00,18:15,900,1095,1,0,0,1,8.0,0.842,0,0,tower_wagon_crew,Tower Wagon,LOW,42,8.0,1,22.2,70.4,0
HIST-BLK-01291,SEC_C04_01,Guntakal - Gooty,Guntakal,Traction,Cantilever Adjustment,180,2026-08-27,Thu,LATE_NIGHT,21:30,00:30,1290,1470,1,0,1,0,3.0,0.789,0,0,tower_wagon_crew,Tower Wagon,HIGH,78,2.0,1,18.2,70.1,0
HIST-BLK-01292,SEC_C02_04,Tuni - Annavaram,Vijayawada,Engineering,Deep Screening Ballast,210,2026-07-24,Fri,EARLY_MORNING,04:30,08:00,270,480,1,1,0,1,10.0,0.6,0,1,track_gang,Ballast Regulator,HIGH,71,2.3,1,26.2,35.2,0
HIST-BLK-01293,SEC_C04_02,Gooty - Tadipatri,Guntakal,Engineering,Sleeper Replacement,180,2026-07-16,Thu,MIDDAY_FREIGHT_GAP,11:30,14:30,690,870,0,0,0,0,1.0,0.998,0,0,track_gang,Ballast Regulator,MEDIUM,48,5.4,0,0.0,99.0,1
HIST-BLK-01294,SEC_C04_08,Koduru - Renigunta,Guntakal,Engineering,Track Maintenance,90,2026-08-08,Sat,PEAK_EVENING,19:08,20:38,1148,1238,4,0,1,3,8.0,0.13,1,0,track_gang,None / Manual Tools,MEDIUM,50,12.0,5,82.9,5.0,0
HIST-BLK-01295,SEC_C04_04,Kondapuram - Yerraguntla,Guntakal,S&T,Axle Counter Replacement,120,2026-07-04,Sat,PEAK_MORNING,08:20,10:20,500,620,2,0,0,2,8.0,0.578,0,0,ST_gang,Testing Van,HIGH,79,6.6,2,30.9,40.7,0
HIST-BLK-01296,SEC_C01_02,Tenali - Bapatla,Vijayawada,Traction,Contact Wire Height Regulation,180,2026-08-19,Wed,PEAK_MORNING,07:30,10:30,450,630,1,0,0,1,7.0,0.876,0,0,tower_wagon_crew,Tower Wagon,HIGH,70,9.7,1,19.6,71.5,0
HIST-BLK-01297,SEC_C04_01,Guntakal - Gooty,Guntakal,Engineering,Deep Screening Ballast,195,2026-08-19,Wed,MIDDAY_FREIGHT_GAP,11:30,14:45,690,885,0,0,0,0,1.0,0.947,0,0,track_gang,Ballast Regulator,HIGH,73,7.9,0,0.0,99.0,1
HIST-BLK-01298,SEC_C01_04,Chirala - Ongole,Vijayawada,Engineering,Deep Screening Ballast,240,2026-07-28,Tue,EARLY_MORNING,04:30,08:30,270,510,0,0,0,0,1.0,0.988,0,0,track_gang,Ballast Regulator,CRITICAL,88,9.9,0,0.0,99.0,1
HIST-BLK-01299,SEC_C04_07,Razampeta - Koduru,Guntakal,Traction,Substation Transformer Overhaul,240,2026-07-20,Mon,MIDDAY_FREIGHT_GAP,11:30,15:30,690,930,0,0,0,0,1.0,0.931,0,1,specialist_team,None / Manual Tools,HIGH,72,3.4,0,0.0,99.0,1
HIST-BLK-01300,SEC_C01_07,Kavali - Nellore,Vijayawada,Engineering,Rail Renewal,255,2026-08-22,Sat,PEAK_MORNING,07:30,11:45,450,705,1,0,0,1,6.0,0.833,0,1,track_gang,CSM Tamping Machine,MEDIUM,57,11.0,1,26.1,71.4,0
HIST-BLK-01301,SEC_C04_02,Gooty - Tadipatri,Guntakal,S&T,Cable Jointing & OFC,150,2026-08-05,Wed,EARLY_MORNING,04:30,07:00,270,420,0,0,0,0,1.0,0.936,0,0,ST_gang,Testing Van,CRITICAL,95,6.2,0,0.0,99.0,1
HIST-BLK-01302,SEC_C01_01,Vijayawada - Tenali,Vijayawada,S&T,Axle Counter Replacement,105,2026-08-15,Sat,MIDDAY_FREIGHT_GAP,12:03,13:48,723,828,0,0,0,0,1.0,0.988,1,0,ST_gang,Testing Van,MEDIUM,58,11.2,1,15.8,53.9,0
HIST-BLK-01303,SEC_C02_07,Rajahmundry - Nidadavolu,Vijayawada,Traction,Contact Wire Height Regulation,180,2026-07-15,Wed,MIDDAY_FREIGHT_GAP,11:30,14:30,690,870,0,0,0,0,1.0,0.948,0,0,tower_wagon_crew,Tower Wagon,MEDIUM,57,6.3,0,0.0,99.0,1
HIST-BLK-01304,SEC_C02_03,Anakapalle - Tuni,Visakhapatnam,S&T,Track Circuit Testing,90,2026-07-12,Sun,PEAK_MORNING,07:46,09:16,466,556,1,0,0,1,6.0,0.792,0,0,ST_gang,None / Manual Tools,MEDIUM,69,4.2,1,20.5,71.6,0
HIST-BLK-01305,SEC_C02_10,Eluru - Vijayawada,Vijayawada,Engineering,Track Maintenance,150,2026-08-30,Sun,MIDDAY_FREIGHT_GAP,11:38,14:08,698,848,0,0,0,0,1.0,0.944,0,1,track_gang,None / Manual Tools,HIGH,84,3.6,0,0.0,99.0,1
HIST-BLK-01306,SEC_C01_08,Nellore - Gudur,Vijayawada,Engineering,Turnout Overhaul,165,2026-08-29,Sat,PEAK_EVENING,17:59,20:44,1079,1244,4,0,1,3,8.0,0.152,0,0,track_gang,CSM Tamping Machine,MEDIUM,47,5.7,4,48.5,5.0,0
HIST-BLK-01307,SEC_C02_03,Anakapalle - Tuni,Visakhapatnam,S&T,Point Machine Overhaul,60,2026-07-13,Mon,LATE_NIGHT,22:41,23:41,1361,1421,0,0,0,0,1.0,0.975,0,1,ST_gang,Testing Van,MEDIUM,60,7.2,0,0.0,99.0,1
HIST-BLK-01308,SEC_C01_05,Ongole - Singarayakonda,Vijayawada,Traction,Contact Wire Height Regulation,165,2026-08-22,Sat,NIGHT_MEGABLOCK,01:08,03:53,68,233,1,0,1,0,3.0,0.813,0,0,tower_wagon_crew,Tower Wagon,MEDIUM,46,11.8,1,19.5,71.1,0
HIST-BLK-01309,SEC_C02_02,Duvvada - Anakapalle,Visakhapatnam,S&T,Interlocking Inspection,75,2026-07-22,Wed,LATE_NIGHT,21:44,22:59,1304,1379,0,0,0,0,1.0,0.921,0,0,ST_gang,None / Manual Tools,LOW,42,6.9,0,0.0,99.0,1
HIST-BLK-01310,SEC_C04_02,Gooty - Tadipatri,Guntakal,S&T,Axle Counter Replacement,135,2026-07-19,Sun,AFTERNOON_SLOT,15:02,17:17,902,1037,0,0,0,0,1.0,0.987,0,0,ST_gang,Testing Van,HIGH,75,8.5,0,0.0,99.0,1
HIST-BLK-01311,SEC_C02_09,Tadepalligudem - Eluru,Vijayawada,S&T,Signal Maintenance,75,2026-07-14,Tue,LATE_NIGHT,22:04,23:19,1324,1399,0,0,0,0,1.0,0.975,0,0,ST_gang,None / Manual Tools,HIGH,76,2.6,0,0.0,99.0,1
HIST-BLK-01312,SEC_C03_03,Vinukonda - Donakonda,Guntur,Engineering,Deep Screening Ballast,225,2026-07-08,Wed,EARLY_MORNING,04:30,08:15,270,495,1,1,0,1,9.0,0.584,0,0,track_gang,Ballast Regulator,LOW,36,9.2,1,36.4,10.6,0
HIST-BLK-01313,SEC_C02_02,Duvvada - Anakapalle,Visakhapatnam,Traction,Insulator Washing & Replacement,90,2026-07-20,Mon,PEAK_MORNING,08:31,10:01,511,601,1,0,0,1,4.0,0.838,1,0,tower_wagon_crew,Tower Wagon,CRITICAL,93,8.7,2,33.5,19.1,0
HIST-BLK-01314,SEC_C04_01,Guntakal - Gooty,Guntakal,Traction,Cantilever Adjustment,135,2026-07-18,Sat,EARLY_MORNING,04:36,06:51,276,411,0,0,0,0,1.0,0.987,0,0,tower_wagon_crew,Tower Wagon,MEDIUM,63,4.0,0,0.0,99.0,1
HIST-BLK-01315,SEC_C02_02,Duvvada - Anakapalle,Visakhapatnam,Engineering,Deep Screening Ballast,240,2026-08-05,Wed,MIDDAY_FREIGHT_GAP,11:30,15:30,690,930,0,0,0,0,1.0,0.922,0,0,track_gang,Ballast Regulator,LOW,25,11.8,0,0.0,99.0,1
HIST-BLK-01316,SEC_C01_04,Chirala - Ongole,Vijayawada,Traction,Insulator Washing & Replacement,135,2026-08-29,Sat,EARLY_MORNING,04:35,06:50,275,410,0,0,0,0,1.0,0.932,1,0,tower_wagon_crew,Tower Wagon,CRITICAL,87,10.8,1,15.2,54.4,0
HIST-BLK-01317,SEC_C04_01,Guntakal - Gooty,Guntakal,S&T,Axle Counter Replacement,120,2026-07-08,Wed,NIGHT_MEGABLOCK,01:58,03:58,118,238,1,0,1,0,3.0,0.864,0,0,ST_gang,Testing Van,MEDIUM,62,9.0,1,15.2,77.3,0
HIST-BLK-01318,SEC_C03_01,Guntur - Narasaraopet,Guntur,Engineering,Rail Renewal,240,2026-08-20,Thu,NIGHT_MEGABLOCK,01:00,05:00,60,300,0,0,0,0,1.0,0.993,0,0,track_gang,CSM Tamping Machine,HIGH,79,8.2,0,0.0,99.0,1
HIST-BLK-01319,SEC_C01_04,Chirala - Ongole,Vijayawada,S&T,Track Circuit Testing,75,2026-08-20,Thu,LATE_NIGHT,22:19,23:34,1339,1414,0,0,0,0,1.0,0.971,0,0,ST_gang,None / Manual Tools,HIGH,79,4.8,0,0.0,99.0,1
HIST-BLK-01320,SEC_C01_07,Kavali - Nellore,Vijayawada,Engineering,Track Maintenance,105,2026-08-16,Sun,LATE_NIGHT,21:30,23:15,1290,1395,0,0,0,0,1.0,0.98,0,0,track_gang,None / Manual Tools,LOW,20,11.4,0,0.0,99.0,1
HIST-BLK-01321,SEC_C04_01,Guntakal - Gooty,Guntakal,S&T,Signal Maintenance,60,2026-07-02,Thu,PEAK_EVENING,17:56,18:56,1076,1136,5,0,1,4,8.0,0.113,0,0,ST_gang,None / Manual Tools,CRITICAL,86,5.4,5,86.4,5.0,0
HIST-BLK-01322,SEC_C02_07,Rajahmundry - Nidadavolu,Vijayawada,S&T,Signal Maintenance,60,2026-08-04,Tue,PEAK_MORNING,07:42,08:42,462,522,5,0,1,4,8.0,0.166,0,0,ST_gang,None / Manual Tools,HIGH,70,3.5,5,64.0,5.0,0
HIST-BLK-01323,SEC_C02_02,Duvvada - Anakapalle,Visakhapatnam,S&T,Interlocking Inspection,120,2026-08-06,Thu,AFTERNOON_SLOT,15:19,17:19,919,1039,0,0,0,0,1.0,0.952,0,0,ST_gang,None / Manual Tools,HIGH,84,7.2,0,0.0,99.0,1
HIST-BLK-01324,SEC_C01_08,Nellore - Gudur,Vijayawada,S&T,Interlocking Inspection,120,2026-08-12,Wed,PEAK_EVENING,18:47,20:47,1127,1247,2,1,1,1,10.0,0.317,0,0,ST_gang,None / Manual Tools,MEDIUM,50,7.5,2,42.4,5.0,0
HIST-BLK-01325,SEC_C02_01,Visakhapatnam - Duvvada,Visakhapatnam,Engineering,Track Maintenance,105,2026-07-28,Tue,PEAK_EVENING,18:30,20:15,1110,1215,5,0,1,4,7.0,0.107,0,1,track_gang,None / Manual Tools,HIGH,72,11.4,5,90.1,5.0,0
HIST-BLK-01326,SEC_C02_01,Visakhapatnam - Duvvada,Visakhapatnam,Engineering,Sleeper Replacement,180,2026-07-22,Wed,AFTERNOON_SLOT,15:00,18:00,900,1080,1,0,0,1,8.0,0.811,0,0,track_gang,Ballast Regulator,LOW,34,2.4,1,24.5,64.8,0
HIST-BLK-01327,SEC_C04_01,Guntakal - Gooty,Guntakal,Traction,Power Isolation Maintenance,150,2026-07-07,Tue,AFTERNOON_SLOT,15:00,17:30,900,1050,0,0,0,0,1.0,0.974,1,1,tower_wagon_crew,Tower Wagon,MEDIUM,62,9.0,1,21.0,55.5,0
HIST-BLK-01328,SEC_C02_10,Eluru - Vijayawada,Vijayawada,Engineering,Turnout Overhaul,165,2026-08-08,Sat,MIDDAY_FREIGHT_GAP,11:40,14:25,700,865,0,0,0,0,1.0,0.961,0,0,track_gang,CSM Tamping Machine,CRITICAL,86,11.1,0,0.0,99.0,1
HIST-BLK-01329,SEC_C03_06,Giddalur - Nandyal,Guntur,S&T,Point Machine Overhaul,60,2026-08-22,Sat,AFTERNOON_SLOT,15:44,16:44,944,1004,0,0,0,0,1.0,0.974,0,0,ST_gang,Testing Van,HIGH,71,2.8,0,0.0,99.0,1
HIST-BLK-01330,SEC_C02_02,Duvvada - Anakapalle,Visakhapatnam,Engineering,Rail Renewal,240,2026-08-23,Sun,NIGHT_MEGABLOCK,01:00,05:00,60,300,0,0,0,0,1.0,0.921,0,1,track_gang,CSM Tamping Machine,MEDIUM,47,8.9,0,0.0,99.0,1
HIST-BLK-01331,SEC_C02_10,Eluru - Vijayawada,Vijayawada,Engineering,Sleeper Replacement,165,2026-07-14,Tue,LATE_NIGHT,21:30,00:15,1290,1455,1,0,1,0,3.0,0.865,0,0,track_gang,Ballast Regulator,HIGH,75,7.9,1,25.1,67.1,0
HIST-BLK-01332,SEC_C02_10,Eluru - Vijayawada,Vijayawada,Engineering,Track Maintenance,90,2026-08-01,Sat,AFTERNOON_SLOT,15:41,17:11,941,1031,0,0,0,0,1.0,0.996,1,0,track_gang,None / Manual Tools,MEDIUM,50,6.3,1,16.4,55.7,0
HIST-BLK-01333,SEC_C01_05,Ongole - Singarayakonda,Vijayawada,S&T,Interlocking Inspection,90,2026-07-01,Wed,MIDDAY_FREIGHT_GAP,11:38,13:08,698,788,0,0,0,0,1.0,0.925,1,0,ST_gang,None / Manual Tools,HIGH,71,11.7,1,24.2,44.2,0
HIST-BLK-01334,SEC_C01_07,Kavali - Nellore,Vijayawada,Traction,OHE Inspection,120,2026-07-12,Sun,MIDDAY_FREIGHT_GAP,11:35,13:35,695,815,0,0,0,0,1.0,0.98,0,0,tower_wagon_crew,Tower Wagon,CRITICAL,91,9.8,0,0.0,99.0,1
HIST-BLK-01335,SEC_C02_01,Visakhapatnam - Duvvada,Visakhapatnam,Engineering,Track Maintenance,90,2026-07-30,Thu,NIGHT_MEGABLOCK,01:55,03:25,115,205,0,0,0,0,1.0,0.974,0,0,track_gang,None / Manual Tools,CRITICAL,93,11.9,0,0.0,99.0,1
HIST-BLK-01336,SEC_C03_02,Narasaraopet - Vinukonda,Guntur,Traction,Substation Transformer Overhaul,240,2026-08-14,Fri,PEAK_MORNING,07:30,11:30,450,690,1,1,0,1,10.0,0.553,0,0,specialist_team,None / Manual Tools,MEDIUM,63,7.3,1,42.1,5.0,0
HIST-BLK-01337,SEC_C02_09,Tadepalligudem - Eluru,Vijayawada,S&T,Axle Counter Replacement,90,2026-07-27,Mon,LATE_NIGHT,21:35,23:05,1295,1385,0,0,0,0,1.0,0.983,0,1,ST_gang,Testing Van,MEDIUM,49,4.8,0,0.0,99.0,1
HIST-BLK-01338,SEC_C02_06,Samalkot - Rajahmundry,Vijayawada,Traction,OHE Inspection,90,2026-07-17,Fri,PEAK_MORNING,07:35,09:05,455,545,1,0,0,1,6.0,0.795,0,0,tower_wagon_crew,Tower Wagon,MEDIUM,66,3.4,1,17.2,72.2,0
HIST-BLK-01339,SEC_C03_06,Giddalur - Nandyal,Guntur,S&T,Track Circuit Testing,90,2026-08-18,Tue,LATE_NIGHT,21:45,23:15,1305,1395,0,0,0,0,1.0,0.993,0,0,ST_gang,None / Manual Tools,HIGH,71,7.2,0,0.0,99.0,1
HIST-BLK-01340,SEC_C04_04,Kondapuram - Yerraguntla,Guntakal,S&T,Point Machine Overhaul,105,2026-08-05,Wed,EARLY_MORNING,05:15,07:00,315,420,0,0,0,0,1.0,1.0,0,0,ST_gang,Testing Van,LOW,37,11.7,0,0.0,99.0,1
HIST-BLK-01341,SEC_C02_07,Rajahmundry - Nidadavolu,Vijayawada,S&T,Cable Jointing & OFC,150,2026-07-26,Sun,EARLY_MORNING,04:30,07:00,270,420,1,0,0,1,7.0,0.834,0,0,ST_gang,Testing Van,HIGH,71,4.4,1,16.0,74.8,0
HIST-BLK-01342,SEC_C03_04,Donakonda - Markapur Road,Guntur,S&T,Signal Maintenance,60,2026-07-26,Sun,EARLY_MORNING,04:56,05:56,296,356,0,0,0,0,1.0,0.965,0,0,ST_gang,None / Manual Tools,MEDIUM,45,5.0,0,0.0,99.0,1
HIST-BLK-01343,SEC_C01_07,Kavali - Nellore,Vijayawada,Engineering,Sleeper Replacement,210,2026-08-14,Fri,PEAK_MORNING,07:30,11:00,450,660,2,0,1,1,7.0,0.66,0,0,track_gang,Ballast Regulator,CRITICAL,87,6.8,2,34.3,38.5,0
HIST-BLK-01344,SEC_C01_02,Tenali - Bapatla,Vijayawada,Engineering,Rail Renewal,240,2026-08-15,Sat,MIDDAY_FREIGHT_GAP,11:30,15:30,690,930,2,0,0,2,8.0,0.623,1,0,track_gang,CSM Tamping Machine,CRITICAL,97,5.8,3,69.2,5.0,0
HIST-BLK-01345,SEC_C02_10,Eluru - Vijayawada,Vijayawada,Traction,OHE Inspection,150,2026-07-12,Sun,NIGHT_MEGABLOCK,01:28,03:58,88,238,1,0,1,0,3.0,0.794,0,0,tower_wagon_crew,Tower Wagon,HIGH,80,5.3,1,25.1,61.3,0
HIST-BLK-01346,SEC_C04_03,Tadipatri - Kondapuram,Guntakal,Traction,OHE Inspection,90,2026-07-21,Tue,NIGHT_MEGABLOCK,01:43,03:13,103,193,1,0,0,1,4.0,0.801,0,0,tower_wagon_crew,Tower Wagon,MEDIUM,50,9.9,1,19.4,71.2,0
HIST-BLK-01347,SEC_C04_05,Yerraguntla - Kadapa,Guntakal,Traction,Insulator Washing & Replacement,120,2026-07-03,Fri,MIDDAY_FREIGHT_GAP,11:48,13:48,708,828,0,0,0,0,1.0,0.924,0,0,tower_wagon_crew,Tower Wagon,MEDIUM,48,10.4,0,0.0,99.0,1
HIST-BLK-01348,SEC_C01_04,Chirala - Ongole,Vijayawada,S&T,Cable Jointing & OFC,180,2026-08-07,Fri,PEAK_EVENING,17:56,20:56,1076,1256,2,0,2,0,3.0,0.616,0,1,ST_gang,Testing Van,LOW,41,1.6,2,32.9,41.1,0
HIST-BLK-01349,SEC_C02_06,Samalkot - Rajahmundry,Vijayawada,S&T,Cable Jointing & OFC,120,2026-07-14,Tue,PEAK_EVENING,18:59,20:59,1139,1259,1,1,0,1,10.0,0.542,0,0,ST_gang,Testing Van,HIGH,74,6.0,1,39.0,8.3,0
HIST-BLK-01350,SEC_C01_05,Ongole - Singarayakonda,Vijayawada,Engineering,Weld Rectification,90,2026-08-10,Mon,AFTERNOON_SLOT,15:58,17:28,958,1048,0,0,0,0,1.0,0.928,0,0,track_gang,USFD Flaw Detector,HIGH,80,3.3,0,0.0,99.0,1
HIST-BLK-01351,SEC_C03_05,Markapur Road - Giddalur,Guntur,Engineering,Rail Renewal,270,2026-08-06,Thu,PEAK_MORNING,07:30,12:00,450,720,3,0,1,2,8.0,0.279,1,0,track_gang,CSM Tamping Machine,HIGH,72,6.6,4,80.9,5.0,0
HIST-BLK-01352,SEC_C04_04,Kondapuram - Yerraguntla,Guntakal,Traction,OHE Inspection,90,2026-08-04,Tue,MIDDAY_FREIGHT_GAP,12:26,13:56,746,836,0,0,0,0,1.0,0.958,0,0,tower_wagon_crew,Tower Wagon,CRITICAL,97,6.8,0,0.0,99.0,1
HIST-BLK-01353,SEC_C02_01,Visakhapatnam - Duvvada,Visakhapatnam,Traction,Power Isolation Maintenance,210,2026-07-13,Mon,AFTERNOON_SLOT,15:00,18:30,900,1110,1,0,0,1,8.0,0.865,0,1,tower_wagon_crew,Tower Wagon,HIGH,81,5.6,1,23.1,78.9,0
HIST-BLK-01354,SEC_C02_03,Anakapalle - Tuni,Visakhapatnam,S&T,Track Circuit Testing,45,2026-07-14,Tue,EARLY_MORNING,05:51,06:36,351,396,1,0,0,1,8.0,0.815,0,0,ST_gang,None / Manual Tools,CRITICAL,93,4.2,1,19.2,69.7,0
HIST-BLK-01355,SEC_C01_07,Kavali - Nellore,Vijayawada,S&T,Interlocking Inspection,90,2026-07-12,Sun,AFTERNOON_SLOT,15:03,16:33,903,993,0,0,0,0,1.0,0.97,0,1,ST_gang,None / Manual Tools,MEDIUM,63,9.8,0,0.0,99.0,1
HIST-BLK-01356,SEC_C01_07,Kavali - Nellore,Vijayawada,Engineering,Track Maintenance,150,2026-08-20,Thu,NIGHT_MEGABLOCK,01:18,03:48,78,228,1,0,1,0,3.0,0.87,0,1,track_gang,None / Manual Tools,HIGH,71,9.5,1,20.9,82.4,0
HIST-BLK-01357,SEC_C02_09,Tadepalligudem - Eluru,Vijayawada,Engineering,Track Maintenance,105,2026-08-26,Wed,NIGHT_MEGABLOCK,01:11,02:56,71,176,0,0,0,0,1.0,0.956,0,0,track_gang,None / Manual Tools,MEDIUM,64,8.6,0,0.0,99.0,1
HIST-BLK-01358,SEC_C04_06,Kadapa - Razampeta,Guntakal,S&T,Interlocking Inspection,105,2026-08-20,Thu,AFTERNOON_SLOT,15:28,17:13,928,1033,0,0,0,0,1.0,0.946,1,0,ST_gang,None / Manual Tools,MEDIUM,50,7.7,1,21.4,44.6,0
HIST-BLK-01359,SEC_C01_03,Bapatla - Chirala,Vijayawada,Engineering,Turnout Overhaul,180,2026-08-12,Wed,LATE_NIGHT,21:30,00:30,1290,1470,0,0,0,0,1.0,0.984,0,0,track_gang,CSM Tamping Machine,LOW,24,3.5,0,0.0,99.0,1
HIST-BLK-01360,SEC_C04_06,Kadapa - Razampeta,Guntakal,Engineering,Deep Screening Ballast,225,2026-07-09,Thu,NIGHT_MEGABLOCK,01:00,04:45,60,285,0,0,0,0,1.0,0.929,0,0,track_gang,Ballast Regulator,MEDIUM,50,1.6,0,0.0,99.0,1
HIST-BLK-01361,SEC_C02_03,Anakapalle - Tuni,Visakhapatnam,Engineering,Deep Screening Ballast,225,2026-08-16,Sun,PEAK_EVENING,17:45,21:30,1065,1290,1,1,0,1,10.0,0.547,0,0,track_gang,Ballast Regulator,HIGH,73,9.1,1,36.3,10.0,0
HIST-BLK-01362,SEC_C01_08,Nellore - Gudur,Vijayawada,Traction,Contact Wire Height Regulation,165,2026-08-04,Tue,PEAK_MORNING,07:40,10:25,460,625,2,0,1,1,8.0,0.602,1,0,tower_wagon_crew,Tower Wagon,HIGH,85,5.5,3,60.2,5.0,0
HIST-BLK-01363,SEC_C03_04,Donakonda - Markapur Road,Guntur,Engineering,Sleeper Replacement,195,2026-08-18,Tue,LATE_NIGHT,21:30,00:45,1290,1485,0,0,0,0,1.0,0.989,0,1,track_gang,Ballast Regulator,CRITICAL,92,11.0,0,0.0,99.0,1
HIST-BLK-01364,SEC_C02_04,Tuni - Annavaram,Vijayawada,Traction,Cantilever Adjustment,150,2026-08-26,Wed,PEAK_MORNING,07:57,10:27,477,627,2,0,1,1,7.0,0.53,1,1,tower_wagon_crew,Tower Wagon,MEDIUM,50,3.7,3,46.3,5.0,0
HIST-BLK-01365,SEC_C02_07,Rajahmundry - Nidadavolu,Vijayawada,Engineering,Deep Screening Ballast,195,2026-07-04,Sat,PEAK_MORNING,07:30,10:45,450,645,2,0,0,2,7.0,0.516,0,0,track_gang,Ballast Regulator,HIGH,78,11.2,2,43.0,26.0,0
HIST-BLK-01366,SEC_C01_05,Ongole - Singarayakonda,Vijayawada,S&T,Track Circuit Testing,90,2026-08-08,Sat,PEAK_EVENING,18:10,19:40,1090,1180,2,0,1,1,7.0,0.523,0,0,ST_gang,None / Manual Tools,MEDIUM,46,3.1,2,37.5,29.6,0
HIST-BLK-01367,SEC_C04_05,Yerraguntla - Kadapa,Guntakal,S&T,Track Circuit Testing,60,2026-08-14,Fri,NIGHT_MEGABLOCK,01:31,02:31,91,151,0,0,0,0,1.0,0.936,1,1,ST_gang,None / Manual Tools,LOW,44,5.0,1,15.7,51.6,0
HIST-BLK-01368,SEC_C02_05,Annavaram - Samalkot,Vijayawada,Engineering,Deep Screening Ballast,180,2026-07-23,Thu,PEAK_EVENING,17:52,20:52,1072,1252,1,0,0,1,4.0,0.873,0,0,track_gang,Ballast Regulator,HIGH,84,2.5,1,22.4,66.7,0
HIST-BLK-01369,SEC_C01_05,Ongole - Singarayakonda,Vijayawada,Traction,OHE Inspection,150,2026-07-11,Sat,AFTERNOON_SLOT,15:00,17:30,900,1050,0,0,0,0,1.0,0.927,0,1,tower_wagon_crew,Tower Wagon,MEDIUM,66,4.6,0,0.0,99.0,1
HIST-BLK-01370,SEC_C01_03,Bapatla - Chirala,Vijayawada,Engineering,Weld Rectification,120,2026-08-03,Mon,EARLY_MORNING,04:33,06:33,273,393,0,0,0,0,1.0,0.996,0,0,track_gang,USFD Flaw Detector,CRITICAL,89,10.1,0,0.0,99.0,1
HIST-BLK-01371,SEC_C04_01,Guntakal - Gooty,Guntakal,S&T,Point Machine Overhaul,75,2026-08-06,Thu,NIGHT_MEGABLOCK,02:42,03:57,162,237,0,0,0,0,1.0,0.995,0,0,ST_gang,Testing Van,HIGH,70,7.4,0,0.0,99.0,1
HIST-BLK-01372,SEC_C04_03,Tadipatri - Kondapuram,Guntakal,S&T,Axle Counter Replacement,90,2026-07-25,Sat,EARLY_MORNING,05:14,06:44,314,404,0,0,0,0,1.0,0.952,0,1,ST_gang,Testing Van,HIGH,82,7.6,0,0.0,99.0,1
HIST-BLK-01373,SEC_C02_09,Tadepalligudem - Eluru,Vijayawada,S&T,Cable Jointing & OFC,120,2026-07-29,Wed,MIDDAY_FREIGHT_GAP,11:55,13:55,715,835,0,0,0,0,1.0,0.998,0,0,ST_gang,Testing Van,MEDIUM,64,7.5,0,0.0,99.0,1
HIST-BLK-01374,SEC_C03_02,Narasaraopet - Vinukonda,Guntur,Traction,Insulator Washing & Replacement,120,2026-07-11,Sat,MIDDAY_FREIGHT_GAP,11:42,13:42,702,822,1,0,0,1,8.0,0.793,0,0,tower_wagon_crew,Tower Wagon,HIGH,74,2.4,1,23.7,64.2,0
HIST-BLK-01375,SEC_C04_03,Tadipatri - Kondapuram,Guntakal,Traction,Power Isolation Maintenance,210,2026-07-22,Wed,PEAK_EVENING,17:45,21:15,1065,1275,4,1,1,3,10.0,0.05,0,0,tower_wagon_crew,Tower Wagon,MEDIUM,61,7.1,4,83.5,5.0,0
HIST-BLK-01376,SEC_C01_07,Kavali - Nellore,Vijayawada,Traction,Insulator Washing & Replacement,120,2026-07-10,Fri,PEAK_EVENING,18:15,20:15,1095,1215,4,0,1,3,7.0,0.149,0,1,tower_wagon_crew,Tower Wagon,MEDIUM,57,5.1,4,47.6,5.0,0
HIST-BLK-01377,SEC_C03_01,Guntur - Narasaraopet,Guntur,S&T,Point Machine Overhaul,90,2026-08-12,Wed,NIGHT_MEGABLOCK,01:46,03:16,106,196,0,0,0,0,1.0,0.938,0,1,ST_gang,Testing Van,HIGH,76,8.7,0,0.0,99.0,1
HIST-BLK-01378,SEC_C03_06,Giddalur - Nandyal,Guntur,Traction,Insulator Washing & Replacement,120,2026-07-26,Sun,NIGHT_MEGABLOCK,01:23,03:23,83,203,0,0,0,0,1.0,0.941,0,0,tower_wagon_crew,Tower Wagon,LOW,44,7.4,0,0.0,99.0,1
HIST-BLK-01379,SEC_C03_04,Donakonda - Markapur Road,Guntur,S&T,Axle Counter Replacement,135,2026-08-15,Sat,PEAK_EVENING,18:36,20:51,1116,1251,4,0,1,3,8.0,0.192,0,0,ST_gang,Testing Van,HIGH,77,11.9,4,49.6,5.0,0
HIST-BLK-01380,SEC_C04_01,Guntakal - Gooty,Guntakal,Engineering,Sleeper Replacement,165,2026-08-27,Thu,PEAK_MORNING,07:34,10:19,454,619,3,0,1,2,6.0,0.266,1,0,track_gang,Ballast Regulator,HIGH,81,1.6,4,69.8,5.0,0
HIST-BLK-01381,SEC_C03_02,Narasaraopet - Vinukonda,Guntur,Traction,OHE Inspection,120,2026-07-12,Sun,LATE_NIGHT,21:42,23:42,1302,1422,0,0,0,0,1.0,0.946,0,0,tower_wagon_crew,Tower Wagon,LOW,38,6.2,0,0.0,99.0,1
HIST-BLK-01382,SEC_C02_08,Nidadavolu - Tadepalligudem,Vijayawada,Engineering,Sleeper Replacement,180,2026-07-09,Thu,EARLY_MORNING,04:30,07:30,270,450,0,0,0,0,1.0,0.949,0,0,track_gang,Ballast Regulator,MEDIUM,48,11.3,0,0.0,99.0,1
HIST-BLK-01383,SEC_C02_09,Tadepalligudem - Eluru,Vijayawada,Traction,Insulator Washing & Replacement,135,2026-07-13,Mon,EARLY_MORNING,04:35,06:50,275,410,1,0,0,1,8.0,0.874,0,0,tower_wagon_crew,Tower Wagon,MEDIUM,54,3.7,1,22.8,67.9,0
HIST-BLK-01384,SEC_C04_03,Tadipatri - Kondapuram,Guntakal,Engineering,Deep Screening Ballast,210,2026-07-15,Wed,NIGHT_MEGABLOCK,01:00,04:30,60,270,1,0,0,1,4.0,0.876,1,0,track_gang,Ballast Regulator,MEDIUM,45,9.2,2,46.5,5.0,0
HIST-BLK-01385,SEC_C02_03,Anakapalle - Tuni,Visakhapatnam,Engineering,Track Maintenance,90,2026-07-24,Fri,PEAK_EVENING,18:55,20:25,1135,1225,5,1,1,4,10.0,0.05,0,0,track_gang,None / Manual Tools,HIGH,75,8.4,5,90.1,5.0,0
HIST-BLK-01386,SEC_C04_06,Kadapa - Razampeta,Guntakal,S&T,Track Circuit Testing,105,2026-08-11,Tue,PEAK_EVENING,18:48,20:33,1128,1233,2,1,1,1,10.0,0.285,0,0,ST_gang,None / Manual Tools,LOW,40,8.8,2,43.9,5.0,0
HIST-BLK-01387,SEC_C02_02,Duvvada - Anakapalle,Visakhapatnam,Engineering,Sleeper Replacement,180,2026-07-29,Wed,EARLY_MORNING,04:30,07:30,270,450,1,1,0,1,9.0,0.588,0,1,track_gang,Ballast Regulator,HIGH,80,1.5,1,26.2,35.0,0
HIST-BLK-01388,SEC_C03_05,Markapur Road - Giddalur,Guntur,Engineering,Sleeper Replacement,195,2026-07-05,Sun,NIGHT_MEGABLOCK,01:00,04:15,60,255,0,0,0,0,1.0,0.949,0,1,track_gang,Ballast Regulator,MEDIUM,66,11.2,0,0.0,99.0,1
HIST-BLK-01389,SEC_C02_04,Tuni - Annavaram,Vijayawada,Traction,Power Isolation Maintenance,150,2026-07-20,Mon,EARLY_MORNING,04:30,07:00,270,420,0,0,0,0,1.0,0.946,1,1,tower_wagon_crew,Tower Wagon,MEDIUM,51,4.7,1,29.5,47.5,0
HIST-BLK-01390,SEC_C01_08,Nellore - Gudur,Vijayawada,Engineering,Sleeper Replacement,195,2026-08-21,Fri,PEAK_EVENING,17:45,21:00,1065,1260,1,0,1,0,3.0,0.849,0,1,track_gang,Ballast Regulator,HIGH,75,3.6,1,24.0,75.4,0
HIST-BLK-01391,SEC_C02_02,Duvvada - Anakapalle,Visakhapatnam,Traction,Contact Wire Height Regulation,165,2026-08-28,Fri,PEAK_EVENING,17:45,20:30,1065,1230,1,0,0,1,4.0,0.84,0,0,tower_wagon_crew,Tower Wagon,HIGH,85,9.1,1,25.9,63.0,0
HIST-BLK-01392,SEC_C02_06,Samalkot - Rajahmundry,Vijayawada,Engineering,Turnout Overhaul,165,2026-07-10,Fri,PEAK_EVENING,18:07,20:52,1087,1252,1,1,0,1,10.0,0.607,0,0,track_gang,CSM Tamping Machine,HIGH,76,3.3,1,42.1,5.6,0
HIST-BLK-01393,SEC_C02_07,Rajahmundry - Nidadavolu,Vijayawada,S&T,Point Machine Overhaul,75,2026-07-15,Wed,MIDDAY_FREIGHT_GAP,12:24,13:39,744,819,0,0,0,0,1.0,0.927,0,1,ST_gang,Testing Van,HIGH,71,2.0,0,0.0,99.0,1
HIST-BLK-01394,SEC_C01_03,Bapatla - Chirala,Vijayawada,Traction,Power Isolation Maintenance,180,2026-08-08,Sat,MIDDAY_FREIGHT_GAP,11:30,14:30,690,870,0,0,0,0,1.0,0.983,0,0,tower_wagon_crew,Tower Wagon,CRITICAL,94,3.6,0,0.0,99.0,1
HIST-BLK-01395,SEC_C01_01,Vijayawada - Tenali,Vijayawada,S&T,Signal Maintenance,45,2026-07-26,Sun,NIGHT_MEGABLOCK,02:30,03:15,150,195,0,0,0,0,1.0,0.996,0,0,ST_gang,None / Manual Tools,LOW,27,7.4,0,0.0,99.0,1
HIST-BLK-01396,SEC_C01_06,Singarayakonda - Kavali,Vijayawada,S&T,Cable Jointing & OFC,180,2026-07-28,Tue,PEAK_EVENING,17:53,20:53,1073,1253,4,0,1,3,8.0,0.08,1,1,ST_gang,Testing Van,HIGH,78,11.7,5,75.1,5.0,0
HIST-BLK-01397,SEC_C02_03,Anakapalle - Tuni,Visakhapatnam,Traction,Insulator Washing & Replacement,90,2026-08-10,Mon,NIGHT_MEGABLOCK,02:17,03:47,137,227,0,0,0,0,1.0,1.0,0,0,tower_wagon_crew,Tower Wagon,HIGH,74,8.7,0,0.0,99.0,1
HIST-BLK-01398,SEC_C02_04,Tuni - Annavaram,Vijayawada,Traction,Cantilever Adjustment,150,2026-07-04,Sat,MIDDAY_FREIGHT_GAP,11:35,14:05,695,845,1,0,0,1,7.0,0.862,0,0,tower_wagon_crew,Tower Wagon,MEDIUM,55,11.0,1,17.9,75.7,0
HIST-BLK-01399,SEC_C04_07,Razampeta - Koduru,Guntakal,Engineering,Track Maintenance,150,2026-07-08,Wed,AFTERNOON_SLOT,15:00,17:30,900,1050,0,0,0,0,1.0,0.924,0,0,track_gang,None / Manual Tools,HIGH,85,1.6,0,0.0,99.0,1
HIST-BLK-01400,SEC_C02_07,Rajahmundry - Nidadavolu,Vijayawada,Traction,Cantilever Adjustment,120,2026-08-11,Tue,AFTERNOON_SLOT,15:10,17:10,910,1030,0,0,0,0,1.0,0.932,0,0,tower_wagon_crew,Tower Wagon,LOW,22,5.7,0,0.0,99.0,1
HIST-BLK-01401,SEC_C03_01,Guntur - Narasaraopet,Guntur,Traction,Contact Wire Height Regulation,165,2026-08-06,Thu,LATE_NIGHT,21:30,00:15,1290,1455,0,0,0,0,1.0,0.973,0,0,tower_wagon_crew,Tower Wagon,HIGH,80,2.0,0,0.0,99.0,1
HIST-BLK-01402,SEC_C01_05,Ongole - Singarayakonda,Vijayawada,Engineering,Deep Screening Ballast,240,2026-07-05,Sun,PEAK_MORNING,07:30,11:30,450,690,2,0,0,2,7.0,0.516,1,0,track_gang,Ballast Regulator,LOW,28,11.1,3,56.2,5.0,0
HIST-BLK-01403,SEC_C01_06,Singarayakonda - Kavali,Vijayawada,Traction,Substation Transformer Overhaul,240,2026-08-07,Fri,EARLY_MORNING,04:30,08:30,270,510,1,0,1,0,3.0,0.839,0,1,specialist_team,None / Manual Tools,HIGH,85,6.5,1,20.0,79.0,0
HIST-BLK-01404,SEC_C02_09,Tadepalligudem - Eluru,Vijayawada,Engineering,Sleeper Replacement,165,2026-08-12,Wed,NIGHT_MEGABLOCK,01:02,03:47,62,227,0,0,0,0,1.0,0.972,0,1,track_gang,Ballast Regulator,CRITICAL,97,2.3,0,0.0,99.0,1
HIST-BLK-01405,SEC_C02_08,Nidadavolu - Tadepalligudem,Vijayawada,Traction,Contact Wire Height Regulation,195,2026-07-26,Sun,MIDDAY_FREIGHT_GAP,11:30,14:45,690,885,0,0,0,0,1.0,0.963,1,0,tower_wagon_crew,Tower Wagon,MEDIUM,57,6.5,1,16.1,52.6,0
HIST-BLK-01406,SEC_C04_07,Razampeta - Koduru,Guntakal,Engineering,Track Maintenance,135,2026-08-19,Wed,EARLY_MORNING,04:34,06:49,274,409,0,0,0,0,1.0,0.955,0,0,track_gang,None / Manual Tools,HIGH,70,7.6,0,0.0,99.0,1
HIST-BLK-01407,SEC_C04_07,Razampeta - Koduru,Guntakal,Traction,Insulator Washing & Replacement,120,2026-07-23,Thu,EARLY_MORNING,04:56,06:56,296,416,0,0,0,0,1.0,0.971,0,0,tower_wagon_crew,Tower Wagon,HIGH,79,8.1,0,0.0,99.0,1
HIST-BLK-01408,SEC_C03_02,Narasaraopet - Vinukonda,Guntur,Engineering,Track Maintenance,135,2026-08-13,Thu,PEAK_EVENING,18:35,20:50,1115,1250,4,1,1,3,10.0,0.05,0,0,track_gang,None / Manual Tools,CRITICAL,87,1.7,4,75.6,5.0,0
HIST-BLK-01409,SEC_C03_01,Guntur - Narasaraopet,Guntur,Traction,Substation Transformer Overhaul,240,2026-08-21,Fri,PEAK_MORNING,07:30,11:30,450,690,1,0,1,0,3.0,0.828,1,0,specialist_team,None / Manual Tools,MEDIUM,45,6.4,2,46.3,5.0,0
HIST-BLK-01410,SEC_C04_08,Koduru - Renigunta,Guntakal,S&T,Track Circuit Testing,90,2026-07-29,Wed,AFTERNOON_SLOT,15:28,16:58,928,1018,0,0,0,0,1.0,0.994,0,1,ST_gang,None / Manual Tools,LOW,22,10.9,0,0.0,99.0,1
HIST-BLK-01411,SEC_C01_03,Bapatla - Chirala,Vijayawada,S&T,Track Circuit Testing,45,2026-07-02,Thu,MIDDAY_FREIGHT_GAP,12:32,13:17,752,797,0,0,0,0,1.0,0.948,0,0,ST_gang,None / Manual Tools,MEDIUM,60,5.6,0,0.0,99.0,1
HIST-BLK-01412,SEC_C04_04,Kondapuram - Yerraguntla,Guntakal,Traction,Power Isolation Maintenance,180,2026-07-29,Wed,NIGHT_MEGABLOCK,01:00,04:00,60,240,1,0,1,0,3.0,0.843,0,0,tower_wagon_crew,Tower Wagon,MEDIUM,49,4.9,1,17.5,73.2,0
HIST-BLK-01413,SEC_C04_06,Kadapa - Razampeta,Guntakal,Traction,OHE Inspection,105,2026-07-24,Fri,PEAK_MORNING,07:44,09:29,464,569,3,0,1,2,8.0,0.333,0,1,tower_wagon_crew,Tower Wagon,HIGH,79,4.8,3,37.9,25.3,0
HIST-BLK-01414,SEC_C03_04,Donakonda - Markapur Road,Guntur,Traction,Contact Wire Height Regulation,180,2026-08-29,Sat,PEAK_MORNING,07:30,10:30,450,630,5,0,1,4,7.0,0.095,0,0,tower_wagon_crew,Tower Wagon,HIGH,78,4.6,5,60.1,5.0,0
HIST-BLK-01415,SEC_C01_05,Ongole - Singarayakonda,Vijayawada,S&T,Interlocking Inspection,60,2026-07-26,Sun,AFTERNOON_SLOT,16:17,17:17,977,1037,0,0,0,0,1.0,0.967,0,0,ST_gang,None / Manual Tools,MEDIUM,52,4.2,0,0.0,99.0,1
HIST-BLK-01416,SEC_C03_01,Guntur - Narasaraopet,Guntur,Engineering,Weld Rectification,90,2026-08-26,Wed,MIDDAY_FREIGHT_GAP,12:03,13:33,723,813,0,0,0,0,1.0,0.921,0,1,track_gang,USFD Flaw Detector,MEDIUM,66,3.9,0,0.0,99.0,1
HIST-BLK-01417,SEC_C04_03,Tadipatri - Kondapuram,Guntakal,Engineering,Weld Rectification,120,2026-07-31,Fri,PEAK_EVENING,18:12,20:12,1092,1212,4,1,1,3,10.0,0.05,0,1,track_gang,USFD Flaw Detector,LOW,44,8.8,4,62.0,5.0,0
HIST-BLK-01418,SEC_C03_03,Vinukonda - Donakonda,Guntur,S&T,Interlocking Inspection,90,2026-07-13,Mon,PEAK_MORNING,08:50,10:20,530,620,5,1,1,4,10.0,0.05,1,0,ST_gang,None / Manual Tools,MEDIUM,69,2.0,6,96.4,5.0,0
HIST-BLK-01419,SEC_C02_02,Duvvada - Anakapalle,Visakhapatnam,Traction,Insulator Washing & Replacement,105,2026-08-06,Thu,NIGHT_MEGABLOCK,01:03,02:48,63,168,1,0,1,0,3.0,0.854,0,1,tower_wagon_crew,Tower Wagon,HIGH,74,10.6,1,16.6,84.6,0
HIST-BLK-01420,SEC_C03_05,Markapur Road - Giddalur,Guntur,Traction,Substation Transformer Overhaul,255,2026-07-26,Sun,EARLY_MORNING,04:30,08:45,270,525,0,0,0,0,1.0,0.946,0,0,specialist_team,None / Manual Tools,HIGH,85,6.0,0,0.0,99.0,1
HIST-BLK-01421,SEC_C02_06,Samalkot - Rajahmundry,Vijayawada,Engineering,Rail Renewal,270,2026-07-24,Fri,AFTERNOON_SLOT,15:00,19:30,900,1170,1,1,0,1,10.0,0.56,0,0,track_gang,CSM Tamping Machine,HIGH,80,2.3,1,36.0,8.7,0
HIST-BLK-01422,SEC_C02_06,Samalkot - Rajahmundry,Vijayawada,S&T,Point Machine Overhaul,75,2026-08-23,Sun,MIDDAY_FREIGHT_GAP,11:50,13:05,710,785,0,0,0,0,1.0,0.995,0,1,ST_gang,Testing Van,MEDIUM,46,6.3,0,0.0,99.0,1
HIST-BLK-01423,SEC_C04_03,Tadipatri - Kondapuram,Guntakal,Engineering,Deep Screening Ballast,180,2026-07-02,Thu,PEAK_MORNING,07:30,10:30,450,630,3,0,1,2,8.0,0.351,0,0,track_gang,Ballast Regulator,MEDIUM,66,10.2,3,34.0,21.7,0
HIST-BLK-01424,SEC_C03_03,Vinukonda - Donakonda,Guntur,Traction,Substation Transformer Overhaul,225,2026-08-06,Thu,LATE_NIGHT,21:30,01:15,1290,1515,0,0,0,0,1.0,0.98,0,0,specialist_team,None / Manual Tools,LOW,24,8.3,0,0.0,99.0,1
HIST-BLK-01425,SEC_C04_05,Yerraguntla - Kadapa,Guntakal,S&T,Signal Maintenance,60,2026-07-17,Fri,EARLY_MORNING,04:34,05:34,274,334,0,0,0,0,1.0,0.944,1,0,ST_gang,None / Manual Tools,MEDIUM,46,9.8,1,20.5,45.0,0
HIST-BLK-01426,SEC_C02_03,Anakapalle - Tuni,Visakhapatnam,Traction,Insulator Washing & Replacement,120,2026-07-28,Tue,MIDDAY_FREIGHT_GAP,11:51,13:51,711,831,0,0,0,0,1.0,0.934,0,0,tower_wagon_crew,Tower Wagon,MEDIUM,68,3.2,0,0.0,99.0,1
HIST-BLK-01427,SEC_C02_02,Duvvada - Anakapalle,Visakhapatnam,Traction,Power Isolation Maintenance,150,2026-07-09,Thu,NIGHT_MEGABLOCK,01:04,03:34,64,214,0,0,0,0,1.0,0.966,0,0,tower_wagon_crew,Tower Wagon,CRITICAL,89,3.8,0,0.0,99.0,1
HIST-BLK-01428,SEC_C04_06,Kadapa - Razampeta,Guntakal,S&T,Signal Maintenance,90,2026-08-14,Fri,NIGHT_MEGABLOCK,02:25,03:55,145,235,0,0,0,0,1.0,0.983,0,0,ST_gang,None / Manual Tools,HIGH,70,9.6,0,0.0,99.0,1
HIST-BLK-01429,SEC_C03_05,Markapur Road - Giddalur,Guntur,S&T,Point Machine Overhaul,120,2026-07-04,Sat,EARLY_MORNING,04:38,06:38,278,398,0,0,0,0,1.0,0.971,0,1,ST_gang,Testing Van,HIGH,72,3.9,0,0.0,99.0,1
HIST-BLK-01430,SEC_C02_09,Tadepalligudem - Eluru,Vijayawada,S&T,Point Machine Overhaul,75,2026-07-02,Thu,EARLY_MORNING,05:04,06:19,304,379,0,0,0,0,1.0,0.977,1,0,ST_gang,Testing Van,LOW,24,6.3,1,29.2,39.0,0
HIST-BLK-01431,SEC_C01_02,Tenali - Bapatla,Vijayawada,Engineering,Sleeper Replacement,210,2026-07-11,Sat,EARLY_MORNING,04:30,08:00,270,480,0,0,0,0,1.0,0.973,0,1,track_gang,Ballast Regulator,CRITICAL,86,10.1,0,0.0,99.0,1
HIST-BLK-01432,SEC_C02_09,Tadepalligudem - Eluru,Vijayawada,Traction,Insulator Washing & Replacement,120,2026-08-16,Sun,LATE_NIGHT,21:33,23:33,1293,1413,0,0,0,0,1.0,0.958,0,0,tower_wagon_crew,Tower Wagon,MEDIUM,60,2.6,0,0.0,99.0,1
HIST-BLK-01433,SEC_C02_04,Tuni - Annavaram,Vijayawada,S&T,Signal Maintenance,60,2026-07-24,Fri,PEAK_EVENING,18:43,19:43,1123,1183,5,1,1,4,10.0,0.05,0,0,ST_gang,None / Manual Tools,MEDIUM,55,3.4,5,70.5,5.0,0
HIST-BLK-01434,SEC_C03_04,Donakonda - Markapur Road,Guntur,S&T,Axle Counter Replacement,135,2026-07-19,Sun,PEAK_EVENING,18:01,20:16,1081,1216,3,0,1,2,8.0,0.3,0,1,ST_gang,Testing Van,HIGH,72,2.4,3,60.1,5.0,0
HIST-BLK-01435,SEC_C04_06,Kadapa - Razampeta,Guntakal,Traction,OHE Inspection,105,2026-08-14,Fri,PEAK_MORNING,08:40,10:25,520,625,5,0,1,4,7.0,0.15,0,1,tower_wagon_crew,Tower Wagon,LOW,22,10.2,5,59.8,5.0,0
HIST-BLK-01436,SEC_C02_07,Rajahmundry - Nidadavolu,Vijayawada,Traction,Power Isolation Maintenance,180,2026-07-07,Tue,AFTERNOON_SLOT,15:00,18:00,900,1080,0,0,0,0,1.0,0.998,0,0,tower_wagon_crew,Tower Wagon,MEDIUM,67,9.2,0,0.0,99.0,1
HIST-BLK-01437,SEC_C01_08,Nellore - Gudur,Vijayawada,S&T,Signal Maintenance,45,2026-07-12,Sun,EARLY_MORNING,05:33,06:18,333,378,1,0,0,1,4.0,0.875,0,0,ST_gang,None / Manual Tools,MEDIUM,52,3.2,1,13.9,77.8,0
HIST-BLK-01438,SEC_C02_02,Duvvada - Anakapalle,Visakhapatnam,Engineering,Sleeper Replacement,165,2026-07-25,Sat,PEAK_EVENING,17:55,20:40,1075,1240,4,0,1,3,8.0,0.177,0,1,track_gang,Ballast Regulator,HIGH,76,7.2,4,48.1,5.0,0
HIST-BLK-01439,SEC_C03_01,Guntur - Narasaraopet,Guntur,S&T,Axle Counter Replacement,90,2026-07-20,Mon,AFTERNOON_SLOT,15:53,17:23,953,1043,1,0,0,1,4.0,0.832,0,1,ST_gang,Testing Van,MEDIUM,63,6.4,1,20.5,67.6,0
HIST-BLK-01440,SEC_C03_06,Giddalur - Nandyal,Guntur,Traction,Substation Transformer Overhaul,240,2026-08-19,Wed,AFTERNOON_SLOT,15:00,19:00,900,1140,1,0,1,0,3.0,0.848,0,1,specialist_team,None / Manual Tools,CRITICAL,98,8.7,1,25.0,75.6,0
HIST-BLK-01441,SEC_C02_04,Tuni - Annavaram,Vijayawada,S&T,Axle Counter Replacement,150,2026-08-12,Wed,EARLY_MORNING,04:30,07:00,270,420,0,0,0,0,1.0,0.933,0,0,ST_gang,Testing Van,LOW,43,3.4,0,0.0,99.0,1
HIST-BLK-01442,SEC_C04_07,Razampeta - Koduru,Guntakal,S&T,Point Machine Overhaul,75,2026-08-28,Fri,PEAK_MORNING,08:42,09:57,522,597,3,1,1,2,10.0,0.05,1,0,ST_gang,Testing Van,HIGH,72,1.8,4,80.3,5.0,0
HIST-BLK-01443,SEC_C01_08,Nellore - Gudur,Vijayawada,Engineering,Rail Renewal,240,2026-07-14,Tue,NIGHT_MEGABLOCK,01:00,05:00,60,300,1,0,1,0,3.0,0.812,0,0,track_gang,CSM Tamping Machine,MEDIUM,67,4.1,1,26.7,63.8,0
HIST-BLK-01444,SEC_C04_03,Tadipatri - Kondapuram,Guntakal,Engineering,Weld Rectification,120,2026-07-19,Sun,PEAK_EVENING,18:08,20:08,1088,1208,2,0,1,1,7.0,0.56,0,0,track_gang,USFD Flaw Detector,HIGH,70,2.5,2,26.1,43.9,0
HIST-BLK-01445,SEC_C01_03,Bapatla - Chirala,Vijayawada,Engineering,Rail Renewal,255,2026-08-04,Tue,LATE_NIGHT,21:30,01:45,1290,1545,0,0,0,0,1.0,0.976,1,1,track_gang,CSM Tamping Machine,HIGH,72,11.5,1,17.6,59.3,0
HIST-BLK-01446,SEC_C03_01,Guntur - Narasaraopet,Guntur,Traction,Substation Transformer Overhaul,210,2026-08-15,Sat,PEAK_MORNING,07:30,11:00,450,660,2,0,0,2,8.0,0.597,0,0,specialist_team,None / Manual Tools,LOW,37,5.7,2,44.4,22.7,0
HIST-BLK-01447,SEC_C01_08,Nellore - Gudur,Vijayawada,Traction,Cantilever Adjustment,150,2026-08-05,Wed,AFTERNOON_SLOT,15:00,17:30,900,1050,0,0,0,0,1.0,0.925,0,0,tower_wagon_crew,Tower Wagon,HIGH,79,8.6,0,0.0,99.0,1
HIST-BLK-01448,SEC_C04_01,Guntakal - Gooty,Guntakal,Engineering,Weld Rectification,105,2026-08-28,Fri,MIDDAY_FREIGHT_GAP,12:26,14:11,746,851,0,0,0,0,1.0,0.971,0,0,track_gang,USFD Flaw Detector,HIGH,80,11.6,0,0.0,99.0,1
HIST-BLK-01449,SEC_C03_01,Guntur - Narasaraopet,Guntur,S&T,Cable Jointing & OFC,150,2026-08-19,Wed,PEAK_EVENING,17:52,20:22,1072,1222,5,0,1,4,7.0,0.094,0,0,ST_gang,Testing Van,HIGH,74,3.0,5,51.3,5.0,0
HIST-BLK-01450,SEC_C03_02,Narasaraopet - Vinukonda,Guntur,Traction,OHE Inspection,90,2026-07-19,Sun,EARLY_MORNING,05:09,06:39,309,399,0,0,0,0,1.0,0.94,0,0,tower_wagon_crew,Tower Wagon,HIGH,73,6.9,0,0.0,99.0,1
HIST-BLK-01451,SEC_C01_08,Nellore - Gudur,Vijayawada,Engineering,Sleeper Replacement,195,2026-07-29,Wed,EARLY_MORNING,04:30,07:45,270,465,1,0,1,0,3.0,0.863,0,0,track_gang,Ballast Regulator,HIGH,78,8.3,1,22.9,66.3,0
HIST-BLK-01452,SEC_C01_02,Tenali - Bapatla,Vijayawada,Engineering,Turnout Overhaul,180,2026-07-28,Tue,MIDDAY_FREIGHT_GAP,11:30,14:30,690,870,2,0,0,2,8.0,0.504,0,1,track_gang,CSM Tamping Machine,MEDIUM,50,5.2,2,28.9,49.7,0
HIST-BLK-01453,SEC_C03_04,Donakonda - Markapur Road,Guntur,Engineering,Weld Rectification,90,2026-07-13,Mon,LATE_NIGHT,21:36,23:06,1296,1386,1,0,1,0,3.0,0.843,0,0,track_gang,USFD Flaw Detector,HIGH,75,10.9,1,18.0,70.8,0
HIST-BLK-01454,SEC_C03_05,Markapur Road - Giddalur,Guntur,Traction,Substation Transformer Overhaul,225,2026-08-29,Sat,MIDDAY_FREIGHT_GAP,11:30,15:15,690,915,1,0,1,0,3.0,0.864,0,0,specialist_team,None / Manual Tools,MEDIUM,66,2.2,1,23.8,66.9,0
HIST-BLK-01455,SEC_C04_04,Kondapuram - Yerraguntla,Guntakal,Engineering,Sleeper Replacement,180,2026-08-29,Sat,EARLY_MORNING,04:30,07:30,270,450,0,0,0,0,1.0,0.989,0,0,track_gang,Ballast Regulator,HIGH,76,10.9,0,0.0,99.0,1
HIST-BLK-01456,SEC_C02_06,Samalkot - Rajahmundry,Vijayawada,Engineering,Sleeper Replacement,180,2026-08-27,Thu,PEAK_EVENING,17:47,20:47,1067,1247,1,1,0,1,10.0,0.581,0,0,track_gang,Ballast Regulator,MEDIUM,65,9.4,1,28.5,20.2,0
HIST-BLK-01457,SEC_C02_08,Nidadavolu - Tadepalligudem,Vijayawada,S&T,Interlocking Inspection,90,2026-08-19,Wed,NIGHT_MEGABLOCK,01:00,02:30,60,150,0,0,0,0,1.0,0.935,0,0,ST_gang,None / Manual Tools,MEDIUM,50,7.9,0,0.0,99.0,1
HIST-BLK-01458,SEC_C02_07,Rajahmundry - Nidadavolu,Vijayawada,S&T,Point Machine Overhaul,90,2026-08-17,Mon,AFTERNOON_SLOT,15:46,17:16,946,1036,0,0,0,0,1.0,0.988,0,0,ST_gang,Testing Van,MEDIUM,55,11.4,0,0.0,99.0,1
HIST-BLK-01459,SEC_C04_07,Razampeta - Koduru,Guntakal,S&T,Axle Counter Replacement,90,2026-08-11,Tue,NIGHT_MEGABLOCK,01:54,03:24,114,204,0,0,0,0,1.0,0.978,1,0,ST_gang,Testing Van,MEDIUM,50,7.2,1,16.5,53.5,0
HIST-BLK-01460,SEC_C02_10,Eluru - Vijayawada,Vijayawada,Engineering,Track Maintenance,135,2026-07-09,Thu,MIDDAY_FREIGHT_GAP,12:08,14:23,728,863,0,0,0,0,1.0,0.956,0,0,track_gang,None / Manual Tools,HIGH,84,5.2,0,0.0,99.0,1
HIST-BLK-01461,SEC_C02_08,Nidadavolu - Tadepalligudem,Vijayawada,Traction,Substation Transformer Overhaul,240,2026-07-23,Thu,PEAK_EVENING,17:45,21:45,1065,1305,5,1,1,4,10.0,0.05,1,0,specialist_team,None / Manual Tools,LOW,43,5.4,6,123.9,5.0,0
HIST-BLK-01462,SEC_C03_05,Markapur Road - Giddalur,Guntur,Traction,OHE Inspection,105,2026-07-21,Tue,MIDDAY_FREIGHT_GAP,11:56,13:41,716,821,1,0,1,0,3.0,0.811,0,1,tower_wagon_crew,Tower Wagon,MEDIUM,63,4.9,1,19.3,81.9,0
HIST-BLK-01463,SEC_C01_01,Vijayawada - Tenali,Vijayawada,S&T,Cable Jointing & OFC,150,2026-08-26,Wed,EARLY_MORNING,04:30,07:00,270,420,0,0,0,0,1.0,0.966,0,0,ST_gang,Testing Van,MEDIUM,59,9.5,0,0.0,99.0,1
HIST-BLK-01464,SEC_C03_02,Narasaraopet - Vinukonda,Guntur,Engineering,Sleeper Replacement,195,2026-08-09,Sun,MIDDAY_FREIGHT_GAP,11:30,14:45,690,885,0,0,0,0,1.0,0.959,0,0,track_gang,Ballast Regulator,MEDIUM,62,8.7,0,0.0,99.0,1
HIST-BLK-01465,SEC_C03_05,Markapur Road - Giddalur,Guntur,Traction,Insulator Washing & Replacement,135,2026-07-19,Sun,MIDDAY_FREIGHT_GAP,11:47,14:02,707,842,1,0,1,0,3.0,0.788,0,0,tower_wagon_crew,Tower Wagon,MEDIUM,64,2.7,1,19.4,69.4,0
HIST-BLK-01466,SEC_C04_06,Kadapa - Razampeta,Guntakal,Traction,Substation Transformer Overhaul,240,2026-07-14,Tue,MIDDAY_FREIGHT_GAP,11:30,15:30,690,930,1,0,1,0,3.0,0.853,1,0,specialist_team,None / Manual Tools,MEDIUM,62,9.7,2,44.3,5.0,0
HIST-BLK-01467,SEC_C02_03,Anakapalle - Tuni,Visakhapatnam,Traction,Substation Transformer Overhaul,255,2026-08-21,Fri,MIDDAY_FREIGHT_GAP,11:30,15:45,690,945,1,1,0,1,9.0,0.618,1,0,specialist_team,None / Manual Tools,HIGH,75,1.8,2,59.8,5.0,0
HIST-BLK-01468,SEC_C01_04,Chirala - Ongole,Vijayawada,Engineering,Weld Rectification,75,2026-07-18,Sat,AFTERNOON_SLOT,15:32,16:47,932,1007,0,0,0,0,1.0,0.949,1,0,track_gang,USFD Flaw Detector,CRITICAL,89,7.5,1,17.8,51.4,0
HIST-BLK-01469,SEC_C01_03,Bapatla - Chirala,Vijayawada,S&T,Axle Counter Replacement,120,2026-08-12,Wed,LATE_NIGHT,21:37,23:37,1297,1417,0,0,0,0,1.0,0.979,0,0,ST_gang,Testing Van,HIGH,73,10.6,0,0.0,99.0,1
HIST-BLK-01470,SEC_C04_05,Yerraguntla - Kadapa,Guntakal,S&T,Signal Maintenance,45,2026-07-01,Wed,EARLY_MORNING,04:35,05:20,275,320,0,0,0,0,1.0,0.974,0,1,ST_gang,None / Manual Tools,MEDIUM,69,10.8,0,0.0,99.0,1
HIST-BLK-01471,SEC_C03_05,Markapur Road - Giddalur,Guntur,Traction,Power Isolation Maintenance,150,2026-08-28,Fri,PEAK_MORNING,07:42,10:12,462,612,2,0,1,1,8.0,0.553,0,0,tower_wagon_crew,Tower Wagon,MEDIUM,69,11.8,2,36.8,34.9,0
HIST-BLK-01472,SEC_C03_01,Guntur - Narasaraopet,Guntur,S&T,Axle Counter Replacement,135,2026-07-04,Sat,AFTERNOON_SLOT,15:15,17:30,915,1050,0,0,0,0,1.0,0.993,1,0,ST_gang,Testing Van,LOW,40,5.9,1,24.6,41.0,0
HIST-BLK-01473,SEC_C01_08,Nellore - Gudur,Vijayawada,Traction,Power Isolation Maintenance,180,2026-07-24,Fri,PEAK_EVENING,17:48,20:48,1068,1248,1,0,1,0,3.0,0.785,0,0,tower_wagon_crew,Tower Wagon,HIGH,79,2.9,1,23.0,63.8,0
HIST-BLK-01474,SEC_C04_07,Razampeta - Koduru,Guntakal,S&T,Cable Jointing & OFC,150,2026-07-28,Tue,AFTERNOON_SLOT,15:00,17:30,900,1050,0,0,0,0,1.0,0.992,1,0,ST_gang,Testing Van,HIGH,81,5.5,1,26.8,38.8,0
HIST-BLK-01475,SEC_C03_03,Vinukonda - Donakonda,Guntur,S&T,Interlocking Inspection,105,2026-07-28,Tue,LATE_NIGHT,21:45,23:30,1305,1410,1,0,1,0,3.0,0.873,0,1,ST_gang,None / Manual Tools,MEDIUM,50,7.9,1,16.6,74.1,0
HIST-BLK-01476,SEC_C03_01,Guntur - Narasaraopet,Guntur,S&T,Signal Maintenance,60,2026-08-01,Sat,PEAK_MORNING,08:31,09:31,511,571,5,1,1,4,10.0,0.05,0,0,ST_gang,None / Manual Tools,MEDIUM,56,4.9,5,77.3,5.0,0
HIST-BLK-01477,SEC_C02_07,Rajahmundry - Nidadavolu,Vijayawada,S&T,Signal Maintenance,60,2026-08-23,Sun,NIGHT_MEGABLOCK,01:17,02:17,77,137,0,0,0,0,1.0,0.978,0,0,ST_gang,None / Manual Tools,HIGH,75,7.8,0,0.0,99.0,1
HIST-BLK-01478,SEC_C02_08,Nidadavolu - Tadepalligudem,Vijayawada,S&T,Point Machine Overhaul,120,2026-07-12,Sun,NIGHT_MEGABLOCK,01:59,03:59,119,239,1,0,1,0,3.0,0.867,0,0,ST_gang,Testing Van,LOW,44,8.2,1,20.3,70.8,0
HIST-BLK-01479,SEC_C02_03,Anakapalle - Tuni,Visakhapatnam,S&T,Track Circuit Testing,90,2026-08-11,Tue,AFTERNOON_SLOT,15:46,17:16,946,1036,0,0,0,0,1.0,0.94,0,0,ST_gang,None / Manual Tools,HIGH,80,4.9,0,0.0,99.0,1
HIST-BLK-01480,SEC_C03_02,Narasaraopet - Vinukonda,Guntur,Engineering,Deep Screening Ballast,210,2026-07-09,Thu,PEAK_EVENING,17:45,21:15,1065,1275,4,1,1,3,10.0,0.05,0,1,track_gang,Ballast Regulator,MEDIUM,60,2.2,4,60.1,5.0,0
HIST-BLK-01481,SEC_C01_04,Chirala - Ongole,Vijayawada,S&T,Track Circuit Testing,90,2026-07-06,Mon,PEAK_MORNING,08:27,09:57,507,597,5,1,1,4,10.0,0.05,0,0,ST_gang,None / Manual Tools,MEDIUM,65,4.6,5,106.6,5.0,0
HIST-BLK-01482,SEC_C03_01,Guntur - Narasaraopet,Guntur,Engineering,Sleeper Replacement,150,2026-07-23,Thu,AFTERNOON_SLOT,15:00,17:30,900,1050,1,0,0,1,4.0,0.81,0,0,track_gang,Ballast Regulator,MEDIUM,63,10.4,1,21.5,66.1,0
HIST-BLK-01483,SEC_C02_07,Rajahmundry - Nidadavolu,Vijayawada,S&T,Interlocking Inspection,105,2026-07-02,Thu,EARLY_MORNING,04:42,06:27,282,387,1,0,0,1,7.0,0.792,0,1,ST_gang,None / Manual Tools,HIGH,72,3.6,1,21.5,68.1,0
HIST-BLK-01484,SEC_C02_04,Tuni - Annavaram,Vijayawada,S&T,Signal Maintenance,75,2026-07-31,Fri,AFTERNOON_SLOT,16:08,17:23,968,1043,0,0,0,0,1.0,0.991,1,0,ST_gang,None / Manual Tools,MEDIUM,62,6.5,1,22.1,43.8,0
HIST-BLK-01485,SEC_C04_04,Kondapuram - Yerraguntla,Guntakal,Engineering,Rail Renewal,270,2026-07-05,Sun,PEAK_MORNING,07:30,12:00,450,720,2,0,0,2,8.0,0.533,0,0,track_gang,CSM Tamping Machine,HIGH,79,3.7,2,36.0,32.1,0
HIST-BLK-01486,SEC_C01_04,Chirala - Ongole,Vijayawada,Engineering,Weld Rectification,105,2026-08-25,Tue,NIGHT_MEGABLOCK,01:45,03:30,105,210,0,0,0,0,1.0,0.958,0,0,track_gang,USFD Flaw Detector,HIGH,82,6.1,0,0.0,99.0,1
HIST-BLK-01487,SEC_C02_03,Anakapalle - Tuni,Visakhapatnam,Traction,Contact Wire Height Regulation,195,2026-08-29,Sat,NIGHT_MEGABLOCK,01:00,04:15,60,255,0,0,0,0,1.0,0.938,0,0,tower_wagon_crew,Tower Wagon,MEDIUM,49,10.8,0,0.0,99.0,1
HIST-BLK-01488,SEC_C04_04,Kondapuram - Yerraguntla,Guntakal,S&T,Track Circuit Testing,45,2026-08-09,Sun,AFTERNOON_SLOT,16:13,16:58,973,1018,0,0,0,0,1.0,0.967,1,0,ST_gang,None / Manual Tools,CRITICAL,86,7.3,1,22.2,46.1,0
HIST-BLK-01489,SEC_C02_07,Rajahmundry - Nidadavolu,Vijayawada,Traction,Substation Transformer Overhaul,240,2026-07-11,Sat,NIGHT_MEGABLOCK,01:00,05:00,60,300,1,0,0,1,7.0,0.85,0,0,specialist_team,None / Manual Tools,MEDIUM,58,4.5,1,26.5,62.6,0
HIST-BLK-01490,SEC_C03_02,Narasaraopet - Vinukonda,Guntur,Traction,Substation Transformer Overhaul,255,2026-08-16,Sun,MIDDAY_FREIGHT_GAP,11:30,15:45,690,945,0,0,0,0,1.0,0.967,0,0,specialist_team,None / Manual Tools,HIGH,81,5.0,0,0.0,99.0,1
HIST-BLK-01491,SEC_C03_05,Markapur Road - Giddalur,Guntur,Traction,Power Isolation Maintenance,195,2026-08-17,Mon,NIGHT_MEGABLOCK,01:00,04:15,60,255,0,0,0,0,1.0,0.924,0,0,tower_wagon_crew,Tower Wagon,CRITICAL,93,7.2,0,0.0,99.0,1
HIST-BLK-01492,SEC_C01_05,Ongole - Singarayakonda,Vijayawada,Engineering,Rail Renewal,255,2026-08-04,Tue,EARLY_MORNING,04:30,08:45,270,525,1,0,0,1,7.0,0.844,0,0,track_gang,CSM Tamping Machine,LOW,34,11.2,1,28.3,61.1,0
HIST-BLK-01493,SEC_C02_09,Tadepalligudem - Eluru,Vijayawada,S&T,Signal Maintenance,60,2026-08-20,Thu,EARLY_MORNING,05:24,06:24,324,384,0,0,0,0,1.0,0.96,0,0,ST_gang,None / Manual Tools,LOW,36,2.6,0,0.0,99.0,1
HIST-BLK-01494,SEC_C02_06,Samalkot - Rajahmundry,Vijayawada,Traction,OHE Inspection,105,2026-08-03,Mon,AFTERNOON_SLOT,15:21,17:06,921,1026,0,0,0,0,1.0,0.98,0,0,tower_wagon_crew,Tower Wagon,MEDIUM,48,7.9,0,0.0,99.0,1
HIST-BLK-01495,SEC_C01_06,Singarayakonda - Kavali,Vijayawada,S&T,Track Circuit Testing,90,2026-07-01,Wed,LATE_NIGHT,21:31,23:01,1291,1381,0,0,0,0,1.0,0.969,0,0,ST_gang,None / Manual Tools,LOW,43,10.3,0,0.0,99.0,1
HIST-BLK-01496,SEC_C01_04,Chirala - Ongole,Vijayawada,S&T,Track Circuit Testing,60,2026-08-05,Wed,LATE_NIGHT,22:24,23:24,1344,1404,0,0,0,0,1.0,0.967,1,0,ST_gang,None / Manual Tools,HIGH,81,4.8,1,22.6,46.5,0
HIST-BLK-01497,SEC_C04_06,Kadapa - Razampeta,Guntakal,Traction,OHE Inspection,150,2026-07-21,Tue,EARLY_MORNING,04:30,07:00,270,420,2,1,1,1,9.0,0.273,1,0,tower_wagon_crew,Tower Wagon,HIGH,73,7.6,3,75.3,5.0,0
HIST-BLK-01498,SEC_C04_07,Razampeta - Koduru,Guntakal,S&T,Point Machine Overhaul,120,2026-08-25,Tue,PEAK_MORNING,07:52,09:52,472,592,2,1,1,1,10.0,0.327,0,0,ST_gang,Testing Van,MEDIUM,67,9.9,2,55.9,5.0,0
HIST-BLK-01499,SEC_C03_03,Vinukonda - Donakonda,Guntur,Engineering,Turnout Overhaul,180,2026-07-14,Tue,PEAK_EVENING,17:59,20:59,1079,1259,1,0,0,1,4.0,0.801,0,0,track_gang,CSM Tamping Machine,CRITICAL,91,7.1,1,19.1,72.4,0
HIST-BLK-01500,SEC_C02_01,Visakhapatnam - Duvvada,Visakhapatnam,S&T,Signal Maintenance,45,2026-08-14,Fri,PEAK_MORNING,09:40,10:25,580,625,5,0,1,4,7.0,0.103,0,0,ST_gang,None / Manual Tools,MEDIUM,46,7.2,5,91.0,5.0,0
HIST-BLK-01501,SEC_C04_04,Kondapuram - Yerraguntla,Guntakal,Engineering,Rail Renewal,270,2026-07-19,Sun,MIDDAY_FREIGHT_GAP,11:30,16:00,690,960,0,0,0,0,1.0,0.973,0,0,track_gang,CSM Tamping Machine,CRITICAL,91,4.0,0,0.0,99.0,1
HIST-BLK-01502,SEC_C02_04,Tuni - Annavaram,Vijayawada,S&T,Track Circuit Testing,45,2026-07-07,Tue,MIDDAY_FREIGHT_GAP,12:44,13:29,764,809,0,0,0,0,1.0,0.94,1,1,ST_gang,None / Manual Tools,LOW,39,6.8,1,18.6,49.4,0
HIST-BLK-01503,SEC_C04_06,Kadapa - Razampeta,Guntakal,Engineering,Turnout Overhaul,195,2026-08-08,Sat,MIDDAY_FREIGHT_GAP,11:30,14:45,690,885,1,0,1,0,3.0,0.88,1,0,track_gang,CSM Tamping Machine,MEDIUM,58,4.6,2,43.7,5.0,0
HIST-BLK-01504,SEC_C01_05,Ongole - Singarayakonda,Vijayawada,Traction,Substation Transformer Overhaul,240,2026-07-05,Sun,NIGHT_MEGABLOCK,01:00,05:00,60,300,1,0,1,0,3.0,0.869,0,0,specialist_team,None / Manual Tools,MEDIUM,67,8.2,1,22.0,69.2,0
HIST-BLK-01505,SEC_C03_02,Narasaraopet - Vinukonda,Guntur,S&T,Track Circuit Testing,45,2026-07-24,Fri,NIGHT_MEGABLOCK,01:09,01:54,69,114,1,0,1,0,3.0,0.836,0,1,ST_gang,None / Manual Tools,CRITICAL,93,3.0,1,14.4,77.1,0
HIST-BLK-01506,SEC_C01_07,Kavali - Nellore,Vijayawada,S&T,Cable Jointing & OFC,150,2026-08-13,Thu,PEAK_MORNING,07:44,10:14,464,614,1,0,0,1,6.0,0.792,0,0,ST_gang,Testing Van,MEDIUM,52,11.2,1,21.3,68.7,0
HIST-BLK-01507,SEC_C01_03,Bapatla - Chirala,Vijayawada,S&T,Axle Counter Replacement,120,2026-07-17,Fri,PEAK_EVENING,17:45,19:45,1065,1185,3,1,1,2,10.0,0.107,0,0,ST_gang,Testing Van,LOW,39,10.6,3,63.1,5.0,0
HIST-BLK-01508,SEC_C02_08,Nidadavolu - Tadepalligudem,Vijayawada,S&T,Interlocking Inspection,120,2026-08-27,Thu,MIDDAY_FREIGHT_GAP,11:38,13:38,698,818,1,0,1,0,3.0,0.865,0,1,ST_gang,None / Manual Tools,CRITICAL,90,11.7,1,22.1,71.1,0
HIST-BLK-01509,SEC_C01_08,Nellore - Gudur,Vijayawada,Engineering,Sleeper Replacement,180,2026-08-19,Wed,PEAK_EVENING,17:46,20:46,1066,1246,1,0,1,0,3.0,0.8,0,0,track_gang,Ballast Regulator,LOW,38,2.2,1,21.9,68.0,0
HIST-BLK-01510,SEC_C04_05,Yerraguntla - Kadapa,Guntakal,Traction,Substation Transformer Overhaul,240,2026-08-02,Sun,EARLY_MORNING,04:30,08:30,270,510,1,0,0,1,4.0,0.853,0,0,specialist_team,None / Manual Tools,HIGH,79,10.2,1,20.9,71.1,0
HIST-BLK-01511,SEC_C01_01,Vijayawada - Tenali,Vijayawada,Traction,OHE Inspection,120,2026-07-13,Mon,AFTERNOON_SLOT,15:26,17:26,926,1046,0,0,0,0,1.0,0.971,0,1,tower_wagon_crew,Tower Wagon,HIGH,70,2.9,0,0.0,99.0,1
HIST-BLK-01512,SEC_C02_03,Anakapalle - Tuni,Visakhapatnam,Engineering,Rail Renewal,210,2026-08-11,Tue,LATE_NIGHT,21:30,01:00,1290,1500,1,0,1,0,3.0,0.867,1,0,track_gang,CSM Tamping Machine,LOW,39,6.2,2,38.8,10.7,0
HIST-BLK-01513,SEC_C01_02,Tenali - Bapatla,Vijayawada,Engineering,Deep Screening Ballast,240,2026-08-01,Sat,PEAK_EVENING,17:45,21:45,1065,1305,2,1,0,2,9.0,0.356,0,1,track_gang,Ballast Regulator,MEDIUM,48,5.4,2,57.6,5.0,0
HIST-BLK-01514,SEC_C01_04,Chirala - Ongole,Vijayawada,Traction,Contact Wire Height Regulation,210,2026-08-09,Sun,PEAK_MORNING,07:30,11:00,450,660,2,0,1,1,7.0,0.526,1,0,tower_wagon_crew,Tower Wagon,HIGH,84,7.4,3,50.3,5.0,0
HIST-BLK-01515,SEC_C04_03,Tadipatri - Kondapuram,Guntakal,Engineering,Turnout Overhaul,165,2026-07-24,Fri,NIGHT_MEGABLOCK,01:15,04:00,75,240,1,0,0,1,4.0,0.864,0,0,track_gang,CSM Tamping Machine,MEDIUM,50,10.8,1,22.7,66.6,0
HIST-BLK-01516,SEC_C04_03,Tadipatri - Kondapuram,Guntakal,Engineering,Track Maintenance,135,2026-08-23,Sun,AFTERNOON_SLOT,15:01,17:16,901,1036,1,0,1,0,3.0,0.784,1,0,track_gang,None / Manual Tools,HIGH,83,2.0,2,38.1,10.7,0
HIST-BLK-01517,SEC_C02_03,Anakapalle - Tuni,Visakhapatnam,Engineering,Turnout Overhaul,150,2026-07-03,Fri,AFTERNOON_SLOT,15:00,17:30,900,1050,1,1,0,1,9.0,0.564,0,0,track_gang,CSM Tamping Machine,MEDIUM,57,2.9,1,28.9,21.9,0
HIST-BLK-01518,SEC_C01_02,Tenali - Bapatla,Vijayawada,Engineering,Rail Renewal,240,2026-07-31,Fri,AFTERNOON_SLOT,15:00,19:00,900,1140,0,0,0,0,1.0,0.945,0,0,track_gang,CSM Tamping Machine,CRITICAL,93,9.9,0,0.0,99.0,1
HIST-BLK-01519,SEC_C01_02,Tenali - Bapatla,Vijayawada,S&T,Point Machine Overhaul,105,2026-07-30,Thu,NIGHT_MEGABLOCK,01:24,03:09,84,189,0,0,0,0,1.0,0.923,1,1,ST_gang,Testing Van,HIGH,75,10.0,1,23.5,44.5,0
HIST-BLK-01520,SEC_C04_07,Razampeta - Koduru,Guntakal,Engineering,Deep Screening Ballast,210,2026-08-01,Sat,EARLY_MORNING,04:30,08:00,270,480,1,0,1,0,3.0,0.799,0,0,track_gang,Ballast Regulator,CRITICAL,99,9.0,1,21.3,68.0,0
HIST-BLK-01521,SEC_C01_08,Nellore - Gudur,Vijayawada,S&T,Signal Maintenance,75,2026-07-11,Sat,AFTERNOON_SLOT,15:08,16:23,908,983,0,0,0,0,1.0,0.958,0,0,ST_gang,None / Manual Tools,CRITICAL,90,11.8,0,0.0,99.0,1
HIST-BLK-01522,SEC_C02_07,Rajahmundry - Nidadavolu,Vijayawada,S&T,Track Circuit Testing,60,2026-07-12,Sun,PEAK_MORNING,07:48,08:48,468,528,2,0,1,1,7.0,0.526,0,1,ST_gang,None / Manual Tools,HIGH,78,9.2,2,37.7,32.4,0
HIST-BLK-01523,SEC_C02_10,Eluru - Vijayawada,Vijayawada,S&T,Cable Jointing & OFC,150,2026-08-21,Fri,LATE_NIGHT,21:30,00:00,1290,1440,0,0,0,0,1.0,0.934,0,0,ST_gang,Testing Van,MEDIUM,51,8.1,0,0.0,99.0,1
HIST-BLK-01524,SEC_C02_07,Rajahmundry - Nidadavolu,Vijayawada,Engineering,Sleeper Replacement,180,2026-07-06,Mon,PEAK_EVENING,17:59,20:59,1079,1259,4,0,1,3,7.0,0.196,0,0,track_gang,Ballast Regulator,MEDIUM,53,5.3,4,62.6,5.0,0
HIST-BLK-01525,SEC_C01_03,Bapatla - Chirala,Vijayawada,Engineering,Track Maintenance,90,2026-08-06,Thu,PEAK_EVENING,17:59,19:29,1079,1169,1,0,0,1,7.0,0.812,0,1,track_gang,None / Manual Tools,LOW,38,10.0,1,17.9,82.3,0
HIST-BLK-01526,SEC_C03_01,Guntur - Narasaraopet,Guntur,Traction,Insulator Washing & Replacement,135,2026-08-26,Wed,MIDDAY_FREIGHT_GAP,11:46,14:01,706,841,0,0,0,0,1.0,0.958,1,0,tower_wagon_crew,Tower Wagon,HIGH,83,12.0,1,28.6,37.8,0
HIST-BLK-01527,SEC_C02_10,Eluru - Vijayawada,Vijayawada,S&T,Axle Counter Replacement,120,2026-07-02,Thu,AFTERNOON_SLOT,15:23,17:23,923,1043,1,0,0,1,8.0,0.803,0,0,ST_gang,Testing Van,MEDIUM,62,2.7,1,14.3,75.9,0
HIST-BLK-01528,SEC_C02_01,Visakhapatnam - Duvvada,Visakhapatnam,Engineering,Sleeper Replacement,180,2026-07-03,Fri,NIGHT_MEGABLOCK,01:00,04:00,60,240,0,0,0,0,1.0,0.979,0,0,track_gang,Ballast Regulator,MEDIUM,69,5.6,0,0.0,99.0,1
HIST-BLK-01529,SEC_C02_01,Visakhapatnam - Duvvada,Visakhapatnam,Engineering,Rail Renewal,225,2026-07-18,Sat,AFTERNOON_SLOT,15:00,18:45,900,1125,1,0,1,0,3.0,0.807,0,1,track_gang,CSM Tamping Machine,HIGH,84,3.2,1,21.5,80.7,0
HIST-BLK-01530,SEC_C04_03,Tadipatri - Kondapuram,Guntakal,S&T,Track Circuit Testing,75,2026-07-12,Sun,EARLY_MORNING,04:31,05:46,271,346,0,0,0,0,1.0,0.933,0,0,ST_gang,None / Manual Tools,LOW,26,11.4,0,0.0,99.0,1
HIST-BLK-01531,SEC_C01_01,Vijayawada - Tenali,Vijayawada,S&T,Track Circuit Testing,45,2026-08-26,Wed,EARLY_MORNING,06:07,06:52,367,412,0,0,0,0,1.0,0.937,0,0,ST_gang,None / Manual Tools,CRITICAL,86,9.8,0,0.0,99.0,1
HIST-BLK-01532,SEC_C04_02,Gooty - Tadipatri,Guntakal,S&T,Point Machine Overhaul,105,2026-07-08,Wed,AFTERNOON_SLOT,15:00,16:45,900,1005,1,1,0,1,9.0,0.53,0,0,ST_gang,Testing Van,MEDIUM,69,2.8,1,41.0,5.0,0
HIST-BLK-01533,SEC_C01_06,Singarayakonda - Kavali,Vijayawada,S&T,Interlocking Inspection,120,2026-08-10,Mon,EARLY_MORNING,04:56,06:56,296,416,0,0,0,0,1.0,0.939,0,0,ST_gang,None / Manual Tools,MEDIUM,51,7.6,0,0.0,99.0,1
HIST-BLK-01534,SEC_C04_06,Kadapa - Razampeta,Guntakal,Traction,Substation Transformer Overhaul,255,2026-07-03,Fri,MIDDAY_FREIGHT_GAP,11:30,15:45,690,945,0,0,0,0,1.0,0.921,0,0,specialist_team,None / Manual Tools,MEDIUM,55,11.5,0,0.0,99.0,1
HIST-BLK-01535,SEC_C04_04,Kondapuram - Yerraguntla,Guntakal,S&T,Track Circuit Testing,75,2026-07-16,Thu,NIGHT_MEGABLOCK,01:06,02:21,66,141,1,0,1,0,3.0,0.84,0,0,ST_gang,None / Manual Tools,MEDIUM,63,4.1,1,12.9,77.3,0
HIST-BLK-01536,SEC_C02_08,Nidadavolu - Tadepalligudem,Vijayawada,S&T,Signal Maintenance,45,2026-08-03,Mon,NIGHT_MEGABLOCK,02:21,03:06,141,186,1,0,1,0,3.0,0.84,0,0,ST_gang,None / Manual Tools,MEDIUM,67,9.5,1,19.9,70.0,0
HIST-BLK-01537,SEC_C01_02,Tenali - Bapatla,Vijayawada,Engineering,Deep Screening Ballast,210,2026-08-21,Fri,LATE_NIGHT,21:30,01:00,1290,1500,0,0,0,0,1.0,0.925,0,0,track_gang,Ballast Regulator,HIGH,77,6.2,0,0.0,99.0,1
HIST-BLK-01538,SEC_C02_09,Tadepalligudem - Eluru,Vijayawada,S&T,Interlocking Inspection,120,2026-07-18,Sat,LATE_NIGHT,21:42,23:42,1302,1422,0,0,0,0,1.0,0.932,0,0,ST_gang,None / Manual Tools,CRITICAL,86,8.3,0,0.0,99.0,1
HIST-BLK-01539,SEC_C02_01,Visakhapatnam - Duvvada,Visakhapatnam,Traction,Insulator Washing & Replacement,90,2026-08-14,Fri,AFTERNOON_SLOT,15:09,16:39,909,999,0,0,0,0,1.0,0.994,0,0,tower_wagon_crew,Tower Wagon,MEDIUM,61,4.5,0,0.0,99.0,1
HIST-BLK-01540,SEC_C04_02,Gooty - Tadipatri,Guntakal,Engineering,Track Maintenance,135,2026-07-23,Thu,AFTERNOON_SLOT,15:02,17:17,902,1037,1,1,0,1,9.0,0.58,0,0,track_gang,None / Manual Tools,MEDIUM,49,5.3,1,33.2,13.1,0
HIST-BLK-01541,SEC_C02_07,Rajahmundry - Nidadavolu,Vijayawada,S&T,Axle Counter Replacement,90,2026-07-01,Wed,PEAK_MORNING,07:41,09:11,461,551,3,0,1,2,7.0,0.36,0,0,ST_gang,Testing Van,HIGH,73,8.1,3,52.1,5.0,0
HIST-BLK-01542,SEC_C03_05,Markapur Road - Giddalur,Guntur,Traction,OHE Inspection,120,2026-08-12,Wed,LATE_NIGHT,21:42,23:42,1302,1422,1,0,1,0,3.0,0.783,0,0,tower_wagon_crew,Tower Wagon,HIGH,75,5.8,1,14.5,74.4,0
HIST-BLK-01543,SEC_C02_08,Nidadavolu - Tadepalligudem,Vijayawada,Traction,Power Isolation Maintenance,180,2026-07-06,Mon,NIGHT_MEGABLOCK,01:00,04:00,60,240,1,0,1,0,3.0,0.789,0,0,tower_wagon_crew,Tower Wagon,LOW,25,7.5,1,26.9,62.1,0
HIST-BLK-01544,SEC_C01_05,Ongole - Singarayakonda,Vijayawada,S&T,Signal Maintenance,45,2026-07-02,Thu,PEAK_EVENING,18:52,19:37,1132,1177,4,1,1,3,10.0,0.05,0,0,ST_gang,None / Manual Tools,HIGH,80,10.9,4,91.5,5.0,0
HIST-BLK-01545,SEC_C01_03,Bapatla - Chirala,Vijayawada,S&T,Cable Jointing & OFC,135,2026-08-27,Thu,EARLY_MORNING,04:44,06:59,284,419,0,0,0,0,1.0,0.954,0,0,ST_gang,Testing Van,HIGH,79,2.6,0,0.0,99.0,1
HIST-BLK-01546,SEC_C02_08,Nidadavolu - Tadepalligudem,Vijayawada,Engineering,Rail Renewal,240,2026-08-16,Sun,PEAK_EVENING,17:45,21:45,1065,1305,3,0,1,2,8.0,0.348,0,0,track_gang,CSM Tamping Machine,CRITICAL,89,2.4,3,66.0,5.0,0
HIST-BLK-01547,SEC_C02_03,Anakapalle - Tuni,Visakhapatnam,S&T,Signal Maintenance,90,2026-08-13,Thu,EARLY_MORNING,05:22,06:52,322,412,1,0,0,1,8.0,0.826,0,1,ST_gang,None / Manual Tools,LOW,32,5.6,1,16.7,76.0,0
HIST-BLK-01548,SEC_C03_05,Markapur Road - Giddalur,Guntur,Traction,Contact Wire Height Regulation,165,2026-08-24,Mon,EARLY_MORNING,04:30,07:15,270,435,0,0,0,0,1.0,0.942,0,0,tower_wagon_crew,Tower Wagon,CRITICAL,100,12.0,0,0.0,99.0,1
HIST-BLK-01549,SEC_C04_05,Yerraguntla - Kadapa,Guntakal,Traction,Cantilever Adjustment,165,2026-07-19,Sun,MIDDAY_FREIGHT_GAP,11:44,14:29,704,869,0,0,0,0,1.0,0.986,1,1,tower_wagon_crew,Tower Wagon,MEDIUM,63,1.7,1,21.2,59.4,0
HIST-BLK-01550,SEC_C03_02,Narasaraopet - Vinukonda,Guntur,Traction,Insulator Washing & Replacement,120,2026-07-20,Mon,EARLY_MORNING,04:34,06:34,274,394,0,0,0,0,1.0,0.939,0,0,tower_wagon_crew,Tower Wagon,LOW,26,5.9,0,0.0,99.0,1
HIST-BLK-01551,SEC_C04_01,Guntakal - Gooty,Guntakal,Traction,Power Isolation Maintenance,150,2026-07-10,Fri,NIGHT_MEGABLOCK,01:10,03:40,70,220,0,0,0,0,1.0,0.955,1,0,tower_wagon_crew,Tower Wagon,HIGH,81,9.7,1,15.3,53.2,0
HIST-BLK-01552,SEC_C02_10,Eluru - Vijayawada,Vijayawada,S&T,Cable Jointing & OFC,120,2026-08-19,Wed,NIGHT_MEGABLOCK,01:06,03:06,66,186,0,0,0,0,1.0,0.969,0,0,ST_gang,Testing Van,MEDIUM,62,6.4,0,0.0,99.0,1
HIST-BLK-01553,SEC_C04_04,Kondapuram - Yerraguntla,Guntakal,Engineering,Rail Renewal,225,2026-07-22,Wed,PEAK_EVENING,17:45,21:30,1065,1290,4,0,1,3,7.0,0.159,0,0,track_gang,CSM Tamping Machine,MEDIUM,53,1.7,4,59.5,5.0,0
HIST-BLK-01554,SEC_C01_02,Tenali - Bapatla,Vijayawada,S&T,Signal Maintenance,45,2026-07-03,Fri,EARLY_MORNING,04:41,05:26,281,326,0,0,0,0,1.0,0.933,0,0,ST_gang,None / Manual Tools,LOW,29,2.4,0,0.0,99.0,1
HIST-BLK-01555,SEC_C02_08,Nidadavolu - Tadepalligudem,Vijayawada,Engineering,Track Maintenance,150,2026-07-26,Sun,NIGHT_MEGABLOCK,01:09,03:39,69,219,1,0,1,0,3.0,0.841,1,0,track_gang,None / Manual Tools,LOW,33,6.7,2,42.4,8.8,0
HIST-BLK-01556,SEC_C04_01,Guntakal - Gooty,Guntakal,Engineering,Track Maintenance,105,2026-07-11,Sat,NIGHT_MEGABLOCK,01:25,03:10,85,190,1,0,1,0,3.0,0.825,0,0,track_gang,None / Manual Tools,MEDIUM,64,2.3,1,21.3,66.6,0
HIST-BLK-01557,SEC_C01_01,Vijayawada - Tenali,Vijayawada,Engineering,Rail Renewal,240,2026-08-22,Sat,NIGHT_MEGABLOCK,01:00,05:00,60,300,1,0,1,0,3.0,0.855,0,0,track_gang,CSM Tamping Machine,HIGH,73,8.3,1,24.1,67.6,0
HIST-BLK-01558,SEC_C01_07,Kavali - Nellore,Vijayawada,Traction,Contact Wire Height Regulation,165,2026-08-18,Tue,PEAK_MORNING,07:31,10:16,451,616,1,0,0,1,6.0,0.852,0,0,tower_wagon_crew,Tower Wagon,HIGH,79,10.1,1,19.5,71.0,0
HIST-BLK-01559,SEC_C01_01,Vijayawada - Tenali,Vijayawada,Traction,OHE Inspection,90,2026-07-14,Tue,MIDDAY_FREIGHT_GAP,12:13,13:43,733,823,0,0,0,0,1.0,0.938,1,0,tower_wagon_crew,Tower Wagon,MEDIUM,67,3.2,1,22.9,46.1,0
HIST-BLK-01560,SEC_C04_05,Yerraguntla - Kadapa,Guntakal,Traction,Substation Transformer Overhaul,210,2026-07-31,Fri,EARLY_MORNING,04:30,08:00,270,480,1,0,1,0,3.0,0.858,0,0,specialist_team,None / Manual Tools,MEDIUM,46,11.4,1,19.6,69.3,0
HIST-BLK-01561,SEC_C01_08,Nellore - Gudur,Vijayawada,Traction,Contact Wire Height Regulation,165,2026-07-09,Thu,EARLY_MORNING,04:30,07:15,270,435,2,0,1,1,4.0,0.622,0,0,tower_wagon_crew,Tower Wagon,LOW,38,6.6,2,39.7,31.0,0
HIST-BLK-01562,SEC_C04_08,Koduru - Renigunta,Guntakal,S&T,Point Machine Overhaul,60,2026-07-29,Wed,MIDDAY_FREIGHT_GAP,12:41,13:41,761,821,1,0,0,1,8.0,0.866,0,0,ST_gang,Testing Van,LOW,20,1.7,1,18.2,73.7,0
HIST-BLK-01563,SEC_C03_05,Markapur Road - Giddalur,Guntur,S&T,Interlocking Inspection,60,2026-07-01,Wed,EARLY_MORNING,05:53,06:53,353,413,0,0,0,0,1.0,0.941,0,1,ST_gang,None / Manual Tools,LOW,26,10.7,0,0.0,99.0,1
HIST-BLK-01564,SEC_C02_03,Anakapalle - Tuni,Visakhapatnam,Engineering,Sleeper Replacement,195,2026-07-03,Fri,LATE_NIGHT,21:30,00:45,1290,1485,0,0,0,0,1.0,0.968,0,0,track_gang,Ballast Regulator,MEDIUM,62,5.7,0,0.0,99.0,1
HIST-BLK-01565,SEC_C04_01,Guntakal - Gooty,Guntakal,S&T,Cable Jointing & OFC,180,2026-07-23,Thu,NIGHT_MEGABLOCK,01:00,04:00,60,240,0,0,0,0,1.0,0.975,0,0,ST_gang,Testing Van,HIGH,81,11.4,0,0.0,99.0,1
HIST-BLK-01566,SEC_C01_04,Chirala - Ongole,Vijayawada,Traction,OHE Inspection,120,2026-08-27,Thu,PEAK_MORNING,08:22,10:22,502,622,3,1,1,2,10.0,0.05,0,1,tower_wagon_crew,Tower Wagon,LOW,26,11.4,3,67.7,5.0,0
HIST-BLK-01567,SEC_C02_03,Anakapalle - Tuni,Visakhapatnam,S&T,Point Machine Overhaul,120,2026-08-17,Mon,PEAK_EVENING,17:59,19:59,1079,1199,1,1,0,1,10.0,0.592,1,0,ST_gang,Testing Van,LOW,38,4.6,2,45.0,5.0,0
HIST-BLK-01568,SEC_C04_04,Kondapuram - Yerraguntla,Guntakal,Traction,OHE Inspection,90,2026-07-21,Tue,LATE_NIGHT,21:44,23:14,1304,1394,1,0,0,1,8.0,0.785,1,0,tower_wagon_crew,Tower Wagon,CRITICAL,100,5.3,2,43.9,5.0,0
HIST-BLK-01569,SEC_C03_01,Guntur - Narasaraopet,Guntur,S&T,Cable Jointing & OFC,135,2026-07-15,Wed,PEAK_EVENING,18:40,20:55,1120,1255,4,1,1,3,10.0,0.05,1,1,ST_gang,Testing Van,CRITICAL,91,9.5,5,111.3,5.0,0
HIST-BLK-01570,SEC_C04_04,Kondapuram - Yerraguntla,Guntakal,Engineering,Rail Renewal,240,2026-07-16,Thu,AFTERNOON_SLOT,15:00,19:00,900,1140,0,0,0,0,1.0,0.947,1,0,track_gang,CSM Tamping Machine,MEDIUM,48,11.0,1,28.6,36.8,0
HIST-BLK-01571,SEC_C01_07,Kavali - Nellore,Vijayawada,Engineering,Turnout Overhaul,195,2026-07-24,Fri,LATE_NIGHT,21:30,00:45,1290,1485,0,0,0,0,1.0,0.961,1,0,track_gang,CSM Tamping Machine,HIGH,78,8.2,1,26.4,42.1,0
HIST-BLK-01572,SEC_C04_06,Kadapa - Razampeta,Guntakal,Engineering,Turnout Overhaul,210,2026-07-25,Sat,NIGHT_MEGABLOCK,01:00,04:30,60,270,1,0,1,0,3.0,0.859,0,0,track_gang,CSM Tamping Machine,HIGH,81,6.4,1,19.9,70.6,0
HIST-BLK-01573,SEC_C04_05,Yerraguntla - Kadapa,Guntakal,Engineering,Track Maintenance,120,2026-07-14,Tue,NIGHT_MEGABLOCK,01:52,03:52,112,232,0,0,0,0,1.0,0.93,0,0,track_gang,None / Manual Tools,HIGH,78,11.9,0,0.0,99.0,1
HIST-BLK-01574,SEC_C04_07,Razampeta - Koduru,Guntakal,Traction,Substation Transformer Overhaul,210,2026-07-14,Tue,NIGHT_MEGABLOCK,01:00,04:30,60,270,0,0,0,0,1.0,0.945,0,0,specialist_team,None / Manual Tools,HIGH,70,4.6,0,0.0,99.0,1
HIST-BLK-01575,SEC_C03_02,Narasaraopet - Vinukonda,Guntur,Traction,Cantilever Adjustment,180,2026-07-30,Thu,PEAK_EVENING,17:50,20:50,1070,1250,5,1,1,4,10.0,0.05,0,0,tower_wagon_crew,Tower Wagon,HIGH,82,3.0,5,86.1,5.0,0
HIST-BLK-01576,SEC_C01_03,Bapatla - Chirala,Vijayawada,S&T,Axle Counter Replacement,120,2026-07-17,Fri,EARLY_MORNING,04:30,06:30,270,390,0,0,0,0,1.0,0.956,0,0,ST_gang,Testing Van,LOW,41,2.2,0,0.0,99.0,1
HIST-BLK-01577,SEC_C02_06,Samalkot - Rajahmundry,Vijayawada,S&T,Point Machine Overhaul,120,2026-08-05,Wed,MIDDAY_FREIGHT_GAP,12:00,14:00,720,840,0,0,0,0,1.0,0.953,1,0,ST_gang,Testing Van,CRITICAL,95,6.0,1,22.6,44.8,0
HIST-BLK-01578,SEC_C01_04,Chirala - Ongole,Vijayawada,S&T,Cable Jointing & OFC,180,2026-07-02,Thu,LATE_NIGHT,21:30,00:30,1290,1470,0,0,0,0,1.0,0.993,0,0,ST_gang,Testing Van,MEDIUM,57,2.1,0,0.0,99.0,1
HIST-BLK-01579,SEC_C03_06,Giddalur - Nandyal,Guntur,Engineering,Rail Renewal,210,2026-07-23,Thu,LATE_NIGHT,21:30,01:00,1290,1500,1,0,1,0,3.0,0.832,1,1,track_gang,CSM Tamping Machine,MEDIUM,69,5.9,2,47.9,10.6,0
HIST-BLK-01580,SEC_C04_05,Yerraguntla - Kadapa,Guntakal,S&T,Track Circuit Testing,45,2026-07-21,Tue,EARLY_MORNING,05:57,06:42,357,402,0,0,0,0,1.0,0.972,1,0,ST_gang,None / Manual Tools,HIGH,84,7.8,1,22.0,47.1,0
HIST-BLK-01581,SEC_C03_05,Markapur Road - Giddalur,Guntur,S&T,Point Machine Overhaul,90,2026-08-24,Mon,NIGHT_MEGABLOCK,02:15,03:45,135,225,0,0,0,0,1.0,0.922,0,0,ST_gang,Testing Van,MEDIUM,61,6.5,0,0.0,99.0,1
HIST-BLK-01582,SEC_C02_01,Visakhapatnam - Duvvada,Visakhapatnam,S&T,Cable Jointing & OFC,135,2026-07-12,Sun,NIGHT_MEGABLOCK,01:45,04:00,105,240,1,0,1,0,3.0,0.874,1,1,ST_gang,Testing Van,CRITICAL,87,6.4,2,46.8,5.0,0
HIST-BLK-01583,SEC_C01_08,Nellore - Gudur,Vijayawada,S&T,Signal Maintenance,60,2026-07-11,Sat,NIGHT_MEGABLOCK,02:39,03:39,159,219,0,0,0,0,1.0,0.969,0,0,ST_gang,None / Manual Tools,MEDIUM,48,5.7,0,0.0,99.0,1
HIST-BLK-01584,SEC_C01_03,Bapatla - Chirala,Vijayawada,S&T,Point Machine Overhaul,60,2026-08-23,Sun,MIDDAY_FREIGHT_GAP,12:44,13:44,764,824,0,0,0,0,1.0,0.921,0,0,ST_gang,Testing Van,MEDIUM,50,9.3,0,0.0,99.0,1
HIST-BLK-01585,SEC_C01_01,Vijayawada - Tenali,Vijayawada,Engineering,Rail Renewal,225,2026-08-13,Thu,MIDDAY_FREIGHT_GAP,11:30,15:15,690,915,0,0,0,0,1.0,0.941,0,1,track_gang,CSM Tamping Machine,MEDIUM,46,2.3,0,0.0,99.0,1
HIST-BLK-01586,SEC_C01_02,Tenali - Bapatla,Vijayawada,Engineering,Track Maintenance,120,2026-08-29,Sat,EARLY_MORNING,04:44,06:44,284,404,0,0,0,0,1.0,0.991,0,0,track_gang,None / Manual Tools,CRITICAL,91,4.6,0,0.0,99.0,1
HIST-BLK-01587,SEC_C02_04,Tuni - Annavaram,Vijayawada,S&T,Axle Counter Replacement,105,2026-07-17,Fri,PEAK_MORNING,08:18,10:03,498,603,3,0,1,2,8.0,0.282,0,0,ST_gang,Testing Van,HIGH,84,7.3,3,45.4,7.4,0
HIST-BLK-01588,SEC_C01_03,Bapatla - Chirala,Vijayawada,Traction,Contact Wire Height Regulation,180,2026-07-17,Fri,NIGHT_MEGABLOCK,01:00,04:00,60,240,1,0,1,0,3.0,0.815,0,0,tower_wagon_crew,Tower Wagon,MEDIUM,62,3.8,1,23.0,64.8,0
HIST-BLK-01589,SEC_C02_03,Anakapalle - Tuni,Visakhapatnam,S&T,Point Machine Overhaul,105,2026-08-25,Tue,NIGHT_MEGABLOCK,01:20,03:05,80,185,0,0,0,0,1.0,0.929,0,0,ST_gang,Testing Van,HIGH,81,9.6,0,0.0,99.0,1
HIST-BLK-01590,SEC_C01_04,Chirala - Ongole,Vijayawada,Engineering,Sleeper Replacement,210,2026-07-27,Mon,MIDDAY_FREIGHT_GAP,11:30,15:00,690,900,0,0,0,0,1.0,0.952,0,1,track_gang,Ballast Regulator,HIGH,75,8.3,0,0.0,99.0,1
HIST-BLK-01591,SEC_C02_06,Samalkot - Rajahmundry,Vijayawada,Traction,Contact Wire Height Regulation,180,2026-08-09,Sun,PEAK_EVENING,17:56,20:56,1076,1256,1,1,0,1,10.0,0.532,0,0,tower_wagon_crew,Tower Wagon,MEDIUM,61,10.1,1,34.9,11.1,0
HIST-BLK-01592,SEC_C04_03,Tadipatri - Kondapuram,Guntakal,Engineering,Turnout Overhaul,150,2026-08-04,Tue,NIGHT_MEGABLOCK,01:21,03:51,81,231,1,0,0,1,4.0,0.851,0,0,track_gang,CSM Tamping Machine,CRITICAL,99,3.2,1,23.2,69.2,0
HIST-BLK-01593,SEC_C03_02,Narasaraopet - Vinukonda,Guntur,Engineering,Weld Rectification,60,2026-07-18,Sat,PEAK_MORNING,08:39,09:39,519,579,2,0,0,2,4.0,0.603,1,1,track_gang,USFD Flaw Detector,CRITICAL,89,11.5,3,41.5,5.0,0
HIST-BLK-01594,SEC_C02_08,Nidadavolu - Tadepalligudem,Vijayawada,S&T,Signal Maintenance,45,2026-07-10,Fri,LATE_NIGHT,22:17,23:02,1337,1382,1,0,1,0,3.0,0.871,0,1,ST_gang,None / Manual Tools,MEDIUM,56,8.0,1,17.5,76.9,0
HIST-BLK-01595,SEC_C03_01,Guntur - Narasaraopet,Guntur,S&T,Cable Jointing & OFC,180,2026-08-27,Thu,NIGHT_MEGABLOCK,01:00,04:00,60,240,1,0,1,0,3.0,0.82,0,0,ST_gang,Testing Van,MEDIUM,62,9.7,1,23.2,67.8,0
HIST-BLK-01596,SEC_C02_08,Nidadavolu - Tadepalligudem,Vijayawada,Engineering,Turnout Overhaul,180,2026-08-24,Mon,EARLY_MORNING,04:30,07:30,270,450,0,0,0,0,1.0,0.952,1,0,track_gang,CSM Tamping Machine,HIGH,83,1.8,1,23.5,45.0,0
HIST-BLK-01597,SEC_C02_07,Rajahmundry - Nidadavolu,Vijayawada,Engineering,Turnout Overhaul,180,2026-08-18,Tue,PEAK_MORNING,07:30,10:30,450,630,2,0,0,2,7.0,0.516,0,0,track_gang,CSM Tamping Machine,LOW,21,7.8,2,31.3,40.6,0
HIST-BLK-01598,SEC_C02_01,Visakhapatnam - Duvvada,Visakhapatnam,Engineering,Track Maintenance,105,2026-07-16,Thu,MIDDAY_FREIGHT_GAP,12:21,14:06,741,846,0,0,0,0,1.0,0.936,0,0,track_gang,None / Manual Tools,HIGH,79,2.2,0,0.0,99.0,1
HIST-BLK-01599,SEC_C02_04,Tuni - Annavaram,Vijayawada,Traction,Cantilever Adjustment,180,2026-07-06,Mon,AFTERNOON_SLOT,15:00,18:00,900,1080,0,0,0,0,1.0,0.936,0,1,tower_wagon_crew,Tower Wagon,HIGH,73,6.2,0,0.0,99.0,1
HIST-BLK-01600,SEC_C01_07,Kavali - Nellore,Vijayawada,S&T,Track Circuit Testing,60,2026-08-16,Sun,MIDDAY_FREIGHT_GAP,11:46,12:46,706,766,0,0,0,0,1.0,0.996,0,1,ST_gang,None / Manual Tools,LOW,28,10.5,0,0.0,99.0,1
HIST-BLK-01601,SEC_C04_02,Gooty - Tadipatri,Guntakal,S&T,Axle Counter Replacement,90,2026-08-27,Thu,EARLY_MORNING,05:14,06:44,314,404,1,0,0,1,8.0,0.783,0,0,ST_gang,Testing Van,MEDIUM,48,1.8,1,18.2,70.1,0
HIST-BLK-01602,SEC_C02_10,Eluru - Vijayawada,Vijayawada,S&T,Point Machine Overhaul,90,2026-07-04,Sat,EARLY_MORNING,04:40,06:10,280,370,0,0,0,0,1.0,0.976,0,0,ST_gang,Testing Van,CRITICAL,97,1.6,0,0.0,99.0,1
HIST-BLK-01603,SEC_C02_06,Samalkot - Rajahmundry,Vijayawada,Traction,Power Isolation Maintenance,150,2026-08-07,Fri,PEAK_EVENING,17:51,20:21,1071,1221,1,1,0,1,10.0,0.56,0,0,tower_wagon_crew,Tower Wagon,MEDIUM,46,11.1,1,27.8,20.7,0
HIST-BLK-01604,SEC_C02_01,Visakhapatnam - Duvvada,Visakhapatnam,S&T,Cable Jointing & OFC,180,2026-07-17,Fri,LATE_NIGHT,21:30,00:30,1290,1470,1,0,1,0,3.0,0.877,0,0,ST_gang,Testing Van,MEDIUM,52,9.9,1,20.2,73.5,0
HIST-BLK-01605,SEC_C01_08,Nellore - Gudur,Vijayawada,Traction,Power Isolation Maintenance,210,2026-08-29,Sat,NIGHT_MEGABLOCK,01:00,04:30,60,270,0,0,0,0,1.0,0.963,0,0,tower_wagon_crew,Tower Wagon,HIGH,83,7.5,0,0.0,99.0,1
HIST-BLK-01606,SEC_C02_08,Nidadavolu - Tadepalligudem,Vijayawada,Engineering,Weld Rectification,105,2026-08-05,Wed,MIDDAY_FREIGHT_GAP,12:15,14:00,735,840,0,0,0,0,1.0,0.928,1,0,track_gang,USFD Flaw Detector,LOW,21,7.2,1,19.3,48.1,0
HIST-BLK-01607,SEC_C01_04,Chirala - Ongole,Vijayawada,Traction,Cantilever Adjustment,180,2026-08-02,Sun,LATE_NIGHT,21:30,00:30,1290,1470,0,0,0,0,1.0,0.979,0,0,tower_wagon_crew,Tower Wagon,MEDIUM,68,4.9,0,0.0,99.0,1
HIST-BLK-01608,SEC_C04_07,Razampeta - Koduru,Guntakal,Engineering,Sleeper Replacement,165,2026-07-02,Thu,PEAK_EVENING,18:01,20:46,1081,1246,1,0,0,1,7.0,0.807,0,0,track_gang,Ballast Regulator,HIGH,75,10.6,1,22.6,66.1,0
HIST-BLK-01609,SEC_C03_06,Giddalur - Nandyal,Guntur,Engineering,Weld Rectification,90,2026-07-11,Sat,AFTERNOON_SLOT,15:10,16:40,910,1000,0,0,0,0,1.0,0.934,0,0,track_gang,USFD Flaw Detector,LOW,20,5.2,0,0.0,99.0,1
HIST-BLK-01610,SEC_C04_02,Gooty - Tadipatri,Guntakal,Engineering,Rail Renewal,240,2026-07-12,Sun,AFTERNOON_SLOT,15:00,19:00,900,1140,0,0,0,0,1.0,0.953,0,0,track_gang,CSM Tamping Machine,MEDIUM,53,2.5,0,0.0,99.0,1
HIST-BLK-01611,SEC_C02_03,Anakapalle - Tuni,Visakhapatnam,Engineering,Rail Renewal,210,2026-07-19,Sun,AFTERNOON_SLOT,15:00,18:30,900,1110,1,1,0,1,9.0,0.587,0,0,track_gang,CSM Tamping Machine,MEDIUM,45,5.6,1,33.9,12.2,0
HIST-BLK-01612,SEC_C04_02,Gooty - Tadipatri,Guntakal,Engineering,Rail Renewal,240,2026-08-22,Sat,LATE_NIGHT,21:30,01:30,1290,1530,1,0,1,0,3.0,0.838,1,0,track_gang,CSM Tamping Machine,HIGH,75,8.3,2,38.7,9.2,0
HIST-BLK-01613,SEC_C01_06,Singarayakonda - Kavali,Vijayawada,Traction,Power Isolation Maintenance,165,2026-07-24,Fri,LATE_NIGHT,21:30,00:15,1290,1455,1,0,1,0,3.0,0.842,0,1,tower_wagon_crew,Tower Wagon,CRITICAL,90,11.5,1,18.5,84.4,0
HIST-BLK-01614,SEC_C01_03,Bapatla - Chirala,Vijayawada,S&T,Signal Maintenance,75,2026-07-10,Fri,MIDDAY_FREIGHT_GAP,12:32,13:47,752,827,0,0,0,0,1.0,0.973,0,0,ST_gang,None / Manual Tools,HIGH,78,9.4,0,0.0,99.0,1
HIST-BLK-01615,SEC_C01_04,Chirala - Ongole,Vijayawada,S&T,Axle Counter Replacement,105,2026-07-26,Sun,PEAK_MORNING,07:57,09:42,477,582,4,1,1,3,10.0,0.05,0,0,ST_gang,Testing Van,HIGH,75,6.2,4,64.7,5.0,0
HIST-BLK-01616,SEC_C01_08,Nellore - Gudur,Vijayawada,Engineering,Turnout Overhaul,180,2026-07-08,Wed,NIGHT_MEGABLOCK,01:00,04:00,60,240,0,0,0,0,1.0,0.983,0,0,track_gang,CSM Tamping Machine,HIGH,72,11.4,0,0.0,99.0,1
HIST-BLK-01617,SEC_C04_01,Guntakal - Gooty,Guntakal,S&T,Track Circuit Testing,75,2026-07-08,Wed,PEAK_EVENING,18:10,19:25,1090,1165,5,1,1,4,10.0,0.05,0,0,ST_gang,None / Manual Tools,LOW,36,10.9,5,95.5,5.0,0
HIST-BLK-01618,SEC_C02_09,Tadepalligudem - Eluru,Vijayawada,Traction,Cantilever Adjustment,135,2026-08-09,Sun,NIGHT_MEGABLOCK,01:17,03:32,77,212,0,0,0,0,1.0,0.985,1,0,tower_wagon_crew,Tower Wagon,HIGH,80,1.7,1,16.3,54.9,0
HIST-BLK-01619,SEC_C02_05,Annavaram - Samalkot,Vijayawada,Engineering,Rail Renewal,270,2026-07-12,Sun,NIGHT_MEGABLOCK,01:00,05:30,60,330,1,0,0,1,8.0,0.868,0,0,track_gang,CSM Tamping Machine,HIGH,77,4.3,1,29.2,58.7,0
HIST-BLK-01620,SEC_C02_10,Eluru - Vijayawada,Vijayawada,S&T,Axle Counter Replacement,120,2026-08-20,Thu,EARLY_MORNING,04:46,06:46,286,406,0,0,0,0,1.0,0.986,0,0,ST_gang,Testing Van,MEDIUM,59,3.2,0,0.0,99.0,1
HIST-BLK-01621,SEC_C03_06,Giddalur - Nandyal,Guntur,Traction,Power Isolation Maintenance,180,2026-08-23,Sun,LATE_NIGHT,21:30,00:30,1290,1470,1,0,1,0,3.0,0.836,0,1,tower_wagon_crew,Tower Wagon,CRITICAL,97,6.1,1,24.1,73.6,0
HIST-BLK-01622,SEC_C01_01,Vijayawada - Tenali,Vijayawada,Engineering,Weld Rectification,90,2026-07-15,Wed,AFTERNOON_SLOT,15:55,17:25,955,1045,0,0,0,0,1.0,0.947,0,0,track_gang,USFD Flaw Detector,LOW,35,2.5,0,0.0,99.0,1
HIST-BLK-01623,SEC_C02_08,Nidadavolu - Tadepalligudem,Vijayawada,S&T,Interlocking Inspection,105,2026-07-02,Thu,LATE_NIGHT,21:55,23:40,1315,1420,1,0,1,0,3.0,0.783,0,0,ST_gang,None / Manual Tools,MEDIUM,60,6.0,1,16.3,75.8,0
HIST-BLK-01624,SEC_C04_03,Tadipatri - Kondapuram,Guntakal,Traction,OHE Inspection,120,2026-07-15,Wed,MIDDAY_FREIGHT_GAP,12:02,14:02,722,842,0,0,0,0,1.0,0.996,0,1,tower_wagon_crew,Tower Wagon,MEDIUM,53,9.1,0,0.0,99.0,1
HIST-BLK-01625,SEC_C04_05,Yerraguntla - Kadapa,Guntakal,Traction,Cantilever Adjustment,150,2026-07-17,Fri,MIDDAY_FREIGHT_GAP,11:57,14:27,717,867,0,0,0,0,1.0,0.957,0,0,tower_wagon_crew,Tower Wagon,MEDIUM,57,11.2,0,0.0,99.0,1
HIST-BLK-01626,SEC_C01_05,Ongole - Singarayakonda,Vijayawada,S&T,Cable Jointing & OFC,150,2026-08-26,Wed,PEAK_EVENING,17:50,20:20,1070,1220,4,0,1,3,7.0,0.191,0,1,ST_gang,Testing Van,CRITICAL,93,10.4,4,39.9,5.0,0
HIST-BLK-01627,SEC_C03_04,Donakonda - Markapur Road,Guntur,Engineering,Deep Screening Ballast,210,2026-08-11,Tue,LATE_NIGHT,21:30,01:00,1290,1500,0,0,0,0,1.0,0.951,0,0,track_gang,Ballast Regulator,HIGH,77,6.0,0,0.0,99.0,1
HIST-BLK-01628,SEC_C01_03,Bapatla - Chirala,Vijayawada,Engineering,Deep Screening Ballast,195,2026-07-29,Wed,PEAK_MORNING,07:30,10:45,450,645,5,0,1,4,7.0,0.082,0,1,track_gang,Ballast Regulator,HIGH,84,5.7,5,84.8,5.0,0
HIST-BLK-01629,SEC_C01_08,Nellore - Gudur,Vijayawada,Traction,Power Isolation Maintenance,165,2026-08-17,Mon,EARLY_MORNING,04:30,07:15,270,435,2,0,1,1,4.0,0.576,0,0,tower_wagon_crew,Tower Wagon,LOW,35,9.6,2,36.5,35.1,0
HIST-BLK-01630,SEC_C04_05,Yerraguntla - Kadapa,Guntakal,Traction,Substation Transformer Overhaul,255,2026-07-28,Tue,PEAK_MORNING,07:30,11:45,450,705,1,0,1,0,3.0,0.802,0,0,specialist_team,None / Manual Tools,MEDIUM,66,5.6,1,28.3,60.4,0
HIST-BLK-01631,SEC_C02_06,Samalkot - Rajahmundry,Vijayawada,S&T,Cable Jointing & OFC,135,2026-08-14,Fri,AFTERNOON_SLOT,15:15,17:30,915,1050,0,0,0,0,1.0,0.999,0,0,ST_gang,Testing Van,CRITICAL,99,4.9,0,0.0,99.0,1
HIST-BLK-01632,SEC_C03_02,Narasaraopet - Vinukonda,Guntur,Traction,Power Isolation Maintenance,165,2026-08-23,Sun,NIGHT_MEGABLOCK,01:14,03:59,74,239,1,0,1,0,3.0,0.845,0,1,tower_wagon_crew,Tower Wagon,MEDIUM,69,10.6,1,23.1,76.9,0
HIST-BLK-01633,SEC_C04_03,Tadipatri - Kondapuram,Guntakal,S&T,Point Machine Overhaul,75,2026-08-23,Sun,NIGHT_MEGABLOCK,02:37,03:52,157,232,1,0,1,0,3.0,0.856,0,1,ST_gang,Testing Van,MEDIUM,66,3.5,1,19.8,71.8,0
HIST-BLK-01634,SEC_C01_06,Singarayakonda - Kavali,Vijayawada,Traction,Insulator Washing & Replacement,135,2026-08-29,Sat,EARLY_MORNING,04:45,07:00,285,420,0,0,0,0,1.0,0.93,0,0,tower_wagon_crew,Tower Wagon,HIGH,80,9.6,0,0.0,99.0,1
HIST-BLK-01635,SEC_C01_06,Singarayakonda - Kavali,Vijayawada,S&T,Cable Jointing & OFC,120,2026-08-04,Tue,MIDDAY_FREIGHT_GAP,12:22,14:22,742,862,0,0,0,0,1.0,0.986,0,0,ST_gang,Testing Van,MEDIUM,50,1.8,0,0.0,99.0,1
HIST-BLK-01636,SEC_C02_08,Nidadavolu - Tadepalligudem,Vijayawada,Engineering,Deep Screening Ballast,195,2026-07-21,Tue,PEAK_MORNING,07:30,10:45,450,645,2,1,0,2,10.0,0.374,1,0,track_gang,Ballast Regulator,MEDIUM,67,9.6,3,62.9,5.0,0
HIST-BLK-01637,SEC_C02_04,Tuni - Annavaram,Vijayawada,Engineering,Weld Rectification,90,2026-08-22,Sat,AFTERNOON_SLOT,15:28,16:58,928,1018,0,0,0,0,1.0,0.935,0,0,track_gang,USFD Flaw Detector,HIGH,75,7.4,0,0.0,99.0,1
HIST-BLK-01638,SEC_C02_10,Eluru - Vijayawada,Vijayawada,Traction,Power Isolation Maintenance,150,2026-08-14,Fri,EARLY_MORNING,04:30,07:00,270,420,0,0,0,0,1.0,0.983,1,0,tower_wagon_crew,Tower Wagon,MEDIUM,68,2.7,1,22.1,47.9,0
HIST-BLK-01639,SEC_C01_01,Vijayawada - Tenali,Vijayawada,S&T,Cable Jointing & OFC,150,2026-08-11,Tue,PEAK_MORNING,07:51,10:21,471,621,1,0,1,0,3.0,0.802,0,0,ST_gang,Testing Van,CRITICAL,100,9.4,1,24.5,62.4,0
HIST-BLK-01640,SEC_C04_01,Guntakal - Gooty,Guntakal,Traction,Cantilever Adjustment,165,2026-08-28,Fri,PEAK_EVENING,18:06,20:51,1086,1251,3,0,1,2,7.0,0.316,0,1,tower_wagon_crew,Tower Wagon,HIGH,84,2.1,3,50.2,8.4,0
HIST-BLK-01641,SEC_C03_02,Narasaraopet - Vinukonda,Guntur,Engineering,Sleeper Replacement,150,2026-07-14,Tue,NIGHT_MEGABLOCK,01:16,03:46,76,226,0,0,0,0,1.0,0.923,0,0,track_gang,Ballast Regulator,MEDIUM,47,7.1,0,0.0,99.0,1
HIST-BLK-01642,SEC_C04_03,Tadipatri - Kondapuram,Guntakal,Traction,Power Isolation Maintenance,210,2026-08-25,Tue,LATE_NIGHT,21:30,01:00,1290,1500,0,0,0,0,1.0,0.944,0,0,tower_wagon_crew,Tower Wagon,MEDIUM,69,1.7,0,0.0,99.0,1
HIST-BLK-01643,SEC_C03_04,Donakonda - Markapur Road,Guntur,Traction,Power Isolation Maintenance,210,2026-08-11,Tue,MIDDAY_FREIGHT_GAP,11:30,15:00,690,900,2,0,0,2,6.0,0.614,0,0,tower_wagon_crew,Tower Wagon,CRITICAL,92,7.7,2,28.7,44.3,0
HIST-BLK-01644,SEC_C04_01,Guntakal - Gooty,Guntakal,Engineering,Turnout Overhaul,180,2026-07-26,Sun,MIDDAY_FREIGHT_GAP,11:30,14:30,690,870,0,0,0,0,1.0,0.931,1,1,track_gang,CSM Tamping Machine,MEDIUM,61,8.1,1,21.8,56.1,0
HIST-BLK-01645,SEC_C02_04,Tuni - Annavaram,Vijayawada,S&T,Point Machine Overhaul,120,2026-08-27,Thu,PEAK_MORNING,07:47,09:47,467,587,2,1,1,1,10.0,0.298,0,1,ST_gang,Testing Van,HIGH,82,4.2,2,56.6,5.0,0
HIST-BLK-01646,SEC_C01_01,Vijayawada - Tenali,Vijayawada,Engineering,Turnout Overhaul,150,2026-08-17,Mon,PEAK_EVENING,18:03,20:33,1083,1233,2,0,0,2,7.0,0.646,0,0,track_gang,CSM Tamping Machine,LOW,24,5.4,2,31.7,38.5,0
HIST-BLK-01647,SEC_C01_06,Singarayakonda - Kavali,Vijayawada,Engineering,Turnout Overhaul,180,2026-07-24,Fri,EARLY_MORNING,04:30,07:30,270,450,1,0,1,0,3.0,0.781,0,0,track_gang,CSM Tamping Machine,MEDIUM,53,10.1,1,24.0,63.6,0
HIST-BLK-01648,SEC_C04_01,Guntakal - Gooty,Guntakal,Traction,Contact Wire Height Regulation,150,2026-07-09,Thu,LATE_NIGHT,21:30,00:00,1290,1440,1,0,1,0,3.0,0.809,0,0,tower_wagon_crew,Tower Wagon,HIGH,74,4.7,1,19.0,70.0,0
HIST-BLK-01649,SEC_C04_04,Kondapuram - Yerraguntla,Guntakal,S&T,Interlocking Inspection,60,2026-08-14,Fri,AFTERNOON_SLOT,15:56,16:56,956,1016,0,0,0,0,1.0,0.983,0,0,ST_gang,None / Manual Tools,MEDIUM,53,10.7,0,0.0,99.0,1
HIST-BLK-01650,SEC_C02_10,Eluru - Vijayawada,Vijayawada,Traction,Insulator Washing & Replacement,105,2026-07-08,Wed,PEAK_MORNING,08:42,10:27,522,627,5,0,1,4,7.0,0.128,0,0,tower_wagon_crew,Tower Wagon,HIGH,82,11.6,5,56.8,5.0,0
HIST-BLK-01651,SEC_C04_02,Gooty - Tadipatri,Guntakal,S&T,Interlocking Inspection,105,2026-08-03,Mon,MIDDAY_FREIGHT_GAP,12:06,13:51,726,831,0,0,0,0,1.0,0.967,0,0,ST_gang,None / Manual Tools,CRITICAL,95,11.7,0,0.0,99.0,1
HIST-BLK-01652,SEC_C02_04,Tuni - Annavaram,Vijayawada,Engineering,Deep Screening Ballast,180,2026-08-30,Sun,PEAK_MORNING,07:30,10:30,450,630,2,1,0,2,10.0,0.283,1,0,track_gang,Ballast Regulator,MEDIUM,50,8.0,3,57.5,5.0,0
HIST-BLK-01653,SEC_C04_03,Tadipatri - Kondapuram,Guntakal,Engineering,Turnout Overhaul,180,2026-07-25,Sat,AFTERNOON_SLOT,15:00,18:00,900,1080,1,0,1,0,3.0,0.879,0,1,track_gang,CSM Tamping Machine,LOW,39,11.1,1,23.0,80.2,0
HIST-BLK-01654,SEC_C02_08,Nidadavolu - Tadepalligudem,Vijayawada,Engineering,Rail Renewal,255,2026-08-17,Mon,MIDDAY_FREIGHT_GAP,11:30,15:45,690,945,0,0,0,0,1.0,0.989,0,0,track_gang,CSM Tamping Machine,HIGH,84,3.5,0,0.0,99.0,1
HIST-BLK-01655,SEC_C04_04,Kondapuram - Yerraguntla,Guntakal,Engineering,Rail Renewal,210,2026-07-16,Thu,PEAK_MORNING,07:30,11:00,450,660,1,0,0,1,8.0,0.833,0,0,track_gang,CSM Tamping Machine,CRITICAL,99,10.0,1,19.5,69.8,0
HIST-BLK-01656,SEC_C02_05,Annavaram - Samalkot,Vijayawada,Traction,OHE Inspection,105,2026-07-09,Thu,MIDDAY_FREIGHT_GAP,11:31,13:16,691,796,0,0,0,0,1.0,0.922,0,0,tower_wagon_crew,Tower Wagon,LOW,29,8.4,0,0.0,99.0,1
HIST-BLK-01657,SEC_C04_02,Gooty - Tadipatri,Guntakal,Engineering,Weld Rectification,120,2026-08-17,Mon,NIGHT_MEGABLOCK,01:50,03:50,110,230,0,0,0,0,1.0,0.972,0,0,track_gang,USFD Flaw Detector,HIGH,71,7.4,0,0.0,99.0,1
HIST-BLK-01658,SEC_C01_08,Nellore - Gudur,Vijayawada,Engineering,Turnout Overhaul,195,2026-08-21,Fri,AFTERNOON_SLOT,15:00,18:15,900,1095,1,0,1,0,3.0,0.83,1,0,track_gang,CSM Tamping Machine,HIGH,85,7.2,2,51.7,5.0,0
HIST-BLK-01659,SEC_C02_03,Anakapalle - Tuni,Visakhapatnam,Traction,Substation Transformer Overhaul,270,2026-07-09,Thu,PEAK_MORNING,07:30,12:00,450,720,1,0,0,1,8.0,0.871,1,1,specialist_team,None / Manual Tools,HIGH,74,5.0,2,47.4,11.5,0
HIST-BLK-01660,SEC_C04_04,Kondapuram - Yerraguntla,Guntakal,S&T,Interlocking Inspection,60,2026-08-09,Sun,PEAK_MORNING,08:41,09:41,521,581,1,0,0,1,8.0,0.871,0,0,ST_gang,None / Manual Tools,HIGH,71,5.7,1,12.3,78.2,0
HIST-BLK-01661,SEC_C04_07,Razampeta - Koduru,Guntakal,Traction,Cantilever Adjustment,135,2026-08-10,Mon,NIGHT_MEGABLOCK,01:28,03:43,88,223,0,0,0,0,1.0,0.953,0,0,tower_wagon_crew,Tower Wagon,LOW,33,3.1,0,0.0,99.0,1
HIST-BLK-01662,SEC_C03_01,Guntur - Narasaraopet,Guntur,Engineering,Rail Renewal,225,2026-08-20,Thu,PEAK_MORNING,07:30,11:15,450,675,2,0,1,1,8.0,0.588,0,0,track_gang,CSM Tamping Machine,CRITICAL,88,8.4,2,36.9,34.1,0
HIST-BLK-01663,SEC_C04_02,Gooty - Tadipatri,Guntakal,Engineering,Track Maintenance,90,2026-08-01,Sat,MIDDAY_FREIGHT_GAP,12:33,14:03,753,843,0,0,0,0,1.0,0.936,0,0,track_gang,None / Manual Tools,HIGH,85,3.9,0,0.0,99.0,1
HIST-BLK-01664,SEC_C02_04,Tuni - Annavaram,Vijayawada,Engineering,Turnout Overhaul,210,2026-07-22,Wed,LATE_NIGHT,21:30,01:00,1290,1500,1,0,0,1,7.0,0.842,0,0,track_gang,CSM Tamping Machine,MEDIUM,64,6.9,1,20.4,70.2,0
HIST-BLK-01665,SEC_C02_05,Annavaram - Samalkot,Vijayawada,S&T,Cable Jointing & OFC,135,2026-08-21,Fri,PEAK_MORNING,07:49,10:04,469,604,4,0,1,3,8.0,0.132,0,1,ST_gang,Testing Van,CRITICAL,90,9.4,4,60.1,5.0,0
HIST-BLK-01666,SEC_C02_07,Rajahmundry - Nidadavolu,Vijayawada,S&T,Signal Maintenance,45,2026-08-14,Fri,LATE_NIGHT,22:30,23:15,1350,1395,0,0,0,0,1.0,0.926,0,0,ST_gang,None / Manual Tools,MEDIUM,47,11.8,0,0.0,99.0,1
HIST-BLK-01667,SEC_C03_05,Markapur Road - Giddalur,Guntur,Engineering,Sleeper Replacement,210,2026-07-16,Thu,PEAK_EVENING,17:45,21:15,1065,1275,1,1,0,1,9.0,0.547,1,0,track_gang,Ballast Regulator,MEDIUM,56,3.5,2,53.2,5.0,0
HIST-BLK-01668,SEC_C01_01,Vijayawada - Tenali,Vijayawada,S&T,Track Circuit Testing,90,2026-08-17,Mon,NIGHT_MEGABLOCK,01:12,02:42,72,162,0,0,0,0,1.0,0.987,0,0,ST_gang,None / Manual Tools,HIGH,82,8.5,0,0.0,99.0,1
HIST-BLK-01669,SEC_C01_04,Chirala - Ongole,Vijayawada,Traction,Contact Wire Height Regulation,180,2026-07-01,Wed,NIGHT_MEGABLOCK,01:00,04:00,60,240,0,0,0,0,1.0,0.967,0,0,tower_wagon_crew,Tower Wagon,LOW,20,4.8,0,0.0,99.0,1
HIST-BLK-01670,SEC_C01_02,Tenali - Bapatla,Vijayawada,Engineering,Weld Rectification,120,2026-08-04,Tue,EARLY_MORNING,04:35,06:35,275,395,0,0,0,0,1.0,0.927,0,0,track_gang,USFD Flaw Detector,MEDIUM,66,9.6,0,0.0,99.0,1
HIST-BLK-01671,SEC_C01_03,Bapatla - Chirala,Vijayawada,Engineering,Weld Rectification,90,2026-08-28,Fri,LATE_NIGHT,22:04,23:34,1324,1414,0,0,0,0,1.0,0.975,0,0,track_gang,USFD Flaw Detector,HIGH,70,1.6,0,0.0,99.0,1
HIST-BLK-01672,SEC_C02_03,Anakapalle - Tuni,Visakhapatnam,Traction,Substation Transformer Overhaul,240,2026-07-06,Mon,MIDDAY_FREIGHT_GAP,11:30,15:30,690,930,1,1,0,1,9.0,0.558,0,0,specialist_team,None / Manual Tools,HIGH,76,5.1,1,29.0,21.5,0
HIST-BLK-01673,SEC_C04_06,Kadapa - Razampeta,Guntakal,S&T,Track Circuit Testing,45,2026-08-02,Sun,AFTERNOON_SLOT,15:06,15:51,906,951,0,0,0,0,1.0,0.981,1,0,ST_gang,None / Manual Tools,MEDIUM,60,7.9,1,22.2,48.3,0
HIST-BLK-01674,SEC_C02_03,Anakapalle - Tuni,Visakhapatnam,Engineering,Deep Screening Ballast,240,2026-07-08,Wed,AFTERNOON_SLOT,15:00,19:00,900,1140,1,1,0,1,9.0,0.6,0,0,track_gang,Ballast Regulator,CRITICAL,99,10.8,1,29.4,17.7,0
HIST-BLK-01675,SEC_C02_02,Duvvada - Anakapalle,Visakhapatnam,S&T,Axle Counter Replacement,90,2026-07-07,Tue,PEAK_MORNING,08:38,10:08,518,608,2,0,0,2,4.0,0.55,0,0,ST_gang,Testing Van,HIGH,71,4.0,2,33.7,34.6,0
HIST-BLK-01676,SEC_C04_02,Gooty - Tadipatri,Guntakal,Engineering,Rail Renewal,240,2026-08-21,Fri,PEAK_EVENING,17:45,21:45,1065,1305,3,1,1,2,10.0,0.063,0,0,track_gang,CSM Tamping Machine,MEDIUM,60,11.5,3,53.8,5.0,0
HIST-BLK-01677,SEC_C01_04,Chirala - Ongole,Vijayawada,Traction,Substation Transformer Overhaul,270,2026-08-19,Wed,EARLY_MORNING,04:30,09:00,270,540,1,1,0,1,9.0,0.622,0,1,specialist_team,None / Manual Tools,LOW,22,5.6,1,37.4,19.8,0
HIST-BLK-01678,SEC_C02_08,Nidadavolu - Tadepalligudem,Vijayawada,Traction,Cantilever Adjustment,150,2026-08-26,Wed,LATE_NIGHT,21:30,00:00,1290,1440,1,0,1,0,3.0,0.829,1,0,tower_wagon_crew,Tower Wagon,HIGH,83,4.1,2,46.1,5.0,0
HIST-BLK-01679,SEC_C03_06,Giddalur - Nandyal,Guntur,Engineering,Track Maintenance,105,2026-08-17,Mon,MIDDAY_FREIGHT_GAP,11:39,13:24,699,804,1,0,1,0,3.0,0.854,0,0,track_gang,None / Manual Tools,HIGH,74,11.0,1,13.3,81.2,0
HIST-BLK-01680,SEC_C04_02,Gooty - Tadipatri,Guntakal,Engineering,Rail Renewal,210,2026-07-26,Sun,EARLY_MORNING,04:30,08:00,270,480,0,0,0,0,1.0,0.923,0,0,track_gang,CSM Tamping Machine,HIGH,83,2.9,0,0.0,99.0,1
HIST-BLK-01681,SEC_C01_06,Singarayakonda - Kavali,Vijayawada,Traction,Substation Transformer Overhaul,240,2026-07-18,Sat,LATE_NIGHT,21:30,01:30,1290,1530,1,0,1,0,3.0,0.835,0,1,specialist_team,None / Manual Tools,CRITICAL,99,2.7,1,21.6,80.3,0
HIST-BLK-01682,SEC_C02_08,Nidadavolu - Tadepalligudem,Vijayawada,Traction,OHE Inspection,105,2026-07-24,Fri,EARLY_MORNING,04:31,06:16,271,376,0,0,0,0,1.0,0.969,0,0,tower_wagon_crew,Tower Wagon,HIGH,76,5.4,0,0.0,99.0,1
HIST-BLK-01683,SEC_C03_06,Giddalur - Nandyal,Guntur,Engineering,Track Maintenance,135,2026-08-11,Tue,LATE_NIGHT,21:30,23:45,1290,1425,1,0,1,0,3.0,0.819,0,1,track_gang,None / Manual Tools,CRITICAL,97,10.6,1,19.4,83.2,0
HIST-BLK-01684,SEC_C04_08,Koduru - Renigunta,Guntakal,S&T,Cable Jointing & OFC,150,2026-07-17,Fri,LATE_NIGHT,21:30,00:00,1290,1440,0,0,0,0,1.0,0.97,0,0,ST_gang,Testing Van,LOW,21,11.6,0,0.0,99.0,1
HIST-BLK-01685,SEC_C03_01,Guntur - Narasaraopet,Guntur,S&T,Point Machine Overhaul,105,2026-07-06,Mon,NIGHT_MEGABLOCK,02:11,03:56,131,236,1,0,1,0,3.0,0.836,0,0,ST_gang,Testing Van,MEDIUM,64,7.1,1,16.1,77.1,0
HIST-BLK-01686,SEC_C03_01,Guntur - Narasaraopet,Guntur,S&T,Axle Counter Replacement,120,2026-07-11,Sat,LATE_NIGHT,21:35,23:35,1295,1415,0,0,0,0,1.0,0.975,0,1,ST_gang,Testing Van,CRITICAL,93,8.8,0,0.0,99.0,1
HIST-BLK-01687,SEC_C02_08,Nidadavolu - Tadepalligudem,Vijayawada,S&T,Signal Maintenance,60,2026-08-23,Sun,EARLY_MORNING,05:09,06:09,309,369,0,0,0,0,1.0,0.963,0,0,ST_gang,None / Manual Tools,CRITICAL,86,3.1,0,0.0,99.0,1
HIST-BLK-01688,SEC_C04_02,Gooty - Tadipatri,Guntakal,Engineering,Turnout Overhaul,165,2026-07-23,Thu,LATE_NIGHT,21:30,00:15,1290,1455,0,0,0,0,1.0,0.949,0,1,track_gang,CSM Tamping Machine,HIGH,72,1.5,0,0.0,99.0,1
HIST-BLK-01689,SEC_C01_06,Singarayakonda - Kavali,Vijayawada,S&T,Axle Counter Replacement,90,2026-07-21,Tue,MIDDAY_FREIGHT_GAP,11:36,13:06,696,786,0,0,0,0,1.0,0.948,0,1,ST_gang,Testing Van,HIGH,71,4.7,0,0.0,99.0,1
HIST-BLK-01690,SEC_C03_03,Vinukonda - Donakonda,Guntur,S&T,Axle Counter Replacement,135,2026-07-17,Fri,NIGHT_MEGABLOCK,01:45,04:00,105,240,0,0,0,0,1.0,0.941,1,0,ST_gang,Testing Van,MEDIUM,51,8.8,1,29.8,35.9,0
HIST-BLK-01691,SEC_C01_04,Chirala - Ongole,Vijayawada,S&T,Cable Jointing & OFC,150,2026-07-08,Wed,AFTERNOON_SLOT,15:00,17:30,900,1050,1,0,1,0,3.0,0.873,0,0,ST_gang,Testing Van,CRITICAL,96,7.1,1,19.8,72.9,0
HIST-BLK-01692,SEC_C03_02,Narasaraopet - Vinukonda,Guntur,Traction,Contact Wire Height Regulation,195,2026-07-14,Tue,MIDDAY_FREIGHT_GAP,11:30,14:45,690,885,2,1,0,2,10.0,0.309,0,0,tower_wagon_crew,Tower Wagon,LOW,37,9.0,2,50.5,5.0,0
HIST-BLK-01693,SEC_C04_02,Gooty - Tadipatri,Guntakal,Traction,OHE Inspection,120,2026-08-13,Thu,MIDDAY_FREIGHT_GAP,11:33,13:33,693,813,0,0,0,0,1.0,0.982,0,0,tower_wagon_crew,Tower Wagon,LOW,43,9.9,0,0.0,99.0,1
HIST-BLK-01694,SEC_C02_09,Tadepalligudem - Eluru,Vijayawada,Engineering,Track Maintenance,150,2026-07-07,Tue,AFTERNOON_SLOT,15:00,17:30,900,1050,1,0,1,0,3.0,0.799,0,0,track_gang,None / Manual Tools,CRITICAL,91,3.5,1,23.7,66.5,0
HIST-BLK-01695,SEC_C04_07,Razampeta - Koduru,Guntakal,Engineering,Deep Screening Ballast,195,2026-07-14,Tue,AFTERNOON_SLOT,15:00,18:15,900,1095,0,0,0,0,1.0,1.0,1,0,track_gang,Ballast Regulator,HIGH,78,11.2,1,19.8,50.6,0
HIST-BLK-01696,SEC_C04_02,Gooty - Tadipatri,Guntakal,S&T,Axle Counter Replacement,135,2026-08-25,Tue,AFTERNOON_SLOT,15:05,17:20,905,1040,1,1,0,1,9.0,0.556,0,0,ST_gang,Testing Van,HIGH,77,3.9,1,31.8,14.2,0
HIST-BLK-01697,SEC_C02_01,Visakhapatnam - Duvvada,Visakhapatnam,Engineering,Deep Screening Ballast,195,2026-07-02,Thu,AFTERNOON_SLOT,15:00,18:15,900,1095,1,0,1,0,3.0,0.789,1,0,track_gang,Ballast Regulator,MEDIUM,45,3.9,2,48.4,5.0,0
HIST-BLK-01698,SEC_C02_06,Samalkot - Rajahmundry,Vijayawada,S&T,Axle Counter Replacement,150,2026-07-05,Sun,AFTERNOON_SLOT,15:00,17:30,900,1050,0,0,0,0,1.0,0.967,1,0,ST_gang,Testing Van,CRITICAL,95,5.0,1,19.8,46.5,0
HIST-BLK-01699,SEC_C02_10,Eluru - Vijayawada,Vijayawada,Traction,Cantilever Adjustment,135,2026-08-27,Thu,MIDDAY_FREIGHT_GAP,11:33,13:48,693,828,0,0,0,0,1.0,0.993,0,0,tower_wagon_crew,Tower Wagon,HIGH,83,2.2,0,0.0,99.0,1
HIST-BLK-01700,SEC_C02_07,Rajahmundry - Nidadavolu,Vijayawada,Engineering,Track Maintenance,90,2026-08-15,Sat,LATE_NIGHT,21:55,23:25,1315,1405,0,0,0,0,1.0,0.999,0,0,track_gang,None / Manual Tools,HIGH,74,11.9,0,0.0,99.0,1
HIST-BLK-01701,SEC_C02_02,Duvvada - Anakapalle,Visakhapatnam,Engineering,Sleeper Replacement,180,2026-07-30,Thu,MIDDAY_FREIGHT_GAP,11:30,14:30,690,870,0,0,0,0,1.0,0.937,0,0,track_gang,Ballast Regulator,LOW,33,11.6,0,0.0,99.0,1
HIST-BLK-01702,SEC_C04_02,Gooty - Tadipatri,Guntakal,S&T,Cable Jointing & OFC,150,2026-07-02,Thu,LATE_NIGHT,21:30,00:00,1290,1440,0,0,0,0,1.0,0.937,0,1,ST_gang,Testing Van,HIGH,77,8.0,0,0.0,99.0,1
HIST-BLK-01703,SEC_C03_02,Narasaraopet - Vinukonda,Guntur,Engineering,Deep Screening Ballast,210,2026-07-06,Mon,PEAK_EVENING,17:45,21:15,1065,1275,1,0,1,0,3.0,0.862,0,1,track_gang,Ballast Regulator,MEDIUM,67,10.9,1,21.2,80.7,0
HIST-BLK-01704,SEC_C04_04,Kondapuram - Yerraguntla,Guntakal,S&T,Track Circuit Testing,90,2026-07-11,Sat,MIDDAY_FREIGHT_GAP,12:28,13:58,748,838,0,0,0,0,1.0,0.954,0,0,ST_gang,None / Manual Tools,HIGH,70,3.2,0,0.0,99.0,1
HIST-BLK-01705,SEC_C02_08,Nidadavolu - Tadepalligudem,Vijayawada,Traction,Contact Wire Height Regulation,165,2026-08-21,Fri,AFTERNOON_SLOT,15:00,17:45,900,1065,0,0,0,0,1.0,0.973,0,0,tower_wagon_crew,Tower Wagon,HIGH,82,11.4,0,0.0,99.0,1
HIST-BLK-01706,SEC_C03_01,Guntur - Narasaraopet,Guntur,Traction,Contact Wire Height Regulation,180,2026-07-21,Tue,AFTERNOON_SLOT,15:00,18:00,900,1080,1,0,0,1,4.0,0.829,0,1,tower_wagon_crew,Tower Wagon,MEDIUM,48,7.7,1,24.7,75.8,0
HIST-BLK-01707,SEC_C02_10,Eluru - Vijayawada,Vijayawada,Traction,OHE Inspection,120,2026-08-08,Sat,PEAK_EVENING,18:49,20:49,1129,1249,1,0,1,0,3.0,0.823,0,0,tower_wagon_crew,Tower Wagon,MEDIUM,64,1.6,1,16.8,75.3,0
HIST-BLK-01708,SEC_C02_06,Samalkot - Rajahmundry,Vijayawada,Engineering,Sleeper Replacement,180,2026-07-19,Sun,EARLY_MORNING,04:30,07:30,270,450,2,0,0,2,8.0,0.523,0,0,track_gang,Ballast Regulator,MEDIUM,63,2.9,2,28.1,43.0,0
HIST-BLK-01709,SEC_C01_05,Ongole - Singarayakonda,Vijayawada,Traction,OHE Inspection,120,2026-08-09,Sun,PEAK_MORNING,08:05,10:05,485,605,1,0,0,1,7.0,0.873,1,1,tower_wagon_crew,Tower Wagon,HIGH,70,8.7,2,43.9,17.9,0
HIST-BLK-01710,SEC_C02_03,Anakapalle - Tuni,Visakhapatnam,Engineering,Turnout Overhaul,195,2026-08-03,Mon,PEAK_EVENING,17:45,21:00,1065,1260,1,1,0,1,10.0,0.622,1,0,track_gang,CSM Tamping Machine,LOW,29,8.2,2,65.5,5.0,0
HIST-BLK-01711,SEC_C01_05,Ongole - Singarayakonda,Vijayawada,Traction,Insulator Washing & Replacement,135,2026-07-10,Fri,EARLY_MORNING,04:36,06:51,276,411,0,0,0,0,1.0,0.956,0,0,tower_wagon_crew,Tower Wagon,MEDIUM,65,7.2,0,0.0,99.0,1
HIST-BLK-01712,SEC_C01_05,Ongole - Singarayakonda,Vijayawada,S&T,Interlocking Inspection,60,2026-07-25,Sat,PEAK_EVENING,18:04,19:04,1084,1144,3,0,1,2,8.0,0.365,0,0,ST_gang,None / Manual Tools,HIGH,79,7.8,3,56.2,5.0,0
HIST-BLK-01713,SEC_C04_02,Gooty - Tadipatri,Guntakal,Engineering,Deep Screening Ballast,210,2026-08-02,Sun,MIDDAY_FREIGHT_GAP,11:30,15:00,690,900,0,0,0,0,1.0,0.975,0,0,track_gang,Ballast Regulator,MEDIUM,63,10.8,0,0.0,99.0,1
HIST-BLK-01714,SEC_C01_01,Vijayawada - Tenali,Vijayawada,Traction,Contact Wire Height Regulation,165,2026-07-13,Mon,MIDDAY_FREIGHT_GAP,11:33,14:18,693,858,0,0,0,0,1.0,0.924,0,0,tower_wagon_crew,Tower Wagon,MEDIUM,63,5.5,0,0.0,99.0,1
HIST-BLK-01715,SEC_C01_07,Kavali - Nellore,Vijayawada,S&T,Track Circuit Testing,75,2026-08-27,Thu,PEAK_MORNING,09:03,10:18,543,618,1,0,0,1,6.0,0.825,0,0,ST_gang,None / Manual Tools,MEDIUM,53,7.0,1,15.7,74.8,0
HIST-BLK-01716,SEC_C03_05,Markapur Road - Giddalur,Guntur,S&T,Track Circuit Testing,45,2026-07-12,Sun,PEAK_MORNING,09:30,10:15,570,615,5,1,1,4,10.0,0.05,0,0,ST_gang,None / Manual Tools,HIGH,84,5.9,5,80.9,5.0,0
HIST-BLK-01717,SEC_C03_05,Markapur Road - Giddalur,Guntur,Engineering,Sleeper Replacement,180,2026-07-23,Thu,PEAK_MORNING,07:30,10:30,450,630,3,0,1,2,8.0,0.315,0,0,track_gang,Ballast Regulator,HIGH,78,9.6,3,50.7,5.0,0
HIST-BLK-01718,SEC_C03_01,Guntur - Narasaraopet,Guntur,Engineering,Turnout Overhaul,165,2026-07-13,Mon,AFTERNOON_SLOT,15:00,17:45,900,1065,1,0,0,1,4.0,0.821,1,0,track_gang,CSM Tamping Machine,MEDIUM,58,10.3,2,52.5,5.0,0
HIST-BLK-01719,SEC_C04_05,Yerraguntla - Kadapa,Guntakal,Engineering,Turnout Overhaul,180,2026-07-13,Mon,NIGHT_MEGABLOCK,01:00,04:00,60,240,0,0,0,0,1.0,0.944,0,0,track_gang,CSM Tamping Machine,LOW,24,5.8,0,0.0,99.0,1
HIST-BLK-01720,SEC_C03_04,Donakonda - Markapur Road,Guntur,Traction,OHE Inspection,135,2026-08-09,Sun,PEAK_EVENING,18:19,20:34,1099,1234,3,1,1,2,10.0,0.122,1,0,tower_wagon_crew,Tower Wagon,LOW,43,7.6,4,77.3,5.0,0
HIST-BLK-01721,SEC_C04_08,Koduru - Renigunta,Guntakal,Traction,Contact Wire Height Regulation,165,2026-08-23,Sun,PEAK_MORNING,07:40,10:25,460,625,3,0,1,2,7.0,0.292,0,0,tower_wagon_crew,Tower Wagon,HIGH,78,11.1,3,46.2,5.0,0
HIST-BLK-01722,SEC_C04_01,Guntakal - Gooty,Guntakal,Traction,Contact Wire Height Regulation,180,2026-08-02,Sun,NIGHT_MEGABLOCK,01:00,04:00,60,240,0,0,0,0,1.0,0.96,0,0,tower_wagon_crew,Tower Wagon,MEDIUM,52,10.8,0,0.0,99.0,1
HIST-BLK-01723,SEC_C01_03,Bapatla - Chirala,Vijayawada,Engineering,Deep Screening Ballast,210,2026-07-01,Wed,EARLY_MORNING,04:30,08:00,270,480,0,0,0,0,1.0,0.977,0,0,track_gang,Ballast Regulator,HIGH,74,2.0,0,0.0,99.0,1
HIST-BLK-01724,SEC_C01_06,Singarayakonda - Kavali,Vijayawada,S&T,Interlocking Inspection,105,2026-08-18,Tue,EARLY_MORNING,04:51,06:36,291,396,0,0,0,0,1.0,0.962,0,0,ST_gang,None / Manual Tools,MEDIUM,45,3.1,0,0.0,99.0,1
HIST-BLK-01725,SEC_C04_05,Yerraguntla - Kadapa,Guntakal,Traction,Contact Wire Height Regulation,180,2026-07-19,Sun,AFTERNOON_SLOT,15:00,18:00,900,1080,0,0,0,0,1.0,0.955,0,1,tower_wagon_crew,Tower Wagon,HIGH,81,4.7,0,0.0,99.0,1
HIST-BLK-01726,SEC_C04_04,Kondapuram - Yerraguntla,Guntakal,Traction,Cantilever Adjustment,180,2026-08-03,Mon,PEAK_EVENING,17:50,20:50,1070,1250,3,1,1,2,10.0,0.104,0,0,tower_wagon_crew,Tower Wagon,MEDIUM,64,10.7,3,71.0,5.0,0
HIST-BLK-01727,SEC_C04_03,Tadipatri - Kondapuram,Guntakal,Engineering,Turnout Overhaul,210,2026-08-19,Wed,EARLY_MORNING,04:30,08:00,270,480,0,0,0,0,1.0,0.933,0,0,track_gang,CSM Tamping Machine,LOW,20,7.3,0,0.0,99.0,1
HIST-BLK-01728,SEC_C02_10,Eluru - Vijayawada,Vijayawada,Engineering,Sleeper Replacement,180,2026-08-23,Sun,MIDDAY_FREIGHT_GAP,11:30,14:30,690,870,0,0,0,0,1.0,0.943,0,0,track_gang,Ballast Regulator,MEDIUM,48,8.8,0,0.0,99.0,1
HIST-BLK-01729,SEC_C02_04,Tuni - Annavaram,Vijayawada,Traction,Power Isolation Maintenance,210,2026-08-11,Tue,PEAK_EVENING,17:45,21:15,1065,1275,2,1,1,1,10.0,0.427,1,0,tower_wagon_crew,Tower Wagon,MEDIUM,69,3.1,3,85.8,5.0,0
HIST-BLK-01730,SEC_C03_02,Narasaraopet - Vinukonda,Guntur,S&T,Interlocking Inspection,105,2026-08-07,Fri,LATE_NIGHT,21:30,23:15,1290,1395,0,0,0,0,1.0,0.994,0,0,ST_gang,None / Manual Tools,HIGH,84,6.5,0,0.0,99.0,1
HIST-BLK-01731,SEC_C01_02,Tenali - Bapatla,Vijayawada,Engineering,Turnout Overhaul,165,2026-07-31,Fri,PEAK_EVENING,18:11,20:56,1091,1256,1,1,0,1,9.0,0.587,0,0,track_gang,CSM Tamping Machine,CRITICAL,99,4.8,1,41.0,5.8,0
HIST-BLK-01732,SEC_C04_05,Yerraguntla - Kadapa,Guntakal,Engineering,Deep Screening Ballast,225,2026-07-18,Sat,LATE_NIGHT,21:30,01:15,1290,1515,1,1,0,1,10.0,0.577,0,1,track_gang,Ballast Regulator,HIGH,80,9.8,1,31.3,25.5,0
HIST-BLK-01733,SEC_C01_05,Ongole - Singarayakonda,Vijayawada,Traction,Insulator Washing & Replacement,135,2026-08-13,Thu,NIGHT_MEGABLOCK,01:28,03:43,88,223,1,0,1,0,3.0,0.855,0,1,tower_wagon_crew,Tower Wagon,HIGH,72,6.7,1,15.3,87.1,1
HIST-BLK-01734,SEC_C03_06,Giddalur - Nandyal,Guntur,Traction,Insulator Washing & Replacement,150,2026-08-10,Mon,MIDDAY_FREIGHT_GAP,11:35,14:05,695,845,1,0,1,0,3.0,0.82,0,0,tower_wagon_crew,Tower Wagon,MEDIUM,61,5.8,1,20.8,71.2,0
HIST-BLK-01735,SEC_C01_02,Tenali - Bapatla,Vijayawada,Traction,Contact Wire Height Regulation,180,2026-07-06,Mon,EARLY_MORNING,04:30,07:30,270,450,0,0,0,0,1.0,0.939,0,0,tower_wagon_crew,Tower Wagon,HIGH,73,9.8,0,0.0,99.0,1
HIST-BLK-01736,SEC_C03_04,Donakonda - Markapur Road,Guntur,Traction,OHE Inspection,135,2026-08-26,Wed,LATE_NIGHT,21:30,23:45,1290,1425,0,0,0,0,1.0,0.932,0,0,tower_wagon_crew,Tower Wagon,MEDIUM,62,8.4,0,0.0,99.0,1
HIST-BLK-01737,SEC_C02_01,Visakhapatnam - Duvvada,Visakhapatnam,Engineering,Deep Screening Ballast,210,2026-07-01,Wed,MIDDAY_FREIGHT_GAP,11:30,15:00,690,900,1,0,0,1,8.0,0.819,1,1,track_gang,Ballast Regulator,MEDIUM,64,6.3,2,42.0,15.2,0
HIST-BLK-01738,SEC_C02_02,Duvvada - Anakapalle,Visakhapatnam,S&T,Interlocking Inspection,105,2026-08-27,Thu,EARLY_MORNING,04:44,06:29,284,389,0,0,0,0,1.0,0.942,0,0,ST_gang,None / Manual Tools,MEDIUM,66,4.7,0,0.0,99.0,1
HIST-BLK-01739,SEC_C01_03,Bapatla - Chirala,Vijayawada,Engineering,Deep Screening Ballast,210,2026-07-03,Fri,MIDDAY_FREIGHT_GAP,11:30,15:00,690,900,1,0,0,1,8.0,0.829,0,0,track_gang,Ballast Regulator,HIGH,83,10.6,1,28.5,58.8,0
HIST-BLK-01740,SEC_C03_05,Markapur Road - Giddalur,Guntur,Traction,Contact Wire Height Regulation,150,2026-08-21,Fri,MIDDAY_FREIGHT_GAP,11:44,14:14,704,854,0,0,0,0,1.0,0.939,0,0,tower_wagon_crew,Tower Wagon,CRITICAL,88,10.7,0,0.0,99.0,1
HIST-BLK-01741,SEC_C03_04,Donakonda - Markapur Road,Guntur,S&T,Cable Jointing & OFC,120,2026-08-13,Thu,LATE_NIGHT,21:40,23:40,1300,1420,0,0,0,0,1.0,0.992,0,0,ST_gang,Testing Van,HIGH,72,8.6,0,0.0,99.0,1
HIST-BLK-01742,SEC_C02_10,Eluru - Vijayawada,Vijayawada,Traction,Cantilever Adjustment,150,2026-07-03,Fri,PEAK_MORNING,07:41,10:11,461,611,3,1,1,2,10.0,0.05,0,1,tower_wagon_crew,Tower Wagon,CRITICAL,100,11.2,3,46.1,5.0,0
HIST-BLK-01743,SEC_C03_03,Vinukonda - Donakonda,Guntur,Engineering,Turnout Overhaul,180,2026-08-04,Tue,MIDDAY_FREIGHT_GAP,11:30,14:30,690,870,0,0,0,0,1.0,0.929,0,0,track_gang,CSM Tamping Machine,MEDIUM,57,7.8,0,0.0,99.0,1
HIST-BLK-01744,SEC_C04_05,Yerraguntla - Kadapa,Guntakal,S&T,Interlocking Inspection,90,2026-08-04,Tue,NIGHT_MEGABLOCK,01:18,02:48,78,168,1,0,1,0,3.0,0.877,0,0,ST_gang,None / Manual Tools,MEDIUM,65,4.6,1,16.6,75.5,0
HIST-BLK-01745,SEC_C03_01,Guntur - Narasaraopet,Guntur,Engineering,Turnout Overhaul,180,2026-08-16,Sun,LATE_NIGHT,21:30,00:30,1290,1470,0,0,0,0,1.0,0.944,0,1,track_gang,CSM Tamping Machine,CRITICAL,92,4.9,0,0.0,99.0,1
HIST-BLK-01746,SEC_C04_08,Koduru - Renigunta,Guntakal,Traction,Substation Transformer Overhaul,225,2026-08-25,Tue,NIGHT_MEGABLOCK,01:00,04:45,60,285,1,0,1,0,3.0,0.816,0,0,specialist_team,None / Manual Tools,LOW,31,7.8,1,26.3,61.0,0
HIST-BLK-01747,SEC_C04_05,Yerraguntla - Kadapa,Guntakal,Engineering,Track Maintenance,135,2026-07-26,Sun,AFTERNOON_SLOT,15:06,17:21,906,1041,0,0,0,0,1.0,0.977,1,0,track_gang,None / Manual Tools,CRITICAL,99,11.2,1,24.9,43.4,0
HIST-BLK-01748,SEC_C02_07,Rajahmundry - Nidadavolu,Vijayawada,Engineering,Turnout Overhaul,180,2026-07-06,Mon,MIDDAY_FREIGHT_GAP,11:30,14:30,690,870,0,0,0,0,1.0,0.988,0,0,track_gang,CSM Tamping Machine,MEDIUM,47,4.2,0,0.0,99.0,1
HIST-BLK-01749,SEC_C04_04,Kondapuram - Yerraguntla,Guntakal,S&T,Signal Maintenance,60,2026-08-28,Fri,EARLY_MORNING,05:08,06:08,308,368,0,0,0,0,1.0,0.943,0,0,ST_gang,None / Manual Tools,HIGH,85,9.1,0,0.0,99.0,1
HIST-BLK-01750,SEC_C03_05,Markapur Road - Giddalur,Guntur,Traction,Cantilever Adjustment,180,2026-07-06,Mon,PEAK_EVENING,18:00,21:00,1080,1260,4,0,1,3,7.0,0.114,1,1,tower_wagon_crew,Tower Wagon,HIGH,80,3.2,5,77.9,5.0,0
HIST-BLK-01751,SEC_C01_05,Ongole - Singarayakonda,Vijayawada,Traction,Cantilever Adjustment,120,2026-07-15,Wed,LATE_NIGHT,21:39,23:39,1299,1419,0,0,0,0,1.0,0.973,0,0,tower_wagon_crew,Tower Wagon,HIGH,71,7.4,0,0.0,99.0,1
HIST-BLK-01752,SEC_C04_05,Yerraguntla - Kadapa,Guntakal,S&T,Signal Maintenance,90,2026-07-09,Thu,AFTERNOON_SLOT,15:51,17:21,951,1041,0,0,0,0,1.0,0.978,0,0,ST_gang,None / Manual Tools,CRITICAL,92,4.0,0,0.0,99.0,1
HIST-BLK-01753,SEC_C01_02,Tenali - Bapatla,Vijayawada,Engineering,Sleeper Replacement,210,2026-07-23,Thu,PEAK_EVENING,17:45,21:15,1065,1275,2,1,0,2,9.0,0.255,0,0,track_gang,Ballast Regulator,MEDIUM,63,2.7,2,50.2,5.0,0
HIST-BLK-01754,SEC_C01_08,Nellore - Gudur,Vijayawada,Traction,Substation Transformer Overhaul,240,2026-07-27,Mon,MIDDAY_FREIGHT_GAP,11:30,15:30,690,930,0,0,0,0,1.0,0.955,0,0,specialist_team,None / Manual Tools,CRITICAL,88,11.1,0,0.0,99.0,1
HIST-BLK-01755,SEC_C01_03,Bapatla - Chirala,Vijayawada,Engineering,Turnout Overhaul,165,2026-08-13,Thu,PEAK_EVENING,17:52,20:37,1072,1237,1,0,0,1,7.0,0.807,1,0,track_gang,CSM Tamping Machine,MEDIUM,46,9.1,2,49.3,5.0,0
HIST-BLK-01756,SEC_C04_08,Koduru - Renigunta,Guntakal,S&T,Interlocking Inspection,120,2026-07-02,Thu,NIGHT_MEGABLOCK,01:30,03:30,90,210,0,0,0,0,1.0,0.969,0,0,ST_gang,None / Manual Tools,HIGH,79,4.4,0,0.0,99.0,1
HIST-BLK-01757,SEC_C02_03,Anakapalle - Tuni,Visakhapatnam,Engineering,Turnout Overhaul,180,2026-07-05,Sun,MIDDAY_FREIGHT_GAP,11:30,14:30,690,870,0,0,0,0,1.0,0.944,0,0,track_gang,CSM Tamping Machine,HIGH,81,10.6,0,0.0,99.0,1
HIST-BLK-01758,SEC_C01_04,Chirala - Ongole,Vijayawada,Engineering,Weld Rectification,90,2026-07-16,Thu,MIDDAY_FREIGHT_GAP,11:46,13:16,706,796,0,0,0,0,1.0,0.95,0,0,track_gang,USFD Flaw Detector,CRITICAL,95,11.0,0,0.0,99.0,1
HIST-BLK-01759,SEC_C03_04,Donakonda - Markapur Road,Guntur,S&T,Interlocking Inspection,75,2026-08-10,Mon,EARLY_MORNING,05:32,06:47,332,407,0,0,0,0,1.0,0.975,0,0,ST_gang,None / Manual Tools,HIGH,78,2.0,0,0.0,99.0,1
HIST-BLK-01760,SEC_C03_03,Vinukonda - Donakonda,Guntur,Engineering,Turnout Overhaul,210,2026-08-21,Fri,PEAK_MORNING,07:30,11:00,450,660,4,1,1,3,10.0,0.05,0,0,track_gang,CSM Tamping Machine,HIGH,78,4.2,4,75.1,5.0,0
HIST-BLK-01761,SEC_C02_07,Rajahmundry - Nidadavolu,Vijayawada,Traction,OHE Inspection,120,2026-07-31,Fri,LATE_NIGHT,21:37,23:37,1297,1417,0,0,0,0,1.0,0.925,0,0,tower_wagon_crew,Tower Wagon,LOW,28,2.4,0,0.0,99.0,1
HIST-BLK-01762,SEC_C03_01,Guntur - Narasaraopet,Guntur,Traction,Power Isolation Maintenance,165,2026-07-23,Thu,NIGHT_MEGABLOCK,01:03,03:48,63,228,0,0,0,0,1.0,0.983,0,0,tower_wagon_crew,Tower Wagon,HIGH,84,2.2,0,0.0,99.0,1
HIST-BLK-01763,SEC_C01_01,Vijayawada - Tenali,Vijayawada,S&T,Signal Maintenance,75,2026-07-21,Tue,PEAK_MORNING,08:01,09:16,481,556,5,0,1,4,8.0,0.114,0,0,ST_gang,None / Manual Tools,MEDIUM,46,6.8,5,46.7,5.0,0
HIST-BLK-01764,SEC_C04_07,Razampeta - Koduru,Guntakal,Engineering,Track Maintenance,120,2026-07-14,Tue,AFTERNOON_SLOT,15:02,17:02,902,1022,0,0,0,0,1.0,0.946,0,0,track_gang,None / Manual Tools,LOW,28,5.8,0,0.0,99.0,1
HIST-BLK-01765,SEC_C01_01,Vijayawada - Tenali,Vijayawada,S&T,Interlocking Inspection,60,2026-08-05,Wed,MIDDAY_FREIGHT_GAP,11:42,12:42,702,762,0,0,0,0,1.0,0.924,0,0,ST_gang,None / Manual Tools,MEDIUM,65,2.9,0,0.0,99.0,1
HIST-BLK-01766,SEC_C01_04,Chirala - Ongole,Vijayawada,S&T,Cable Jointing & OFC,165,2026-08-11,Tue,LATE_NIGHT,21:30,00:15,1290,1455,1,0,1,0,3.0,0.866,0,0,ST_gang,Testing Van,MEDIUM,66,9.1,1,20.0,70.1,0
HIST-BLK-01767,SEC_C02_05,Annavaram - Samalkot,Vijayawada,Engineering,Sleeper Replacement,150,2026-07-04,Sat,EARLY_MORNING,04:30,07:00,270,420,0,0,0,0,1.0,0.936,0,0,track_gang,Ballast Regulator,HIGH,83,8.8,0,0.0,99.0,1
HIST-BLK-01768,SEC_C01_02,Tenali - Bapatla,Vijayawada,Traction,Cantilever Adjustment,135,2026-07-11,Sat,PEAK_MORNING,07:36,09:51,456,591,2,1,1,1,10.0,0.278,1,0,tower_wagon_crew,Tower Wagon,HIGH,85,4.2,3,67.0,5.0,0
HIST-BLK-01769,SEC_C04_02,Gooty - Tadipatri,Guntakal,S&T,Point Machine Overhaul,75,2026-08-24,Mon,PEAK_EVENING,18:51,20:06,1131,1206,1,0,0,1,8.0,0.794,0,1,ST_gang,Testing Van,CRITICAL,88,4.9,1,20.4,69.8,0
HIST-BLK-01770,SEC_C02_04,Tuni - Annavaram,Vijayawada,Traction,Power Isolation Maintenance,150,2026-07-24,Fri,MIDDAY_FREIGHT_GAP,11:34,14:04,694,844,0,0,0,0,1.0,0.972,0,0,tower_wagon_crew,Tower Wagon,CRITICAL,96,10.4,0,0.0,99.0,1
HIST-BLK-01771,SEC_C02_06,Samalkot - Rajahmundry,Vijayawada,S&T,Interlocking Inspection,90,2026-07-14,Tue,EARLY_MORNING,05:06,06:36,306,396,2,0,0,2,6.0,0.518,0,0,ST_gang,None / Manual Tools,HIGH,75,11.5,2,22.8,47.6,0
HIST-BLK-01772,SEC_C02_08,Nidadavolu - Tadepalligudem,Vijayawada,Traction,Insulator Washing & Replacement,120,2026-07-22,Wed,LATE_NIGHT,21:43,23:43,1303,1423,1,0,1,0,3.0,0.848,0,0,tower_wagon_crew,Tower Wagon,HIGH,76,4.6,1,22.0,69.1,0
HIST-BLK-01773,SEC_C04_04,Kondapuram - Yerraguntla,Guntakal,Engineering,Turnout Overhaul,180,2026-08-07,Fri,AFTERNOON_SLOT,15:00,18:00,900,1080,0,0,0,0,1.0,0.954,0,0,track_gang,CSM Tamping Machine,HIGH,75,7.6,0,0.0,99.0,1
HIST-BLK-01774,SEC_C04_04,Kondapuram - Yerraguntla,Guntakal,S&T,Cable Jointing & OFC,180,2026-07-31,Fri,PEAK_EVENING,17:52,20:52,1072,1252,4,0,1,3,8.0,0.077,0,0,ST_gang,Testing Van,HIGH,77,2.5,4,68.5,5.0,0
HIST-BLK-01775,SEC_C04_02,Gooty - Tadipatri,Guntakal,S&T,Track Circuit Testing,90,2026-08-24,Mon,NIGHT_MEGABLOCK,01:34,03:04,94,184,0,0,0,0,1.0,0.992,0,0,ST_gang,None / Manual Tools,LOW,31,6.9,0,0.0,99.0,1
HIST-BLK-01776,SEC_C04_03,Tadipatri - Kondapuram,Guntakal,S&T,Track Circuit Testing,45,2026-07-18,Sat,MIDDAY_FREIGHT_GAP,13:04,13:49,784,829,0,0,0,0,1.0,0.938,1,0,ST_gang,None / Manual Tools,HIGH,81,9.7,1,29.2,38.8,0
HIST-BLK-01777,SEC_C04_02,Gooty - Tadipatri,Guntakal,S&T,Cable Jointing & OFC,150,2026-08-12,Wed,EARLY_MORNING,04:30,07:00,270,420,0,0,0,0,1.0,0.947,0,0,ST_gang,Testing Van,MEDIUM,67,2.8,0,0.0,99.0,1
HIST-BLK-01778,SEC_C03_04,Donakonda - Markapur Road,Guntur,Traction,Power Isolation Maintenance,165,2026-07-19,Sun,EARLY_MORNING,04:30,07:15,270,435,0,0,0,0,1.0,0.99,0,0,tower_wagon_crew,Tower Wagon,MEDIUM,57,4.6,0,0.0,99.0,1
HIST-BLK-01779,SEC_C01_06,Singarayakonda - Kavali,Vijayawada,Engineering,Deep Screening Ballast,210,2026-08-25,Tue,PEAK_EVENING,17:45,21:15,1065,1275,5,0,1,4,7.0,0.099,0,0,track_gang,Ballast Regulator,HIGH,79,9.4,5,62.8,5.0,0
HIST-BLK-01780,SEC_C04_03,Tadipatri - Kondapuram,Guntakal,Engineering,Sleeper Replacement,210,2026-08-04,Tue,EARLY_MORNING,04:30,08:00,270,480,0,0,0,0,1.0,0.944,0,0,track_gang,Ballast Regulator,HIGH,77,9.5,0,0.0,99.0,1
HIST-BLK-01781,SEC_C01_05,Ongole - Singarayakonda,Vijayawada,S&T,Signal Maintenance,60,2026-08-25,Tue,EARLY_MORNING,05:56,06:56,356,416,0,0,0,0,1.0,0.996,0,0,ST_gang,None / Manual Tools,CRITICAL,92,3.6,0,0.0,99.0,1
HIST-BLK-01782,SEC_C01_02,Tenali - Bapatla,Vijayawada,Engineering,Track Maintenance,120,2026-08-21,Fri,EARLY_MORNING,04:45,06:45,285,405,0,0,0,0,1.0,0.93,1,0,track_gang,None / Manual Tools,CRITICAL,97,1.5,1,16.4,52.1,0
HIST-BLK-01783,SEC_C04_04,Kondapuram - Yerraguntla,Guntakal,S&T,Interlocking Inspection,120,2026-07-02,Thu,AFTERNOON_SLOT,15:28,17:28,928,1048,0,0,0,0,1.0,0.931,0,1,ST_gang,None / Manual Tools,MEDIUM,63,2.8,0,0.0,99.0,1
HIST-BLK-01784,SEC_C02_05,Annavaram - Samalkot,Vijayawada,Traction,Cantilever Adjustment,150,2026-07-26,Sun,EARLY_MORNING,04:30,07:00,270,420,0,0,0,0,1.0,0.946,0,0,tower_wagon_crew,Tower Wagon,HIGH,74,8.1,0,0.0,99.0,1
HIST-BLK-01785,SEC_C03_01,Guntur - Narasaraopet,Guntur,S&T,Axle Counter Replacement,105,2026-08-28,Fri,LATE_NIGHT,21:36,23:21,1296,1401,0,0,0,0,1.0,0.957,0,0,ST_gang,Testing Van,MEDIUM,63,10.9,0,0.0,99.0,1
HIST-BLK-01786,SEC_C04_02,Gooty - Tadipatri,Guntakal,Traction,Cantilever Adjustment,165,2026-08-24,Mon,PEAK_EVENING,17:47,20:32,1067,1232,1,0,0,1,8.0,0.879,0,0,tower_wagon_crew,Tower Wagon,CRITICAL,96,9.0,1,21.9,67.2,0
HIST-BLK-01787,SEC_C04_03,Tadipatri - Kondapuram,Guntakal,S&T,Cable Jointing & OFC,120,2026-07-27,Mon,PEAK_EVENING,18:55,20:55,1135,1255,3,1,1,2,10.0,0.05,0,1,ST_gang,Testing Van,CRITICAL,87,5.2,3,57.0,5.0,0
HIST-BLK-01788,SEC_C02_08,Nidadavolu - Tadepalligudem,Vijayawada,Traction,Insulator Washing & Replacement,120,2026-08-16,Sun,AFTERNOON_SLOT,15:01,17:01,901,1021,0,0,0,0,1.0,0.981,0,0,tower_wagon_crew,Tower Wagon,CRITICAL,89,3.8,0,0.0,99.0,1
HIST-BLK-01789,SEC_C04_03,Tadipatri - Kondapuram,Guntakal,S&T,Cable Jointing & OFC,135,2026-08-13,Thu,PEAK_MORNING,08:04,10:19,484,619,2,1,1,1,10.0,0.399,0,0,ST_gang,Testing Van,MEDIUM,67,11.5,2,51.5,5.0,0
HIST-BLK-01790,SEC_C01_05,Ongole - Singarayakonda,Vijayawada,S&T,Interlocking Inspection,60,2026-07-07,Tue,MIDDAY_FREIGHT_GAP,11:31,12:31,691,751,1,0,0,1,8.0,0.878,0,0,ST_gang,None / Manual Tools,MEDIUM,67,9.6,1,11.5,80.8,0
HIST-BLK-01791,SEC_C02_03,Anakapalle - Tuni,Visakhapatnam,Engineering,Turnout Overhaul,195,2026-08-05,Wed,LATE_NIGHT,21:30,00:45,1290,1485,0,0,0,0,1.0,0.988,0,0,track_gang,CSM Tamping Machine,LOW,32,9.4,0,0.0,99.0,1
HIST-BLK-01792,SEC_C01_03,Bapatla - Chirala,Vijayawada,Engineering,Rail Renewal,225,2026-07-08,Wed,LATE_NIGHT,21:30,01:15,1290,1515,0,0,0,0,1.0,0.941,0,0,track_gang,CSM Tamping Machine,LOW,30,3.1,0,0.0,99.0,1
HIST-BLK-01793,SEC_C03_03,Vinukonda - Donakonda,Guntur,Engineering,Track Maintenance,120,2026-07-04,Sat,PEAK_EVENING,18:46,20:46,1126,1246,1,0,0,1,4.0,0.837,0,0,track_gang,None / Manual Tools,MEDIUM,60,2.5,1,23.2,66.3,0
HIST-BLK-01794,SEC_C01_06,Singarayakonda - Kavali,Vijayawada,S&T,Axle Counter Replacement,90,2026-08-24,Mon,PEAK_EVENING,17:56,19:26,1076,1166,5,1,1,4,10.0,0.05,0,0,ST_gang,Testing Van,MEDIUM,48,10.4,5,60.4,5.0,0
HIST-BLK-01795,SEC_C01_01,Vijayawada - Tenali,Vijayawada,Engineering,Weld Rectification,105,2026-08-21,Fri,PEAK_EVENING,17:56,19:41,1076,1181,2,0,0,2,7.0,0.552,0,0,track_gang,USFD Flaw Detector,CRITICAL,99,4.6,2,24.0,48.2,0
HIST-BLK-01796,SEC_C01_05,Ongole - Singarayakonda,Vijayawada,Traction,Power Isolation Maintenance,180,2026-07-31,Fri,LATE_NIGHT,21:30,00:30,1290,1470,0,0,0,0,1.0,0.959,0,1,tower_wagon_crew,Tower Wagon,HIGH,83,7.3,0,0.0,99.0,1
HIST-BLK-01797,SEC_C01_03,Bapatla - Chirala,Vijayawada,Traction,Contact Wire Height Regulation,180,2026-08-09,Sun,NIGHT_MEGABLOCK,01:00,04:00,60,240,0,0,0,0,1.0,0.95,1,0,tower_wagon_crew,Tower Wagon,MEDIUM,54,2.7,1,19.3,46.6,0
HIST-BLK-01798,SEC_C02_08,Nidadavolu - Tadepalligudem,Vijayawada,Engineering,Rail Renewal,225,2026-07-22,Wed,NIGHT_MEGABLOCK,01:00,04:45,60,285,0,0,0,0,1.0,0.973,0,0,track_gang,CSM Tamping Machine,LOW,25,4.2,0,0.0,99.0,1
HIST-BLK-01799,SEC_C02_03,Anakapalle - Tuni,Visakhapatnam,S&T,Point Machine Overhaul,120,2026-08-01,Sat,PEAK_EVENING,18:24,20:24,1104,1224,1,1,0,1,10.0,0.619,0,0,ST_gang,Testing Van,CRITICAL,96,10.0,1,34.3,14.4,0
HIST-BLK-01800,SEC_C02_10,Eluru - Vijayawada,Vijayawada,Traction,Insulator Washing & Replacement,120,2026-07-28,Tue,MIDDAY_FREIGHT_GAP,12:08,14:08,728,848,0,0,0,0,1.0,0.943,0,1,tower_wagon_crew,Tower Wagon,MEDIUM,64,5.4,0,0.0,99.0,1
HIST-BLK-01801,SEC_C03_04,Donakonda - Markapur Road,Guntur,S&T,Axle Counter Replacement,120,2026-08-30,Sun,PEAK_EVENING,18:36,20:36,1116,1236,3,1,1,2,10.0,0.156,0,1,ST_gang,Testing Van,HIGH,74,8.2,3,45.8,5.0,0
HIST-BLK-01802,SEC_C03_06,Giddalur - Nandyal,Guntur,S&T,Track Circuit Testing,45,2026-07-17,Fri,MIDDAY_FREIGHT_GAP,11:32,12:17,692,737,0,0,0,0,1.0,0.958,0,0,ST_gang,None / Manual Tools,MEDIUM,47,11.2,0,0.0,99.0,1
HIST-BLK-01803,SEC_C02_07,Rajahmundry - Nidadavolu,Vijayawada,Engineering,Sleeper Replacement,195,2026-08-11,Tue,MIDDAY_FREIGHT_GAP,11:30,14:45,690,885,1,0,0,1,6.0,0.866,0,1,track_gang,Ballast Regulator,HIGH,84,1.6,1,27.4,74.8,0
HIST-BLK-01804,SEC_C04_03,Tadipatri - Kondapuram,Guntakal,S&T,Interlocking Inspection,105,2026-07-04,Sat,PEAK_EVENING,18:19,20:04,1099,1204,1,0,0,1,6.0,0.879,0,0,ST_gang,None / Manual Tools,MEDIUM,48,1.6,1,17.3,73.3,0
HIST-BLK-01805,SEC_C01_08,Nellore - Gudur,Vijayawada,Engineering,Rail Renewal,270,2026-07-11,Sat,EARLY_MORNING,04:30,09:00,270,540,1,0,0,1,4.0,0.803,1,1,track_gang,CSM Tamping Machine,MEDIUM,50,1.6,2,44.2,12.3,0
HIST-BLK-01806,SEC_C02_05,Annavaram - Samalkot,Vijayawada,S&T,Interlocking Inspection,105,2026-08-08,Sat,PEAK_MORNING,07:34,09:19,454,559,1,0,0,1,8.0,0.78,0,0,ST_gang,None / Manual Tools,CRITICAL,97,7.9,1,14.4,75.7,0
HIST-BLK-01807,SEC_C01_07,Kavali - Nellore,Vijayawada,Traction,OHE Inspection,105,2026-07-23,Thu,PEAK_EVENING,17:48,19:33,1068,1173,4,1,1,3,10.0,0.05,1,0,tower_wagon_crew,Tower Wagon,LOW,24,7.7,5,105.8,5.0,0
HIST-BLK-01808,SEC_C03_06,Giddalur - Nandyal,Guntur,S&T,Interlocking Inspection,60,2026-08-08,Sat,LATE_NIGHT,22:29,23:29,1349,1409,0,0,0,0,1.0,0.922,0,1,ST_gang,None / Manual Tools,LOW,20,4.7,0,0.0,99.0,1
HIST-BLK-01809,SEC_C03_04,Donakonda - Markapur Road,Guntur,Engineering,Rail Renewal,210,2026-08-09,Sun,PEAK_MORNING,07:30,11:00,450,660,3,0,1,2,7.0,0.436,0,0,track_gang,CSM Tamping Machine,HIGH,85,4.5,3,61.0,5.0,0
HIST-BLK-01810,SEC_C01_03,Bapatla - Chirala,Vijayawada,Engineering,Track Maintenance,150,2026-08-02,Sun,PEAK_EVENING,18:20,20:50,1100,1250,2,0,0,2,8.0,0.667,0,0,track_gang,None / Manual Tools,HIGH,82,11.8,2,34.7,38.8,0
HIST-BLK-01811,SEC_C01_02,Tenali - Bapatla,Vijayawada,Traction,Power Isolation Maintenance,180,2026-08-05,Wed,AFTERNOON_SLOT,15:00,18:00,900,1080,0,0,0,0,1.0,0.982,0,0,tower_wagon_crew,Tower Wagon,MEDIUM,48,9.1,0,0.0,99.0,1
HIST-BLK-01812,SEC_C02_09,Tadepalligudem - Eluru,Vijayawada,Engineering,Deep Screening Ballast,210,2026-08-08,Sat,AFTERNOON_SLOT,15:00,18:30,900,1110,1,0,1,0,3.0,0.781,0,0,track_gang,Ballast Regulator,MEDIUM,62,6.7,1,22.2,67.3,0
HIST-BLK-01813,SEC_C01_02,Tenali - Bapatla,Vijayawada,Traction,Cantilever Adjustment,135,2026-08-06,Thu,PEAK_EVENING,17:45,20:00,1065,1200,2,1,0,2,9.0,0.4,0,1,tower_wagon_crew,Tower Wagon,MEDIUM,58,4.6,2,52.3,5.0,0
HIST-BLK-01814,SEC_C04_04,Kondapuram - Yerraguntla,Guntakal,Engineering,Sleeper Replacement,150,2026-08-16,Sun,NIGHT_MEGABLOCK,01:12,03:42,72,222,0,0,0,0,1.0,0.957,0,0,track_gang,Ballast Regulator,HIGH,78,2.4,0,0.0,99.0,1
HIST-BLK-01815,SEC_C04_05,Yerraguntla - Kadapa,Guntakal,S&T,Signal Maintenance,45,2026-07-27,Mon,PEAK_EVENING,20:08,20:53,1208,1253,1,0,0,1,7.0,0.787,1,0,ST_gang,None / Manual Tools,MEDIUM,62,8.2,2,33.3,17.9,0
HIST-BLK-01816,SEC_C02_03,Anakapalle - Tuni,Visakhapatnam,Traction,Insulator Washing & Replacement,120,2026-07-19,Sun,PEAK_MORNING,07:49,09:49,469,589,1,0,0,1,6.0,0.826,0,0,tower_wagon_crew,Tower Wagon,MEDIUM,50,1.6,1,16.8,72.8,0
HIST-BLK-01817,SEC_C02_02,Duvvada - Anakapalle,Visakhapatnam,S&T,Point Machine Overhaul,75,2026-07-20,Mon,AFTERNOON_SLOT,15:00,16:15,900,975,0,0,0,0,1.0,0.981,0,0,ST_gang,Testing Van,HIGH,84,9.1,0,0.0,99.0,1
HIST-BLK-01818,SEC_C04_02,Gooty - Tadipatri,Guntakal,Traction,OHE Inspection,120,2026-08-04,Tue,PEAK_MORNING,07:50,09:50,470,590,1,0,0,1,8.0,0.826,0,0,tower_wagon_crew,Tower Wagon,MEDIUM,63,10.3,1,19.6,70.4,0
HIST-BLK-01819,SEC_C02_03,Anakapalle - Tuni,Visakhapatnam,S&T,Point Machine Overhaul,90,2026-07-29,Wed,NIGHT_MEGABLOCK,01:30,03:00,90,180,0,0,0,0,1.0,0.937,0,0,ST_gang,Testing Van,MEDIUM,64,4.6,0,0.0,99.0,1
HIST-BLK-01820,SEC_C02_07,Rajahmundry - Nidadavolu,Vijayawada,Engineering,Rail Renewal,270,2026-08-04,Tue,LATE_NIGHT,21:30,02:00,1290,1560,1,0,0,1,4.0,0.794,0,0,track_gang,CSM Tamping Machine,HIGH,71,3.0,1,25.9,61.2,0
HIST-BLK-01821,SEC_C01_06,Singarayakonda - Kavali,Vijayawada,S&T,Point Machine Overhaul,60,2026-08-01,Sat,PEAK_MORNING,07:50,08:50,470,530,3,0,1,2,7.0,0.31,0,0,ST_gang,Testing Van,HIGH,75,4.0,3,32.3,21.0,0
HIST-BLK-01822,SEC_C02_06,Samalkot - Rajahmundry,Vijayawada,S&T,Signal Maintenance,60,2026-07-15,Wed,EARLY_MORNING,05:15,06:15,315,375,0,0,0,0,1.0,0.98,0,0,ST_gang,None / Manual Tools,LOW,23,6.8,0,0.0,99.0,1
HIST-BLK-01823,SEC_C03_05,Markapur Road - Giddalur,Guntur,Engineering,Turnout Overhaul,165,2026-07-03,Fri,MIDDAY_FREIGHT_GAP,11:33,14:18,693,858,0,0,0,0,1.0,0.974,0,0,track_gang,CSM Tamping Machine,CRITICAL,95,5.4,0,0.0,99.0,1
HIST-BLK-01824,SEC_C04_08,Koduru - Renigunta,Guntakal,Engineering,Weld Rectification,60,2026-07-01,Wed,NIGHT_MEGABLOCK,02:22,03:22,142,202,1,0,1,0,3.0,0.851,1,1,track_gang,USFD Flaw Detector,MEDIUM,58,10.3,2,40.6,18.2,0
HIST-BLK-01825,SEC_C04_08,Koduru - Renigunta,Guntakal,Engineering,Weld Rectification,120,2026-07-24,Fri,PEAK_MORNING,08:08,10:08,488,608,4,1,1,3,10.0,0.05,0,0,track_gang,USFD Flaw Detector,LOW,24,9.7,4,90.4,5.0,0
HIST-BLK-01826,SEC_C02_07,Rajahmundry - Nidadavolu,Vijayawada,Engineering,Sleeper Replacement,210,2026-08-10,Mon,MIDDAY_FREIGHT_GAP,11:30,15:00,690,900,0,0,0,0,1.0,0.957,1,0,track_gang,Ballast Regulator,MEDIUM,69,4.5,1,26.0,42.6,0
HIST-BLK-01827,SEC_C04_05,Yerraguntla - Kadapa,Guntakal,Engineering,Deep Screening Ballast,180,2026-08-09,Sun,PEAK_MORNING,07:30,10:30,450,630,4,1,1,3,10.0,0.05,0,0,track_gang,Ballast Regulator,LOW,22,6.0,4,70.2,5.0,0
HIST-BLK-01828,SEC_C02_04,Tuni - Annavaram,Vijayawada,Traction,Contact Wire Height Regulation,210,2026-08-27,Thu,LATE_NIGHT,21:30,01:00,1290,1500,0,0,0,0,1.0,0.93,0,0,tower_wagon_crew,Tower Wagon,MEDIUM,50,8.3,0,0.0,99.0,1
HIST-BLK-01829,SEC_C01_04,Chirala - Ongole,Vijayawada,S&T,Cable Jointing & OFC,120,2026-08-21,Fri,PEAK_EVENING,17:52,19:52,1072,1192,1,0,1,0,3.0,0.796,0,0,ST_gang,Testing Van,HIGH,73,8.6,1,18.4,71.3,0
HIST-BLK-01830,SEC_C04_07,Razampeta - Koduru,Guntakal,Traction,Contact Wire Height Regulation,165,2026-07-22,Wed,EARLY_MORNING,04:30,07:15,270,435,0,0,0,0,1.0,0.931,1,0,tower_wagon_crew,Tower Wagon,HIGH,85,3.1,1,28.0,37.4,0
HIST-BLK-01831,SEC_C03_01,Guntur - Narasaraopet,Guntur,Traction,Insulator Washing & Replacement,120,2026-07-27,Mon,EARLY_MORNING,04:59,06:59,299,419,0,0,0,0,1.0,0.96,1,0,tower_wagon_crew,Tower Wagon,CRITICAL,99,1.7,1,15.4,55.0,0
HIST-BLK-01832,SEC_C04_06,Kadapa - Razampeta,Guntakal,S&T,Point Machine Overhaul,105,2026-08-18,Tue,AFTERNOON_SLOT,15:36,17:21,936,1041,0,0,0,0,1.0,0.993,0,1,ST_gang,Testing Van,CRITICAL,89,3.0,0,0.0,99.0,1
HIST-BLK-01833,SEC_C04_01,Guntakal - Gooty,Guntakal,S&T,Interlocking Inspection,75,2026-07-09,Thu,MIDDAY_FREIGHT_GAP,13:06,14:21,786,861,0,0,0,0,1.0,0.997,0,0,ST_gang,None / Manual Tools,MEDIUM,48,9.9,0,0.0,99.0,1
HIST-BLK-01834,SEC_C03_04,Donakonda - Markapur Road,Guntur,Traction,OHE Inspection,120,2026-08-27,Thu,EARLY_MORNING,04:59,06:59,299,419,0,0,0,0,1.0,0.962,0,0,tower_wagon_crew,Tower Wagon,CRITICAL,87,1.8,0,0.0,99.0,1
HIST-BLK-01835,SEC_C03_05,Markapur Road - Giddalur,Guntur,Engineering,Deep Screening Ballast,210,2026-07-26,Sun,PEAK_MORNING,07:30,11:00,450,660,3,0,1,2,7.0,0.424,0,0,track_gang,Ballast Regulator,HIGH,74,4.8,3,44.9,10.9,0
HIST-BLK-01836,SEC_C02_08,Nidadavolu - Tadepalligudem,Vijayawada,S&T,Track Circuit Testing,105,2026-07-26,Sun,PEAK_MORNING,08:19,10:04,499,604,1,0,0,1,8.0,0.841,0,0,ST_gang,None / Manual Tools,LOW,28,7.7,1,14.8,76.0,0
HIST-BLK-01837,SEC_C03_01,Guntur - Narasaraopet,Guntur,Traction,Cantilever Adjustment,120,2026-07-02,Thu,PEAK_MORNING,07:56,09:56,476,596,2,0,1,1,8.0,0.613,0,0,tower_wagon_crew,Tower Wagon,HIGH,83,5.9,2,29.7,44.8,0
HIST-BLK-01838,SEC_C01_08,Nellore - Gudur,Vijayawada,Engineering,Deep Screening Ballast,180,2026-08-25,Tue,MIDDAY_FREIGHT_GAP,11:30,14:30,690,870,0,0,0,0,1.0,0.981,0,1,track_gang,Ballast Regulator,MEDIUM,58,11.4,0,0.0,99.0,1
HIST-BLK-01839,SEC_C01_02,Tenali - Bapatla,Vijayawada,Traction,Contact Wire Height Regulation,195,2026-08-19,Wed,EARLY_MORNING,04:30,07:45,270,465,0,0,0,0,1.0,0.941,1,0,tower_wagon_crew,Tower Wagon,LOW,24,4.7,1,28.0,39.0,0
HIST-BLK-01840,SEC_C01_01,Vijayawada - Tenali,Vijayawada,Engineering,Turnout Overhaul,165,2026-07-19,Sun,MIDDAY_FREIGHT_GAP,11:44,14:29,704,869,0,0,0,0,1.0,0.964,0,0,track_gang,CSM Tamping Machine,LOW,42,4.5,0,0.0,99.0,1
HIST-BLK-01841,SEC_C04_08,Koduru - Renigunta,Guntakal,Traction,Insulator Washing & Replacement,120,2026-08-24,Mon,EARLY_MORNING,04:41,06:41,281,401,0,0,0,0,1.0,0.929,0,0,tower_wagon_crew,Tower Wagon,MEDIUM,67,3.6,0,0.0,99.0,1
HIST-BLK-01842,SEC_C02_01,Visakhapatnam - Duvvada,Visakhapatnam,Engineering,Rail Renewal,240,2026-08-05,Wed,PEAK_EVENING,17:45,21:45,1065,1305,1,0,0,1,7.0,0.864,0,1,track_gang,CSM Tamping Machine,LOW,24,8.3,1,28.8,71.7,0
HIST-BLK-01843,SEC_C02_10,Eluru - Vijayawada,Vijayawada,S&T,Signal Maintenance,90,2026-08-29,Sat,MIDDAY_FREIGHT_GAP,12:32,14:02,752,842,0,0,0,0,1.0,0.952,0,0,ST_gang,None / Manual Tools,MEDIUM,45,3.8,0,0.0,99.0,1
HIST-BLK-01844,SEC_C04_04,Kondapuram - Yerraguntla,Guntakal,Engineering,Track Maintenance,90,2026-07-05,Sun,EARLY_MORNING,05:26,06:56,326,416,0,0,0,0,1.0,0.984,0,0,track_gang,None / Manual Tools,HIGH,71,6.9,0,0.0,99.0,1
HIST-BLK-01845,SEC_C02_10,Eluru - Vijayawada,Vijayawada,Engineering,Sleeper Replacement,180,2026-08-19,Wed,LATE_NIGHT,21:30,00:30,1290,1470,0,0,0,0,1.0,0.936,0,0,track_gang,Ballast Regulator,MEDIUM,58,5.5,0,0.0,99.0,1
HIST-BLK-01846,SEC_C02_03,Anakapalle - Tuni,Visakhapatnam,Traction,Insulator Washing & Replacement,135,2026-07-26,Sun,MIDDAY_FREIGHT_GAP,12:10,14:25,730,865,0,0,0,0,1.0,0.927,0,0,tower_wagon_crew,Tower Wagon,HIGH,70,4.2,0,0.0,99.0,1
HIST-BLK-01847,SEC_C04_04,Kondapuram - Yerraguntla,Guntakal,Traction,Power Isolation Maintenance,150,2026-08-05,Wed,PEAK_MORNING,07:59,10:29,479,629,3,1,0,3,9.0,0.084,1,1,tower_wagon_crew,Tower Wagon,MEDIUM,46,4.2,4,94.3,5.0,0
HIST-BLK-01848,SEC_C03_06,Giddalur - Nandyal,Guntur,Engineering,Deep Screening Ballast,180,2026-07-05,Sun,NIGHT_MEGABLOCK,01:00,04:00,60,240,0,0,0,0,1.0,0.943,0,0,track_gang,Ballast Regulator,CRITICAL,91,8.8,0,0.0,99.0,1
HIST-BLK-01849,SEC_C01_04,Chirala - Ongole,Vijayawada,Traction,OHE Inspection,105,2026-08-30,Sun,AFTERNOON_SLOT,15:32,17:17,932,1037,1,0,1,0,3.0,0.838,1,0,tower_wagon_crew,Tower Wagon,MEDIUM,68,2.2,2,35.2,13.3,0
HIST-BLK-01850,SEC_C04_02,Gooty - Tadipatri,Guntakal,S&T,Interlocking Inspection,90,2026-07-05,Sun,PEAK_EVENING,18:12,19:42,1092,1182,4,1,1,3,10.0,0.05,0,0,ST_gang,None / Manual Tools,CRITICAL,94,6.3,4,60.6,5.0,0
HIST-BLK-01851,SEC_C01_01,Vijayawada - Tenali,Vijayawada,Engineering,Sleeper Replacement,195,2026-08-29,Sat,PEAK_MORNING,07:30,10:45,450,645,2,1,1,1,10.0,0.319,0,0,track_gang,Ballast Regulator,HIGH,85,4.3,2,52.5,5.0,0
HIST-BLK-01852,SEC_C04_06,Kadapa - Razampeta,Guntakal,Traction,OHE Inspection,120,2026-08-27,Thu,AFTERNOON_SLOT,15:16,17:16,916,1036,0,0,0,0,1.0,0.976,0,1,tower_wagon_crew,Tower Wagon,MEDIUM,51,2.5,0,0.0,99.0,1
HIST-BLK-01853,SEC_C04_01,Guntakal - Gooty,Guntakal,S&T,Interlocking Inspection,90,2026-07-08,Wed,NIGHT_MEGABLOCK,02:12,03:42,132,222,0,0,0,0,1.0,0.986,0,0,ST_gang,None / Manual Tools,HIGH,81,3.6,0,0.0,99.0,1
HIST-BLK-01854,SEC_C04_03,Tadipatri - Kondapuram,Guntakal,Engineering,Sleeper Replacement,150,2026-08-16,Sun,PEAK_MORNING,07:57,10:27,477,627,2,1,1,1,10.0,0.426,0,0,track_gang,Ballast Regulator,HIGH,76,2.2,2,43.0,5.0,0
HIST-BLK-01855,SEC_C03_06,Giddalur - Nandyal,Guntur,Engineering,Rail Renewal,225,2026-07-16,Thu,AFTERNOON_SLOT,15:00,18:45,900,1125,1,0,1,0,3.0,0.846,1,1,track_gang,CSM Tamping Machine,MEDIUM,61,5.7,2,42.7,18.1,0
HIST-BLK-01856,SEC_C04_07,Razampeta - Koduru,Guntakal,S&T,Interlocking Inspection,60,2026-07-05,Sun,PEAK_EVENING,19:09,20:09,1149,1209,4,0,1,3,8.0,0.132,1,0,ST_gang,None / Manual Tools,MEDIUM,51,3.6,5,63.8,5.0,0
HIST-BLK-01857,SEC_C04_06,Kadapa - Razampeta,Guntakal,Engineering,Sleeper Replacement,180,2026-07-28,Tue,AFTERNOON_SLOT,15:00,18:00,900,1080,1,0,1,0,3.0,0.836,0,0,track_gang,Ballast Regulator,MEDIUM,53,10.0,1,24.1,64.1,0
HIST-BLK-01858,SEC_C02_01,Visakhapatnam - Duvvada,Visakhapatnam,Traction,Cantilever Adjustment,150,2026-07-28,Tue,NIGHT_MEGABLOCK,01:30,04:00,90,240,1,0,1,0,3.0,0.86,0,1,tower_wagon_crew,Tower Wagon,HIGH,76,11.1,1,24.7,73.7,0
HIST-BLK-01859,SEC_C01_01,Vijayawada - Tenali,Vijayawada,Traction,Contact Wire Height Regulation,165,2026-08-05,Wed,LATE_NIGHT,21:30,00:15,1290,1455,0,0,0,0,1.0,0.933,0,0,tower_wagon_crew,Tower Wagon,HIGH,85,11.5,0,0.0,99.0,1
HIST-BLK-01860,SEC_C03_01,Guntur - Narasaraopet,Guntur,Engineering,Rail Renewal,225,2026-08-14,Fri,PEAK_EVENING,17:45,21:30,1065,1290,5,0,1,4,8.0,0.08,1,0,track_gang,CSM Tamping Machine,MEDIUM,46,3.0,6,70.8,5.0,0
HIST-BLK-01861,SEC_C02_02,Duvvada - Anakapalle,Visakhapatnam,Engineering,Rail Renewal,270,2026-07-19,Sun,MIDDAY_FREIGHT_GAP,11:30,16:00,690,960,0,0,0,0,1.0,0.937,0,0,track_gang,CSM Tamping Machine,MEDIUM,46,10.4,0,0.0,99.0,1
HIST-BLK-01862,SEC_C04_05,Yerraguntla - Kadapa,Guntakal,S&T,Signal Maintenance,75,2026-08-23,Sun,LATE_NIGHT,22:15,23:30,1335,1410,0,0,0,0,1.0,0.995,0,1,ST_gang,None / Manual Tools,MEDIUM,63,5.3,0,0.0,99.0,1
HIST-BLK-01863,SEC_C03_05,Markapur Road - Giddalur,Guntur,S&T,Axle Counter Replacement,120,2026-07-27,Mon,PEAK_MORNING,07:32,09:32,452,572,2,0,1,1,8.0,0.609,0,0,ST_gang,Testing Van,MEDIUM,57,4.5,2,27.3,43.0,0
HIST-BLK-01864,SEC_C03_06,Giddalur - Nandyal,Guntur,Engineering,Turnout Overhaul,180,2026-08-30,Sun,EARLY_MORNING,04:30,07:30,270,450,1,0,0,1,7.0,0.879,0,0,track_gang,CSM Tamping Machine,HIGH,81,3.6,1,23.9,65.0,0
HIST-BLK-01865,SEC_C01_06,Singarayakonda - Kavali,Vijayawada,Traction,OHE Inspection,120,2026-07-16,Thu,AFTERNOON_SLOT,15:22,17:22,922,1042,0,0,0,0,1.0,0.921,0,0,tower_wagon_crew,Tower Wagon,CRITICAL,97,5.9,0,0.0,99.0,1
HIST-BLK-01866,SEC_C03_04,Donakonda - Markapur Road,Guntur,S&T,Cable Jointing & OFC,165,2026-07-08,Wed,NIGHT_MEGABLOCK,01:10,03:55,70,235,1,0,1,0,3.0,0.85,0,0,ST_gang,Testing Van,CRITICAL,92,5.9,1,16.6,72.7,0
HIST-BLK-01867,SEC_C04_02,Gooty - Tadipatri,Guntakal,S&T,Interlocking Inspection,105,2026-08-15,Sat,EARLY_MORNING,05:12,06:57,312,417,1,0,0,1,8.0,0.806,0,0,ST_gang,None / Manual Tools,HIGH,80,11.1,1,15.3,74.9,0
HIST-BLK-01868,SEC_C02_06,Samalkot - Rajahmundry,Vijayawada,S&T,Axle Counter Replacement,90,2026-08-08,Sat,EARLY_MORNING,04:36,06:06,276,366,1,0,0,1,4.0,0.808,0,0,ST_gang,Testing Van,HIGH,72,11.7,1,19.6,72.8,0
HIST-BLK-01869,SEC_C04_01,Guntakal - Gooty,Guntakal,S&T,Cable Jointing & OFC,135,2026-08-21,Fri,EARLY_MORNING,04:30,06:45,270,405,1,0,0,1,4.0,0.868,0,0,ST_gang,Testing Van,CRITICAL,93,5.8,1,18.4,74.7,0
HIST-BLK-01870,SEC_C02_02,Duvvada - Anakapalle,Visakhapatnam,S&T,Axle Counter Replacement,135,2026-07-22,Wed,PEAK_MORNING,08:07,10:22,487,622,1,0,0,1,4.0,0.87,0,0,ST_gang,Testing Van,LOW,35,1.9,1,15.1,79.2,0
HIST-BLK-01871,SEC_C02_02,Duvvada - Anakapalle,Visakhapatnam,Engineering,Weld Rectification,90,2026-08-12,Wed,NIGHT_MEGABLOCK,01:11,02:41,71,161,0,0,0,0,1.0,0.98,1,1,track_gang,USFD Flaw Detector,MEDIUM,55,9.5,1,19.2,61.2,0
HIST-BLK-01872,SEC_C04_08,Koduru - Renigunta,Guntakal,Engineering,Sleeper Replacement,210,2026-07-13,Mon,PEAK_EVENING,17:45,21:15,1065,1275,1,0,0,1,7.0,0.786,0,0,track_gang,Ballast Regulator,MEDIUM,68,10.9,1,27.0,63.4,0
HIST-BLK-01873,SEC_C04_01,Guntakal - Gooty,Guntakal,Traction,Substation Transformer Overhaul,225,2026-08-21,Fri,NIGHT_MEGABLOCK,01:00,04:45,60,285,1,0,0,1,4.0,0.789,1,1,specialist_team,None / Manual Tools,CRITICAL,97,10.1,2,41.1,17.2,0
HIST-BLK-01874,SEC_C01_08,Nellore - Gudur,Vijayawada,Traction,OHE Inspection,120,2026-08-24,Mon,LATE_NIGHT,21:31,23:31,1291,1411,1,0,1,0,3.0,0.844,0,0,tower_wagon_crew,Tower Wagon,LOW,30,5.0,1,22.8,68.0,0
HIST-BLK-01875,SEC_C02_04,Tuni - Annavaram,Vijayawada,Traction,Substation Transformer Overhaul,210,2026-08-09,Sun,PEAK_EVENING,17:45,21:15,1065,1275,3,1,1,2,10.0,0.053,0,1,specialist_team,None / Manual Tools,HIGH,84,9.6,3,59.6,5.0,0
HIST-BLK-01876,SEC_C01_06,Singarayakonda - Kavali,Vijayawada,Engineering,Turnout Overhaul,210,2026-08-10,Mon,MIDDAY_FREIGHT_GAP,11:30,15:00,690,900,0,0,0,0,1.0,0.962,0,0,track_gang,CSM Tamping Machine,HIGH,79,11.8,0,0.0,99.0,1
HIST-BLK-01877,SEC_C01_01,Vijayawada - Tenali,Vijayawada,S&T,Cable Jointing & OFC,135,2026-07-05,Sun,LATE_NIGHT,21:30,23:45,1290,1425,1,0,0,1,7.0,0.866,0,0,ST_gang,Testing Van,CRITICAL,91,8.6,1,22.2,66.2,0
HIST-BLK-01878,SEC_C04_04,Kondapuram - Yerraguntla,Guntakal,S&T,Point Machine Overhaul,105,2026-07-29,Wed,AFTERNOON_SLOT,15:32,17:17,932,1037,0,0,0,0,1.0,0.943,0,1,ST_gang,Testing Van,CRITICAL,94,4.7,0,0.0,99.0,1
HIST-BLK-01879,SEC_C02_07,Rajahmundry - Nidadavolu,Vijayawada,S&T,Axle Counter Replacement,150,2026-08-25,Tue,PEAK_MORNING,07:50,10:20,470,620,2,0,0,2,7.0,0.505,0,0,ST_gang,Testing Van,MEDIUM,57,8.7,2,25.5,45.5,0
HIST-BLK-01880,SEC_C04_02,Gooty - Tadipatri,Guntakal,Engineering,Deep Screening Ballast,225,2026-08-04,Tue,LATE_NIGHT,21:30,01:15,1290,1515,0,0,0,0,1.0,0.953,1,0,track_gang,Ballast Regulator,HIGH,81,5.7,1,26.6,40.8,0
HIST-BLK-01881,SEC_C04_06,Kadapa - Razampeta,Guntakal,S&T,Point Machine Overhaul,105,2026-07-11,Sat,EARLY_MORNING,04:57,06:42,297,402,1,0,1,0,3.0,0.823,0,0,ST_gang,Testing Van,HIGH,70,6.2,1,17.2,76.1,0
HIST-BLK-01882,SEC_C03_03,Vinukonda - Donakonda,Guntur,Engineering,Turnout Overhaul,195,2026-08-28,Fri,PEAK_EVENING,17:45,21:00,1065,1260,2,0,1,1,7.0,0.646,1,0,track_gang,CSM Tamping Machine,MEDIUM,48,6.5,3,56.5,5.0,0
HIST-BLK-01883,SEC_C04_08,Koduru - Renigunta,Guntakal,S&T,Track Circuit Testing,45,2026-08-05,Wed,LATE_NIGHT,21:54,22:39,1314,1359,0,0,0,0,1.0,0.95,0,0,ST_gang,None / Manual Tools,MEDIUM,45,11.1,0,0.0,99.0,1
HIST-BLK-01884,SEC_C03_01,Guntur - Narasaraopet,Guntur,Engineering,Sleeper Replacement,150,2026-08-27,Thu,LATE_NIGHT,21:30,00:00,1290,1440,0,0,0,0,1.0,0.959,1,0,track_gang,Ballast Regulator,MEDIUM,63,7.7,1,29.2,36.4,0
HIST-BLK-01885,SEC_C04_02,Gooty - Tadipatri,Guntakal,S&T,Signal Maintenance,75,2026-08-04,Tue,MIDDAY_FREIGHT_GAP,11:40,12:55,700,775,0,0,0,0,1.0,0.972,0,1,ST_gang,None / Manual Tools,MEDIUM,54,10.7,0,0.0,99.0,1
HIST-BLK-01886,SEC_C01_03,Bapatla - Chirala,Vijayawada,Engineering,Deep Screening Ballast,225,2026-07-12,Sun,PEAK_MORNING,07:30,11:15,450,675,4,0,1,3,7.0,0.128,0,0,track_gang,Ballast Regulator,HIGH,85,2.0,4,52.6,5.0,0
HIST-BLK-01887,SEC_C02_02,Duvvada - Anakapalle,Visakhapatnam,Traction,Power Isolation Maintenance,150,2026-07-08,Wed,NIGHT_MEGABLOCK,01:23,03:53,83,233,0,0,0,0,1.0,0.947,0,0,tower_wagon_crew,Tower Wagon,CRITICAL,96,1.9,0,0.0,99.0,1
HIST-BLK-01888,SEC_C01_02,Tenali - Bapatla,Vijayawada,S&T,Cable Jointing & OFC,180,2026-08-08,Sat,PEAK_MORNING,07:30,10:30,450,630,3,0,1,2,7.0,0.295,0,0,ST_gang,Testing Van,HIGH,76,1.7,3,38.0,12.0,0
HIST-BLK-01889,SEC_C04_08,Koduru - Renigunta,Guntakal,Traction,Power Isolation Maintenance,150,2026-08-30,Sun,EARLY_MORNING,04:30,07:00,270,420,0,0,0,0,1.0,0.985,0,0,tower_wagon_crew,Tower Wagon,MEDIUM,57,4.2,0,0.0,99.0,1
HIST-BLK-01890,SEC_C04_05,Yerraguntla - Kadapa,Guntakal,S&T,Point Machine Overhaul,90,2026-08-30,Sun,LATE_NIGHT,22:10,23:40,1330,1420,0,0,0,0,1.0,0.922,0,0,ST_gang,Testing Van,MEDIUM,60,10.0,0,0.0,99.0,1
HIST-BLK-01891,SEC_C03_02,Narasaraopet - Vinukonda,Guntur,S&T,Cable Jointing & OFC,165,2026-07-24,Fri,MIDDAY_FREIGHT_GAP,11:45,14:30,705,870,0,0,0,0,1.0,0.94,0,0,ST_gang,Testing Van,MEDIUM,62,5.3,0,0.0,99.0,1
HIST-BLK-01892,SEC_C03_06,Giddalur - Nandyal,Guntur,Engineering,Rail Renewal,240,2026-08-16,Sun,NIGHT_MEGABLOCK,01:00,05:00,60,300,0,0,0,0,1.0,0.972,0,0,track_gang,CSM Tamping Machine,LOW,37,11.2,0,0.0,99.0,1
HIST-BLK-01893,SEC_C02_10,Eluru - Vijayawada,Vijayawada,Traction,Power Isolation Maintenance,180,2026-08-05,Wed,PEAK_EVENING,17:52,20:52,1072,1252,2,0,2,0,3.0,0.619,0,0,tower_wagon_crew,Tower Wagon,LOW,40,3.2,2,33.3,38.4,0
HIST-BLK-01894,SEC_C04_04,Kondapuram - Yerraguntla,Guntakal,S&T,Track Circuit Testing,90,2026-07-21,Tue,EARLY_MORNING,04:39,06:09,279,369,0,0,0,0,1.0,0.922,0,0,ST_gang,None / Manual Tools,MEDIUM,59,1.5,0,0.0,99.0,1
HIST-BLK-01895,SEC_C03_01,Guntur - Narasaraopet,Guntur,Engineering,Turnout Overhaul,210,2026-07-27,Mon,LATE_NIGHT,21:30,01:00,1290,1500,0,0,0,0,1.0,0.965,0,0,track_gang,CSM Tamping Machine,MEDIUM,65,11.7,0,0.0,99.0,1
HIST-BLK-01896,SEC_C03_04,Donakonda - Markapur Road,Guntur,Traction,OHE Inspection,120,2026-07-02,Thu,LATE_NIGHT,21:39,23:39,1299,1419,0,0,0,0,1.0,0.925,0,0,tower_wagon_crew,Tower Wagon,LOW,21,5.7,0,0.0,99.0,1
HIST-BLK-01897,SEC_C01_01,Vijayawada - Tenali,Vijayawada,Engineering,Sleeper Replacement,165,2026-07-18,Sat,EARLY_MORNING,04:30,07:15,270,435,0,0,0,0,1.0,0.993,0,1,track_gang,Ballast Regulator,MEDIUM,69,6.4,0,0.0,99.0,1
HIST-BLK-01898,SEC_C04_08,Koduru - Renigunta,Guntakal,Engineering,Weld Rectification,90,2026-07-18,Sat,PEAK_EVENING,19:25,20:55,1165,1255,4,0,1,3,7.0,0.086,0,0,track_gang,USFD Flaw Detector,LOW,22,11.9,4,40.9,5.0,0
HIST-BLK-01899,SEC_C02_01,Visakhapatnam - Duvvada,Visakhapatnam,Traction,Substation Transformer Overhaul,270,2026-07-01,Wed,PEAK_MORNING,07:30,12:00,450,720,4,1,1,3,10.0,0.05,0,0,specialist_team,None / Manual Tools,MEDIUM,54,2.2,4,88.2,5.0,0
HIST-BLK-01900,SEC_C02_07,Rajahmundry - Nidadavolu,Vijayawada,Engineering,Sleeper Replacement,195,2026-08-24,Mon,LATE_NIGHT,21:30,00:45,1290,1485,1,0,0,1,4.0,0.856,1,0,track_gang,Ballast Regulator,HIGH,73,5.2,2,47.9,5.0,0
HIST-BLK-01901,SEC_C03_05,Markapur Road - Giddalur,Guntur,Engineering,Sleeper Replacement,180,2026-07-10,Fri,AFTERNOON_SLOT,15:00,18:00,900,1080,0,0,0,0,1.0,0.955,0,0,track_gang,Ballast Regulator,MEDIUM,50,8.8,0,0.0,99.0,1
HIST-BLK-01902,SEC_C04_08,Koduru - Renigunta,Guntakal,Engineering,Weld Rectification,75,2026-08-05,Wed,PEAK_EVENING,19:11,20:26,1151,1226,1,0,0,1,7.0,0.815,0,0,track_gang,USFD Flaw Detector,HIGH,72,11.8,1,19.7,72.3,0
HIST-BLK-01903,SEC_C01_06,Singarayakonda - Kavali,Vijayawada,Traction,Power Isolation Maintenance,180,2026-07-07,Tue,NIGHT_MEGABLOCK,01:00,04:00,60,240,0,0,0,0,1.0,0.992,0,0,tower_wagon_crew,Tower Wagon,HIGH,81,8.7,0,0.0,99.0,1
HIST-BLK-01904,SEC_C04_03,Tadipatri - Kondapuram,Guntakal,Engineering,Sleeper Replacement,165,2026-08-04,Tue,LATE_NIGHT,21:30,00:15,1290,1455,1,0,1,0,3.0,0.826,0,0,track_gang,Ballast Regulator,HIGH,78,3.0,1,17.1,73.1,0
HIST-BLK-01905,SEC_C04_07,Razampeta - Koduru,Guntakal,S&T,Axle Counter Replacement,150,2026-08-16,Sun,LATE_NIGHT,21:30,00:00,1290,1440,0,0,0,0,1.0,0.933,1,0,ST_gang,Testing Van,HIGH,73,6.9,1,22.9,44.2,0
HIST-BLK-01906,SEC_C04_05,Yerraguntla - Kadapa,Guntakal,S&T,Point Machine Overhaul,60,2026-08-07,Fri,AFTERNOON_SLOT,15:07,16:07,907,967,0,0,0,0,1.0,0.954,0,0,ST_gang,Testing Van,HIGH,83,4.0,0,0.0,99.0,1
HIST-BLK-01907,SEC_C03_04,Donakonda - Markapur Road,Guntur,Engineering,Sleeper Replacement,210,2026-08-01,Sat,NIGHT_MEGABLOCK,01:00,04:30,60,270,0,0,0,0,1.0,0.923,0,1,track_gang,Ballast Regulator,HIGH,74,8.6,0,0.0,99.0,1
HIST-BLK-01908,SEC_C04_05,Yerraguntla - Kadapa,Guntakal,Engineering,Deep Screening Ballast,180,2026-08-30,Sun,EARLY_MORNING,04:30,07:30,270,450,1,0,0,1,4.0,0.875,0,0,track_gang,Ballast Regulator,HIGH,77,7.3,1,26.6,62.6,0
HIST-BLK-01909,SEC_C03_05,Markapur Road - Giddalur,Guntur,Engineering,Deep Screening Ballast,210,2026-08-11,Tue,EARLY_MORNING,04:30,08:00,270,480,0,0,0,0,1.0,0.925,0,0,track_gang,Ballast Regulator,HIGH,77,10.5,0,0.0,99.0,1
HIST-BLK-01910,SEC_C02_04,Tuni - Annavaram,Vijayawada,Traction,Power Isolation Maintenance,150,2026-07-16,Thu,PEAK_MORNING,07:34,10:04,454,604,2,1,1,1,10.0,0.335,0,1,tower_wagon_crew,Tower Wagon,MEDIUM,59,7.9,2,40.7,5.0,0
HIST-BLK-01911,SEC_C03_01,Guntur - Narasaraopet,Guntur,Traction,Cantilever Adjustment,135,2026-08-27,Thu,NIGHT_MEGABLOCK,01:33,03:48,93,228,0,0,0,0,1.0,0.936,0,0,tower_wagon_crew,Tower Wagon,HIGH,83,11.1,0,0.0,99.0,1
HIST-BLK-01912,SEC_C01_03,Bapatla - Chirala,Vijayawada,Traction,Substation Transformer Overhaul,225,2026-08-12,Wed,AFTERNOON_SLOT,15:00,18:45,900,1125,0,0,0,0,1.0,0.959,1,1,specialist_team,None / Manual Tools,CRITICAL,96,3.0,1,23.8,55.9,0
HIST-BLK-01913,SEC_C04_06,Kadapa - Razampeta,Guntakal,Traction,Power Isolation Maintenance,180,2026-08-27,Thu,LATE_NIGHT,21:30,00:30,1290,1470,0,0,0,0,1.0,0.985,0,0,tower_wagon_crew,Tower Wagon,LOW,26,10.3,0,0.0,99.0,1
HIST-BLK-01914,SEC_C01_06,Singarayakonda - Kavali,Vijayawada,Traction,OHE Inspection,150,2026-08-02,Sun,MIDDAY_FREIGHT_GAP,11:37,14:07,697,847,0,0,0,0,1.0,0.986,0,0,tower_wagon_crew,Tower Wagon,HIGH,73,7.5,0,0.0,99.0,1
HIST-BLK-01915,SEC_C03_03,Vinukonda - Donakonda,Guntur,S&T,Point Machine Overhaul,120,2026-07-30,Thu,MIDDAY_FREIGHT_GAP,12:19,14:19,739,859,0,0,0,0,1.0,0.959,1,0,ST_gang,Testing Van,MEDIUM,56,6.2,1,15.0,54.9,0
HIST-BLK-01916,SEC_C03_05,Markapur Road - Giddalur,Guntur,Traction,Substation Transformer Overhaul,255,2026-08-23,Sun,PEAK_EVENING,17:45,22:00,1065,1320,2,1,1,1,10.0,0.285,1,0,specialist_team,None / Manual Tools,HIGH,80,3.4,3,73.3,5.0,0
HIST-BLK-01917,SEC_C04_08,Koduru - Renigunta,Guntakal,Traction,Insulator Washing & Replacement,90,2026-08-26,Wed,EARLY_MORNING,05:17,06:47,317,407,0,0,0,0,1.0,0.995,1,0,tower_wagon_crew,Tower Wagon,MEDIUM,46,5.7,1,26.4,39.0,0
HIST-BLK-01918,SEC_C01_04,Chirala - Ongole,Vijayawada,S&T,Signal Maintenance,75,2026-08-19,Wed,PEAK_EVENING,19:25,20:40,1165,1240,1,0,1,0,3.0,0.801,0,0,ST_gang,None / Manual Tools,HIGH,84,2.2,1,18.9,69.6,0
HIST-BLK-01919,SEC_C04_04,Kondapuram - Yerraguntla,Guntakal,Traction,Insulator Washing & Replacement,90,2026-07-03,Fri,NIGHT_MEGABLOCK,01:31,03:01,91,181,0,0,0,0,1.0,0.973,1,0,tower_wagon_crew,Tower Wagon,HIGH,72,2.6,1,18.7,49.4,0
HIST-BLK-01920,SEC_C01_07,Kavali - Nellore,Vijayawada,Traction,Cantilever Adjustment,135,2026-07-10,Fri,NIGHT_MEGABLOCK,01:06,03:21,66,201,1,0,1,0,3.0,0.846,1,0,tower_wagon_crew,Tower Wagon,HIGH,77,9.3,2,37.8,13.8,0
HIST-BLK-01921,SEC_C04_01,Guntakal - Gooty,Guntakal,Traction,OHE Inspection,150,2026-08-19,Wed,PEAK_EVENING,18:11,20:41,1091,1241,3,0,1,2,7.0,0.298,0,0,tower_wagon_crew,Tower Wagon,MEDIUM,66,8.9,3,61.2,5.0,0
HIST-BLK-01922,SEC_C01_01,Vijayawada - Tenali,Vijayawada,S&T,Cable Jointing & OFC,165,2026-08-07,Fri,PEAK_EVENING,17:54,20:39,1074,1239,2,0,0,2,7.0,0.617,1,1,ST_gang,Testing Van,HIGH,75,2.9,3,55.2,5.0,0
HIST-BLK-01923,SEC_C04_07,Razampeta - Koduru,Guntakal,Engineering,Sleeper Replacement,150,2026-07-28,Tue,EARLY_MORNING,04:30,07:00,270,420,0,0,0,0,1.0,0.942,0,0,track_gang,Ballast Regulator,HIGH,70,10.3,0,0.0,99.0,1
HIST-BLK-01924,SEC_C02_04,Tuni - Annavaram,Vijayawada,Engineering,Sleeper Replacement,150,2026-08-03,Mon,PEAK_MORNING,07:32,10:02,452,602,1,1,0,1,10.0,0.606,0,0,track_gang,Ballast Regulator,LOW,38,9.9,1,30.2,18.2,0
HIST-BLK-01925,SEC_C04_07,Razampeta - Koduru,Guntakal,Engineering,Weld Rectification,90,2026-07-23,Thu,PEAK_MORNING,08:19,09:49,499,589,2,0,1,1,8.0,0.577,0,0,track_gang,USFD Flaw Detector,CRITICAL,93,2.7,2,35.6,34.8,0
HIST-BLK-01926,SEC_C04_03,Tadipatri - Kondapuram,Guntakal,Engineering,Sleeper Replacement,165,2026-08-07,Fri,PEAK_MORNING,07:42,10:27,462,627,2,1,1,1,10.0,0.322,0,1,track_gang,Ballast Regulator,MEDIUM,69,1.8,2,40.8,5.0,0
HIST-BLK-01927,SEC_C04_07,Razampeta - Koduru,Guntakal,Traction,Cantilever Adjustment,120,2026-07-11,Sat,PEAK_EVENING,18:02,20:02,1082,1202,3,0,1,2,8.0,0.383,0,0,tower_wagon_crew,Tower Wagon,LOW,29,5.5,3,44.8,6.4,0
HIST-BLK-01928,SEC_C02_06,Samalkot - Rajahmundry,Vijayawada,Engineering,Rail Renewal,270,2026-07-08,Wed,NIGHT_MEGABLOCK,01:00,05:30,60,330,0,0,0,0,1.0,0.953,1,0,track_gang,CSM Tamping Machine,CRITICAL,90,5.4,1,19.4,47.4,0
HIST-BLK-01929,SEC_C04_02,Gooty - Tadipatri,Guntakal,Traction,Substation Transformer Overhaul,240,2026-07-14,Tue,MIDDAY_FREIGHT_GAP,11:30,15:30,690,930,1,1,0,1,9.0,0.556,0,0,specialist_team,None / Manual Tools,CRITICAL,90,11.8,1,35.2,11.8,0
HIST-BLK-01930,SEC_C01_02,Tenali - Bapatla,Vijayawada,Engineering,Sleeper Replacement,195,2026-08-05,Wed,LATE_NIGHT,21:30,00:45,1290,1485,0,0,0,0,1.0,0.92,0,0,track_gang,Ballast Regulator,HIGH,77,8.2,0,0.0,99.0,1
HIST-BLK-01931,SEC_C02_07,Rajahmundry - Nidadavolu,Vijayawada,Traction,OHE Inspection,120,2026-08-06,Thu,EARLY_MORNING,04:53,06:53,293,413,1,0,0,1,7.0,0.875,0,0,tower_wagon_crew,Tower Wagon,MEDIUM,67,8.4,1,15.7,78.8,0
HIST-BLK-01932,SEC_C04_01,Guntakal - Gooty,Guntakal,S&T,Interlocking Inspection,75,2026-07-18,Sat,NIGHT_MEGABLOCK,01:05,02:20,65,140,0,0,0,0,1.0,0.924,1,1,ST_gang,None / Manual Tools,MEDIUM,66,7.2,1,17.6,50.4,0
HIST-BLK-01933,SEC_C02_10,Eluru - Vijayawada,Vijayawada,S&T,Signal Maintenance,75,2026-07-13,Mon,NIGHT_MEGABLOCK,01:11,02:26,71,146,0,0,0,0,1.0,0.956,0,0,ST_gang,None / Manual Tools,MEDIUM,57,6.5,0,0.0,99.0,1
HIST-BLK-01934,SEC_C02_09,Tadepalligudem - Eluru,Vijayawada,Traction,Contact Wire Height Regulation,180,2026-08-07,Fri,AFTERNOON_SLOT,15:00,18:00,900,1080,1,0,0,1,8.0,0.825,1,0,tower_wagon_crew,Tower Wagon,MEDIUM,55,2.6,2,37.4,14.4,0
HIST-BLK-01935,SEC_C03_04,Donakonda - Markapur Road,Guntur,S&T,Track Circuit Testing,90,2026-08-17,Mon,NIGHT_MEGABLOCK,02:10,03:40,130,220,0,0,0,0,1.0,0.973,0,0,ST_gang,None / Manual Tools,LOW,20,8.1,0,0.0,99.0,1
HIST-BLK-01936,SEC_C03_03,Vinukonda - Donakonda,Guntur,S&T,Point Machine Overhaul,60,2026-07-27,Mon,EARLY_MORNING,04:42,05:42,282,342,0,0,0,0,1.0,0.933,0,0,ST_gang,Testing Van,HIGH,81,3.4,0,0.0,99.0,1
HIST-BLK-01937,SEC_C04_03,Tadipatri - Kondapuram,Guntakal,Engineering,Sleeper Replacement,195,2026-07-20,Mon,AFTERNOON_SLOT,15:00,18:15,900,1095,0,0,0,0,1.0,0.953,1,0,track_gang,Ballast Regulator,HIGH,72,3.7,1,27.8,39.8,0
HIST-BLK-01938,SEC_C01_04,Chirala - Ongole,Vijayawada,S&T,Interlocking Inspection,75,2026-08-14,Fri,NIGHT_MEGABLOCK,01:14,02:29,74,149,0,0,0,0,1.0,0.971,0,0,ST_gang,None / Manual Tools,CRITICAL,87,3.5,0,0.0,99.0,1
HIST-BLK-01939,SEC_C02_03,Anakapalle - Tuni,Visakhapatnam,Engineering,Sleeper Replacement,165,2026-08-21,Fri,PEAK_EVENING,17:51,20:36,1071,1236,5,0,1,4,7.0,0.062,0,0,track_gang,Ballast Regulator,MEDIUM,61,9.4,5,50.5,5.0,0
HIST-BLK-01940,SEC_C01_04,Chirala - Ongole,Vijayawada,Engineering,Sleeper Replacement,210,2026-07-11,Sat,AFTERNOON_SLOT,15:00,18:30,900,1110,1,0,1,0,3.0,0.816,0,0,track_gang,Ballast Regulator,HIGH,80,5.9,1,28.2,62.3,0
HIST-BLK-01941,SEC_C01_08,Nellore - Gudur,Vijayawada,Engineering,Sleeper Replacement,180,2026-08-16,Sun,EARLY_MORNING,04:30,07:30,270,450,1,0,0,1,4.0,0.84,0,0,track_gang,Ballast Regulator,HIGH,80,2.6,1,25.1,62.5,0
HIST-BLK-01942,SEC_C02_04,Tuni - Annavaram,Vijayawada,S&T,Interlocking Inspection,60,2026-08-10,Mon,PEAK_EVENING,18:50,19:50,1130,1190,5,0,1,4,7.0,0.186,0,0,ST_gang,None / Manual Tools,CRITICAL,97,5.8,5,44.9,5.0,0
HIST-BLK-01943,SEC_C04_02,Gooty - Tadipatri,Guntakal,Engineering,Weld Rectification,105,2026-07-17,Fri,PEAK_MORNING,08:03,09:48,483,588,1,0,0,1,8.0,0.79,0,1,track_gang,USFD Flaw Detector,HIGH,78,5.6,1,21.0,79.1,0
HIST-BLK-01944,SEC_C01_01,Vijayawada - Tenali,Vijayawada,S&T,Interlocking Inspection,90,2026-08-03,Mon,PEAK_EVENING,19:19,20:49,1159,1249,1,0,0,1,7.0,0.814,0,0,ST_gang,None / Manual Tools,LOW,21,8.4,1,16.1,76.4,0
HIST-BLK-01945,SEC_C04_06,Kadapa - Razampeta,Guntakal,Engineering,Deep Screening Ballast,210,2026-08-28,Fri,PEAK_EVENING,17:45,21:15,1065,1275,2,0,1,1,7.0,0.626,0,0,track_gang,Ballast Regulator,HIGH,76,11.2,2,34.9,36.7,0
HIST-BLK-01946,SEC_C01_05,Ongole - Singarayakonda,Vijayawada,Engineering,Turnout Overhaul,195,2026-07-31,Fri,EARLY_MORNING,04:30,07:45,270,465,0,0,0,0,1.0,0.995,0,1,track_gang,CSM Tamping Machine,HIGH,85,8.4,0,0.0,99.0,1
HIST-BLK-01947,SEC_C01_01,Vijayawada - Tenali,Vijayawada,Traction,Power Isolation Maintenance,180,2026-07-09,Thu,PEAK_EVENING,17:50,20:50,1070,1250,2,0,0,2,7.0,0.616,1,0,tower_wagon_crew,Tower Wagon,MEDIUM,53,10.7,3,60.2,5.0,0
HIST-BLK-01948,SEC_C04_03,Tadipatri - Kondapuram,Guntakal,Traction,Power Isolation Maintenance,165,2026-08-16,Sun,EARLY_MORNING,04:30,07:15,270,435,0,0,0,0,1.0,0.955,1,0,tower_wagon_crew,Tower Wagon,HIGH,70,8.3,1,19.7,47.3,0
HIST-BLK-01949,SEC_C03_01,Guntur - Narasaraopet,Guntur,Traction,Cantilever Adjustment,135,2026-08-12,Wed,PEAK_EVENING,17:46,20:01,1066,1201,3,0,1,2,7.0,0.412,0,0,tower_wagon_crew,Tower Wagon,MEDIUM,45,5.8,3,51.8,5.0,0
HIST-BLK-01950,SEC_C01_08,Nellore - Gudur,Vijayawada,Traction,Substation Transformer Overhaul,255,2026-07-28,Tue,PEAK_EVENING,17:45,22:00,1065,1320,2,0,1,1,8.0,0.678,0,1,specialist_team,None / Manual Tools,CRITICAL,98,6.7,2,32.6,50.6,0
HIST-BLK-01951,SEC_C01_05,Ongole - Singarayakonda,Vijayawada,Engineering,Sleeper Replacement,150,2026-07-21,Tue,PEAK_MORNING,07:56,10:26,476,626,1,0,0,1,7.0,0.844,0,0,track_gang,Ballast Regulator,HIGH,80,8.0,1,20.6,71.8,0
HIST-BLK-01952,SEC_C04_01,Guntakal - Gooty,Guntakal,Engineering,Deep Screening Ballast,180,2026-07-02,Thu,PEAK_EVENING,17:51,20:51,1071,1251,4,1,1,3,10.0,0.05,1,0,track_gang,Ballast Regulator,HIGH,75,4.0,5,91.8,5.0,0
HIST-BLK-01953,SEC_C04_04,Kondapuram - Yerraguntla,Guntakal,Traction,Power Isolation Maintenance,165,2026-08-06,Thu,PEAK_MORNING,07:37,10:22,457,622,1,0,0,1,8.0,0.803,1,1,tower_wagon_crew,Tower Wagon,HIGH,78,10.1,2,42.0,17.5,0
HIST-BLK-01954,SEC_C02_07,Rajahmundry - Nidadavolu,Vijayawada,S&T,Point Machine Overhaul,90,2026-08-11,Tue,PEAK_EVENING,18:04,19:34,1084,1174,4,1,1,3,10.0,0.05,0,1,ST_gang,Testing Van,HIGH,76,10.0,4,80.0,5.0,0
HIST-BLK-01955,SEC_C02_08,Nidadavolu - Tadepalligudem,Vijayawada,S&T,Point Machine Overhaul,90,2026-07-24,Fri,NIGHT_MEGABLOCK,02:07,03:37,127,217,0,0,0,0,1.0,0.992,0,0,ST_gang,Testing Van,HIGH,71,5.3,0,0.0,99.0,1
HIST-BLK-01956,SEC_C03_01,Guntur - Narasaraopet,Guntur,Engineering,Deep Screening Ballast,225,2026-07-12,Sun,MIDDAY_FREIGHT_GAP,11:30,15:15,690,915,1,1,0,1,10.0,0.624,0,1,track_gang,Ballast Regulator,LOW,37,4.3,1,41.7,15.8,0
HIST-BLK-01957,SEC_C03_05,Markapur Road - Giddalur,Guntur,Engineering,Weld Rectification,120,2026-08-27,Thu,AFTERNOON_SLOT,15:25,17:25,925,1045,0,0,0,0,1.0,0.97,0,0,track_gang,USFD Flaw Detector,HIGH,78,10.4,0,0.0,99.0,1
HIST-BLK-01958,SEC_C02_08,Nidadavolu - Tadepalligudem,Vijayawada,Traction,Contact Wire Height Regulation,195,2026-08-25,Tue,MIDDAY_FREIGHT_GAP,11:30,14:45,690,885,1,0,1,0,3.0,0.808,0,0,tower_wagon_crew,Tower Wagon,HIGH,73,4.9,1,20.3,67.9,0
HIST-BLK-01959,SEC_C02_05,Annavaram - Samalkot,Vijayawada,Engineering,Track Maintenance,135,2026-08-21,Fri,AFTERNOON_SLOT,15:10,17:25,910,1045,0,0,0,0,1.0,0.942,0,0,track_gang,None / Manual Tools,MEDIUM,59,4.5,0,0.0,99.0,1
HIST-BLK-01960,SEC_C04_02,Gooty - Tadipatri,Guntakal,Traction,Contact Wire Height Regulation,195,2026-07-28,Tue,MIDDAY_FREIGHT_GAP,11:30,14:45,690,885,0,0,0,0,1.0,0.956,0,1,tower_wagon_crew,Tower Wagon,MEDIUM,63,8.9,0,0.0,99.0,1
HIST-BLK-01961,SEC_C01_02,Tenali - Bapatla,Vijayawada,S&T,Interlocking Inspection,60,2026-07-06,Mon,LATE_NIGHT,22:03,23:03,1323,1383,0,0,0,0,1.0,0.993,0,0,ST_gang,None / Manual Tools,CRITICAL,98,9.9,0,0.0,99.0,1
HIST-BLK-01962,SEC_C04_05,Yerraguntla - Kadapa,Guntakal,Engineering,Rail Renewal,240,2026-07-31,Fri,LATE_NIGHT,21:30,01:30,1290,1530,0,0,0,0,1.0,0.955,1,0,track_gang,CSM Tamping Machine,HIGH,80,5.9,1,15.3,51.7,0
HIST-BLK-01963,SEC_C04_08,Koduru - Renigunta,Guntakal,Traction,Cantilever Adjustment,150,2026-08-06,Thu,PEAK_EVENING,18:28,20:58,1108,1258,1,0,0,1,7.0,0.798,0,0,tower_wagon_crew,Tower Wagon,HIGH,76,10.8,1,25.3,64.0,0
HIST-BLK-01964,SEC_C03_03,Vinukonda - Donakonda,Guntur,Engineering,Rail Renewal,240,2026-08-18,Tue,NIGHT_MEGABLOCK,01:00,05:00,60,300,0,0,0,0,1.0,0.983,0,0,track_gang,CSM Tamping Machine,HIGH,77,2.9,0,0.0,99.0,1
HIST-BLK-01965,SEC_C02_09,Tadepalligudem - Eluru,Vijayawada,Engineering,Weld Rectification,90,2026-07-05,Sun,MIDDAY_FREIGHT_GAP,12:59,14:29,779,869,0,0,0,0,1.0,0.963,0,1,track_gang,USFD Flaw Detector,HIGH,80,11.6,0,0.0,99.0,1
HIST-BLK-01966,SEC_C03_04,Donakonda - Markapur Road,Guntur,Engineering,Deep Screening Ballast,195,2026-08-04,Tue,PEAK_MORNING,07:30,10:45,450,645,5,0,1,4,7.0,0.163,0,0,track_gang,Ballast Regulator,LOW,29,8.1,5,87.8,5.0,0
HIST-BLK-01967,SEC_C03_01,Guntur - Narasaraopet,Guntur,Traction,Power Isolation Maintenance,210,2026-07-27,Mon,LATE_NIGHT,21:30,01:00,1290,1500,0,0,0,0,1.0,0.924,0,0,tower_wagon_crew,Tower Wagon,HIGH,80,9.1,0,0.0,99.0,1
HIST-BLK-01968,SEC_C01_06,Singarayakonda - Kavali,Vijayawada,Engineering,Sleeper Replacement,195,2026-08-06,Thu,MIDDAY_FREIGHT_GAP,11:30,14:45,690,885,0,0,0,0,1.0,0.968,0,1,track_gang,Ballast Regulator,CRITICAL,98,9.5,0,0.0,99.0,1
HIST-BLK-01969,SEC_C03_06,Giddalur - Nandyal,Guntur,Engineering,Deep Screening Ballast,210,2026-07-30,Thu,PEAK_MORNING,07:30,11:00,450,660,1,0,0,1,4.0,0.832,0,0,track_gang,Ballast Regulator,MEDIUM,46,5.9,1,19.0,70.3,0
HIST-BLK-01970,SEC_C04_04,Kondapuram - Yerraguntla,Guntakal,Engineering,Rail Renewal,240,2026-08-13,Thu,PEAK_MORNING,07:30,11:30,450,690,1,0,0,1,8.0,0.801,0,0,track_gang,CSM Tamping Machine,MEDIUM,57,9.3,1,27.2,60.0,0
HIST-BLK-01971,SEC_C01_05,Ongole - Singarayakonda,Vijayawada,Traction,Power Isolation Maintenance,165,2026-07-15,Wed,PEAK_MORNING,07:44,10:29,464,629,5,1,1,4,10.0,0.05,0,1,tower_wagon_crew,Tower Wagon,MEDIUM,46,2.8,5,80.5,5.0,0
HIST-BLK-01972,SEC_C04_06,Kadapa - Razampeta,Guntakal,S&T,Point Machine Overhaul,120,2026-07-27,Mon,EARLY_MORNING,04:42,06:42,282,402,0,0,0,0,1.0,0.94,0,0,ST_gang,Testing Van,HIGH,80,11.0,0,0.0,99.0,1
HIST-BLK-01973,SEC_C04_08,Koduru - Renigunta,Guntakal,S&T,Track Circuit Testing,75,2026-08-19,Wed,LATE_NIGHT,21:53,23:08,1313,1388,0,0,0,0,1.0,0.975,0,0,ST_gang,None / Manual Tools,MEDIUM,54,3.0,0,0.0,99.0,1
HIST-BLK-01974,SEC_C02_05,Annavaram - Samalkot,Vijayawada,S&T,Cable Jointing & OFC,150,2026-08-20,Thu,PEAK_MORNING,07:58,10:28,478,628,1,0,0,1,8.0,0.863,0,0,ST_gang,Testing Van,CRITICAL,98,6.4,1,21.1,68.8,0
HIST-BLK-01975,SEC_C02_09,Tadepalligudem - Eluru,Vijayawada,Engineering,Track Maintenance,120,2026-07-27,Mon,MIDDAY_FREIGHT_GAP,11:52,13:52,712,832,0,0,0,0,1.0,0.926,0,1,track_gang,None / Manual Tools,MEDIUM,56,4.8,0,0.0,99.0,1
HIST-BLK-01976,SEC_C02_06,Samalkot - Rajahmundry,Vijayawada,Traction,Power Isolation Maintenance,150,2026-08-09,Sun,AFTERNOON_SLOT,15:00,17:30,900,1050,0,0,0,0,1.0,0.925,1,0,tower_wagon_crew,Tower Wagon,CRITICAL,97,9.3,1,26.9,38.6,0
HIST-BLK-01977,SEC_C03_05,Markapur Road - Giddalur,Guntur,Traction,Insulator Washing & Replacement,105,2026-07-16,Thu,PEAK_EVENING,18:22,20:07,1102,1207,1,1,0,1,9.0,0.602,0,0,tower_wagon_crew,Tower Wagon,HIGH,80,4.1,1,43.3,5.0,0
HIST-BLK-01978,SEC_C02_01,Visakhapatnam - Duvvada,Visakhapatnam,S&T,Axle Counter Replacement,90,2026-08-10,Mon,PEAK_EVENING,19:10,20:40,1150,1240,2,0,1,1,7.0,0.547,0,1,ST_gang,Testing Van,CRITICAL,95,9.2,2,36.8,33.2,0
HIST-BLK-01979,SEC_C03_06,Giddalur - Nandyal,Guntur,S&T,Signal Maintenance,45,2026-08-08,Sat,PEAK_EVENING,19:53,20:38,1193,1238,1,0,0,1,6.0,0.837,0,1,ST_gang,None / Manual Tools,MEDIUM,55,2.6,1,19.1,71.8,0
HIST-BLK-01980,SEC_C04_05,Yerraguntla - Kadapa,Guntakal,S&T,Axle Counter Replacement,120,2026-07-05,Sun,PEAK_MORNING,08:16,10:16,496,616,4,0,1,3,8.0,0.188,0,0,ST_gang,Testing Van,MEDIUM,69,8.5,4,49.2,5.0,0
HIST-BLK-01981,SEC_C04_03,Tadipatri - Kondapuram,Guntakal,S&T,Cable Jointing & OFC,180,2026-08-24,Mon,LATE_NIGHT,21:30,00:30,1290,1470,0,0,0,0,1.0,0.964,1,0,ST_gang,Testing Van,CRITICAL,95,2.9,1,21.1,49.3,0
HIST-BLK-01982,SEC_C03_06,Giddalur - Nandyal,Guntur,Engineering,Weld Rectification,120,2026-08-09,Sun,NIGHT_MEGABLOCK,01:17,03:17,77,197,0,0,0,0,1.0,0.976,0,0,track_gang,USFD Flaw Detector,MEDIUM,45,3.5,0,0.0,99.0,1
HIST-BLK-01983,SEC_C03_01,Guntur - Narasaraopet,Guntur,Engineering,Rail Renewal,240,2026-08-23,Sun,MIDDAY_FREIGHT_GAP,11:30,15:30,690,930,1,1,0,1,10.0,0.598,1,1,track_gang,CSM Tamping Machine,MEDIUM,58,4.2,2,45.6,5.0,0
HIST-BLK-01984,SEC_C01_03,Bapatla - Chirala,Vijayawada,S&T,Axle Counter Replacement,120,2026-07-29,Wed,LATE_NIGHT,21:37,23:37,1297,1417,1,0,1,0,3.0,0.839,0,0,ST_gang,Testing Van,CRITICAL,93,3.3,1,18.6,74.3,0
HIST-BLK-01985,SEC_C02_01,Visakhapatnam - Duvvada,Visakhapatnam,Engineering,Turnout Overhaul,180,2026-08-08,Sat,PEAK_MORNING,07:30,10:30,450,630,4,1,1,3,10.0,0.05,1,0,track_gang,CSM Tamping Machine,MEDIUM,66,9.7,5,88.3,5.0,0
HIST-BLK-01986,SEC_C04_03,Tadipatri - Kondapuram,Guntakal,S&T,Track Circuit Testing,75,2026-07-31,Fri,PEAK_MORNING,07:42,08:57,462,537,3,1,1,2,10.0,0.05,1,0,ST_gang,None / Manual Tools,HIGH,76,5.4,4,86.5,5.0,0
HIST-BLK-01987,SEC_C01_06,Singarayakonda - Kavali,Vijayawada,S&T,Point Machine Overhaul,105,2026-08-29,Sat,AFTERNOON_SLOT,15:34,17:19,934,1039,0,0,0,0,1.0,0.949,0,0,ST_gang,Testing Van,HIGH,73,5.1,0,0.0,99.0,1
HIST-BLK-01988,SEC_C01_04,Chirala - Ongole,Vijayawada,Traction,Insulator Washing & Replacement,120,2026-08-15,Sat,PEAK_EVENING,17:54,19:54,1074,1194,1,0,1,0,3.0,0.872,0,0,tower_wagon_crew,Tower Wagon,LOW,37,10.0,1,22.4,70.9,0
HIST-BLK-01989,SEC_C01_08,Nellore - Gudur,Vijayawada,S&T,Axle Counter Replacement,120,2026-08-18,Tue,AFTERNOON_SLOT,15:05,17:05,905,1025,0,0,0,0,1.0,0.937,0,0,ST_gang,Testing Van,HIGH,73,9.5,0,0.0,99.0,1
HIST-BLK-01990,SEC_C01_03,Bapatla - Chirala,Vijayawada,Traction,OHE Inspection,105,2026-08-04,Tue,NIGHT_MEGABLOCK,01:33,03:18,93,198,0,0,0,0,1.0,0.935,0,1,tower_wagon_crew,Tower Wagon,CRITICAL,95,11.1,0,0.0,99.0,1
HIST-BLK-01991,SEC_C03_06,Giddalur - Nandyal,Guntur,Traction,Contact Wire Height Regulation,210,2026-08-23,Sun,EARLY_MORNING,04:30,08:00,270,480,1,0,0,1,7.0,0.878,0,1,tower_wagon_crew,Tower Wagon,MEDIUM,63,2.2,1,21.6,79.5,0
HIST-BLK-01992,SEC_C02_05,Annavaram - Samalkot,Vijayawada,S&T,Signal Maintenance,45,2026-07-19,Sun,PEAK_EVENING,19:27,20:12,1167,1212,2,1,1,1,10.0,0.265,0,0,ST_gang,None / Manual Tools,LOW,31,11.5,2,37.0,5.0,0
HIST-BLK-01993,SEC_C03_02,Narasaraopet - Vinukonda,Guntur,S&T,Signal Maintenance,60,2026-07-29,Wed,AFTERNOON_SLOT,15:11,16:11,911,971,0,0,0,0,1.0,0.974,0,0,ST_gang,None / Manual Tools,CRITICAL,86,5.8,0,0.0,99.0,1
HIST-BLK-01994,SEC_C03_02,Narasaraopet - Vinukonda,Guntur,Traction,Cantilever Adjustment,150,2026-07-30,Thu,MIDDAY_FREIGHT_GAP,11:53,14:23,713,863,1,0,0,1,8.0,0.864,0,0,tower_wagon_crew,Tower Wagon,HIGH,79,2.8,1,21.1,72.3,0
HIST-BLK-01995,SEC_C01_07,Kavali - Nellore,Vijayawada,Engineering,Sleeper Replacement,195,2026-08-24,Mon,AFTERNOON_SLOT,15:00,18:15,900,1095,2,1,1,1,9.0,0.298,0,1,track_gang,Ballast Regulator,HIGH,83,8.0,2,42.4,5.0,0
HIST-BLK-01996,SEC_C01_07,Kavali - Nellore,Vijayawada,Traction,Substation Transformer Overhaul,240,2026-08-11,Tue,MIDDAY_FREIGHT_GAP,11:30,15:30,690,930,0,0,0,0,1.0,0.975,0,0,specialist_team,None / Manual Tools,CRITICAL,86,10.4,0,0.0,99.0,1
HIST-BLK-01997,SEC_C02_01,Visakhapatnam - Duvvada,Visakhapatnam,Engineering,Deep Screening Ballast,210,2026-07-09,Thu,LATE_NIGHT,21:30,01:00,1290,1500,0,0,0,0,1.0,0.952,0,1,track_gang,Ballast Regulator,CRITICAL,99,8.7,0,0.0,99.0,1
HIST-BLK-01998,SEC_C04_08,Koduru - Renigunta,Guntakal,S&T,Cable Jointing & OFC,150,2026-07-11,Sat,PEAK_EVENING,18:09,20:39,1089,1239,5,0,1,4,7.0,0.129,0,0,ST_gang,Testing Van,MEDIUM,60,2.4,5,47.7,5.0,0
HIST-BLK-01999,SEC_C02_07,Rajahmundry - Nidadavolu,Vijayawada,Engineering,Deep Screening Ballast,240,2026-08-10,Mon,PEAK_EVENING,17:45,21:45,1065,1305,1,0,0,1,4.0,0.815,0,0,track_gang,Ballast Regulator,CRITICAL,88,8.9,1,21.6,66.0,0
HIST-BLK-02000,SEC_C04_06,Kadapa - Razampeta,Guntakal,S&T,Interlocking Inspection,90,2026-08-09,Sun,MIDDAY_FREIGHT_GAP,11:46,13:16,706,796,0,0,0,0,1.0,0.94,0,1,ST_gang,None / Manual Tools,HIGH,84,5.2,0,0.0,99.0,1
HIST-BLK-02001,SEC_C02_04,Tuni - Annavaram,Vijayawada,Traction,OHE Inspection,120,2026-08-13,Thu,AFTERNOON_SLOT,15:28,17:28,928,1048,0,0,0,0,1.0,0.994,0,0,tower_wagon_crew,Tower Wagon,MEDIUM,67,11.5,0,0.0,99.0,1
HIST-BLK-02002,SEC_C04_01,Guntakal - Gooty,Guntakal,Engineering,Rail Renewal,255,2026-07-02,Thu,EARLY_MORNING,04:30,08:45,270,525,4,0,1,3,6.0,0.169,1,0,track_gang,CSM Tamping Machine,MEDIUM,53,10.4,5,99.2,5.0,0
HIST-BLK-02003,SEC_C04_02,Gooty - Tadipatri,Guntakal,Traction,Insulator Washing & Replacement,120,2026-07-03,Fri,PEAK_EVENING,18:59,20:59,1139,1259,2,1,1,1,10.0,0.265,0,0,tower_wagon_crew,Tower Wagon,MEDIUM,68,5.6,2,44.0,5.0,0
HIST-BLK-02004,SEC_C04_01,Guntakal - Gooty,Guntakal,S&T,Cable Jointing & OFC,150,2026-07-28,Tue,LATE_NIGHT,21:30,00:00,1290,1440,1,0,1,0,3.0,0.793,0,0,ST_gang,Testing Van,MEDIUM,60,6.1,1,24.3,63.9,0
HIST-BLK-02005,SEC_C02_08,Nidadavolu - Tadepalligudem,Vijayawada,Engineering,Turnout Overhaul,180,2026-08-12,Wed,NIGHT_MEGABLOCK,01:00,04:00,60,240,0,0,0,0,1.0,0.93,1,1,track_gang,CSM Tamping Machine,LOW,38,2.5,1,25.9,49.0,0
HIST-BLK-02006,SEC_C04_01,Guntakal - Gooty,Guntakal,Engineering,Rail Renewal,240,2026-08-23,Sun,AFTERNOON_SLOT,15:00,19:00,900,1140,0,0,0,0,1.0,0.942,0,0,track_gang,CSM Tamping Machine,MEDIUM,47,3.8,0,0.0,99.0,1
HIST-BLK-02007,SEC_C03_04,Donakonda - Markapur Road,Guntur,Engineering,Deep Screening Ballast,240,2026-07-17,Fri,LATE_NIGHT,21:30,01:30,1290,1530,0,0,0,0,1.0,0.967,0,0,track_gang,Ballast Regulator,LOW,30,11.5,0,0.0,99.0,1
HIST-BLK-02008,SEC_C03_02,Narasaraopet - Vinukonda,Guntur,Engineering,Weld Rectification,120,2026-08-18,Tue,NIGHT_MEGABLOCK,01:16,03:16,76,196,0,0,0,0,1.0,0.965,0,0,track_gang,USFD Flaw Detector,CRITICAL,91,7.4,0,0.0,99.0,1
HIST-BLK-02009,SEC_C01_06,Singarayakonda - Kavali,Vijayawada,Traction,Contact Wire Height Regulation,180,2026-07-14,Tue,PEAK_EVENING,17:46,20:46,1066,1246,4,0,1,3,7.0,0.149,0,0,tower_wagon_crew,Tower Wagon,HIGH,70,6.9,4,61.7,5.0,0
HIST-BLK-02010,SEC_C04_03,Tadipatri - Kondapuram,Guntakal,S&T,Axle Counter Replacement,150,2026-08-12,Wed,EARLY_MORNING,04:30,07:00,270,420,0,0,0,0,1.0,0.967,0,1,ST_gang,Testing Van,HIGH,75,11.0,0,0.0,99.0,1
HIST-BLK-02011,SEC_C01_01,Vijayawada - Tenali,Vijayawada,Engineering,Weld Rectification,75,2026-07-10,Fri,EARLY_MORNING,05:17,06:32,317,392,0,0,0,0,1.0,0.937,0,0,track_gang,USFD Flaw Detector,HIGH,80,8.7,0,0.0,99.0,1
HIST-BLK-02012,SEC_C04_08,Koduru - Renigunta,Guntakal,S&T,Cable Jointing & OFC,150,2026-08-02,Sun,NIGHT_MEGABLOCK,01:19,03:49,79,229,0,0,0,0,1.0,0.942,0,0,ST_gang,Testing Van,MEDIUM,52,4.4,0,0.0,99.0,1
HIST-BLK-02013,SEC_C04_07,Razampeta - Koduru,Guntakal,S&T,Point Machine Overhaul,60,2026-07-15,Wed,PEAK_MORNING,08:51,09:51,531,591,3,1,1,2,10.0,0.096,0,0,ST_gang,Testing Van,LOW,41,8.1,3,73.5,5.0,0
HIST-BLK-02014,SEC_C04_06,Kadapa - Razampeta,Guntakal,S&T,Signal Maintenance,90,2026-07-05,Sun,PEAK_EVENING,19:06,20:36,1146,1236,4,0,1,3,8.0,0.153,0,0,ST_gang,None / Manual Tools,LOW,25,2.8,4,66.4,5.0,0
HIST-BLK-02015,SEC_C04_08,Koduru - Renigunta,Guntakal,S&T,Track Circuit Testing,75,2026-07-15,Wed,PEAK_MORNING,08:48,10:03,528,603,5,1,1,4,10.0,0.05,0,0,ST_gang,None / Manual Tools,MEDIUM,69,2.7,5,83.7,5.0,0
HIST-BLK-02016,SEC_C01_01,Vijayawada - Tenali,Vijayawada,Engineering,Weld Rectification,75,2026-07-23,Thu,PEAK_EVENING,18:49,20:04,1129,1204,1,0,0,1,7.0,0.862,0,1,track_gang,USFD Flaw Detector,CRITICAL,87,1.9,1,19.3,81.2,0
HIST-BLK-02017,SEC_C04_07,Razampeta - Koduru,Guntakal,Traction,Substation Transformer Overhaul,225,2026-07-12,Sun,PEAK_MORNING,07:30,11:15,450,675,1,0,1,0,3.0,0.794,0,0,specialist_team,None / Manual Tools,MEDIUM,69,4.7,1,25.9,61.1,0
HIST-BLK-02018,SEC_C04_01,Guntakal - Gooty,Guntakal,S&T,Interlocking Inspection,60,2026-08-06,Thu,PEAK_EVENING,19:58,20:58,1198,1258,4,0,1,3,7.0,0.193,0,0,ST_gang,None / Manual Tools,MEDIUM,61,9.8,4,42.9,5.0,0
HIST-BLK-02019,SEC_C01_01,Vijayawada - Tenali,Vijayawada,Engineering,Rail Renewal,225,2026-07-29,Wed,PEAK_EVENING,17:45,21:30,1065,1290,2,0,0,2,7.0,0.544,0,0,track_gang,CSM Tamping Machine,MEDIUM,61,6.6,2,45.8,21.1,0
HIST-BLK-02020,SEC_C02_10,Eluru - Vijayawada,Vijayawada,S&T,Signal Maintenance,60,2026-07-16,Thu,AFTERNOON_SLOT,15:19,16:19,919,979,1,0,0,1,8.0,0.869,0,0,ST_gang,None / Manual Tools,CRITICAL,100,11.3,1,19.2,71.9,0
HIST-BLK-02021,SEC_C02_01,Visakhapatnam - Duvvada,Visakhapatnam,S&T,Point Machine Overhaul,60,2026-08-10,Mon,PEAK_MORNING,09:05,10:05,545,605,3,1,1,2,10.0,0.139,0,1,ST_gang,Testing Van,MEDIUM,64,8.8,3,71.6,5.0,0
HIST-BLK-02022,SEC_C04_05,Yerraguntla - Kadapa,Guntakal,Traction,Substation Transformer Overhaul,270,2026-07-10,Fri,LATE_NIGHT,21:30,02:00,1290,1560,0,0,0,0,1.0,0.979,0,0,specialist_team,None / Manual Tools,HIGH,72,11.7,0,0.0,99.0,1
HIST-BLK-02023,SEC_C02_06,Samalkot - Rajahmundry,Vijayawada,Traction,Power Isolation Maintenance,150,2026-08-13,Thu,MIDDAY_FREIGHT_GAP,11:44,14:14,704,854,0,0,0,0,1.0,0.947,1,1,tower_wagon_crew,Tower Wagon,HIGH,74,3.4,1,18.9,61.5,0
HIST-BLK-02024,SEC_C03_06,Giddalur - Nandyal,Guntur,S&T,Axle Counter Replacement,150,2026-08-02,Sun,PEAK_MORNING,07:39,10:09,459,609,1,0,0,1,4.0,0.855,0,0,ST_gang,Testing Van,CRITICAL,94,10.2,1,23.8,64.5,0
HIST-BLK-02025,SEC_C01_07,Kavali - Nellore,Vijayawada,Traction,Insulator Washing & Replacement,90,2026-07-30,Thu,MIDDAY_FREIGHT_GAP,12:17,13:47,737,827,0,0,0,0,1.0,0.95,0,0,tower_wagon_crew,Tower Wagon,HIGH,78,7.8,0,0.0,99.0,1
HIST-BLK-02026,SEC_C02_06,Samalkot - Rajahmundry,Vijayawada,Traction,OHE Inspection,120,2026-08-28,Fri,PEAK_MORNING,08:09,10:09,489,609,3,0,1,2,7.0,0.353,0,0,tower_wagon_crew,Tower Wagon,MEDIUM,66,6.2,3,40.5,13.9,0
HIST-BLK-02027,SEC_C01_03,Bapatla - Chirala,Vijayawada,S&T,Signal Maintenance,60,2026-07-21,Tue,PEAK_MORNING,09:02,10:02,542,602,4,0,1,3,7.0,0.146,0,0,ST_gang,None / Manual Tools,HIGH,83,2.6,4,69.4,5.0,0
HIST-BLK-02028,SEC_C02_04,Tuni - Annavaram,Vijayawada,Engineering,Deep Screening Ballast,180,2026-08-23,Sun,AFTERNOON_SLOT,15:00,18:00,900,1080,0,0,0,0,1.0,0.941,0,0,track_gang,Ballast Regulator,MEDIUM,46,8.8,0,0.0,99.0,1
HIST-BLK-02029,SEC_C01_08,Nellore - Gudur,Vijayawada,S&T,Point Machine Overhaul,90,2026-08-07,Fri,MIDDAY_FREIGHT_GAP,12:29,13:59,749,839,0,0,0,0,1.0,0.93,1,0,ST_gang,Testing Van,CRITICAL,86,8.3,1,21.9,47.1,0
HIST-BLK-02030,SEC_C03_01,Guntur - Narasaraopet,Guntur,Traction,Cantilever Adjustment,135,2026-08-12,Wed,NIGHT_MEGABLOCK,01:42,03:57,102,237,0,0,0,0,1.0,0.963,0,0,tower_wagon_crew,Tower Wagon,CRITICAL,91,6.8,0,0.0,99.0,1
HIST-BLK-02031,SEC_C01_07,Kavali - Nellore,Vijayawada,Engineering,Rail Renewal,240,2026-08-11,Tue,PEAK_EVENING,17:45,21:45,1065,1305,1,1,0,1,9.0,0.593,0,0,track_gang,CSM Tamping Machine,HIGH,82,5.4,1,38.3,7.2,0
HIST-BLK-02032,SEC_C02_02,Duvvada - Anakapalle,Visakhapatnam,Traction,Cantilever Adjustment,150,2026-07-23,Thu,AFTERNOON_SLOT,15:00,17:30,900,1050,0,0,0,0,1.0,0.921,0,0,tower_wagon_crew,Tower Wagon,MEDIUM,68,5.1,0,0.0,99.0,1
HIST-BLK-02033,SEC_C03_02,Narasaraopet - Vinukonda,Guntur,S&T,Track Circuit Testing,90,2026-07-07,Tue,PEAK_EVENING,18:37,20:07,1117,1207,5,1,1,4,10.0,0.05,0,0,ST_gang,None / Manual Tools,LOW,44,2.7,5,68.1,5.0,0
HIST-BLK-02034,SEC_C03_02,Narasaraopet - Vinukonda,Guntur,S&T,Signal Maintenance,60,2026-07-02,Thu,MIDDAY_FREIGHT_GAP,11:43,12:43,703,763,2,1,0,2,10.0,0.295,0,1,ST_gang,None / Manual Tools,MEDIUM,59,9.2,2,49.7,5.0,0
HIST-BLK-02035,SEC_C02_08,Nidadavolu - Tadepalligudem,Vijayawada,S&T,Signal Maintenance,75,2026-07-23,Thu,PEAK_EVENING,18:25,19:40,1105,1180,4,0,1,3,7.0,0.125,1,0,ST_gang,None / Manual Tools,HIGH,82,3.5,5,85.2,5.0,0
HIST-BLK-02036,SEC_C03_05,Markapur Road - Giddalur,Guntur,Traction,Substation Transformer Overhaul,210,2026-08-12,Wed,LATE_NIGHT,21:30,01:00,1290,1500,1,0,1,0,3.0,0.79,0,0,specialist_team,None / Manual Tools,MEDIUM,57,4.3,1,18.8,71.5,0
HIST-BLK-02037,SEC_C02_04,Tuni - Annavaram,Vijayawada,Traction,Cantilever Adjustment,150,2026-08-13,Thu,NIGHT_MEGABLOCK,01:12,03:42,72,222,0,0,0,0,1.0,0.932,0,0,tower_wagon_crew,Tower Wagon,MEDIUM,56,8.5,0,0.0,99.0,1
HIST-BLK-02038,SEC_C04_04,Kondapuram - Yerraguntla,Guntakal,S&T,Axle Counter Replacement,150,2026-07-16,Thu,PEAK_MORNING,07:36,10:06,456,606,1,0,0,1,8.0,0.859,0,0,ST_gang,Testing Van,HIGH,77,5.2,1,20.8,69.8,0
HIST-BLK-02039,SEC_C04_08,Koduru - Renigunta,Guntakal,Engineering,Sleeper Replacement,165,2026-07-09,Thu,AFTERNOON_SLOT,15:00,17:45,900,1065,0,0,0,0,1.0,0.963,0,0,track_gang,Ballast Regulator,HIGH,72,5.1,0,0.0,99.0,1
HIST-BLK-02040,SEC_C02_05,Annavaram - Samalkot,Vijayawada,Traction,OHE Inspection,90,2026-07-18,Sat,EARLY_MORNING,04:33,06:03,273,363,0,0,0,0,1.0,0.968,1,0,tower_wagon_crew,Tower Wagon,LOW,29,11.7,1,18.4,49.8,0
HIST-BLK-02041,SEC_C02_07,Rajahmundry - Nidadavolu,Vijayawada,S&T,Axle Counter Replacement,150,2026-08-19,Wed,PEAK_EVENING,18:21,20:51,1101,1251,5,0,1,4,7.0,0.193,0,0,ST_gang,Testing Van,HIGH,70,11.7,5,80.9,5.0,0
HIST-BLK-02042,SEC_C04_06,Kadapa - Razampeta,Guntakal,Traction,Substation Transformer Overhaul,225,2026-08-21,Fri,PEAK_MORNING,07:30,11:15,450,675,5,0,1,4,7.0,0.108,0,0,specialist_team,None / Manual Tools,CRITICAL,88,11.5,5,84.7,5.0,0
HIST-BLK-02043,SEC_C04_07,Razampeta - Koduru,Guntakal,Traction,Cantilever Adjustment,180,2026-08-19,Wed,LATE_NIGHT,21:30,00:30,1290,1470,1,0,1,0,3.0,0.869,0,0,tower_wagon_crew,Tower Wagon,LOW,36,2.6,1,25.1,66.1,0
HIST-BLK-02044,SEC_C02_05,Annavaram - Samalkot,Vijayawada,Engineering,Track Maintenance,120,2026-08-10,Mon,PEAK_EVENING,18:06,20:06,1086,1206,4,0,1,3,8.0,0.062,0,0,track_gang,None / Manual Tools,CRITICAL,93,10.0,4,43.9,5.0,0
HIST-BLK-02045,SEC_C03_02,Narasaraopet - Vinukonda,Guntur,S&T,Track Circuit Testing,75,2026-07-17,Fri,PEAK_EVENING,19:05,20:20,1145,1220,4,1,1,3,10.0,0.05,0,0,ST_gang,None / Manual Tools,HIGH,81,4.5,4,61.7,5.0,0
HIST-BLK-02046,SEC_C03_04,Donakonda - Markapur Road,Guntur,Engineering,Turnout Overhaul,180,2026-08-28,Fri,MIDDAY_FREIGHT_GAP,11:30,14:30,690,870,2,0,0,2,6.0,0.534,0,1,track_gang,CSM Tamping Machine,LOW,41,7.3,2,38.0,41.3,0
HIST-BLK-02047,SEC_C02_06,Samalkot - Rajahmundry,Vijayawada,S&T,Cable Jointing & OFC,150,2026-08-02,Sun,PEAK_MORNING,07:54,10:24,474,624,2,0,1,1,8.0,0.655,0,1,ST_gang,Testing Van,LOW,28,1.8,2,25.0,49.9,0
HIST-BLK-02048,SEC_C02_08,Nidadavolu - Tadepalligudem,Vijayawada,Engineering,Turnout Overhaul,180,2026-07-18,Sat,NIGHT_MEGABLOCK,01:00,04:00,60,240,1,0,1,0,3.0,0.87,1,1,track_gang,CSM Tamping Machine,CRITICAL,93,5.6,2,41.6,20.4,0
HIST-BLK-02049,SEC_C04_02,Gooty - Tadipatri,Guntakal,S&T,Axle Counter Replacement,120,2026-07-03,Fri,PEAK_EVENING,18:58,20:58,1138,1258,2,0,1,1,8.0,0.578,0,0,ST_gang,Testing Van,LOW,27,9.3,2,29.5,42.1,0
HIST-BLK-02050,SEC_C04_07,Razampeta - Koduru,Guntakal,Traction,OHE Inspection,150,2026-07-27,Mon,EARLY_MORNING,04:30,07:00,270,420,0,0,0,0,1.0,0.997,0,0,tower_wagon_crew,Tower Wagon,HIGH,71,6.9,0,0.0,99.0,1
HIST-BLK-02051,SEC_C03_02,Narasaraopet - Vinukonda,Guntur,Engineering,Weld Rectification,90,2026-08-22,Sat,AFTERNOON_SLOT,15:14,16:44,914,1004,0,0,0,0,1.0,0.924,1,0,track_gang,USFD Flaw Detector,LOW,41,8.4,1,26.9,38.0,0
HIST-BLK-02052,SEC_C04_04,Kondapuram - Yerraguntla,Guntakal,S&T,Track Circuit Testing,45,2026-08-07,Fri,AFTERNOON_SLOT,15:10,15:55,910,955,0,0,0,0,1.0,0.952,0,1,ST_gang,None / Manual Tools,HIGH,77,9.7,0,0.0,99.0,1
HIST-BLK-02053,SEC_C01_03,Bapatla - Chirala,Vijayawada,Traction,Substation Transformer Overhaul,270,2026-08-18,Tue,MIDDAY_FREIGHT_GAP,11:30,16:00,690,960,1,0,0,1,8.0,0.845,0,0,specialist_team,None / Manual Tools,HIGH,74,2.7,1,31.1,57.3,0
HIST-BLK-02054,SEC_C01_04,Chirala - Ongole,Vijayawada,Engineering,Weld Rectification,60,2026-08-17,Mon,LATE_NIGHT,22:17,23:17,1337,1397,1,0,0,1,8.0,0.836,0,1,track_gang,USFD Flaw Detector,CRITICAL,92,5.6,1,20.5,79.9,0
HIST-BLK-02055,SEC_C02_04,Tuni - Annavaram,Vijayawada,Engineering,Rail Renewal,225,2026-07-05,Sun,AFTERNOON_SLOT,15:00,18:45,900,1125,0,0,0,0,1.0,0.94,1,0,track_gang,CSM Tamping Machine,LOW,43,11.5,1,21.0,44.1,0
HIST-BLK-02056,SEC_C02_04,Tuni - Annavaram,Vijayawada,Engineering,Sleeper Replacement,195,2026-08-17,Mon,LATE_NIGHT,21:30,00:45,1290,1485,1,0,0,1,7.0,0.783,0,0,track_gang,Ballast Regulator,MEDIUM,59,1.6,1,26.4,64.1,0
HIST-BLK-02057,SEC_C02_07,Rajahmundry - Nidadavolu,Vijayawada,Engineering,Rail Renewal,255,2026-07-15,Wed,LATE_NIGHT,21:30,01:45,1290,1545,1,0,0,1,4.0,0.83,1,0,track_gang,CSM Tamping Machine,HIGH,72,4.0,2,56.6,5.0,0
HIST-BLK-02058,SEC_C03_04,Donakonda - Markapur Road,Guntur,S&T,Axle Counter Replacement,135,2026-07-14,Tue,LATE_NIGHT,21:30,23:45,1290,1425,0,0,0,0,1.0,0.948,0,0,ST_gang,Testing Van,CRITICAL,88,11.0,0,0.0,99.0,1
HIST-BLK-02059,SEC_C02_02,Duvvada - Anakapalle,Visakhapatnam,Traction,Power Isolation Maintenance,165,2026-07-06,Mon,AFTERNOON_SLOT,15:00,17:45,900,1065,0,0,0,0,1.0,0.946,0,0,tower_wagon_crew,Tower Wagon,MEDIUM,65,7.6,0,0.0,99.0,1
HIST-BLK-02060,SEC_C03_04,Donakonda - Markapur Road,Guntur,Traction,Contact Wire Height Regulation,150,2026-08-01,Sat,MIDDAY_FREIGHT_GAP,11:32,14:02,692,842,2,0,0,2,6.0,0.654,1,0,tower_wagon_crew,Tower Wagon,MEDIUM,51,6.2,3,48.2,5.0,0
HIST-BLK-02061,SEC_C02_09,Tadepalligudem - Eluru,Vijayawada,Traction,Contact Wire Height Regulation,150,2026-07-22,Wed,NIGHT_MEGABLOCK,01:30,04:00,90,240,0,0,0,0,1.0,0.963,0,0,tower_wagon_crew,Tower Wagon,HIGH,80,7.4,0,0.0,99.0,1
HIST-BLK-02062,SEC_C04_06,Kadapa - Razampeta,Guntakal,S&T,Axle Counter Replacement,120,2026-08-25,Tue,PEAK_EVENING,18:40,20:40,1120,1240,2,1,1,1,10.0,0.3,0,0,ST_gang,Testing Van,HIGH,84,3.9,2,49.1,5.0,0
HIST-BLK-02063,SEC_C01_03,Bapatla - Chirala,Vijayawada,Engineering,Turnout Overhaul,165,2026-07-17,Fri,AFTERNOON_SLOT,15:00,17:45,900,1065,0,0,0,0,1.0,0.983,0,0,track_gang,CSM Tamping Machine,MEDIUM,68,9.4,0,0.0,99.0,1
HIST-BLK-02064,SEC_C02_09,Tadepalligudem - Eluru,Vijayawada,S&T,Signal Maintenance,45,2026-07-20,Mon,AFTERNOON_SLOT,15:35,16:20,935,980,0,0,0,0,1.0,0.992,0,0,ST_gang,None / Manual Tools,LOW,38,6.1,0,0.0,99.0,1
HIST-BLK-02065,SEC_C01_08,Nellore - Gudur,Vijayawada,Traction,OHE Inspection,120,2026-07-25,Sat,NIGHT_MEGABLOCK,01:54,03:54,114,234,0,0,0,0,1.0,0.943,0,0,tower_wagon_crew,Tower Wagon,HIGH,84,10.9,0,0.0,99.0,1
HIST-BLK-02066,SEC_C03_02,Narasaraopet - Vinukonda,Guntur,S&T,Axle Counter Replacement,90,2026-07-07,Tue,NIGHT_MEGABLOCK,01:06,02:36,66,156,0,0,0,0,1.0,0.999,0,0,ST_gang,Testing Van,HIGH,79,8.6,0,0.0,99.0,1
HIST-BLK-02067,SEC_C03_04,Donakonda - Markapur Road,Guntur,S&T,Point Machine Overhaul,105,2026-08-06,Thu,LATE_NIGHT,21:44,23:29,1304,1409,1,0,1,0,3.0,0.819,0,0,ST_gang,Testing Van,MEDIUM,54,11.9,1,13.5,76.7,0
HIST-BLK-02068,SEC_C01_01,Vijayawada - Tenali,Vijayawada,Traction,Insulator Washing & Replacement,120,2026-08-13,Thu,MIDDAY_FREIGHT_GAP,12:03,14:03,723,843,0,0,0,0,1.0,0.989,0,0,tower_wagon_crew,Tower Wagon,MEDIUM,45,7.7,0,0.0,99.0,1
HIST-BLK-02069,SEC_C04_03,Tadipatri - Kondapuram,Guntakal,Engineering,Turnout Overhaul,195,2026-07-09,Thu,MIDDAY_FREIGHT_GAP,11:30,14:45,690,885,0,0,0,0,1.0,0.983,0,0,track_gang,CSM Tamping Machine,HIGH,84,6.1,0,0.0,99.0,1
HIST-BLK-02070,SEC_C01_03,Bapatla - Chirala,Vijayawada,Traction,Power Isolation Maintenance,195,2026-08-06,Thu,LATE_NIGHT,21:30,00:45,1290,1485,0,0,0,0,1.0,0.95,0,0,tower_wagon_crew,Tower Wagon,HIGH,75,11.2,0,0.0,99.0,1
HIST-BLK-02071,SEC_C01_06,Singarayakonda - Kavali,Vijayawada,Engineering,Sleeper Replacement,165,2026-07-23,Thu,NIGHT_MEGABLOCK,01:04,03:49,64,229,0,0,0,0,1.0,0.954,0,0,track_gang,Ballast Regulator,HIGH,71,8.4,0,0.0,99.0,1
HIST-BLK-02072,SEC_C02_05,Annavaram - Samalkot,Vijayawada,Engineering,Turnout Overhaul,165,2026-08-13,Thu,LATE_NIGHT,21:30,00:15,1290,1455,1,0,1,0,3.0,0.859,0,0,track_gang,CSM Tamping Machine,HIGH,77,9.8,1,24.4,67.8,0
HIST-BLK-02073,SEC_C04_01,Guntakal - Gooty,Guntakal,Traction,Cantilever Adjustment,180,2026-07-15,Wed,PEAK_EVENING,17:45,20:45,1065,1245,5,0,1,4,7.0,0.079,0,1,tower_wagon_crew,Tower Wagon,HIGH,82,4.7,5,55.8,5.0,0
HIST-BLK-02074,SEC_C04_07,Razampeta - Koduru,Guntakal,Traction,OHE Inspection,90,2026-08-20,Thu,MIDDAY_FREIGHT_GAP,12:03,13:33,723,813,0,0,0,0,1.0,0.94,0,0,tower_wagon_crew,Tower Wagon,LOW,37,9.7,0,0.0,99.0,1
HIST-BLK-02075,SEC_C01_07,Kavali - Nellore,Vijayawada,Engineering,Weld Rectification,120,2026-08-18,Tue,LATE_NIGHT,21:30,23:30,1290,1410,0,0,0,0,1.0,0.949,0,1,track_gang,USFD Flaw Detector,LOW,24,4.1,0,0.0,99.0,1
HIST-BLK-02076,SEC_C03_02,Narasaraopet - Vinukonda,Guntur,Engineering,Rail Renewal,240,2026-08-21,Fri,NIGHT_MEGABLOCK,01:00,05:00,60,300,0,0,0,0,1.0,0.989,0,0,track_gang,CSM Tamping Machine,LOW,37,7.2,0,0.0,99.0,1
HIST-BLK-02077,SEC_C02_04,Tuni - Annavaram,Vijayawada,Engineering,Turnout Overhaul,210,2026-08-07,Fri,EARLY_MORNING,04:30,08:00,270,480,1,1,0,1,10.0,0.547,0,1,track_gang,CSM Tamping Machine,HIGH,72,10.9,1,39.3,15.9,0
HIST-BLK-02078,SEC_C04_02,Gooty - Tadipatri,Guntakal,S&T,Point Machine Overhaul,105,2026-08-19,Wed,AFTERNOON_SLOT,15:42,17:27,942,1047,0,0,0,0,1.0,0.931,0,0,ST_gang,Testing Van,MEDIUM,63,11.2,0,0.0,99.0,1
HIST-BLK-02079,SEC_C02_05,Annavaram - Samalkot,Vijayawada,Traction,OHE Inspection,120,2026-08-21,Fri,EARLY_MORNING,04:55,06:55,295,415,0,0,0,0,1.0,0.945,1,0,tower_wagon_crew,Tower Wagon,HIGH,83,6.5,1,25.0,41.4,0
HIST-BLK-02080,SEC_C03_02,Narasaraopet - Vinukonda,Guntur,Engineering,Sleeper Replacement,150,2026-07-16,Thu,EARLY_MORNING,04:30,07:00,270,420,0,0,0,0,1.0,0.981,1,1,track_gang,Ballast Regulator,MEDIUM,61,4.9,1,25.5,50.4,0
HIST-BLK-02081,SEC_C04_08,Koduru - Renigunta,Guntakal,S&T,Track Circuit Testing,105,2026-07-06,Mon,EARLY_MORNING,04:31,06:16,271,376,0,0,0,0,1.0,0.932,1,0,ST_gang,None / Manual Tools,HIGH,70,5.3,1,20.5,45.9,0
HIST-BLK-02082,SEC_C04_02,Gooty - Tadipatri,Guntakal,S&T,Interlocking Inspection,90,2026-08-09,Sun,EARLY_MORNING,05:12,06:42,312,402,0,0,0,0,1.0,0.989,0,0,ST_gang,None / Manual Tools,CRITICAL,99,2.9,0,0.0,99.0,1
HIST-BLK-02083,SEC_C01_02,Tenali - Bapatla,Vijayawada,Engineering,Rail Renewal,225,2026-07-26,Sun,PEAK_EVENING,17:45,21:30,1065,1290,2,1,0,2,9.0,0.372,1,1,track_gang,CSM Tamping Machine,HIGH,78,10.6,3,75.2,5.0,0
HIST-BLK-02084,SEC_C02_05,Annavaram - Samalkot,Vijayawada,Engineering,Track Maintenance,135,2026-07-24,Fri,AFTERNOON_SLOT,15:15,17:30,915,1050,0,0,0,0,1.0,0.931,0,0,track_gang,None / Manual Tools,HIGH,76,1.6,0,0.0,99.0,1
HIST-BLK-02085,SEC_C01_06,Singarayakonda - Kavali,Vijayawada,S&T,Track Circuit Testing,75,2026-08-08,Sat,EARLY_MORNING,04:59,06:14,299,374,0,0,0,0,1.0,0.931,0,0,ST_gang,None / Manual Tools,HIGH,78,6.8,0,0.0,99.0,1
HIST-BLK-02086,SEC_C04_06,Kadapa - Razampeta,Guntakal,Engineering,Track Maintenance,120,2026-07-03,Fri,PEAK_EVENING,17:58,19:58,1078,1198,5,0,1,4,8.0,0.15,0,0,track_gang,None / Manual Tools,CRITICAL,88,2.0,5,88.4,5.0,0
HIST-BLK-02087,SEC_C03_05,Markapur Road - Giddalur,Guntur,Engineering,Turnout Overhaul,165,2026-08-15,Sat,EARLY_MORNING,04:30,07:15,270,435,0,0,0,0,1.0,0.998,0,0,track_gang,CSM Tamping Machine,HIGH,70,10.4,0,0.0,99.0,1
HIST-BLK-02088,SEC_C03_04,Donakonda - Markapur Road,Guntur,Traction,Power Isolation Maintenance,195,2026-08-28,Fri,NIGHT_MEGABLOCK,01:00,04:15,60,255,0,0,0,0,1.0,0.997,0,0,tower_wagon_crew,Tower Wagon,MEDIUM,56,2.3,0,0.0,99.0,1
HIST-BLK-02089,SEC_C04_05,Yerraguntla - Kadapa,Guntakal,Engineering,Rail Renewal,255,2026-07-11,Sat,NIGHT_MEGABLOCK,01:00,05:15,60,315,0,0,0,0,1.0,0.957,0,0,track_gang,CSM Tamping Machine,MEDIUM,59,11.9,0,0.0,99.0,1
HIST-BLK-02090,SEC_C02_04,Tuni - Annavaram,Vijayawada,S&T,Interlocking Inspection,90,2026-08-22,Sat,EARLY_MORNING,05:07,06:37,307,397,0,0,0,0,1.0,0.953,0,0,ST_gang,None / Manual Tools,HIGH,81,7.2,0,0.0,99.0,1
HIST-BLK-02091,SEC_C02_04,Tuni - Annavaram,Vijayawada,S&T,Cable Jointing & OFC,165,2026-08-30,Sun,LATE_NIGHT,21:30,00:15,1290,1455,0,0,0,0,1.0,0.978,0,0,ST_gang,Testing Van,HIGH,83,3.3,0,0.0,99.0,1
HIST-BLK-02092,SEC_C03_02,Narasaraopet - Vinukonda,Guntur,Engineering,Deep Screening Ballast,210,2026-07-13,Mon,PEAK_EVENING,17:45,21:15,1065,1275,1,0,1,0,3.0,0.868,0,0,track_gang,Ballast Regulator,LOW,39,3.2,1,28.2,60.9,0
HIST-BLK-02093,SEC_C04_07,Razampeta - Koduru,Guntakal,Engineering,Rail Renewal,240,2026-08-18,Tue,PEAK_EVENING,17:45,21:45,1065,1305,1,0,0,1,7.0,0.865,0,0,track_gang,CSM Tamping Machine,HIGH,71,7.5,1,27.6,60.8,0
HIST-BLK-02094,SEC_C01_02,Tenali - Bapatla,Vijayawada,Traction,Cantilever Adjustment,135,2026-07-19,Sun,MIDDAY_FREIGHT_GAP,12:07,14:22,727,862,2,0,0,2,8.0,0.656,1,1,tower_wagon_crew,Tower Wagon,LOW,40,4.5,3,56.1,5.0,0
HIST-BLK-02095,SEC_C02_07,Rajahmundry - Nidadavolu,Vijayawada,S&T,Axle Counter Replacement,105,2026-07-19,Sun,EARLY_MORNING,04:55,06:40,295,400,1,0,0,1,7.0,0.818,0,1,ST_gang,Testing Van,MEDIUM,67,4.2,1,14.8,74.3,0
HIST-BLK-02096,SEC_C04_03,Tadipatri - Kondapuram,Guntakal,Traction,Power Isolation Maintenance,150,2026-08-08,Sat,LATE_NIGHT,21:30,00:00,1290,1440,1,0,1,0,3.0,0.876,0,0,tower_wagon_crew,Tower Wagon,LOW,40,8.6,1,17.0,73.8,0
HIST-BLK-02097,SEC_C01_08,Nellore - Gudur,Vijayawada,S&T,Point Machine Overhaul,75,2026-07-26,Sun,PEAK_MORNING,07:38,08:53,458,533,4,0,1,3,8.0,0.113,0,0,ST_gang,Testing Van,LOW,20,7.0,4,40.8,5.0,0
HIST-BLK-02098,SEC_C02_07,Rajahmundry - Nidadavolu,Vijayawada,Engineering,Rail Renewal,255,2026-08-03,Mon,PEAK_EVENING,17:45,22:00,1065,1320,1,0,0,1,4.0,0.807,1,0,track_gang,CSM Tamping Machine,MEDIUM,50,4.0,2,55.1,5.0,0
HIST-BLK-02099,SEC_C04_03,Tadipatri - Kondapuram,Guntakal,Traction,Contact Wire Height Regulation,210,2026-07-31,Fri,LATE_NIGHT,21:30,01:00,1290,1500,0,0,0,0,1.0,0.995,0,1,tower_wagon_crew,Tower Wagon,LOW,27,3.3,0,0.0,99.0,1
HIST-BLK-02100,SEC_C02_03,Anakapalle - Tuni,Visakhapatnam,Traction,Cantilever Adjustment,150,2026-08-16,Sun,LATE_NIGHT,21:30,00:00,1290,1440,1,0,1,0,3.0,0.812,1,0,tower_wagon_crew,Tower Wagon,CRITICAL,89,7.5,2,47.0,5.0,0
HIST-BLK-02101,SEC_C04_06,Kadapa - Razampeta,Guntakal,S&T,Signal Maintenance,90,2026-07-20,Mon,PEAK_MORNING,07:48,09:18,468,558,5,0,1,4,7.0,0.176,0,0,ST_gang,None / Manual Tools,MEDIUM,55,9.0,5,58.7,5.0,0
HIST-BLK-02102,SEC_C01_08,Nellore - Gudur,Vijayawada,S&T,Interlocking Inspection,90,2026-08-08,Sat,EARLY_MORNING,05:16,06:46,316,406,1,0,0,1,4.0,0.851,0,0,ST_gang,None / Manual Tools,CRITICAL,92,10.6,1,22.0,67.2,0
HIST-BLK-02103,SEC_C02_05,Annavaram - Samalkot,Vijayawada,S&T,Point Machine Overhaul,120,2026-08-06,Thu,MIDDAY_FREIGHT_GAP,12:07,14:07,727,847,0,0,0,0,1.0,0.922,0,0,ST_gang,Testing Van,HIGH,76,10.6,0,0.0,99.0,1
HIST-BLK-02104,SEC_C03_05,Markapur Road - Giddalur,Guntur,Engineering,Weld Rectification,90,2026-08-05,Wed,PEAK_EVENING,18:13,19:43,1093,1183,4,0,1,3,7.0,0.174,0,0,track_gang,USFD Flaw Detector,MEDIUM,48,11.3,4,45.8,5.0,0
HIST-BLK-02105,SEC_C02_06,Samalkot - Rajahmundry,Vijayawada,Engineering,Turnout Overhaul,165,2026-07-28,Tue,PEAK_MORNING,07:33,10:18,453,618,1,0,0,1,6.0,0.865,0,1,track_gang,CSM Tamping Machine,HIGH,85,7.5,1,20.0,82.4,0
HIST-BLK-02106,SEC_C04_06,Kadapa - Razampeta,Guntakal,Engineering,Track Maintenance,105,2026-07-15,Wed,PEAK_MORNING,07:35,09:20,455,560,4,0,1,3,8.0,0.057,0,0,track_gang,None / Manual Tools,HIGH,74,6.6,4,40.8,5.0,0
HIST-BLK-02107,SEC_C03_03,Vinukonda - Donakonda,Guntur,Traction,Contact Wire Height Regulation,150,2026-08-21,Fri,AFTERNOON_SLOT,15:00,17:30,900,1050,0,0,0,0,1.0,0.996,0,1,tower_wagon_crew,Tower Wagon,HIGH,71,8.3,0,0.0,99.0,1
HIST-BLK-02108,SEC_C03_02,Narasaraopet - Vinukonda,Guntur,S&T,Axle Counter Replacement,120,2026-07-05,Sun,NIGHT_MEGABLOCK,01:37,03:37,97,217,0,0,0,0,1.0,0.95,1,0,ST_gang,Testing Van,HIGH,72,9.9,1,15.5,53.3,0
HIST-BLK-02109,SEC_C01_05,Ongole - Singarayakonda,Vijayawada,Traction,OHE Inspection,105,2026-08-22,Sat,PEAK_EVENING,18:29,20:14,1109,1214,2,1,1,1,10.0,0.384,0,0,tower_wagon_crew,Tower Wagon,MEDIUM,54,9.5,2,47.9,5.0,0
HIST-BLK-02110,SEC_C03_04,Donakonda - Markapur Road,Guntur,Traction,Contact Wire Height Regulation,180,2026-07-23,Thu,MIDDAY_FREIGHT_GAP,11:30,14:30,690,870,2,0,0,2,6.0,0.671,0,0,tower_wagon_crew,Tower Wagon,LOW,32,11.6,2,37.6,32.5,0
HIST-BLK-02111,SEC_C02_10,Eluru - Vijayawada,Vijayawada,S&T,Point Machine Overhaul,60,2026-08-23,Sun,LATE_NIGHT,22:25,23:25,1345,1405,1,0,1,0,3.0,0.792,0,0,ST_gang,Testing Van,HIGH,72,8.4,1,19.9,71.0,0
HIST-BLK-02112,SEC_C02_08,Nidadavolu - Tadepalligudem,Vijayawada,S&T,Point Machine Overhaul,60,2026-08-25,Tue,LATE_NIGHT,21:30,22:30,1290,1350,1,0,1,0,3.0,0.826,1,1,ST_gang,Testing Van,LOW,30,4.8,2,37.4,14.2,0
HIST-BLK-02113,SEC_C04_03,Tadipatri - Kondapuram,Guntakal,Traction,Contact Wire Height Regulation,180,2026-08-26,Wed,NIGHT_MEGABLOCK,01:00,04:00,60,240,1,0,0,1,4.0,0.811,0,1,tower_wagon_crew,Tower Wagon,MEDIUM,67,11.3,1,17.4,84.7,0
HIST-BLK-02114,SEC_C01_03,Bapatla - Chirala,Vijayawada,Engineering,Track Maintenance,90,2026-08-28,Fri,PEAK_MORNING,08:23,09:53,503,593,2,0,1,1,7.0,0.608,0,1,track_gang,None / Manual Tools,HIGH,73,4.5,2,40.0,39.6,0
HIST-BLK-02115,SEC_C01_08,Nellore - Gudur,Vijayawada,S&T,Point Machine Overhaul,105,2026-08-03,Mon,NIGHT_MEGABLOCK,01:52,03:37,112,217,0,0,0,0,1.0,0.958,1,0,ST_gang,Testing Van,MEDIUM,56,5.2,1,21.3,47.1,0
HIST-BLK-02116,SEC_C03_05,Markapur Road - Giddalur,Guntur,Traction,OHE Inspection,150,2026-08-07,Fri,MIDDAY_FREIGHT_GAP,11:40,14:10,700,850,0,0,0,0,1.0,0.999,0,0,tower_wagon_crew,Tower Wagon,MEDIUM,62,3.3,0,0.0,99.0,1
HIST-BLK-02117,SEC_C04_07,Razampeta - Koduru,Guntakal,Engineering,Deep Screening Ballast,210,2026-07-11,Sat,LATE_NIGHT,21:30,01:00,1290,1500,1,0,1,0,3.0,0.844,0,0,track_gang,Ballast Regulator,MEDIUM,66,6.2,1,24.8,64.9,0
HIST-BLK-02118,SEC_C03_05,Markapur Road - Giddalur,Guntur,S&T,Track Circuit Testing,45,2026-07-30,Thu,AFTERNOON_SLOT,15:28,16:13,928,973,0,0,0,0,1.0,0.978,0,0,ST_gang,None / Manual Tools,MEDIUM,45,9.6,0,0.0,99.0,1
HIST-BLK-02119,SEC_C03_06,Giddalur - Nandyal,Guntur,Engineering,Deep Screening Ballast,210,2026-07-23,Thu,PEAK_MORNING,07:30,11:00,450,660,1,0,0,1,4.0,0.841,0,0,track_gang,Ballast Regulator,HIGH,84,6.5,1,24.1,68.1,0
HIST-BLK-02120,SEC_C04_01,Guntakal - Gooty,Guntakal,Traction,Insulator Washing & Replacement,150,2026-07-27,Mon,MIDDAY_FREIGHT_GAP,11:41,14:11,701,851,0,0,0,0,1.0,0.925,0,1,tower_wagon_crew,Tower Wagon,MEDIUM,69,6.0,0,0.0,99.0,1
HIST-BLK-02121,SEC_C01_03,Bapatla - Chirala,Vijayawada,S&T,Cable Jointing & OFC,165,2026-08-20,Thu,PEAK_MORNING,07:42,10:27,462,627,1,0,0,1,4.0,0.801,0,0,ST_gang,Testing Van,HIGH,72,8.4,1,18.3,74.2,0
HIST-BLK-02122,SEC_C01_02,Tenali - Bapatla,Vijayawada,Traction,OHE Inspection,105,2026-07-23,Thu,AFTERNOON_SLOT,15:22,17:07,922,1027,0,0,0,0,1.0,0.954,0,0,tower_wagon_crew,Tower Wagon,MEDIUM,51,6.5,0,0.0,99.0,1
HIST-BLK-02123,SEC_C01_02,Tenali - Bapatla,Vijayawada,Traction,Power Isolation Maintenance,150,2026-07-25,Sat,MIDDAY_FREIGHT_GAP,11:52,14:22,712,862,2,0,0,2,8.0,0.6,1,0,tower_wagon_crew,Tower Wagon,CRITICAL,98,5.4,3,59.6,5.0,0
HIST-BLK-02124,SEC_C01_07,Kavali - Nellore,Vijayawada,Engineering,Rail Renewal,270,2026-07-04,Sat,EARLY_MORNING,04:30,09:00,270,540,3,0,1,2,8.0,0.441,0,1,track_gang,CSM Tamping Machine,LOW,29,2.1,3,47.8,15.9,0
HIST-BLK-02125,SEC_C01_03,Bapatla - Chirala,Vijayawada,Traction,Substation Transformer Overhaul,270,2026-07-03,Fri,PEAK_EVENING,17:45,22:15,1065,1335,1,0,0,1,8.0,0.836,0,0,specialist_team,None / Manual Tools,LOW,26,8.1,1,23.9,66.1,0
HIST-BLK-02126,SEC_C02_01,Visakhapatnam - Duvvada,Visakhapatnam,S&T,Axle Counter Replacement,90,2026-07-26,Sun,EARLY_MORNING,04:30,06:00,270,360,0,0,0,0,1.0,0.936,0,1,ST_gang,Testing Van,MEDIUM,54,8.5,0,0.0,99.0,1
HIST-BLK-02127,SEC_C01_06,Singarayakonda - Kavali,Vijayawada,S&T,Point Machine Overhaul,90,2026-07-11,Sat,AFTERNOON_SLOT,15:19,16:49,919,1009,0,0,0,0,1.0,0.969,0,0,ST_gang,Testing Van,HIGH,70,4.4,0,0.0,99.0,1
HIST-BLK-02128,SEC_C04_03,Tadipatri - Kondapuram,Guntakal,S&T,Track Circuit Testing,75,2026-08-18,Tue,MIDDAY_FREIGHT_GAP,11:49,13:04,709,784,0,0,0,0,1.0,0.961,0,0,ST_gang,None / Manual Tools,HIGH,76,9.9,0,0.0,99.0,1
HIST-BLK-02129,SEC_C03_04,Donakonda - Markapur Road,Guntur,Engineering,Sleeper Replacement,180,2026-08-10,Mon,MIDDAY_FREIGHT_GAP,11:30,14:30,690,870,2,0,0,2,6.0,0.51,1,0,track_gang,Ballast Regulator,HIGH,77,11.5,3,46.5,5.0,0
HIST-BLK-02130,SEC_C01_07,Kavali - Nellore,Vijayawada,Engineering,Rail Renewal,210,2026-08-12,Wed,PEAK_MORNING,07:30,11:00,450,660,2,0,1,1,7.0,0.666,0,0,track_gang,CSM Tamping Machine,LOW,25,11.0,2,33.2,39.0,0
HIST-BLK-02131,SEC_C04_04,Kondapuram - Yerraguntla,Guntakal,Engineering,Deep Screening Ballast,225,2026-08-21,Fri,NIGHT_MEGABLOCK,01:00,04:45,60,285,0,0,0,0,1.0,0.937,0,0,track_gang,Ballast Regulator,CRITICAL,94,6.6,0,0.0,99.0,1
HIST-BLK-02132,SEC_C04_01,Guntakal - Gooty,Guntakal,Engineering,Sleeper Replacement,150,2026-07-21,Tue,EARLY_MORNING,04:30,07:00,270,420,1,0,0,1,4.0,0.827,0,0,track_gang,Ballast Regulator,MEDIUM,62,4.5,1,18.5,69.9,0
HIST-BLK-02133,SEC_C02_03,Anakapalle - Tuni,Visakhapatnam,S&T,Cable Jointing & OFC,165,2026-07-10,Fri,PEAK_MORNING,07:42,10:27,462,627,3,0,1,2,7.0,0.424,0,1,ST_gang,Testing Van,HIGH,72,11.4,3,57.4,5.0,0
HIST-BLK-02134,SEC_C01_03,Bapatla - Chirala,Vijayawada,Traction,Power Isolation Maintenance,180,2026-08-13,Thu,MIDDAY_FREIGHT_GAP,11:30,14:30,690,870,0,0,0,0,1.0,0.971,0,0,tower_wagon_crew,Tower Wagon,MEDIUM,53,4.1,0,0.0,99.0,1
HIST-BLK-02135,SEC_C01_01,Vijayawada - Tenali,Vijayawada,S&T,Signal Maintenance,45,2026-07-17,Fri,MIDDAY_FREIGHT_GAP,11:53,12:38,713,758,0,0,0,0,1.0,0.99,1,1,ST_gang,None / Manual Tools,MEDIUM,68,7.6,1,27.0,38.5,0
HIST-BLK-02136,SEC_C03_03,Vinukonda - Donakonda,Guntur,S&T,Cable Jointing & OFC,180,2026-08-08,Sat,EARLY_MORNING,04:30,07:30,270,450,1,1,0,1,9.0,0.619,0,0,ST_gang,Testing Van,MEDIUM,58,3.7,1,25.9,23.1,0
HIST-BLK-02137,SEC_C02_10,Eluru - Vijayawada,Vijayawada,Engineering,Turnout Overhaul,150,2026-08-03,Mon,NIGHT_MEGABLOCK,01:03,03:33,63,213,0,0,0,0,1.0,1.0,0,0,track_gang,CSM Tamping Machine,MEDIUM,48,5.1,0,0.0,99.0,1
HIST-BLK-02138,SEC_C02_07,Rajahmundry - Nidadavolu,Vijayawada,Engineering,Rail Renewal,270,2026-07-08,Wed,MIDDAY_FREIGHT_GAP,11:30,16:00,690,960,0,0,0,0,1.0,0.99,0,1,track_gang,CSM Tamping Machine,MEDIUM,54,5.3,0,0.0,99.0,1
HIST-BLK-02139,SEC_C02_10,Eluru - Vijayawada,Vijayawada,Engineering,Sleeper Replacement,180,2026-07-07,Tue,PEAK_MORNING,07:30,10:30,450,630,1,0,0,1,8.0,0.846,0,1,track_gang,Ballast Regulator,MEDIUM,61,2.6,1,25.1,74.1,0
HIST-BLK-02140,SEC_C04_01,Guntakal - Gooty,Guntakal,S&T,Track Circuit Testing,75,2026-07-09,Thu,LATE_NIGHT,21:39,22:54,1299,1374,1,0,1,0,3.0,0.826,0,0,ST_gang,None / Manual Tools,MEDIUM,60,6.3,1,14.4,75.9,0
HIST-BLK-02141,SEC_C04_05,Yerraguntla - Kadapa,Guntakal,S&T,Track Circuit Testing,90,2026-08-10,Mon,AFTERNOON_SLOT,15:39,17:09,939,1029,0,0,0,0,1.0,0.994,0,0,ST_gang,None / Manual Tools,MEDIUM,45,7.9,0,0.0,99.0,1
HIST-BLK-02142,SEC_C04_02,Gooty - Tadipatri,Guntakal,Traction,Insulator Washing & Replacement,120,2026-07-06,Mon,EARLY_MORNING,04:56,06:56,296,416,0,0,0,0,1.0,0.97,1,0,tower_wagon_crew,Tower Wagon,LOW,22,3.9,1,21.4,48.3,0
HIST-BLK-02143,SEC_C03_05,Markapur Road - Giddalur,Guntur,Engineering,Track Maintenance,150,2026-08-11,Tue,AFTERNOON_SLOT,15:00,17:30,900,1050,0,0,0,0,1.0,0.924,0,0,track_gang,None / Manual Tools,HIGH,82,1.9,0,0.0,99.0,1
HIST-BLK-02144,SEC_C04_02,Gooty - Tadipatri,Guntakal,Traction,Cantilever Adjustment,150,2026-07-27,Mon,LATE_NIGHT,21:30,00:00,1290,1440,1,0,1,0,3.0,0.812,0,1,tower_wagon_crew,Tower Wagon,HIGH,82,4.4,1,18.4,82.3,0
HIST-BLK-02145,SEC_C04_06,Kadapa - Razampeta,Guntakal,Traction,Cantilever Adjustment,165,2026-07-25,Sat,LATE_NIGHT,21:30,00:15,1290,1455,0,0,0,0,1.0,0.967,0,0,tower_wagon_crew,Tower Wagon,MEDIUM,53,6.4,0,0.0,99.0,1
HIST-BLK-02146,SEC_C02_08,Nidadavolu - Tadepalligudem,Vijayawada,S&T,Signal Maintenance,45,2026-07-04,Sat,MIDDAY_FREIGHT_GAP,13:29,14:14,809,854,1,0,1,0,3.0,0.78,0,0,ST_gang,None / Manual Tools,CRITICAL,93,3.8,1,15.1,75.9,0
HIST-BLK-02147,SEC_C03_02,Narasaraopet - Vinukonda,Guntur,Traction,Power Isolation Maintenance,165,2026-08-22,Sat,NIGHT_MEGABLOCK,01:14,03:59,74,239,0,0,0,0,1.0,0.929,1,0,tower_wagon_crew,Tower Wagon,LOW,34,5.9,1,15.8,50.3,0
HIST-BLK-02148,SEC_C01_02,Tenali - Bapatla,Vijayawada,Engineering,Track Maintenance,120,2026-07-19,Sun,PEAK_MORNING,07:35,09:35,455,575,4,1,1,3,10.0,0.05,0,0,track_gang,None / Manual Tools,HIGH,77,6.9,4,83.5,5.0,0
HIST-BLK-02149,SEC_C03_04,Donakonda - Markapur Road,Guntur,S&T,Point Machine Overhaul,75,2026-08-06,Thu,NIGHT_MEGABLOCK,02:01,03:16,121,196,0,0,0,0,1.0,0.922,0,0,ST_gang,Testing Van,HIGH,77,10.7,0,0.0,99.0,1
HIST-BLK-02150,SEC_C03_02,Narasaraopet - Vinukonda,Guntur,Traction,Substation Transformer Overhaul,255,2026-08-07,Fri,EARLY_MORNING,04:30,08:45,270,525,0,0,0,0,1.0,0.951,0,0,specialist_team,None / Manual Tools,HIGH,81,2.7,0,0.0,99.0,1
HIST-BLK-02151,SEC_C04_07,Razampeta - Koduru,Guntakal,Traction,Contact Wire Height Regulation,165,2026-07-07,Tue,MIDDAY_FREIGHT_GAP,11:36,14:21,696,861,0,0,0,0,1.0,0.997,0,0,tower_wagon_crew,Tower Wagon,LOW,44,4.4,0,0.0,99.0,1
HIST-BLK-02152,SEC_C02_02,Duvvada - Anakapalle,Visakhapatnam,Engineering,Deep Screening Ballast,225,2026-08-22,Sat,PEAK_MORNING,07:30,11:15,450,675,2,0,0,2,4.0,0.652,0,0,track_gang,Ballast Regulator,HIGH,80,8.0,2,44.6,26.3,0
HIST-BLK-02153,SEC_C04_01,Guntakal - Gooty,Guntakal,Traction,Contact Wire Height Regulation,210,2026-07-06,Mon,PEAK_MORNING,07:30,11:00,450,660,2,0,1,1,7.0,0.549,0,0,tower_wagon_crew,Tower Wagon,HIGH,73,7.9,2,35.3,32.3,0
HIST-BLK-02154,SEC_C01_01,Vijayawada - Tenali,Vijayawada,S&T,Track Circuit Testing,90,2026-08-11,Tue,NIGHT_MEGABLOCK,02:01,03:31,121,211,0,0,0,0,1.0,0.986,1,0,ST_gang,None / Manual Tools,HIGH,74,5.6,1,20.1,48.1,0
HIST-BLK-02155,SEC_C02_05,Annavaram - Samalkot,Vijayawada,S&T,Track Circuit Testing,75,2026-07-20,Mon,MIDDAY_FREIGHT_GAP,11:56,13:11,716,791,0,0,0,0,1.0,0.986,0,1,ST_gang,None / Manual Tools,MEDIUM,64,4.6,0,0.0,99.0,1
HIST-BLK-02156,SEC_C03_03,Vinukonda - Donakonda,Guntur,S&T,Axle Counter Replacement,90,2026-08-24,Mon,LATE_NIGHT,21:44,23:14,1304,1394,0,0,0,0,1.0,0.939,0,0,ST_gang,Testing Van,MEDIUM,60,9.1,0,0.0,99.0,1
HIST-BLK-02157,SEC_C04_02,Gooty - Tadipatri,Guntakal,Traction,Insulator Washing & Replacement,105,2026-07-24,Fri,PEAK_MORNING,07:46,09:31,466,571,1,0,0,1,8.0,0.84,0,0,tower_wagon_crew,Tower Wagon,LOW,21,3.3,1,23.1,64.6,0
HIST-BLK-02158,SEC_C01_06,Singarayakonda - Kavali,Vijayawada,Engineering,Deep Screening Ballast,240,2026-07-04,Sat,NIGHT_MEGABLOCK,01:00,05:00,60,300,2,0,1,1,8.0,0.647,1,0,track_gang,Ballast Regulator,HIGH,83,3.5,3,52.0,5.0,0
HIST-BLK-02159,SEC_C01_06,Singarayakonda - Kavali,Vijayawada,Engineering,Track Maintenance,105,2026-07-01,Wed,NIGHT_MEGABLOCK,02:11,03:56,131,236,0,0,0,0,1.0,0.972,0,0,track_gang,None / Manual Tools,HIGH,79,7.5,0,0.0,99.0,1
HIST-BLK-02160,SEC_C04_02,Gooty - Tadipatri,Guntakal,S&T,Point Machine Overhaul,75,2026-08-13,Thu,EARLY_MORNING,04:39,05:54,279,354,0,0,0,0,1.0,0.925,1,0,ST_gang,Testing Van,MEDIUM,61,11.4,1,22.0,45.7,0
HIST-BLK-02161,SEC_C04_03,Tadipatri - Kondapuram,Guntakal,S&T,Track Circuit Testing,105,2026-07-27,Mon,NIGHT_MEGABLOCK,01:17,03:02,77,182,1,0,0,1,4.0,0.793,0,0,ST_gang,None / Manual Tools,CRITICAL,94,1.7,1,15.4,73.3,0
HIST-BLK-02162,SEC_C04_02,Gooty - Tadipatri,Guntakal,S&T,Signal Maintenance,60,2026-07-25,Sat,NIGHT_MEGABLOCK,02:21,03:21,141,201,0,0,0,0,1.0,0.998,1,0,ST_gang,None / Manual Tools,HIGH,70,9.5,1,25.4,42.2,0
HIST-BLK-02163,SEC_C02_08,Nidadavolu - Tadepalligudem,Vijayawada,S&T,Interlocking Inspection,75,2026-07-21,Tue,PEAK_EVENING,19:03,20:18,1143,1218,2,0,1,1,8.0,0.578,1,0,ST_gang,None / Manual Tools,CRITICAL,89,8.5,3,60.0,5.0,0
HIST-BLK-02164,SEC_C03_04,Donakonda - Markapur Road,Guntur,Engineering,Weld Rectification,75,2026-08-26,Wed,PEAK_EVENING,19:28,20:43,1168,1243,5,0,1,4,7.0,0.076,0,0,track_gang,USFD Flaw Detector,LOW,27,10.4,5,72.1,5.0,0
HIST-BLK-02165,SEC_C02_03,Anakapalle - Tuni,Visakhapatnam,Engineering,Rail Renewal,225,2026-08-28,Fri,AFTERNOON_SLOT,15:00,18:45,900,1125,1,1,0,1,9.0,0.571,0,0,track_gang,CSM Tamping Machine,HIGH,79,11.6,1,39.9,6.2,0
HIST-BLK-02166,SEC_C04_04,Kondapuram - Yerraguntla,Guntakal,Traction,OHE Inspection,90,2026-07-05,Sun,PEAK_MORNING,07:58,09:28,478,568,2,0,0,2,8.0,0.54,0,0,tower_wagon_crew,Tower Wagon,HIGH,70,4.9,2,30.5,38.1,0
HIST-BLK-02167,SEC_C03_04,Donakonda - Markapur Road,Guntur,S&T,Cable Jointing & OFC,150,2026-08-08,Sat,PEAK_EVENING,18:27,20:57,1107,1257,2,0,1,1,8.0,0.626,0,0,ST_gang,Testing Van,HIGH,85,2.0,2,41.9,28.6,0
HIST-BLK-02168,SEC_C02_02,Duvvada - Anakapalle,Visakhapatnam,Engineering,Deep Screening Ballast,240,2026-07-18,Sat,MIDDAY_FREIGHT_GAP,11:30,15:30,690,930,0,0,0,0,1.0,0.996,0,0,track_gang,Ballast Regulator,HIGH,73,11.6,0,0.0,99.0,1
HIST-BLK-02169,SEC_C01_02,Tenali - Bapatla,Vijayawada,Engineering,Turnout Overhaul,165,2026-07-21,Tue,AFTERNOON_SLOT,15:00,17:45,900,1065,0,0,0,0,1.0,0.944,1,0,track_gang,CSM Tamping Machine,MEDIUM,45,8.4,1,23.8,45.6,0
HIST-BLK-02170,SEC_C04_06,Kadapa - Razampeta,Guntakal,Engineering,Deep Screening Ballast,210,2026-08-28,Fri,LATE_NIGHT,21:30,01:00,1290,1500,0,0,0,0,1.0,0.968,0,0,track_gang,Ballast Regulator,HIGH,85,5.1,0,0.0,99.0,1
HIST-BLK-02171,SEC_C02_02,Duvvada - Anakapalle,Visakhapatnam,S&T,Cable Jointing & OFC,150,2026-07-18,Sat,PEAK_EVENING,17:50,20:20,1070,1220,2,1,1,1,10.0,0.372,1,0,ST_gang,Testing Van,LOW,34,6.0,3,75.3,5.0,0
HIST-BLK-02172,SEC_C01_07,Kavali - Nellore,Vijayawada,Engineering,Turnout Overhaul,180,2026-08-30,Sun,AFTERNOON_SLOT,15:00,18:00,900,1080,1,1,0,1,9.0,0.559,0,0,track_gang,CSM Tamping Machine,LOW,26,7.2,1,44.1,5.0,0
HIST-BLK-02173,SEC_C02_02,Duvvada - Anakapalle,Visakhapatnam,Traction,Power Isolation Maintenance,210,2026-07-17,Fri,PEAK_EVENING,17:45,21:15,1065,1275,1,0,0,1,4.0,0.836,0,0,tower_wagon_crew,Tower Wagon,MEDIUM,52,3.3,1,19.6,73.1,0
HIST-BLK-02174,SEC_C02_05,Annavaram - Samalkot,Vijayawada,Engineering,Turnout Overhaul,210,2026-07-29,Wed,EARLY_MORNING,04:30,08:00,270,480,0,0,0,0,1.0,0.977,0,0,track_gang,CSM Tamping Machine,LOW,44,3.1,0,0.0,99.0,1
HIST-BLK-02175,SEC_C02_01,Visakhapatnam - Duvvada,Visakhapatnam,Engineering,Track Maintenance,135,2026-07-29,Wed,LATE_NIGHT,21:30,23:45,1290,1425,1,0,1,0,3.0,0.809,0,1,track_gang,None / Manual Tools,MEDIUM,53,8.7,1,16.4,85.1,1
HIST-BLK-02176,SEC_C04_04,Kondapuram - Yerraguntla,Guntakal,Engineering,Deep Screening Ballast,210,2026-07-21,Tue,NIGHT_MEGABLOCK,01:00,04:30,60,270,1,0,1,0,3.0,0.853,1,0,track_gang,Ballast Regulator,HIGH,80,1.7,2,38.3,12.2,0
HIST-BLK-02177,SEC_C03_02,Narasaraopet - Vinukonda,Guntur,Traction,Insulator Washing & Replacement,120,2026-08-15,Sat,EARLY_MORNING,04:34,06:34,274,394,0,0,0,0,1.0,0.954,1,0,tower_wagon_crew,Tower Wagon,HIGH,71,12.0,1,17.0,50.4,0
HIST-BLK-02178,SEC_C01_03,Bapatla - Chirala,Vijayawada,Engineering,Deep Screening Ballast,240,2026-08-03,Mon,EARLY_MORNING,04:30,08:30,270,510,0,0,0,0,1.0,0.92,0,1,track_gang,Ballast Regulator,LOW,41,10.1,0,0.0,99.0,1
HIST-BLK-02179,SEC_C04_06,Kadapa - Razampeta,Guntakal,S&T,Point Machine Overhaul,105,2026-07-08,Wed,MIDDAY_FREIGHT_GAP,12:43,14:28,763,868,0,0,0,0,1.0,0.931,0,1,ST_gang,Testing Van,LOW,20,5.9,0,0.0,99.0,1
HIST-BLK-02180,SEC_C01_08,Nellore - Gudur,Vijayawada,S&T,Axle Counter Replacement,135,2026-07-25,Sat,LATE_NIGHT,21:30,23:45,1290,1425,0,0,0,0,1.0,0.978,0,1,ST_gang,Testing Van,HIGH,77,5.4,0,0.0,99.0,1
HIST-BLK-02181,SEC_C01_05,Ongole - Singarayakonda,Vijayawada,Engineering,Sleeper Replacement,150,2026-07-28,Tue,MIDDAY_FREIGHT_GAP,11:38,14:08,698,848,1,0,0,1,8.0,0.838,0,0,track_gang,Ballast Regulator,CRITICAL,96,9.2,1,21.0,67.6,0
HIST-BLK-02182,SEC_C01_07,Kavali - Nellore,Vijayawada,S&T,Axle Counter Replacement,120,2026-07-10,Fri,AFTERNOON_SLOT,15:30,17:30,930,1050,2,1,1,1,9.0,0.324,1,1,ST_gang,Testing Van,MEDIUM,61,2.5,3,58.2,5.0,0
HIST-BLK-02183,SEC_C04_03,Tadipatri - Kondapuram,Guntakal,Traction,Insulator Washing & Replacement,150,2026-07-27,Mon,NIGHT_MEGABLOCK,01:23,03:53,83,233,1,0,0,1,4.0,0.852,0,0,tower_wagon_crew,Tower Wagon,HIGH,80,5.4,1,22.5,69.0,0
HIST-BLK-02184,SEC_C02_01,Visakhapatnam - Duvvada,Visakhapatnam,Traction,Insulator Washing & Replacement,90,2026-07-21,Tue,AFTERNOON_SLOT,15:53,17:23,953,1043,1,0,1,0,3.0,0.835,0,0,tower_wagon_crew,Tower Wagon,LOW,40,5.2,1,15.2,74.2,0
HIST-BLK-02185,SEC_C03_02,Narasaraopet - Vinukonda,Guntur,S&T,Axle Counter Replacement,105,2026-08-30,Sun,PEAK_MORNING,07:55,09:40,475,580,1,0,0,1,4.0,0.84,1,0,ST_gang,Testing Van,CRITICAL,87,9.7,2,41.2,9.3,0
HIST-BLK-02186,SEC_C02_04,Tuni - Annavaram,Vijayawada,S&T,Axle Counter Replacement,150,2026-08-04,Tue,AFTERNOON_SLOT,15:00,17:30,900,1050,0,0,0,0,1.0,0.963,1,0,ST_gang,Testing Van,HIGH,77,7.1,1,15.3,52.6,0
HIST-BLK-02187,SEC_C02_09,Tadepalligudem - Eluru,Vijayawada,S&T,Interlocking Inspection,105,2026-07-01,Wed,PEAK_EVENING,19:00,20:45,1140,1245,5,1,1,4,10.0,0.05,0,0,ST_gang,None / Manual Tools,CRITICAL,100,11.0,5,84.0,5.0,0
HIST-BLK-02188,SEC_C03_04,Donakonda - Markapur Road,Guntur,Traction,Cantilever Adjustment,180,2026-08-16,Sun,PEAK_MORNING,07:30,10:30,450,630,3,1,1,2,10.0,0.147,0,0,tower_wagon_crew,Tower Wagon,HIGH,83,7.8,3,62.4,5.0,0
HIST-BLK-02189,SEC_C04_05,Yerraguntla - Kadapa,Guntakal,Traction,Insulator Washing & Replacement,105,2026-07-02,Thu,PEAK_EVENING,18:24,20:09,1104,1209,4,0,1,3,7.0,0.116,1,0,tower_wagon_crew,Tower Wagon,HIGH,73,7.3,5,104.1,5.0,0
HIST-BLK-02190,SEC_C04_06,Kadapa - Razampeta,Guntakal,Engineering,Track Maintenance,120,2026-08-12,Wed,EARLY_MORNING,04:35,06:35,275,395,0,0,0,0,1.0,0.929,0,0,track_gang,None / Manual Tools,HIGH,82,5.4,0,0.0,99.0,1
HIST-BLK-02191,SEC_C02_05,Annavaram - Samalkot,Vijayawada,S&T,Axle Counter Replacement,120,2026-08-13,Thu,PEAK_EVENING,17:54,19:54,1074,1194,1,0,0,1,4.0,0.793,0,0,ST_gang,Testing Van,MEDIUM,63,9.1,1,14.1,79.4,0
HIST-BLK-02192,SEC_C04_08,Koduru - Renigunta,Guntakal,S&T,Axle Counter Replacement,90,2026-08-17,Mon,NIGHT_MEGABLOCK,01:31,03:01,91,181,0,0,0,0,1.0,0.966,0,0,ST_gang,Testing Van,MEDIUM,60,7.7,0,0.0,99.0,1
HIST-BLK-02193,SEC_C03_04,Donakonda - Markapur Road,Guntur,Traction,Contact Wire Height Regulation,150,2026-08-28,Fri,LATE_NIGHT,21:30,00:00,1290,1440,0,0,0,0,1.0,0.938,0,0,tower_wagon_crew,Tower Wagon,MEDIUM,60,8.6,0,0.0,99.0,1
HIST-BLK-02194,SEC_C02_02,Duvvada - Anakapalle,Visakhapatnam,Traction,Cantilever Adjustment,180,2026-08-11,Tue,AFTERNOON_SLOT,15:00,18:00,900,1080,0,0,0,0,1.0,0.989,0,0,tower_wagon_crew,Tower Wagon,MEDIUM,61,9.6,0,0.0,99.0,1
HIST-BLK-02195,SEC_C04_06,Kadapa - Razampeta,Guntakal,S&T,Cable Jointing & OFC,135,2026-07-04,Sat,PEAK_EVENING,18:43,20:58,1123,1258,1,1,0,1,10.0,0.62,0,0,ST_gang,Testing Van,CRITICAL,86,4.5,1,37.2,12.2,0
HIST-BLK-02196,SEC_C03_02,Narasaraopet - Vinukonda,Guntur,S&T,Track Circuit Testing,75,2026-08-13,Thu,PEAK_EVENING,19:09,20:24,1149,1224,4,0,1,3,8.0,0.092,0,0,ST_gang,None / Manual Tools,MEDIUM,46,10.2,4,65.5,5.0,0
HIST-BLK-02197,SEC_C03_04,Donakonda - Markapur Road,Guntur,S&T,Cable Jointing & OFC,135,2026-07-20,Mon,LATE_NIGHT,21:30,23:45,1290,1425,0,0,0,0,1.0,0.948,0,0,ST_gang,Testing Van,MEDIUM,67,9.2,0,0.0,99.0,1
HIST-BLK-02198,SEC_C02_06,Samalkot - Rajahmundry,Vijayawada,Traction,Insulator Washing & Replacement,120,2026-08-10,Mon,PEAK_EVENING,18:57,20:57,1137,1257,1,1,0,1,10.0,0.604,0,0,tower_wagon_crew,Tower Wagon,HIGH,83,6.2,1,43.4,5.0,0
HIST-BLK-02199,SEC_C04_03,Tadipatri - Kondapuram,Guntakal,Traction,Insulator Washing & Replacement,90,2026-07-25,Sat,MIDDAY_FREIGHT_GAP,12:37,14:07,757,847,0,0,0,0,1.0,0.945,0,0,tower_wagon_crew,Tower Wagon,MEDIUM,54,11.5,0,0.0,99.0,1
HIST-BLK-02200,SEC_C04_05,Yerraguntla - Kadapa,Guntakal,Traction,Substation Transformer Overhaul,210,2026-08-21,Fri,PEAK_EVENING,17:45,21:15,1065,1275,1,0,0,1,7.0,0.864,1,0,specialist_team,None / Manual Tools,HIGH,82,8.2,2,45.3,5.0,0
HIST-BLK-02201,SEC_C01_01,Vijayawada - Tenali,Vijayawada,S&T,Interlocking Inspection,105,2026-07-14,Tue,MIDDAY_FREIGHT_GAP,12:44,14:29,764,869,0,0,0,0,1.0,0.933,0,0,ST_gang,None / Manual Tools,HIGH,80,3.5,0,0.0,99.0,1
HIST-BLK-02202,SEC_C03_04,Donakonda - Markapur Road,Guntur,Engineering,Weld Rectification,90,2026-08-13,Thu,LATE_NIGHT,21:32,23:02,1292,1382,0,0,0,0,1.0,0.938,0,0,track_gang,USFD Flaw Detector,MEDIUM,49,5.6,0,0.0,99.0,1
HIST-BLK-02203,SEC_C04_06,Kadapa - Razampeta,Guntakal,Engineering,Rail Renewal,270,2026-08-12,Wed,PEAK_EVENING,17:45,22:15,1065,1335,4,0,1,3,8.0,0.143,0,0,track_gang,CSM Tamping Machine,HIGH,71,4.1,4,64.8,5.0,0
HIST-BLK-02204,SEC_C04_04,Kondapuram - Yerraguntla,Guntakal,Traction,Cantilever Adjustment,120,2026-08-07,Fri,EARLY_MORNING,04:52,06:52,292,412,0,0,0,0,1.0,0.949,0,1,tower_wagon_crew,Tower Wagon,HIGH,84,11.8,0,0.0,99.0,1
HIST-BLK-02205,SEC_C04_03,Tadipatri - Kondapuram,Guntakal,Engineering,Sleeper Replacement,180,2026-07-05,Sun,EARLY_MORNING,04:30,07:30,270,450,0,0,0,0,1.0,0.953,0,0,track_gang,Ballast Regulator,HIGH,81,9.9,0,0.0,99.0,1
HIST-BLK-02206,SEC_C02_03,Anakapalle - Tuni,Visakhapatnam,Engineering,Weld Rectification,105,2026-07-16,Thu,PEAK_EVENING,19:01,20:46,1141,1246,1,1,0,1,10.0,0.539,0,0,track_gang,USFD Flaw Detector,MEDIUM,60,1.6,1,25.6,24.2,0
HIST-BLK-02207,SEC_C01_07,Kavali - Nellore,Vijayawada,Engineering,Turnout Overhaul,165,2026-08-28,Fri,AFTERNOON_SLOT,15:00,17:45,900,1065,2,1,1,1,9.0,0.367,1,0,track_gang,CSM Tamping Machine,MEDIUM,65,4.5,3,70.7,5.0,0
HIST-BLK-02208,SEC_C03_06,Giddalur - Nandyal,Guntur,S&T,Track Circuit Testing,75,2026-08-07,Fri,PEAK_MORNING,07:36,08:51,456,531,3,0,1,2,7.0,0.391,0,0,ST_gang,None / Manual Tools,HIGH,85,7.9,3,47.9,6.5,0
HIST-BLK-02209,SEC_C02_06,Samalkot - Rajahmundry,Vijayawada,Engineering,Deep Screening Ballast,195,2026-08-01,Sat,MIDDAY_FREIGHT_GAP,11:30,14:45,690,885,0,0,0,0,1.0,0.989,0,0,track_gang,Ballast Regulator,HIGH,71,1.9,0,0.0,99.0,1
HIST-BLK-02210,SEC_C02_08,Nidadavolu - Tadepalligudem,Vijayawada,S&T,Interlocking Inspection,90,2026-08-16,Sun,PEAK_EVENING,19:29,20:59,1169,1259,3,0,1,2,8.0,0.428,0,1,ST_gang,None / Manual Tools,MEDIUM,50,2.2,3,41.8,14.6,0
HIST-BLK-02211,SEC_C01_02,Tenali - Bapatla,Vijayawada,S&T,Signal Maintenance,60,2026-08-19,Wed,AFTERNOON_SLOT,15:04,16:04,904,964,0,0,0,0,1.0,0.955,1,0,ST_gang,None / Manual Tools,LOW,34,11.5,1,25.2,40.2,0
HIST-BLK-02212,SEC_C01_04,Chirala - Ongole,Vijayawada,Engineering,Weld Rectification,75,2026-07-17,Fri,PEAK_MORNING,08:48,10:03,528,603,2,0,1,1,8.0,0.661,0,1,track_gang,USFD Flaw Detector,LOW,32,8.3,2,33.5,50.3,0
HIST-BLK-02213,SEC_C02_07,Rajahmundry - Nidadavolu,Vijayawada,Traction,Substation Transformer Overhaul,270,2026-08-24,Mon,LATE_NIGHT,21:30,02:00,1290,1560,1,0,0,1,4.0,0.787,0,0,specialist_team,None / Manual Tools,MEDIUM,63,7.9,1,22.6,68.4,0
HIST-BLK-02214,SEC_C02_07,Rajahmundry - Nidadavolu,Vijayawada,Engineering,Sleeper Replacement,150,2026-07-11,Sat,EARLY_MORNING,04:30,07:00,270,420,1,0,0,1,7.0,0.872,0,1,track_gang,Ballast Regulator,CRITICAL,86,3.0,1,17.8,83.9,0
HIST-BLK-02215,SEC_C02_10,Eluru - Vijayawada,Vijayawada,Engineering,Sleeper Replacement,150,2026-07-21,Tue,PEAK_MORNING,07:49,10:19,469,619,1,0,0,1,8.0,0.836,0,0,track_gang,Ballast Regulator,HIGH,84,11.3,1,16.1,73.9,0
HIST-BLK-02216,SEC_C02_03,Anakapalle - Tuni,Visakhapatnam,Traction,Substation Transformer Overhaul,255,2026-08-23,Sun,PEAK_EVENING,17:45,22:00,1065,1320,1,1,0,1,10.0,0.605,0,1,specialist_team,None / Manual Tools,CRITICAL,87,11.7,1,43.0,12.3,0
HIST-BLK-02217,SEC_C04_03,Tadipatri - Kondapuram,Guntakal,S&T,Interlocking Inspection,105,2026-07-21,Tue,EARLY_MORNING,04:47,06:32,287,392,0,0,0,0,1.0,0.959,0,0,ST_gang,None / Manual Tools,CRITICAL,95,1.7,0,0.0,99.0,1
HIST-BLK-02218,SEC_C02_09,Tadepalligudem - Eluru,Vijayawada,S&T,Point Machine Overhaul,120,2026-08-10,Mon,PEAK_MORNING,08:28,10:28,508,628,1,0,1,0,3.0,0.862,0,0,ST_gang,Testing Van,HIGH,81,6.4,1,16.5,75.4,0
HIST-BLK-02219,SEC_C02_09,Tadepalligudem - Eluru,Vijayawada,Engineering,Sleeper Replacement,150,2026-08-21,Fri,PEAK_EVENING,18:29,20:59,1109,1259,4,0,1,3,8.0,0.12,0,1,track_gang,Ballast Regulator,MEDIUM,46,11.0,4,60.1,5.0,0
HIST-BLK-02220,SEC_C02_02,Duvvada - Anakapalle,Visakhapatnam,Traction,Cantilever Adjustment,135,2026-07-26,Sun,AFTERNOON_SLOT,15:01,17:16,901,1036,0,0,0,0,1.0,0.984,0,0,tower_wagon_crew,Tower Wagon,CRITICAL,98,8.7,0,0.0,99.0,1
HIST-BLK-02221,SEC_C04_01,Guntakal - Gooty,Guntakal,S&T,Signal Maintenance,60,2026-07-02,Thu,NIGHT_MEGABLOCK,01:43,02:43,103,163,1,0,1,0,3.0,0.829,1,0,ST_gang,None / Manual Tools,MEDIUM,58,9.0,2,31.6,18.2,0
HIST-BLK-02222,SEC_C04_02,Gooty - Tadipatri,Guntakal,S&T,Track Circuit Testing,75,2026-08-25,Tue,AFTERNOON_SLOT,15:47,17:02,947,1022,0,0,0,0,1.0,0.971,0,0,ST_gang,None / Manual Tools,CRITICAL,95,10.7,0,0.0,99.0,1
HIST-BLK-02223,SEC_C02_09,Tadepalligudem - Eluru,Vijayawada,Engineering,Weld Rectification,120,2026-07-24,Fri,EARLY_MORNING,04:41,06:41,281,401,0,0,0,0,1.0,0.974,0,1,track_gang,USFD Flaw Detector,HIGH,82,7.8,0,0.0,99.0,1
HIST-BLK-02224,SEC_C02_09,Tadepalligudem - Eluru,Vijayawada,Traction,OHE Inspection,135,2026-07-29,Wed,NIGHT_MEGABLOCK,01:44,03:59,104,239,1,0,1,0,3.0,0.78,0,0,tower_wagon_crew,Tower Wagon,MEDIUM,68,10.9,1,18.4,69.2,0
HIST-BLK-02225,SEC_C04_06,Kadapa - Razampeta,Guntakal,Traction,OHE Inspection,150,2026-08-30,Sun,NIGHT_MEGABLOCK,01:15,03:45,75,225,0,0,0,0,1.0,0.925,0,0,tower_wagon_crew,Tower Wagon,HIGH,83,9.2,0,0.0,99.0,1
HIST-BLK-02226,SEC_C04_05,Yerraguntla - Kadapa,Guntakal,Traction,Power Isolation Maintenance,210,2026-08-28,Fri,PEAK_MORNING,07:30,11:00,450,660,1,0,1,0,3.0,0.821,0,1,tower_wagon_crew,Tower Wagon,MEDIUM,55,11.2,1,24.2,72.9,0
HIST-BLK-02227,SEC_C04_07,Razampeta - Koduru,Guntakal,Engineering,Track Maintenance,120,2026-08-05,Wed,PEAK_EVENING,18:31,20:31,1111,1231,2,0,1,1,7.0,0.567,0,0,track_gang,None / Manual Tools,CRITICAL,96,8.7,2,40.6,27.3,0
HIST-BLK-02228,SEC_C02_04,Tuni - Annavaram,Vijayawada,Engineering,Track Maintenance,90,2026-08-13,Thu,EARLY_MORNING,05:09,06:39,309,399,0,0,0,0,1.0,0.992,0,0,track_gang,None / Manual Tools,HIGH,85,8.8,0,0.0,99.0,1
HIST-BLK-02229,SEC_C03_04,Donakonda - Markapur Road,Guntur,Traction,Power Isolation Maintenance,195,2026-07-28,Tue,PEAK_MORNING,07:30,10:45,450,645,5,0,1,4,8.0,0.175,0,0,tower_wagon_crew,Tower Wagon,HIGH,74,8.0,5,86.8,5.0,0
HIST-BLK-02230,SEC_C02_03,Anakapalle - Tuni,Visakhapatnam,Engineering,Rail Renewal,210,2026-07-26,Sun,PEAK_MORNING,07:30,11:00,450,660,1,0,0,1,6.0,0.791,0,1,track_gang,CSM Tamping Machine,MEDIUM,51,9.8,1,25.3,72.8,0
HIST-BLK-02231,SEC_C02_05,Annavaram - Samalkot,Vijayawada,Engineering,Sleeper Replacement,195,2026-08-19,Wed,EARLY_MORNING,04:30,07:45,270,465,0,0,0,0,1.0,0.989,0,0,track_gang,Ballast Regulator,MEDIUM,69,9.7,0,0.0,99.0,1
HIST-BLK-02232,SEC_C04_01,Guntakal - Gooty,Guntakal,Traction,OHE Inspection,150,2026-08-13,Thu,MIDDAY_FREIGHT_GAP,11:54,14:24,714,864,0,0,0,0,1.0,0.993,0,0,tower_wagon_crew,Tower Wagon,MEDIUM,55,10.0,0,0.0,99.0,1
HIST-BLK-02233,SEC_C01_03,Bapatla - Chirala,Vijayawada,S&T,Interlocking Inspection,90,2026-08-09,Sun,PEAK_EVENING,18:35,20:05,1115,1205,2,0,0,2,8.0,0.593,0,1,ST_gang,None / Manual Tools,CRITICAL,90,2.1,2,39.6,31.8,0
HIST-BLK-02234,SEC_C04_02,Gooty - Tadipatri,Guntakal,Engineering,Rail Renewal,270,2026-07-03,Fri,PEAK_EVENING,17:45,22:15,1065,1335,4,0,1,3,8.0,0.1,0,1,track_gang,CSM Tamping Machine,MEDIUM,63,4.2,4,76.1,5.0,0
HIST-BLK-02235,SEC_C04_05,Yerraguntla - Kadapa,Guntakal,Traction,Insulator Washing & Replacement,90,2026-07-07,Tue,NIGHT_MEGABLOCK,01:11,02:41,71,161,0,0,0,0,1.0,0.925,0,0,tower_wagon_crew,Tower Wagon,MEDIUM,56,11.6,0,0.0,99.0,1
HIST-BLK-02236,SEC_C04_04,Kondapuram - Yerraguntla,Guntakal,Traction,Insulator Washing & Replacement,135,2026-08-12,Wed,PEAK_EVENING,18:05,20:20,1085,1220,3,0,1,2,7.0,0.299,1,0,tower_wagon_crew,Tower Wagon,MEDIUM,58,2.0,4,76.3,5.0,0
HIST-BLK-02237,SEC_C02_10,Eluru - Vijayawada,Vijayawada,Traction,Insulator Washing & Replacement,90,2026-08-26,Wed,LATE_NIGHT,21:32,23:02,1292,1382,0,0,0,0,1.0,0.932,1,0,tower_wagon_crew,Tower Wagon,LOW,28,11.5,1,24.9,39.9,0
HIST-BLK-02238,SEC_C03_04,Donakonda - Markapur Road,Guntur,S&T,Track Circuit Testing,90,2026-08-22,Sat,EARLY_MORNING,05:22,06:52,322,412,0,0,0,0,1.0,0.966,0,0,ST_gang,None / Manual Tools,LOW,35,2.6,0,0.0,99.0,1
HIST-BLK-02239,SEC_C01_05,Ongole - Singarayakonda,Vijayawada,S&T,Axle Counter Replacement,150,2026-07-17,Fri,AFTERNOON_SLOT,15:00,17:30,900,1050,0,0,0,0,1.0,0.978,0,0,ST_gang,Testing Van,HIGH,79,7.6,0,0.0,99.0,1
HIST-BLK-02240,SEC_C01_07,Kavali - Nellore,Vijayawada,S&T,Cable Jointing & OFC,165,2026-08-28,Fri,PEAK_MORNING,07:45,10:30,465,630,3,1,1,2,10.0,0.086,0,1,ST_gang,Testing Van,HIGH,85,4.3,3,69.4,5.0,0
HIST-BLK-02241,SEC_C04_04,Kondapuram - Yerraguntla,Guntakal,S&T,Axle Counter Replacement,135,2026-08-28,Fri,AFTERNOON_SLOT,15:14,17:29,914,1049,0,0,0,0,1.0,0.967,0,0,ST_gang,Testing Van,MEDIUM,59,4.4,0,0.0,99.0,1
HIST-BLK-02242,SEC_C04_05,Yerraguntla - Kadapa,Guntakal,S&T,Signal Maintenance,45,2026-07-18,Sat,NIGHT_MEGABLOCK,01:29,02:14,89,134,0,0,0,0,1.0,0.994,0,0,ST_gang,None / Manual Tools,CRITICAL,100,3.7,0,0.0,99.0,1
HIST-BLK-02243,SEC_C01_01,Vijayawada - Tenali,Vijayawada,Traction,Cantilever Adjustment,165,2026-07-28,Tue,EARLY_MORNING,04:30,07:15,270,435,0,0,0,0,1.0,0.976,0,0,tower_wagon_crew,Tower Wagon,HIGH,72,4.1,0,0.0,99.0,1
HIST-BLK-02244,SEC_C01_02,Tenali - Bapatla,Vijayawada,Engineering,Turnout Overhaul,180,2026-08-23,Sun,AFTERNOON_SLOT,15:00,18:00,900,1080,0,0,0,0,1.0,0.943,0,0,track_gang,CSM Tamping Machine,HIGH,77,5.2,0,0.0,99.0,1
HIST-BLK-02245,SEC_C01_05,Ongole - Singarayakonda,Vijayawada,S&T,Axle Counter Replacement,135,2026-08-21,Fri,MIDDAY_FREIGHT_GAP,11:38,13:53,698,833,0,0,0,0,1.0,0.976,0,1,ST_gang,Testing Van,MEDIUM,52,11.4,0,0.0,99.0,1
HIST-BLK-02246,SEC_C04_03,Tadipatri - Kondapuram,Guntakal,S&T,Interlocking Inspection,90,2026-08-03,Mon,NIGHT_MEGABLOCK,01:40,03:10,100,190,1,0,0,1,4.0,0.877,1,1,ST_gang,None / Manual Tools,CRITICAL,86,8.2,2,34.2,16.1,0
HIST-BLK-02247,SEC_C04_05,Yerraguntla - Kadapa,Guntakal,Traction,Power Isolation Maintenance,210,2026-08-15,Sat,LATE_NIGHT,21:30,01:00,1290,1500,1,1,0,1,10.0,0.621,0,1,tower_wagon_crew,Tower Wagon,CRITICAL,92,4.6,1,32.0,25.5,0
HIST-BLK-02248,SEC_C01_05,Ongole - Singarayakonda,Vijayawada,Engineering,Turnout Overhaul,210,2026-07-05,Sun,EARLY_MORNING,04:30,08:00,270,480,2,0,1,1,7.0,0.598,0,0,track_gang,CSM Tamping Machine,CRITICAL,94,6.6,2,41.7,25.7,0
HIST-BLK-02249,SEC_C04_02,Gooty - Tadipatri,Guntakal,S&T,Signal Maintenance,60,2026-08-14,Fri,PEAK_MORNING,08:14,09:14,494,554,1,0,0,1,8.0,0.842,0,0,ST_gang,None / Manual Tools,MEDIUM,61,6.0,1,18.1,72.1,0
HIST-BLK-02250,SEC_C01_02,Tenali - Bapatla,Vijayawada,Engineering,Deep Screening Ballast,225,2026-08-13,Thu,AFTERNOON_SLOT,15:00,18:45,900,1125,0,0,0,0,1.0,0.934,0,0,track_gang,Ballast Regulator,CRITICAL,88,7.2,0,0.0,99.0,1
HIST-BLK-02251,SEC_C01_03,Bapatla - Chirala,Vijayawada,S&T,Interlocking Inspection,90,2026-07-25,Sat,AFTERNOON_SLOT,15:59,17:29,959,1049,0,0,0,0,1.0,0.977,1,0,ST_gang,None / Manual Tools,MEDIUM,54,3.1,1,25.4,42.2,0
HIST-BLK-02252,SEC_C03_01,Guntur - Narasaraopet,Guntur,S&T,Signal Maintenance,60,2026-07-10,Fri,NIGHT_MEGABLOCK,01:31,02:31,91,151,1,0,1,0,3.0,0.802,0,0,ST_gang,None / Manual Tools,MEDIUM,64,6.3,1,18.9,72.6,0
HIST-BLK-02253,SEC_C02_03,Anakapalle - Tuni,Visakhapatnam,Engineering,Deep Screening Ballast,195,2026-08-28,Fri,NIGHT_MEGABLOCK,01:00,04:15,60,255,1,0,1,0,3.0,0.823,0,1,track_gang,Ballast Regulator,HIGH,83,6.1,1,26.5,72.6,0
HIST-BLK-02254,SEC_C04_01,Guntakal - Gooty,Guntakal,Engineering,Sleeper Replacement,195,2026-08-14,Fri,PEAK_EVENING,17:45,21:00,1065,1260,4,1,1,3,10.0,0.05,0,0,track_gang,Ballast Regulator,HIGH,82,3.1,4,82.4,5.0,0
HIST-BLK-02255,SEC_C02_07,Rajahmundry - Nidadavolu,Vijayawada,S&T,Axle Counter Replacement,90,2026-08-17,Mon,NIGHT_MEGABLOCK,01:52,03:22,112,202,1,0,1,0,3.0,0.834,0,0,ST_gang,Testing Van,MEDIUM,53,10.6,1,20.1,72.8,0
HIST-BLK-02256,SEC_C03_06,Giddalur - Nandyal,Guntur,S&T,Point Machine Overhaul,90,2026-08-27,Thu,MIDDAY_FREIGHT_GAP,11:52,13:22,712,802,1,0,1,0,3.0,0.799,0,0,ST_gang,Testing Van,MEDIUM,59,1.9,1,15.0,74.5,0
HIST-BLK-02257,SEC_C03_05,Markapur Road - Giddalur,Guntur,Traction,Insulator Washing & Replacement,120,2026-07-14,Tue,NIGHT_MEGABLOCK,02:00,04:00,120,240,1,0,1,0,3.0,0.826,0,1,tower_wagon_crew,Tower Wagon,MEDIUM,66,5.1,1,23.2,76.4,0
HIST-BLK-02258,SEC_C01_02,Tenali - Bapatla,Vijayawada,S&T,Cable Jointing & OFC,135,2026-08-20,Thu,PEAK_MORNING,07:32,09:47,452,587,3,1,1,2,10.0,0.068,0,0,ST_gang,Testing Van,LOW,36,8.7,3,76.5,5.0,0
HIST-BLK-02259,SEC_C04_06,Kadapa - Razampeta,Guntakal,Traction,OHE Inspection,120,2026-07-07,Tue,NIGHT_MEGABLOCK,01:26,03:26,86,206,0,0,0,0,1.0,0.965,0,0,tower_wagon_crew,Tower Wagon,LOW,22,8.2,0,0.0,99.0,1
HIST-BLK-02260,SEC_C04_02,Gooty - Tadipatri,Guntakal,Traction,Contact Wire Height Regulation,165,2026-08-03,Mon,MIDDAY_FREIGHT_GAP,11:40,14:25,700,865,0,0,0,0,1.0,0.95,0,0,tower_wagon_crew,Tower Wagon,CRITICAL,90,4.3,0,0.0,99.0,1
HIST-BLK-02261,SEC_C04_08,Koduru - Renigunta,Guntakal,Traction,Power Isolation Maintenance,165,2026-07-12,Sun,PEAK_EVENING,17:50,20:35,1070,1235,2,0,1,1,7.0,0.551,0,0,tower_wagon_crew,Tower Wagon,MEDIUM,56,6.1,2,24.5,49.4,0
HIST-BLK-02262,SEC_C02_03,Anakapalle - Tuni,Visakhapatnam,Engineering,Deep Screening Ballast,225,2026-07-17,Fri,PEAK_MORNING,07:30,11:15,450,675,4,0,1,3,8.0,0.091,0,0,track_gang,Ballast Regulator,HIGH,70,3.7,4,46.7,5.0,0
HIST-BLK-02263,SEC_C01_04,Chirala - Ongole,Vijayawada,Engineering,Turnout Overhaul,195,2026-08-02,Sun,NIGHT_MEGABLOCK,01:00,04:15,60,255,0,0,0,0,1.0,0.939,1,0,track_gang,CSM Tamping Machine,LOW,35,3.0,1,18.4,49.0,0
HIST-BLK-02264,SEC_C01_04,Chirala - Ongole,Vijayawada,S&T,Interlocking Inspection,60,2026-07-03,Fri,AFTERNOON_SLOT,16:26,17:26,986,1046,1,0,1,0,3.0,0.782,0,0,ST_gang,None / Manual Tools,CRITICAL,99,10.3,1,13.0,77.6,0
HIST-BLK-02265,SEC_C01_02,Tenali - Bapatla,Vijayawada,Engineering,Deep Screening Ballast,240,2026-07-29,Wed,MIDDAY_FREIGHT_GAP,11:30,15:30,690,930,1,0,0,1,4.0,0.797,0,0,track_gang,Ballast Regulator,MEDIUM,47,5.3,1,24.3,65.4,0
HIST-BLK-02266,SEC_C04_06,Kadapa - Razampeta,Guntakal,Traction,Insulator Washing & Replacement,150,2026-08-27,Thu,PEAK_MORNING,07:41,10:11,461,611,5,1,1,4,10.0,0.05,1,0,tower_wagon_crew,Tower Wagon,MEDIUM,56,10.9,6,96.2,5.0,0
HIST-BLK-02267,SEC_C01_06,Singarayakonda - Kavali,Vijayawada,S&T,Signal Maintenance,60,2026-08-02,Sun,PEAK_MORNING,09:22,10:22,562,622,1,0,1,0,3.0,0.869,0,0,ST_gang,None / Manual Tools,MEDIUM,47,11.4,1,17.9,72.1,0
HIST-BLK-02268,SEC_C03_06,Giddalur - Nandyal,Guntur,Engineering,Track Maintenance,120,2026-08-27,Thu,PEAK_EVENING,18:52,20:52,1132,1252,1,0,0,1,6.0,0.845,0,0,track_gang,None / Manual Tools,MEDIUM,69,4.8,1,22.7,68.2,0
HIST-BLK-02269,SEC_C02_04,Tuni - Annavaram,Vijayawada,Engineering,Rail Renewal,240,2026-08-01,Sat,PEAK_MORNING,07:30,11:30,450,690,4,1,1,3,10.0,0.05,0,1,track_gang,CSM Tamping Machine,HIGH,71,10.0,4,65.7,5.0,0
HIST-BLK-02270,SEC_C02_09,Tadepalligudem - Eluru,Vijayawada,S&T,Point Machine Overhaul,60,2026-08-02,Sun,PEAK_EVENING,18:21,19:21,1101,1161,4,0,1,3,7.0,0.173,1,0,ST_gang,Testing Van,HIGH,77,9.8,5,83.8,5.0,0
HIST-BLK-02271,SEC_C01_01,Vijayawada - Tenali,Vijayawada,Traction,Substation Transformer Overhaul,225,2026-08-07,Fri,EARLY_MORNING,04:30,08:15,270,495,1,0,1,0,3.0,0.88,0,0,specialist_team,None / Manual Tools,HIGH,79,1.7,1,21.8,67.8,0
HIST-BLK-02272,SEC_C01_06,Singarayakonda - Kavali,Vijayawada,Traction,OHE Inspection,120,2026-08-15,Sat,LATE_NIGHT,21:35,23:35,1295,1415,0,0,0,0,1.0,0.966,0,0,tower_wagon_crew,Tower Wagon,MEDIUM,46,10.1,0,0.0,99.0,1
HIST-BLK-02273,SEC_C02_09,Tadepalligudem - Eluru,Vijayawada,Engineering,Turnout Overhaul,210,2026-07-16,Thu,EARLY_MORNING,04:30,08:00,270,480,1,0,0,1,8.0,0.812,0,0,track_gang,CSM Tamping Machine,HIGH,72,11.5,1,26.3,61.2,0
HIST-BLK-02274,SEC_C03_02,Narasaraopet - Vinukonda,Guntur,Traction,Substation Transformer Overhaul,225,2026-07-17,Fri,LATE_NIGHT,21:30,01:15,1290,1515,0,0,0,0,1.0,0.949,0,0,specialist_team,None / Manual Tools,CRITICAL,89,6.0,0,0.0,99.0,1
HIST-BLK-02275,SEC_C04_06,Kadapa - Razampeta,Guntakal,S&T,Interlocking Inspection,90,2026-07-06,Mon,EARLY_MORNING,05:01,06:31,301,391,0,0,0,0,1.0,0.939,0,1,ST_gang,None / Manual Tools,MEDIUM,48,9.6,0,0.0,99.0,1
HIST-BLK-02276,SEC_C02_06,Samalkot - Rajahmundry,Vijayawada,Traction,OHE Inspection,105,2026-07-03,Fri,NIGHT_MEGABLOCK,01:37,03:22,97,202,0,0,0,0,1.0,0.944,0,0,tower_wagon_crew,Tower Wagon,CRITICAL,95,7.3,0,0.0,99.0,1
HIST-BLK-02277,SEC_C01_05,Ongole - Singarayakonda,Vijayawada,Traction,Contact Wire Height Regulation,210,2026-07-27,Mon,PEAK_MORNING,07:30,11:00,450,660,2,0,0,2,7.0,0.646,0,1,tower_wagon_crew,Tower Wagon,HIGH,73,7.5,2,38.3,43.0,0
HIST-BLK-02278,SEC_C01_05,Ongole - Singarayakonda,Vijayawada,Traction,Power Isolation Maintenance,165,2026-07-21,Tue,MIDDAY_FREIGHT_GAP,11:36,14:21,696,861,1,0,0,1,8.0,0.789,0,0,tower_wagon_crew,Tower Wagon,LOW,27,8.1,1,21.1,70.9,0
HIST-BLK-02279,SEC_C01_05,Ongole - Singarayakonda,Vijayawada,S&T,Signal Maintenance,45,2026-08-24,Mon,PEAK_EVENING,18:40,19:25,1120,1165,2,0,1,1,8.0,0.552,1,0,ST_gang,None / Manual Tools,HIGH,70,9.7,3,47.0,5.0,0
HIST-BLK-02280,SEC_C02_09,Tadepalligudem - Eluru,Vijayawada,Traction,Cantilever Adjustment,150,2026-07-02,Thu,MIDDAY_FREIGHT_GAP,11:32,14:02,692,842,0,0,0,0,1.0,0.94,0,1,tower_wagon_crew,Tower Wagon,MEDIUM,69,9.0,0,0.0,99.0,1
HIST-BLK-02281,SEC_C02_02,Duvvada - Anakapalle,Visakhapatnam,S&T,Cable Jointing & OFC,180,2026-07-30,Thu,EARLY_MORNING,04:30,07:30,270,450,0,0,0,0,1.0,0.938,0,1,ST_gang,Testing Van,MEDIUM,69,1.8,0,0.0,99.0,1
HIST-BLK-02282,SEC_C04_08,Koduru - Renigunta,Guntakal,Traction,Insulator Washing & Replacement,150,2026-07-05,Sun,NIGHT_MEGABLOCK,01:20,03:50,80,230,0,0,0,0,1.0,0.974,0,0,tower_wagon_crew,Tower Wagon,LOW,21,9.4,0,0.0,99.0,1
HIST-BLK-02283,SEC_C01_02,Tenali - Bapatla,Vijayawada,Engineering,Weld Rectification,105,2026-07-25,Sat,LATE_NIGHT,21:54,23:39,1314,1419,1,0,1,0,3.0,0.822,1,0,track_gang,USFD Flaw Detector,LOW,20,4.4,2,50.3,5.0,0
HIST-BLK-02284,SEC_C04_02,Gooty - Tadipatri,Guntakal,Traction,Insulator Washing & Replacement,105,2026-08-25,Tue,PEAK_EVENING,18:02,19:47,1082,1187,3,1,1,2,10.0,0.092,0,0,tower_wagon_crew,Tower Wagon,CRITICAL,87,10.1,3,68.2,5.0,0
HIST-BLK-02285,SEC_C01_05,Ongole - Singarayakonda,Vijayawada,S&T,Cable Jointing & OFC,120,2026-08-05,Wed,MIDDAY_FREIGHT_GAP,11:42,13:42,702,822,0,0,0,0,1.0,0.94,0,0,ST_gang,Testing Van,HIGH,76,5.8,0,0.0,99.0,1
HIST-BLK-02286,SEC_C04_08,Koduru - Renigunta,Guntakal,S&T,Track Circuit Testing,105,2026-08-04,Tue,PEAK_EVENING,18:52,20:37,1132,1237,1,0,0,1,7.0,0.835,1,0,ST_gang,None / Manual Tools,MEDIUM,65,7.8,2,37.0,11.7,0
HIST-BLK-02287,SEC_C03_03,Vinukonda - Donakonda,Guntur,Traction,Substation Transformer Overhaul,225,2026-08-13,Thu,PEAK_MORNING,07:30,11:15,450,675,4,0,1,3,8.0,0.097,0,1,specialist_team,None / Manual Tools,LOW,26,7.5,4,60.1,5.0,0
HIST-BLK-02288,SEC_C02_06,Samalkot - Rajahmundry,Vijayawada,S&T,Interlocking Inspection,75,2026-08-19,Wed,LATE_NIGHT,21:45,23:00,1305,1380,0,0,0,0,1.0,0.963,0,1,ST_gang,None / Manual Tools,LOW,37,10.7,0,0.0,99.0,1
HIST-BLK-02289,SEC_C02_05,Annavaram - Samalkot,Vijayawada,Engineering,Turnout Overhaul,195,2026-07-02,Thu,NIGHT_MEGABLOCK,01:00,04:15,60,255,1,0,0,1,8.0,0.806,0,0,track_gang,CSM Tamping Machine,HIGH,78,5.8,1,26.7,60.9,0
HIST-BLK-02290,SEC_C04_04,Kondapuram - Yerraguntla,Guntakal,Traction,Contact Wire Height Regulation,210,2026-07-18,Sat,NIGHT_MEGABLOCK,01:00,04:30,60,270,0,0,0,0,1.0,0.959,0,1,tower_wagon_crew,Tower Wagon,CRITICAL,86,5.0,0,0.0,99.0,1
HIST-BLK-02291,SEC_C04_05,Yerraguntla - Kadapa,Guntakal,S&T,Axle Counter Replacement,90,2026-07-08,Wed,PEAK_MORNING,08:15,09:45,495,585,4,1,1,3,10.0,0.05,0,1,ST_gang,Testing Van,MEDIUM,53,6.1,4,79.5,5.0,0
HIST-BLK-02292,SEC_C04_01,Guntakal - Gooty,Guntakal,Engineering,Track Maintenance,120,2026-08-04,Tue,MIDDAY_FREIGHT_GAP,11:37,13:37,697,817,0,0,0,0,1.0,0.928,0,0,track_gang,None / Manual Tools,HIGH,70,2.3,0,0.0,99.0,1
HIST-BLK-02293,SEC_C02_03,Anakapalle - Tuni,Visakhapatnam,S&T,Cable Jointing & OFC,180,2026-07-02,Thu,LATE_NIGHT,21:30,00:30,1290,1470,0,0,0,0,1.0,0.947,0,0,ST_gang,Testing Van,MEDIUM,57,3.3,0,0.0,99.0,1
HIST-BLK-02294,SEC_C02_08,Nidadavolu - Tadepalligudem,Vijayawada,S&T,Interlocking Inspection,90,2026-08-29,Sat,LATE_NIGHT,21:44,23:14,1304,1394,0,0,0,0,1.0,0.927,0,0,ST_gang,None / Manual Tools,HIGH,70,8.6,0,0.0,99.0,1
HIST-BLK-02295,SEC_C03_03,Vinukonda - Donakonda,Guntur,S&T,Track Circuit Testing,90,2026-07-23,Thu,PEAK_EVENING,18:37,20:07,1117,1207,5,1,1,4,10.0,0.05,1,0,ST_gang,None / Manual Tools,CRITICAL,87,8.3,6,89.6,5.0,0
HIST-BLK-02296,SEC_C04_01,Guntakal - Gooty,Guntakal,Traction,Contact Wire Height Regulation,180,2026-08-13,Thu,EARLY_MORNING,04:30,07:30,270,450,3,0,1,2,6.0,0.388,0,0,tower_wagon_crew,Tower Wagon,MEDIUM,68,10.7,3,39.2,16.2,0
HIST-BLK-02297,SEC_C02_07,Rajahmundry - Nidadavolu,Vijayawada,Traction,Cantilever Adjustment,180,2026-08-20,Thu,LATE_NIGHT,21:30,00:30,1290,1470,1,0,0,1,4.0,0.786,0,1,tower_wagon_crew,Tower Wagon,MEDIUM,66,9.8,1,18.9,78.7,0
HIST-BLK-02298,SEC_C01_06,Singarayakonda - Kavali,Vijayawada,S&T,Cable Jointing & OFC,150,2026-07-03,Fri,AFTERNOON_SLOT,15:00,17:30,900,1050,1,0,0,1,8.0,0.791,0,0,ST_gang,Testing Van,HIGH,78,11.4,1,17.9,73.9,0
HIST-BLK-02299,SEC_C02_09,Tadepalligudem - Eluru,Vijayawada,Traction,Cantilever Adjustment,135,2026-08-25,Tue,PEAK_EVENING,18:15,20:30,1095,1230,5,1,1,4,10.0,0.05,0,0,tower_wagon_crew,Tower Wagon,HIGH,85,8.4,5,84.6,5.0,0
HIST-BLK-02300,SEC_C02_04,Tuni - Annavaram,Vijayawada,Traction,Cantilever Adjustment,150,2026-07-19,Sun,AFTERNOON_SLOT,15:00,17:30,900,1050,0,0,0,0,1.0,0.98,0,0,tower_wagon_crew,Tower Wagon,HIGH,80,11.8,0,0.0,99.0,1
HIST-BLK-02301,SEC_C04_07,Razampeta - Koduru,Guntakal,Traction,Substation Transformer Overhaul,240,2026-08-24,Mon,MIDDAY_FREIGHT_GAP,11:30,15:30,690,930,0,0,0,0,1.0,0.93,0,1,specialist_team,None / Manual Tools,HIGH,70,11.7,0,0.0,99.0,1
HIST-BLK-02302,SEC_C01_05,Ongole - Singarayakonda,Vijayawada,Traction,Contact Wire Height Regulation,165,2026-07-18,Sat,PEAK_MORNING,07:44,10:29,464,629,2,0,0,2,7.0,0.604,0,0,tower_wagon_crew,Tower Wagon,MEDIUM,67,4.0,2,37.7,34.4,0
HIST-BLK-02303,SEC_C02_06,Samalkot - Rajahmundry,Vijayawada,Traction,Power Isolation Maintenance,165,2026-07-28,Tue,PEAK_MORNING,07:45,10:30,465,630,2,0,1,1,7.0,0.51,0,0,tower_wagon_crew,Tower Wagon,HIGH,84,2.8,2,38.5,28.9,0
HIST-BLK-02304,SEC_C03_04,Donakonda - Markapur Road,Guntur,S&T,Axle Counter Replacement,90,2026-08-17,Mon,PEAK_EVENING,18:15,19:45,1095,1185,2,0,1,1,8.0,0.601,0,1,ST_gang,Testing Van,CRITICAL,100,8.9,2,33.2,40.1,0
HIST-BLK-02305,SEC_C02_08,Nidadavolu - Tadepalligudem,Vijayawada,S&T,Cable Jointing & OFC,150,2026-08-19,Wed,EARLY_MORNING,04:30,07:00,270,420,0,0,0,0,1.0,0.983,0,1,ST_gang,Testing Van,LOW,37,3.3,0,0.0,99.0,1
HIST-BLK-02306,SEC_C04_07,Razampeta - Koduru,Guntakal,Traction,Cantilever Adjustment,150,2026-08-12,Wed,MIDDAY_FREIGHT_GAP,11:48,14:18,708,858,0,0,0,0,1.0,0.999,1,1,tower_wagon_crew,Tower Wagon,CRITICAL,89,10.8,1,20.7,58.8,0
HIST-BLK-02307,SEC_C04_07,Razampeta - Koduru,Guntakal,Engineering,Track Maintenance,120,2026-08-03,Mon,AFTERNOON_SLOT,15:04,17:04,904,1024,0,0,0,0,1.0,0.991,0,0,track_gang,None / Manual Tools,MEDIUM,47,11.6,0,0.0,99.0,1
HIST-BLK-02308,SEC_C02_10,Eluru - Vijayawada,Vijayawada,Engineering,Deep Screening Ballast,180,2026-08-01,Sat,PEAK_EVENING,17:48,20:48,1068,1248,1,0,1,0,3.0,0.792,0,0,track_gang,Ballast Regulator,HIGH,72,4.2,1,24.1,62.8,0
HIST-BLK-02309,SEC_C01_07,Kavali - Nellore,Vijayawada,Traction,Insulator Washing & Replacement,105,2026-07-04,Sat,LATE_NIGHT,21:48,23:33,1308,1413,0,0,0,0,1.0,0.984,0,0,tower_wagon_crew,Tower Wagon,HIGH,79,11.6,0,0.0,99.0,1
HIST-BLK-02310,SEC_C03_04,Donakonda - Markapur Road,Guntur,Traction,Power Isolation Maintenance,165,2026-08-01,Sat,PEAK_EVENING,18:06,20:51,1086,1251,5,0,1,4,8.0,0.119,0,1,tower_wagon_crew,Tower Wagon,CRITICAL,94,3.0,5,60.4,5.0,0
HIST-BLK-02311,SEC_C01_07,Kavali - Nellore,Vijayawada,Engineering,Track Maintenance,150,2026-08-16,Sun,LATE_NIGHT,21:30,00:00,1290,1440,0,0,0,0,1.0,0.922,1,0,track_gang,None / Manual Tools,LOW,44,11.7,1,15.9,51.9,0
HIST-BLK-02312,SEC_C04_02,Gooty - Tadipatri,Guntakal,S&T,Cable Jointing & OFC,120,2026-07-10,Fri,AFTERNOON_SLOT,15:13,17:13,913,1033,1,1,0,1,9.0,0.566,0,1,ST_gang,Testing Van,MEDIUM,51,7.5,1,34.2,12.8,0
HIST-BLK-02313,SEC_C04_02,Gooty - Tadipatri,Guntakal,Traction,Insulator Washing & Replacement,105,2026-07-07,Tue,LATE_NIGHT,21:52,23:37,1312,1417,1,0,1,0,3.0,0.781,0,0,tower_wagon_crew,Tower Wagon,MEDIUM,68,9.4,1,21.7,65.2,0
HIST-BLK-02314,SEC_C01_03,Bapatla - Chirala,Vijayawada,Engineering,Sleeper Replacement,195,2026-08-19,Wed,NIGHT_MEGABLOCK,01:00,04:15,60,255,0,0,0,0,1.0,0.961,0,0,track_gang,Ballast Regulator,MEDIUM,67,10.0,0,0.0,99.0,1
HIST-BLK-02315,SEC_C02_03,Anakapalle - Tuni,Visakhapatnam,Engineering,Sleeper Replacement,210,2026-07-03,Fri,AFTERNOON_SLOT,15:00,18:30,900,1110,1,1,0,1,9.0,0.626,0,0,track_gang,Ballast Regulator,LOW,27,3.1,1,33.7,16.2,0
HIST-BLK-02316,SEC_C04_05,Yerraguntla - Kadapa,Guntakal,S&T,Cable Jointing & OFC,135,2026-08-09,Sun,MIDDAY_FREIGHT_GAP,11:52,14:07,712,847,0,0,0,0,1.0,0.925,0,0,ST_gang,Testing Van,HIGH,79,5.1,0,0.0,99.0,1
HIST-BLK-02317,SEC_C02_01,Visakhapatnam - Duvvada,Visakhapatnam,S&T,Axle Counter Replacement,120,2026-07-24,Fri,PEAK_EVENING,18:20,20:20,1100,1220,2,0,1,1,7.0,0.59,0,0,ST_gang,Testing Van,HIGH,78,1.5,2,40.4,27.0,0
HIST-BLK-02318,SEC_C03_02,Narasaraopet - Vinukonda,Guntur,S&T,Point Machine Overhaul,75,2026-07-04,Sat,EARLY_MORNING,05:25,06:40,325,400,0,0,0,0,1.0,0.998,1,1,ST_gang,Testing Van,HIGH,77,9.3,1,24.9,45.1,0
HIST-BLK-02319,SEC_C03_05,Markapur Road - Giddalur,Guntur,Engineering,Rail Renewal,240,2026-07-15,Wed,EARLY_MORNING,04:30,08:30,270,510,0,0,0,0,1.0,0.921,1,0,track_gang,CSM Tamping Machine,LOW,44,9.4,1,27.3,40.0,0
HIST-BLK-02320,SEC_C01_03,Bapatla - Chirala,Vijayawada,Traction,Contact Wire Height Regulation,165,2026-07-22,Wed,NIGHT_MEGABLOCK,01:13,03:58,73,238,0,0,0,0,1.0,0.932,0,0,tower_wagon_crew,Tower Wagon,CRITICAL,93,2.8,0,0.0,99.0,1
HIST-BLK-02321,SEC_C02_05,Annavaram - Samalkot,Vijayawada,S&T,Cable Jointing & OFC,165,2026-08-07,Fri,NIGHT_MEGABLOCK,01:01,03:46,61,226,1,0,0,1,8.0,0.852,0,0,ST_gang,Testing Van,HIGH,76,5.8,1,25.6,62.8,0
HIST-BLK-02322,SEC_C04_08,Koduru - Renigunta,Guntakal,S&T,Point Machine Overhaul,75,2026-07-17,Fri,EARLY_MORNING,04:49,06:04,289,364,0,0,0,0,1.0,0.963,1,0,ST_gang,Testing Van,HIGH,82,7.0,1,22.0,47.8,0
HIST-BLK-02323,SEC_C02_07,Rajahmundry - Nidadavolu,Vijayawada,S&T,Cable Jointing & OFC,135,2026-07-12,Sun,PEAK_MORNING,08:07,10:22,487,622,1,0,0,1,7.0,0.801,0,0,ST_gang,Testing Van,CRITICAL,98,9.6,1,21.7,69.9,0
HIST-BLK-02324,SEC_C01_01,Vijayawada - Tenali,Vijayawada,Traction,Substation Transformer Overhaul,255,2026-07-20,Mon,EARLY_MORNING,04:30,08:45,270,525,1,0,1,0,3.0,0.845,0,0,specialist_team,None / Manual Tools,HIGH,71,4.3,1,22.7,69.6,0
HIST-BLK-02325,SEC_C02_05,Annavaram - Samalkot,Vijayawada,Traction,OHE Inspection,150,2026-08-10,Mon,AFTERNOON_SLOT,15:00,17:30,900,1050,0,0,0,0,1.0,0.991,0,0,tower_wagon_crew,Tower Wagon,MEDIUM,62,9.5,0,0.0,99.0,1
HIST-BLK-02326,SEC_C03_06,Giddalur - Nandyal,Guntur,Traction,Contact Wire Height Regulation,195,2026-08-10,Mon,NIGHT_MEGABLOCK,01:00,04:15,60,255,0,0,0,0,1.0,0.938,0,0,tower_wagon_crew,Tower Wagon,CRITICAL,94,5.4,0,0.0,99.0,1
HIST-BLK-02327,SEC_C01_08,Nellore - Gudur,Vijayawada,S&T,Axle Counter Replacement,135,2026-08-12,Wed,MIDDAY_FREIGHT_GAP,12:04,14:19,724,859,0,0,0,0,1.0,0.921,0,0,ST_gang,Testing Van,LOW,40,8.9,0,0.0,99.0,1
HIST-BLK-02328,SEC_C02_02,Duvvada - Anakapalle,Visakhapatnam,Engineering,Rail Renewal,240,2026-08-12,Wed,PEAK_EVENING,17:45,21:45,1065,1305,1,0,0,1,4.0,0.834,0,1,track_gang,CSM Tamping Machine,HIGH,75,3.7,1,21.5,80.5,0
HIST-BLK-02329,SEC_C02_05,Annavaram - Samalkot,Vijayawada,Traction,Insulator Washing & Replacement,120,2026-08-03,Mon,AFTERNOON_SLOT,15:11,17:11,911,1031,0,0,0,0,1.0,0.969,0,0,tower_wagon_crew,Tower Wagon,HIGH,74,8.2,0,0.0,99.0,1
HIST-BLK-02330,SEC_C02_07,Rajahmundry - Nidadavolu,Vijayawada,Traction,Contact Wire Height Regulation,195,2026-08-28,Fri,AFTERNOON_SLOT,15:00,18:15,900,1095,0,0,0,0,1.0,0.957,0,1,tower_wagon_crew,Tower Wagon,LOW,41,3.7,0,0.0,99.0,1
HIST-BLK-02331,SEC_C01_02,Tenali - Bapatla,Vijayawada,Engineering,Turnout Overhaul,150,2026-08-08,Sat,AFTERNOON_SLOT,15:00,17:30,900,1050,0,0,0,0,1.0,0.95,0,0,track_gang,CSM Tamping Machine,MEDIUM,66,5.3,0,0.0,99.0,1
HIST-BLK-02332,SEC_C01_02,Tenali - Bapatla,Vijayawada,Engineering,Rail Renewal,210,2026-07-26,Sun,MIDDAY_FREIGHT_GAP,11:30,15:00,690,900,2,0,0,2,8.0,0.578,0,0,track_gang,CSM Tamping Machine,LOW,40,9.6,2,34.6,35.8,0
HIST-BLK-02333,SEC_C03_02,Narasaraopet - Vinukonda,Guntur,S&T,Axle Counter Replacement,120,2026-07-06,Mon,LATE_NIGHT,21:39,23:39,1299,1419,0,0,0,0,1.0,0.966,1,0,ST_gang,Testing Van,MEDIUM,52,9.1,1,16.3,53.9,0
HIST-BLK-02334,SEC_C02_07,Rajahmundry - Nidadavolu,Vijayawada,Traction,Cantilever Adjustment,135,2026-07-20,Mon,EARLY_MORNING,04:45,07:00,285,420,1,0,0,1,7.0,0.818,0,0,tower_wagon_crew,Tower Wagon,HIGH,80,4.0,1,21.5,67.5,0
HIST-BLK-02335,SEC_C04_03,Tadipatri - Kondapuram,Guntakal,Engineering,Weld Rectification,105,2026-07-17,Fri,AFTERNOON_SLOT,15:21,17:06,921,1026,0,0,0,0,1.0,0.993,0,0,track_gang,USFD Flaw Detector,HIGH,76,9.8,0,0.0,99.0,1
HIST-BLK-02336,SEC_C03_06,Giddalur - Nandyal,Guntur,S&T,Cable Jointing & OFC,180,2026-07-24,Fri,EARLY_MORNING,04:30,07:30,270,450,0,0,0,0,1.0,0.926,0,1,ST_gang,Testing Van,CRITICAL,93,9.3,0,0.0,99.0,1
HIST-BLK-02337,SEC_C02_02,Duvvada - Anakapalle,Visakhapatnam,Traction,Contact Wire Height Regulation,165,2026-07-25,Sat,PEAK_EVENING,17:57,20:42,1077,1242,3,0,1,2,7.0,0.32,0,0,tower_wagon_crew,Tower Wagon,HIGH,84,3.5,3,60.7,5.0,0
HIST-BLK-02338,SEC_C04_05,Yerraguntla - Kadapa,Guntakal,S&T,Interlocking Inspection,75,2026-08-08,Sat,NIGHT_MEGABLOCK,01:54,03:09,114,189,0,0,0,0,1.0,0.92,1,1,ST_gang,None / Manual Tools,CRITICAL,87,7.3,1,21.5,46.7,0
HIST-BLK-02339,SEC_C01_02,Tenali - Bapatla,Vijayawada,Traction,Contact Wire Height Regulation,165,2026-08-24,Mon,PEAK_EVENING,17:49,20:34,1069,1234,2,1,0,2,9.0,0.324,0,0,tower_wagon_crew,Tower Wagon,HIGH,84,7.5,2,53.2,5.0,0
HIST-BLK-02340,SEC_C03_06,Giddalur - Nandyal,Guntur,Traction,Cantilever Adjustment,120,2026-07-31,Fri,MIDDAY_FREIGHT_GAP,12:20,14:20,740,860,1,0,1,0,3.0,0.786,1,1,tower_wagon_crew,Tower Wagon,MEDIUM,66,2.5,2,46.8,11.9,0
HIST-BLK-02341,SEC_C03_06,Giddalur - Nandyal,Guntur,Traction,Insulator Washing & Replacement,90,2026-07-01,Wed,PEAK_MORNING,08:14,09:44,494,584,5,0,1,4,8.0,0.113,0,0,tower_wagon_crew,Tower Wagon,LOW,29,3.7,5,92.5,5.0,0
HIST-BLK-02342,SEC_C04_05,Yerraguntla - Kadapa,Guntakal,Traction,OHE Inspection,150,2026-08-19,Wed,LATE_NIGHT,21:30,00:00,1290,1440,0,0,0,0,1.0,0.977,1,0,tower_wagon_crew,Tower Wagon,CRITICAL,95,6.1,1,28.8,35.9,0
HIST-BLK-02343,SEC_C02_05,Annavaram - Samalkot,Vijayawada,S&T,Interlocking Inspection,90,2026-08-17,Mon,MIDDAY_FREIGHT_GAP,12:26,13:56,746,836,0,0,0,0,1.0,0.927,0,0,ST_gang,None / Manual Tools,MEDIUM,69,6.2,0,0.0,99.0,1
HIST-BLK-02344,SEC_C02_09,Tadepalligudem - Eluru,Vijayawada,S&T,Signal Maintenance,75,2026-08-22,Sat,MIDDAY_FREIGHT_GAP,12:35,13:50,755,830,0,0,0,0,1.0,0.946,0,0,ST_gang,None / Manual Tools,HIGH,71,2.1,0,0.0,99.0,1
HIST-BLK-02345,SEC_C04_01,Guntakal - Gooty,Guntakal,S&T,Axle Counter Replacement,135,2026-08-30,Sun,PEAK_EVENING,17:55,20:10,1075,1210,4,0,1,3,8.0,0.166,0,0,ST_gang,Testing Van,HIGH,78,3.4,4,43.2,5.0,0
HIST-BLK-02346,SEC_C03_05,Markapur Road - Giddalur,Guntur,S&T,Signal Maintenance,45,2026-08-02,Sun,MIDDAY_FREIGHT_GAP,11:46,12:31,706,751,0,0,0,0,1.0,0.92,0,0,ST_gang,None / Manual Tools,MEDIUM,51,8.0,0,0.0,99.0,1
HIST-BLK-02347,SEC_C01_01,Vijayawada - Tenali,Vijayawada,S&T,Interlocking Inspection,60,2026-07-14,Tue,MIDDAY_FREIGHT_GAP,12:21,13:21,741,801,0,0,0,0,1.0,0.941,0,0,ST_gang,None / Manual Tools,HIGH,83,8.4,0,0.0,99.0,1
HIST-BLK-02348,SEC_C04_04,Kondapuram - Yerraguntla,Guntakal,Engineering,Turnout Overhaul,165,2026-07-08,Wed,LATE_NIGHT,21:30,00:15,1290,1455,0,0,0,0,1.0,0.999,0,0,track_gang,CSM Tamping Machine,HIGH,82,7.3,0,0.0,99.0,1
HIST-BLK-02349,SEC_C01_05,Ongole - Singarayakonda,Vijayawada,Traction,Insulator Washing & Replacement,150,2026-07-03,Fri,NIGHT_MEGABLOCK,01:25,03:55,85,235,1,0,1,0,3.0,0.863,0,1,tower_wagon_crew,Tower Wagon,CRITICAL,94,5.4,1,24.0,76.0,0
HIST-BLK-02350,SEC_C04_02,Gooty - Tadipatri,Guntakal,Engineering,Track Maintenance,105,2026-08-02,Sun,PEAK_MORNING,08:10,09:55,490,595,2,1,0,2,10.0,0.385,1,0,track_gang,None / Manual Tools,MEDIUM,45,10.5,3,61.9,5.0,0
HIST-BLK-02351,SEC_C01_02,Tenali - Bapatla,Vijayawada,Engineering,Turnout Overhaul,180,2026-08-21,Fri,PEAK_MORNING,07:30,10:30,450,630,1,0,0,1,7.0,0.866,1,0,track_gang,CSM Tamping Machine,CRITICAL,94,2.1,2,49.3,5.0,0
HIST-BLK-02352,SEC_C03_01,Guntur - Narasaraopet,Guntur,Traction,Insulator Washing & Replacement,135,2026-07-08,Wed,EARLY_MORNING,04:42,06:57,282,417,0,0,0,0,1.0,0.97,0,0,tower_wagon_crew,Tower Wagon,MEDIUM,46,7.5,0,0.0,99.0,1
HIST-BLK-02353,SEC_C02_07,Rajahmundry - Nidadavolu,Vijayawada,Traction,Contact Wire Height Regulation,195,2026-07-29,Wed,NIGHT_MEGABLOCK,01:00,04:15,60,255,0,0,0,0,1.0,0.984,1,1,tower_wagon_crew,Tower Wagon,HIGH,85,4.8,1,29.2,48.1,0
HIST-BLK-02354,SEC_C02_06,Samalkot - Rajahmundry,Vijayawada,Traction,Power Isolation Maintenance,195,2026-08-28,Fri,PEAK_EVENING,17:45,21:00,1065,1260,1,1,0,1,10.0,0.625,1,0,tower_wagon_crew,Tower Wagon,MEDIUM,56,8.9,2,56.1,5.0,0
HIST-BLK-02355,SEC_C02_01,Visakhapatnam - Duvvada,Visakhapatnam,Engineering,Turnout Overhaul,180,2026-08-06,Thu,PEAK_MORNING,07:30,10:30,450,630,3,0,1,2,7.0,0.363,0,1,track_gang,CSM Tamping Machine,LOW,44,2.0,3,62.8,5.0,0
HIST-BLK-02356,SEC_C01_05,Ongole - Singarayakonda,Vijayawada,S&T,Axle Counter Replacement,120,2026-08-03,Mon,AFTERNOON_SLOT,15:11,17:11,911,1031,0,0,0,0,1.0,0.951,0,0,ST_gang,Testing Van,MEDIUM,53,2.6,0,0.0,99.0,1
HIST-BLK-02357,SEC_C02_04,Tuni - Annavaram,Vijayawada,S&T,Cable Jointing & OFC,135,2026-08-16,Sun,NIGHT_MEGABLOCK,01:41,03:56,101,236,1,0,1,0,3.0,0.786,0,0,ST_gang,Testing Van,HIGH,81,6.6,1,15.7,72.9,0
HIST-BLK-02358,SEC_C04_04,Kondapuram - Yerraguntla,Guntakal,Engineering,Deep Screening Ballast,180,2026-08-04,Tue,NIGHT_MEGABLOCK,01:00,04:00,60,240,0,0,0,0,1.0,0.973,0,0,track_gang,Ballast Regulator,CRITICAL,96,10.7,0,0.0,99.0,1
HIST-BLK-02359,SEC_C02_07,Rajahmundry - Nidadavolu,Vijayawada,Engineering,Track Maintenance,105,2026-07-21,Tue,PEAK_MORNING,08:44,10:29,524,629,2,0,0,2,7.0,0.657,0,0,track_gang,None / Manual Tools,MEDIUM,60,2.1,2,37.0,33.3,0
HIST-BLK-02360,SEC_C03_01,Guntur - Narasaraopet,Guntur,Traction,Cantilever Adjustment,165,2026-07-28,Tue,AFTERNOON_SLOT,15:00,17:45,900,1065,1,0,0,1,4.0,0.846,0,0,tower_wagon_crew,Tower Wagon,MEDIUM,64,10.4,1,25.1,65.8,0
HIST-BLK-02361,SEC_C01_07,Kavali - Nellore,Vijayawada,Traction,Contact Wire Height Regulation,195,2026-07-04,Sat,PEAK_MORNING,07:30,10:45,450,645,1,0,0,1,6.0,0.816,1,0,tower_wagon_crew,Tower Wagon,HIGH,72,10.3,2,40.8,6.5,0
HIST-BLK-02362,SEC_C02_10,Eluru - Vijayawada,Vijayawada,Engineering,Deep Screening Ballast,225,2026-08-19,Wed,NIGHT_MEGABLOCK,01:00,04:45,60,285,0,0,0,0,1.0,0.98,0,0,track_gang,Ballast Regulator,MEDIUM,46,8.8,0,0.0,99.0,1
HIST-BLK-02363,SEC_C01_07,Kavali - Nellore,Vijayawada,S&T,Signal Maintenance,75,2026-08-23,Sun,EARLY_MORNING,05:04,06:19,304,379,1,0,0,1,8.0,0.822,0,0,ST_gang,None / Manual Tools,HIGH,78,10.1,1,11.9,81.1,0
HIST-BLK-02364,SEC_C03_04,Donakonda - Markapur Road,Guntur,Traction,OHE Inspection,120,2026-08-22,Sat,EARLY_MORNING,04:52,06:52,292,412,0,0,0,0,1.0,0.996,0,0,tower_wagon_crew,Tower Wagon,HIGH,82,8.7,0,0.0,99.0,1
HIST-BLK-02365,SEC_C03_05,Markapur Road - Giddalur,Guntur,Traction,Substation Transformer Overhaul,210,2026-08-01,Sat,PEAK_MORNING,07:30,11:00,450,660,1,0,0,1,4.0,0.794,0,0,specialist_team,None / Manual Tools,LOW,22,8.4,1,21.4,67.5,0
HIST-BLK-02366,SEC_C04_05,Yerraguntla - Kadapa,Guntakal,S&T,Point Machine Overhaul,90,2026-08-24,Mon,EARLY_MORNING,05:13,06:43,313,403,0,0,0,0,1.0,0.981,0,0,ST_gang,Testing Van,MEDIUM,59,2.4,0,0.0,99.0,1
HIST-BLK-02367,SEC_C03_05,Markapur Road - Giddalur,Guntur,Engineering,Track Maintenance,90,2026-07-26,Sun,LATE_NIGHT,21:48,23:18,1308,1398,0,0,0,0,1.0,0.962,0,0,track_gang,None / Manual Tools,MEDIUM,48,9.0,0,0.0,99.0,1
HIST-BLK-02368,SEC_C03_03,Vinukonda - Donakonda,Guntur,Traction,OHE Inspection,105,2026-08-20,Thu,PEAK_EVENING,18:34,20:19,1114,1219,3,0,1,2,8.0,0.441,0,1,tower_wagon_crew,Tower Wagon,CRITICAL,98,9.1,3,41.2,20.9,0
HIST-BLK-02369,SEC_C02_05,Annavaram - Samalkot,Vijayawada,S&T,Interlocking Inspection,105,2026-07-09,Thu,PEAK_MORNING,08:21,10:06,501,606,1,0,0,1,8.0,0.868,0,0,ST_gang,None / Manual Tools,MEDIUM,65,6.6,1,13.7,78.4,0
HIST-BLK-02370,SEC_C04_01,Guntakal - Gooty,Guntakal,Engineering,Sleeper Replacement,210,2026-08-01,Sat,LATE_NIGHT,21:30,01:00,1290,1500,1,0,1,0,3.0,0.848,0,0,track_gang,Ballast Regulator,CRITICAL,87,6.7,1,19.8,69.1,0
HIST-BLK-02371,SEC_C02_02,Duvvada - Anakapalle,Visakhapatnam,S&T,Point Machine Overhaul,90,2026-07-12,Sun,EARLY_MORNING,04:51,06:21,291,381,1,0,0,1,7.0,0.795,0,1,ST_gang,Testing Van,MEDIUM,57,4.9,1,20.9,70.5,0
HIST-BLK-02372,SEC_C03_02,Narasaraopet - Vinukonda,Guntur,Traction,Contact Wire Height Regulation,150,2026-07-29,Wed,EARLY_MORNING,04:30,07:00,270,420,0,0,0,0,1.0,0.929,0,1,tower_wagon_crew,Tower Wagon,LOW,21,8.1,0,0.0,99.0,1
HIST-BLK-02373,SEC_C02_07,Rajahmundry - Nidadavolu,Vijayawada,S&T,Point Machine Overhaul,60,2026-07-13,Mon,PEAK_EVENING,18:15,19:15,1095,1155,4,1,1,3,10.0,0.05,0,1,ST_gang,Testing Van,HIGH,77,3.1,4,85.0,5.0,0
HIST-BLK-02374,SEC_C01_06,Singarayakonda - Kavali,Vijayawada,Engineering,Weld Rectification,90,2026-08-28,Fri,PEAK_MORNING,07:58,09:28,478,568,1,0,0,1,4.0,0.853,0,0,track_gang,USFD Flaw Detector,MEDIUM,53,2.3,1,21.1,71.3,0
HIST-BLK-02375,SEC_C04_08,Koduru - Renigunta,Guntakal,Traction,Power Isolation Maintenance,180,2026-08-14,Fri,LATE_NIGHT,21:30,00:30,1290,1470,0,0,0,0,1.0,0.974,0,0,tower_wagon_crew,Tower Wagon,MEDIUM,60,8.7,0,0.0,99.0,1
HIST-BLK-02376,SEC_C02_02,Duvvada - Anakapalle,Visakhapatnam,Engineering,Track Maintenance,120,2026-08-29,Sat,AFTERNOON_SLOT,15:04,17:04,904,1024,0,0,0,0,1.0,0.938,0,0,track_gang,None / Manual Tools,HIGH,72,11.6,0,0.0,99.0,1
HIST-BLK-02377,SEC_C04_01,Guntakal - Gooty,Guntakal,Engineering,Rail Renewal,225,2026-07-27,Mon,PEAK_MORNING,07:30,11:15,450,675,5,0,1,4,8.0,0.172,0,0,track_gang,CSM Tamping Machine,MEDIUM,56,4.5,5,98.5,5.0,0
HIST-BLK-02378,SEC_C02_01,Visakhapatnam - Duvvada,Visakhapatnam,S&T,Point Machine Overhaul,120,2026-07-20,Mon,AFTERNOON_SLOT,15:16,17:16,916,1036,0,0,0,0,1.0,0.996,0,0,ST_gang,Testing Van,CRITICAL,97,8.1,0,0.0,99.0,1
HIST-BLK-02379,SEC_C03_01,Guntur - Narasaraopet,Guntur,Traction,Power Isolation Maintenance,165,2026-08-10,Mon,PEAK_MORNING,07:36,10:21,456,621,2,0,1,1,8.0,0.559,0,0,tower_wagon_crew,Tower Wagon,CRITICAL,93,9.5,2,35.3,34.0,0
HIST-BLK-02380,SEC_C02_08,Nidadavolu - Tadepalligudem,Vijayawada,S&T,Track Circuit Testing,75,2026-07-15,Wed,AFTERNOON_SLOT,16:07,17:22,967,1042,0,0,0,0,1.0,0.935,1,0,ST_gang,None / Manual Tools,LOW,25,5.7,1,21.5,48.0,0
HIST-BLK-02381,SEC_C01_03,Bapatla - Chirala,Vijayawada,Traction,Power Isolation Maintenance,195,2026-08-04,Tue,MIDDAY_FREIGHT_GAP,11:30,14:45,690,885,1,0,0,1,8.0,0.81,0,0,tower_wagon_crew,Tower Wagon,MEDIUM,61,2.9,1,24.0,64.5,0
HIST-BLK-02382,SEC_C01_05,Ongole - Singarayakonda,Vijayawada,Traction,Power Isolation Maintenance,210,2026-08-28,Fri,MIDDAY_FREIGHT_GAP,11:30,15:00,690,900,0,0,0,0,1.0,0.964,0,0,tower_wagon_crew,Tower Wagon,MEDIUM,48,2.9,0,0.0,99.0,1
HIST-BLK-02383,SEC_C01_03,Bapatla - Chirala,Vijayawada,S&T,Track Circuit Testing,105,2026-08-27,Thu,NIGHT_MEGABLOCK,01:32,03:17,92,197,0,0,0,0,1.0,0.941,1,0,ST_gang,None / Manual Tools,CRITICAL,99,2.4,1,28.8,36.5,0
HIST-BLK-02384,SEC_C04_01,Guntakal - Gooty,Guntakal,S&T,Track Circuit Testing,105,2026-07-30,Thu,PEAK_MORNING,08:04,09:49,484,589,3,1,1,2,10.0,0.119,1,1,ST_gang,None / Manual Tools,MEDIUM,60,10.4,4,90.2,5.0,0
HIST-BLK-02385,SEC_C04_05,Yerraguntla - Kadapa,Guntakal,Engineering,Weld Rectification,90,2026-08-23,Sun,AFTERNOON_SLOT,15:29,16:59,929,1019,0,0,0,0,1.0,0.922,0,0,track_gang,USFD Flaw Detector,CRITICAL,86,4.7,0,0.0,99.0,1
HIST-BLK-02386,SEC_C04_08,Koduru - Renigunta,Guntakal,S&T,Cable Jointing & OFC,180,2026-08-04,Tue,PEAK_EVENING,17:56,20:56,1076,1256,1,0,0,1,7.0,0.861,1,0,ST_gang,Testing Van,MEDIUM,65,6.8,2,47.5,5.0,0
HIST-BLK-02387,SEC_C02_01,Visakhapatnam - Duvvada,Visakhapatnam,Engineering,Rail Renewal,255,2026-08-07,Fri,EARLY_MORNING,04:30,08:45,270,525,1,0,0,1,4.0,0.83,0,0,track_gang,CSM Tamping Machine,HIGH,84,6.9,1,25.7,62.7,0
HIST-BLK-02388,SEC_C01_03,Bapatla - Chirala,Vijayawada,Engineering,Turnout Overhaul,150,2026-07-11,Sat,EARLY_MORNING,04:30,07:00,270,420,0,0,0,0,1.0,0.935,0,1,track_gang,CSM Tamping Machine,LOW,30,10.7,0,0.0,99.0,1
HIST-BLK-02389,SEC_C04_05,Yerraguntla - Kadapa,Guntakal,Engineering,Deep Screening Ballast,180,2026-07-20,Mon,PEAK_EVENING,17:51,20:51,1071,1251,1,0,0,1,7.0,0.86,0,0,track_gang,Ballast Regulator,MEDIUM,54,6.7,1,17.1,72.3,0
HIST-BLK-02390,SEC_C04_02,Gooty - Tadipatri,Guntakal,S&T,Axle Counter Replacement,120,2026-07-26,Sun,NIGHT_MEGABLOCK,01:00,03:00,60,180,0,0,0,0,1.0,0.956,1,0,ST_gang,Testing Van,LOW,24,10.5,1,16.8,54.3,0
HIST-BLK-02391,SEC_C02_01,Visakhapatnam - Duvvada,Visakhapatnam,Engineering,Weld Rectification,75,2026-08-24,Mon,LATE_NIGHT,22:02,23:17,1322,1397,0,0,0,0,1.0,0.997,0,1,track_gang,USFD Flaw Detector,HIGH,78,4.2,0,0.0,99.0,1
HIST-BLK-02392,SEC_C02_06,Samalkot - Rajahmundry,Vijayawada,Engineering,Track Maintenance,120,2026-08-16,Sun,LATE_NIGHT,21:41,23:41,1301,1421,0,0,0,0,1.0,1.0,0,1,track_gang,None / Manual Tools,HIGH,75,5.7,0,0.0,99.0,1
HIST-BLK-02393,SEC_C04_02,Gooty - Tadipatri,Guntakal,Engineering,Rail Renewal,255,2026-07-23,Thu,EARLY_MORNING,04:30,08:45,270,525,1,0,0,1,8.0,0.789,0,0,track_gang,CSM Tamping Machine,HIGH,78,10.0,1,23.5,67.5,0
HIST-BLK-02394,SEC_C01_06,Singarayakonda - Kavali,Vijayawada,Engineering,Weld Rectification,120,2026-07-20,Mon,LATE_NIGHT,21:43,23:43,1303,1423,0,0,0,0,1.0,0.932,1,0,track_gang,USFD Flaw Detector,HIGH,73,4.0,1,23.4,41.5,0
HIST-BLK-02395,SEC_C01_02,Tenali - Bapatla,Vijayawada,S&T,Interlocking Inspection,120,2026-08-16,Sun,EARLY_MORNING,04:55,06:55,295,415,0,0,0,0,1.0,0.95,1,0,ST_gang,None / Manual Tools,MEDIUM,61,9.1,1,23.7,45.7,0
HIST-BLK-02396,SEC_C03_06,Giddalur - Nandyal,Guntur,Traction,Cantilever Adjustment,135,2026-07-05,Sun,AFTERNOON_SLOT,15:07,17:22,907,1042,0,0,0,0,1.0,0.96,0,0,tower_wagon_crew,Tower Wagon,MEDIUM,48,3.5,0,0.0,99.0,1
HIST-BLK-02397,SEC_C03_04,Donakonda - Markapur Road,Guntur,Traction,Contact Wire Height Regulation,165,2026-08-01,Sat,MIDDAY_FREIGHT_GAP,11:44,14:29,704,869,2,0,0,2,6.0,0.577,0,1,tower_wagon_crew,Tower Wagon,HIGH,85,9.8,2,32.8,46.7,0
HIST-BLK-02398,SEC_C03_02,Narasaraopet - Vinukonda,Guntur,Engineering,Sleeper Replacement,180,2026-08-08,Sat,NIGHT_MEGABLOCK,01:00,04:00,60,240,0,0,0,0,1.0,0.938,1,0,track_gang,Ballast Regulator,MEDIUM,62,7.2,1,19.5,48.0,0
HIST-BLK-02399,SEC_C04_08,Koduru - Renigunta,Guntakal,Engineering,Turnout Overhaul,165,2026-08-08,Sat,AFTERNOON_SLOT,15:00,17:45,900,1065,0,0,0,0,1.0,0.921,1,0,track_gang,CSM Tamping Machine,MEDIUM,57,1.8,1,16.1,50.7,0
HIST-BLK-02400,SEC_C01_07,Kavali - Nellore,Vijayawada,S&T,Track Circuit Testing,90,2026-07-01,Wed,PEAK_MORNING,08:06,09:36,486,576,3,0,1,2,8.0,0.444,0,0,ST_gang,None / Manual Tools,HIGH,75,7.6,3,28.9,25.7,0
HIST-BLK-02401,SEC_C04_02,Gooty - Tadipatri,Guntakal,Engineering,Sleeper Replacement,180,2026-08-22,Sat,MIDDAY_FREIGHT_GAP,11:30,14:30,690,870,0,0,0,0,1.0,0.976,0,0,track_gang,Ballast Regulator,CRITICAL,99,7.8,0,0.0,99.0,1
HIST-BLK-02402,SEC_C03_04,Donakonda - Markapur Road,Guntur,S&T,Point Machine Overhaul,105,2026-08-12,Wed,NIGHT_MEGABLOCK,01:48,03:33,108,213,0,0,0,0,1.0,0.995,0,1,ST_gang,Testing Van,HIGH,77,1.9,0,0.0,99.0,1
HIST-BLK-02403,SEC_C01_08,Nellore - Gudur,Vijayawada,Engineering,Turnout Overhaul,165,2026-07-30,Thu,EARLY_MORNING,04:30,07:15,270,435,2,0,1,1,4.0,0.578,1,0,track_gang,CSM Tamping Machine,HIGH,75,5.6,3,65.3,5.0,0
HIST-BLK-02404,SEC_C03_06,Giddalur - Nandyal,Guntur,Traction,Contact Wire Height Regulation,150,2026-08-12,Wed,LATE_NIGHT,21:30,00:00,1290,1440,0,0,0,0,1.0,0.949,0,1,tower_wagon_crew,Tower Wagon,LOW,34,10.7,0,0.0,99.0,1
HIST-BLK-02405,SEC_C01_08,Nellore - Gudur,Vijayawada,Engineering,Deep Screening Ballast,210,2026-07-20,Mon,PEAK_EVENING,17:45,21:15,1065,1275,1,0,1,0,3.0,0.842,0,1,track_gang,Ballast Regulator,MEDIUM,59,10.0,1,25.8,75.6,0
HIST-BLK-02406,SEC_C01_01,Vijayawada - Tenali,Vijayawada,Traction,Contact Wire Height Regulation,195,2026-07-22,Wed,MIDDAY_FREIGHT_GAP,11:30,14:45,690,885,0,0,0,0,1.0,0.961,0,0,tower_wagon_crew,Tower Wagon,MEDIUM,65,2.2,0,0.0,99.0,1
HIST-BLK-02407,SEC_C03_04,Donakonda - Markapur Road,Guntur,Traction,Insulator Washing & Replacement,120,2026-07-13,Mon,PEAK_MORNING,08:02,10:02,482,602,5,0,1,4,8.0,0.179,0,1,tower_wagon_crew,Tower Wagon,MEDIUM,63,8.8,5,55.7,5.0,0
HIST-BLK-02408,SEC_C02_10,Eluru - Vijayawada,Vijayawada,S&T,Axle Counter Replacement,90,2026-07-11,Sat,MIDDAY_FREIGHT_GAP,11:55,13:25,715,805,0,0,0,0,1.0,0.932,0,0,ST_gang,Testing Van,HIGH,85,9.5,0,0.0,99.0,1
HIST-BLK-02409,SEC_C04_02,Gooty - Tadipatri,Guntakal,S&T,Cable Jointing & OFC,150,2026-08-03,Mon,MIDDAY_FREIGHT_GAP,11:50,14:20,710,860,0,0,0,0,1.0,0.979,0,0,ST_gang,Testing Van,HIGH,78,11.7,0,0.0,99.0,1
HIST-BLK-02410,SEC_C03_05,Markapur Road - Giddalur,Guntur,S&T,Cable Jointing & OFC,180,2026-07-16,Thu,PEAK_MORNING,07:30,10:30,450,630,3,0,1,2,8.0,0.421,0,0,ST_gang,Testing Van,LOW,30,2.9,3,33.7,21.3,0
HIST-BLK-02411,SEC_C04_05,Yerraguntla - Kadapa,Guntakal,S&T,Point Machine Overhaul,105,2026-08-11,Tue,NIGHT_MEGABLOCK,02:11,03:56,131,236,0,0,0,0,1.0,0.974,0,0,ST_gang,Testing Van,MEDIUM,64,8.2,0,0.0,99.0,1
HIST-BLK-02412,SEC_C01_02,Tenali - Bapatla,Vijayawada,Engineering,Sleeper Replacement,180,2026-07-18,Sat,AFTERNOON_SLOT,15:00,18:00,900,1080,0,0,0,0,1.0,0.989,0,0,track_gang,Ballast Regulator,CRITICAL,93,7.1,0,0.0,99.0,1
HIST-BLK-02413,SEC_C03_06,Giddalur - Nandyal,Guntur,S&T,Interlocking Inspection,75,2026-07-12,Sun,PEAK_EVENING,19:02,20:17,1142,1217,2,1,1,1,10.0,0.358,0,0,ST_gang,None / Manual Tools,HIGH,71,9.7,2,46.9,5.0,0
HIST-BLK-02414,SEC_C02_10,Eluru - Vijayawada,Vijayawada,Engineering,Rail Renewal,210,2026-08-16,Sun,MIDDAY_FREIGHT_GAP,11:30,15:00,690,900,1,0,0,1,8.0,0.802,0,1,track_gang,CSM Tamping Machine,MEDIUM,67,2.6,1,26.5,74.1,0
HIST-BLK-02415,SEC_C04_03,Tadipatri - Kondapuram,Guntakal,S&T,Interlocking Inspection,75,2026-08-25,Tue,AFTERNOON_SLOT,15:57,17:12,957,1032,0,0,0,0,1.0,0.971,0,0,ST_gang,None / Manual Tools,HIGH,76,6.4,0,0.0,99.0,1
HIST-BLK-02416,SEC_C02_10,Eluru - Vijayawada,Vijayawada,Traction,Contact Wire Height Regulation,180,2026-08-17,Mon,NIGHT_MEGABLOCK,01:00,04:00,60,240,1,0,1,0,3.0,0.865,0,0,tower_wagon_crew,Tower Wagon,LOW,35,8.0,1,19.6,71.0,0
HIST-BLK-02417,SEC_C02_02,Duvvada - Anakapalle,Visakhapatnam,Engineering,Deep Screening Ballast,225,2026-07-19,Sun,LATE_NIGHT,21:30,01:15,1290,1515,0,0,0,0,1.0,0.924,0,0,track_gang,Ballast Regulator,CRITICAL,88,6.6,0,0.0,99.0,1
HIST-BLK-02418,SEC_C03_03,Vinukonda - Donakonda,Guntur,Engineering,Sleeper Replacement,180,2026-08-03,Mon,PEAK_MORNING,07:30,10:30,450,630,5,0,1,4,8.0,0.08,0,1,track_gang,Ballast Regulator,HIGH,77,2.4,5,61.6,5.0,0
HIST-BLK-02419,SEC_C04_05,Yerraguntla - Kadapa,Guntakal,Traction,Cantilever Adjustment,150,2026-08-15,Sat,MIDDAY_FREIGHT_GAP,11:46,14:16,706,856,0,0,0,0,1.0,0.967,0,0,tower_wagon_crew,Tower Wagon,LOW,20,8.5,0,0.0,99.0,1
HIST-BLK-02420,SEC_C02_04,Tuni - Annavaram,Vijayawada,S&T,Signal Maintenance,45,2026-08-18,Tue,MIDDAY_FREIGHT_GAP,11:37,12:22,697,742,0,0,0,0,1.0,0.978,0,0,ST_gang,None / Manual Tools,LOW,35,2.1,0,0.0,99.0,1
HIST-BLK-02421,SEC_C01_08,Nellore - Gudur,Vijayawada,Engineering,Weld Rectification,75,2026-07-16,Thu,PEAK_EVENING,18:36,19:51,1116,1191,2,0,1,1,7.0,0.523,0,0,track_gang,USFD Flaw Detector,HIGH,78,7.0,2,25.7,46.5,0
HIST-BLK-02422,SEC_C02_06,Samalkot - Rajahmundry,Vijayawada,Engineering,Sleeper Replacement,180,2026-08-29,Sat,AFTERNOON_SLOT,15:00,18:00,900,1080,0,0,0,0,1.0,0.956,0,1,track_gang,Ballast Regulator,HIGH,70,2.0,0,0.0,99.0,1
HIST-BLK-02423,SEC_C04_02,Gooty - Tadipatri,Guntakal,Traction,Cantilever Adjustment,120,2026-08-26,Wed,NIGHT_MEGABLOCK,01:52,03:52,112,232,0,0,0,0,1.0,0.923,0,0,tower_wagon_crew,Tower Wagon,CRITICAL,93,8.6,0,0.0,99.0,1
HIST-BLK-02424,SEC_C02_10,Eluru - Vijayawada,Vijayawada,Traction,Power Isolation Maintenance,150,2026-07-15,Wed,PEAK_MORNING,07:46,10:16,466,616,4,0,1,3,8.0,0.189,0,1,tower_wagon_crew,Tower Wagon,HIGH,79,4.6,4,50.0,5.0,0
HIST-BLK-02425,SEC_C02_04,Tuni - Annavaram,Vijayawada,Traction,OHE Inspection,135,2026-07-01,Wed,EARLY_MORNING,04:33,06:48,273,408,0,0,0,0,1.0,0.989,0,0,tower_wagon_crew,Tower Wagon,MEDIUM,61,5.6,0,0.0,99.0,1
HIST-BLK-02426,SEC_C02_08,Nidadavolu - Tadepalligudem,Vijayawada,Traction,OHE Inspection,120,2026-08-01,Sat,PEAK_EVENING,18:51,20:51,1131,1251,4,0,1,3,8.0,0.192,0,0,tower_wagon_crew,Tower Wagon,LOW,21,11.0,4,77.9,5.0,0
HIST-BLK-02427,SEC_C01_02,Tenali - Bapatla,Vijayawada,Engineering,Turnout Overhaul,210,2026-07-03,Fri,MIDDAY_FREIGHT_GAP,11:30,15:00,690,900,1,0,0,1,4.0,0.843,0,0,track_gang,CSM Tamping Machine,HIGH,70,3.1,1,24.7,66.6,0
HIST-BLK-02428,SEC_C01_08,Nellore - Gudur,Vijayawada,Traction,Cantilever Adjustment,135,2026-07-14,Tue,LATE_NIGHT,21:30,23:45,1290,1425,0,0,0,0,1.0,0.923,0,0,tower_wagon_crew,Tower Wagon,CRITICAL,95,3.6,0,0.0,99.0,1
HIST-BLK-02429,SEC_C02_03,Anakapalle - Tuni,Visakhapatnam,Engineering,Rail Renewal,240,2026-07-23,Thu,PEAK_MORNING,07:30,11:30,450,690,1,0,0,1,8.0,0.877,0,0,track_gang,CSM Tamping Machine,LOW,20,2.7,1,23.5,68.9,0
HIST-BLK-02430,SEC_C01_04,Chirala - Ongole,Vijayawada,Engineering,Deep Screening Ballast,210,2026-07-14,Tue,EARLY_MORNING,04:30,08:00,270,480,0,0,0,0,1.0,0.922,0,1,track_gang,Ballast Regulator,CRITICAL,96,7.4,0,0.0,99.0,1
HIST-BLK-02431,SEC_C01_01,Vijayawada - Tenali,Vijayawada,Engineering,Rail Renewal,225,2026-07-13,Mon,NIGHT_MEGABLOCK,01:00,04:45,60,285,0,0,0,0,1.0,0.963,0,0,track_gang,CSM Tamping Machine,MEDIUM,69,11.3,0,0.0,99.0,1
HIST-BLK-02432,SEC_C01_04,Chirala - Ongole,Vijayawada,S&T,Interlocking Inspection,60,2026-08-20,Thu,PEAK_EVENING,17:53,18:53,1073,1133,1,0,1,0,3.0,0.837,0,0,ST_gang,None / Manual Tools,LOW,21,7.1,1,18.1,71.6,0
HIST-BLK-02433,SEC_C03_05,Markapur Road - Giddalur,Guntur,S&T,Axle Counter Replacement,135,2026-07-29,Wed,EARLY_MORNING,04:34,06:49,274,409,0,0,0,0,1.0,0.942,0,0,ST_gang,Testing Van,MEDIUM,65,10.2,0,0.0,99.0,1
HIST-BLK-02434,SEC_C01_06,Singarayakonda - Kavali,Vijayawada,Traction,Power Isolation Maintenance,180,2026-07-10,Fri,LATE_NIGHT,21:30,00:30,1290,1470,0,0,0,0,1.0,0.981,0,0,tower_wagon_crew,Tower Wagon,LOW,33,7.7,0,0.0,99.0,1
HIST-BLK-02435,SEC_C01_07,Kavali - Nellore,Vijayawada,Traction,Cantilever Adjustment,135,2026-08-25,Tue,PEAK_MORNING,07:53,10:08,473,608,1,0,0,1,6.0,0.845,0,0,tower_wagon_crew,Tower Wagon,MEDIUM,69,9.1,1,18.1,72.4,0
HIST-BLK-02436,SEC_C01_03,Bapatla - Chirala,Vijayawada,Engineering,Track Maintenance,135,2026-07-08,Wed,AFTERNOON_SLOT,15:13,17:28,913,1048,0,0,0,0,1.0,0.978,0,0,track_gang,None / Manual Tools,LOW,39,9.3,0,0.0,99.0,1
HIST-BLK-02437,SEC_C01_07,Kavali - Nellore,Vijayawada,Traction,Cantilever Adjustment,120,2026-08-22,Sat,PEAK_EVENING,18:22,20:22,1102,1222,4,0,1,3,7.0,0.183,1,0,tower_wagon_crew,Tower Wagon,MEDIUM,68,8.4,5,75.2,5.0,0
HIST-BLK-02438,SEC_C03_04,Donakonda - Markapur Road,Guntur,Engineering,Sleeper Replacement,180,2026-08-08,Sat,PEAK_MORNING,07:30,10:30,450,630,4,0,1,3,7.0,0.105,0,0,track_gang,Ballast Regulator,HIGH,72,9.0,4,67.6,5.0,0
HIST-BLK-02439,SEC_C03_04,Donakonda - Markapur Road,Guntur,S&T,Axle Counter Replacement,120,2026-08-10,Mon,MIDDAY_FREIGHT_GAP,12:29,14:29,749,869,2,0,0,2,6.0,0.589,0,0,ST_gang,Testing Van,HIGH,75,2.7,2,26.3,46.0,0
HIST-BLK-02440,SEC_C03_01,Guntur - Narasaraopet,Guntur,Traction,Insulator Washing & Replacement,105,2026-07-31,Fri,AFTERNOON_SLOT,15:30,17:15,930,1035,1,0,0,1,4.0,0.842,0,0,tower_wagon_crew,Tower Wagon,CRITICAL,86,10.9,1,19.2,70.7,0
HIST-BLK-02441,SEC_C03_02,Narasaraopet - Vinukonda,Guntur,Traction,Substation Transformer Overhaul,270,2026-07-27,Mon,MIDDAY_FREIGHT_GAP,11:30,16:00,690,960,1,1,0,1,10.0,0.62,0,1,specialist_team,None / Manual Tools,LOW,23,8.6,1,33.4,27.0,0
HIST-BLK-02442,SEC_C01_08,Nellore - Gudur,Vijayawada,Engineering,Rail Renewal,240,2026-08-07,Fri,EARLY_MORNING,04:30,08:30,270,510,1,0,1,0,3.0,0.814,0,0,track_gang,CSM Tamping Machine,CRITICAL,88,4.3,1,27.3,59.1,0
HIST-BLK-02443,SEC_C03_02,Narasaraopet - Vinukonda,Guntur,Engineering,Turnout Overhaul,165,2026-08-01,Sat,EARLY_MORNING,04:30,07:15,270,435,0,0,0,0,1.0,0.974,0,0,track_gang,CSM Tamping Machine,HIGH,76,10.1,0,0.0,99.0,1
HIST-BLK-02444,SEC_C02_05,Annavaram - Samalkot,Vijayawada,S&T,Signal Maintenance,60,2026-08-28,Fri,PEAK_EVENING,17:57,18:57,1077,1137,2,1,1,1,10.0,0.423,0,0,ST_gang,None / Manual Tools,HIGH,77,8.0,2,53.0,5.0,0
HIST-BLK-02445,SEC_C02_04,Tuni - Annavaram,Vijayawada,Engineering,Sleeper Replacement,195,2026-08-12,Wed,EARLY_MORNING,04:30,07:45,270,465,1,1,0,1,10.0,0.55,0,0,track_gang,Ballast Regulator,MEDIUM,66,9.5,1,26.1,24.3,0
HIST-BLK-02446,SEC_C03_05,Markapur Road - Giddalur,Guntur,Engineering,Rail Renewal,270,2026-08-07,Fri,NIGHT_MEGABLOCK,01:00,05:30,60,330,1,0,1,0,3.0,0.822,0,0,track_gang,CSM Tamping Machine,MEDIUM,54,5.4,1,24.8,64.5,0
HIST-BLK-02447,SEC_C03_03,Vinukonda - Donakonda,Guntur,Engineering,Track Maintenance,150,2026-08-15,Sat,AFTERNOON_SLOT,15:00,17:30,900,1050,0,0,0,0,1.0,0.957,0,0,track_gang,None / Manual Tools,HIGH,82,9.7,0,0.0,99.0,1
HIST-BLK-02448,SEC_C02_08,Nidadavolu - Tadepalligudem,Vijayawada,Engineering,Deep Screening Ballast,240,2026-07-27,Mon,NIGHT_MEGABLOCK,01:00,05:00,60,300,1,0,1,0,3.0,0.832,0,0,track_gang,Ballast Regulator,LOW,36,8.3,1,20.2,68.3,0
HIST-BLK-02449,SEC_C03_06,Giddalur - Nandyal,Guntur,S&T,Interlocking Inspection,75,2026-08-08,Sat,NIGHT_MEGABLOCK,01:11,02:26,71,146,1,0,1,0,3.0,0.864,0,1,ST_gang,None / Manual Tools,HIGH,75,7.9,1,13.6,79.8,0
HIST-BLK-02450,SEC_C02_08,Nidadavolu - Tadepalligudem,Vijayawada,Traction,Power Isolation Maintenance,195,2026-07-28,Tue,EARLY_MORNING,04:30,07:45,270,465,0,0,0,0,1.0,0.96,1,0,tower_wagon_crew,Tower Wagon,CRITICAL,100,4.0,1,23.4,43.9,0
HIST-BLK-02451,SEC_C02_03,Anakapalle - Tuni,Visakhapatnam,Traction,OHE Inspection,135,2026-08-04,Tue,AFTERNOON_SLOT,15:06,17:21,906,1041,1,1,0,1,9.0,0.583,0,0,tower_wagon_crew,Tower Wagon,HIGH,84,5.8,1,33.1,16.2,0
HIST-BLK-02452,SEC_C02_10,Eluru - Vijayawada,Vijayawada,Engineering,Deep Screening Ballast,180,2026-08-04,Tue,EARLY_MORNING,04:30,07:30,270,450,0,0,0,0,1.0,0.944,0,0,track_gang,Ballast Regulator,MEDIUM,50,5.7,0,0.0,99.0,1
HIST-BLK-02453,SEC_C02_10,Eluru - Vijayawada,Vijayawada,Engineering,Deep Screening Ballast,210,2026-07-20,Mon,PEAK_MORNING,07:30,11:00,450,660,1,0,0,1,8.0,0.865,0,0,track_gang,Ballast Regulator,HIGH,76,9.5,1,24.5,65.6,0
HIST-BLK-02454,SEC_C02_08,Nidadavolu - Tadepalligudem,Vijayawada,S&T,Interlocking Inspection,120,2026-07-21,Tue,AFTERNOON_SLOT,15:02,17:02,902,1022,0,0,0,0,1.0,0.975,0,0,ST_gang,None / Manual Tools,MEDIUM,59,7.9,0,0.0,99.0,1
HIST-BLK-02455,SEC_C04_01,Guntakal - Gooty,Guntakal,Traction,Contact Wire Height Regulation,210,2026-07-06,Mon,PEAK_MORNING,07:30,11:00,450,660,4,1,1,3,10.0,0.05,0,0,tower_wagon_crew,Tower Wagon,LOW,38,2.5,4,75.0,5.0,0
HIST-BLK-02456,SEC_C02_02,Duvvada - Anakapalle,Visakhapatnam,Engineering,Weld Rectification,90,2026-07-01,Wed,EARLY_MORNING,05:10,06:40,310,400,1,1,0,1,9.0,0.568,1,0,track_gang,USFD Flaw Detector,MEDIUM,69,7.4,2,64.1,5.0,0
HIST-BLK-02457,SEC_C01_05,Ongole - Singarayakonda,Vijayawada,Engineering,Deep Screening Ballast,225,2026-07-12,Sun,LATE_NIGHT,21:30,01:15,1290,1515,1,0,1,0,3.0,0.858,0,0,track_gang,Ballast Regulator,CRITICAL,96,10.8,1,20.6,69.9,0
HIST-BLK-02458,SEC_C04_08,Koduru - Renigunta,Guntakal,Engineering,Turnout Overhaul,150,2026-07-15,Wed,MIDDAY_FREIGHT_GAP,11:36,14:06,696,846,1,0,0,1,8.0,0.803,0,0,track_gang,CSM Tamping Machine,MEDIUM,69,8.6,1,16.1,74.8,0
HIST-BLK-02459,SEC_C04_08,Koduru - Renigunta,Guntakal,S&T,Cable Jointing & OFC,165,2026-07-21,Tue,MIDDAY_FREIGHT_GAP,11:37,14:22,697,862,1,0,0,1,8.0,0.785,0,0,ST_gang,Testing Van,HIGH,80,9.9,1,25.1,64.5,0
HIST-BLK-02460,SEC_C04_05,Yerraguntla - Kadapa,Guntakal,Traction,Contact Wire Height Regulation,210,2026-08-22,Sat,PEAK_EVENING,17:45,21:15,1065,1275,1,1,0,1,10.0,0.622,0,0,tower_wagon_crew,Tower Wagon,LOW,34,1.5,1,31.7,19.1,0
HIST-BLK-02461,SEC_C02_01,Visakhapatnam - Duvvada,Visakhapatnam,S&T,Cable Jointing & OFC,180,2026-07-31,Fri,PEAK_EVENING,17:58,20:58,1078,1258,4,0,1,3,8.0,0.082,1,1,ST_gang,Testing Van,HIGH,77,5.8,5,72.7,5.0,0
HIST-BLK-02462,SEC_C02_09,Tadepalligudem - Eluru,Vijayawada,S&T,Point Machine Overhaul,60,2026-07-04,Sat,PEAK_MORNING,07:49,08:49,469,529,2,0,1,1,8.0,0.58,0,1,ST_gang,Testing Van,HIGH,73,4.1,2,20.7,53.1,0
HIST-BLK-02463,SEC_C03_05,Markapur Road - Giddalur,Guntur,Traction,Substation Transformer Overhaul,210,2026-08-21,Fri,PEAK_MORNING,07:30,11:00,450,660,2,0,1,1,8.0,0.574,0,0,specialist_team,None / Manual Tools,MEDIUM,52,7.2,2,27.5,42.4,0
HIST-BLK-02464,SEC_C02_09,Tadepalligudem - Eluru,Vijayawada,Engineering,Turnout Overhaul,165,2026-08-15,Sat,AFTERNOON_SLOT,15:00,17:45,900,1065,1,0,1,0,3.0,0.83,0,0,track_gang,CSM Tamping Machine,LOW,33,3.5,1,21.1,69.7,0
HIST-BLK-02465,SEC_C01_04,Chirala - Ongole,Vijayawada,S&T,Point Machine Overhaul,75,2026-07-14,Tue,AFTERNOON_SLOT,15:12,16:27,912,987,0,0,0,0,1.0,0.92,0,0,ST_gang,Testing Van,CRITICAL,97,2.3,0,0.0,99.0,1
HIST-BLK-02466,SEC_C01_03,Bapatla - Chirala,Vijayawada,Engineering,Rail Renewal,225,2026-07-09,Thu,AFTERNOON_SLOT,15:00,18:45,900,1125,1,0,0,1,7.0,0.788,0,0,track_gang,CSM Tamping Machine,HIGH,84,10.3,1,22.2,68.8,0
HIST-BLK-02467,SEC_C04_03,Tadipatri - Kondapuram,Guntakal,S&T,Interlocking Inspection,105,2026-07-02,Thu,PEAK_MORNING,07:46,09:31,466,571,5,1,1,4,10.0,0.05,1,1,ST_gang,None / Manual Tools,MEDIUM,58,4.5,6,116.6,5.0,0
HIST-BLK-02468,SEC_C01_01,Vijayawada - Tenali,Vijayawada,Traction,Contact Wire Height Regulation,180,2026-08-16,Sun,PEAK_EVENING,17:56,20:56,1076,1256,2,0,0,2,7.0,0.522,1,0,tower_wagon_crew,Tower Wagon,CRITICAL,87,10.9,3,61.2,5.0,0
HIST-BLK-02469,SEC_C04_06,Kadapa - Razampeta,Guntakal,S&T,Track Circuit Testing,60,2026-08-22,Sat,MIDDAY_FREIGHT_GAP,11:44,12:44,704,764,0,0,0,0,1.0,0.943,1,0,ST_gang,None / Manual Tools,HIGH,74,7.9,1,21.7,44.6,0
HIST-BLK-02470,SEC_C01_06,Singarayakonda - Kavali,Vijayawada,Engineering,Sleeper Replacement,180,2026-07-27,Mon,PEAK_MORNING,07:30,10:30,450,630,1,0,0,1,4.0,0.82,0,1,track_gang,Ballast Regulator,CRITICAL,89,5.8,1,20.6,79.7,0
HIST-BLK-02471,SEC_C04_03,Tadipatri - Kondapuram,Guntakal,Engineering,Rail Renewal,240,2026-07-21,Tue,PEAK_MORNING,07:30,11:30,450,690,4,1,1,3,10.0,0.05,0,0,track_gang,CSM Tamping Machine,CRITICAL,86,10.9,4,74.3,5.0,0
HIST-BLK-02472,SEC_C01_08,Nellore - Gudur,Vijayawada,Engineering,Track Maintenance,120,2026-08-27,Thu,PEAK_EVENING,18:40,20:40,1120,1240,5,1,1,4,10.0,0.05,0,0,track_gang,None / Manual Tools,HIGH,72,2.4,5,94.9,5.0,0
HIST-BLK-02473,SEC_C02_05,Annavaram - Samalkot,Vijayawada,Engineering,Turnout Overhaul,180,2026-08-21,Fri,LATE_NIGHT,21:30,00:30,1290,1470,1,0,1,0,3.0,0.86,1,0,track_gang,CSM Tamping Machine,MEDIUM,52,4.4,2,43.5,5.1,0
HIST-BLK-02474,SEC_C01_06,Singarayakonda - Kavali,Vijayawada,S&T,Track Circuit Testing,75,2026-08-22,Sat,NIGHT_MEGABLOCK,01:56,03:11,116,191,0,0,0,0,1.0,0.935,0,1,ST_gang,None / Manual Tools,LOW,42,4.3,0,0.0,99.0,1
HIST-BLK-02475,SEC_C02_09,Tadepalligudem - Eluru,Vijayawada,S&T,Cable Jointing & OFC,165,2026-08-20,Thu,PEAK_MORNING,07:40,10:25,460,625,2,0,1,1,7.0,0.63,0,0,ST_gang,Testing Van,HIGH,72,6.8,2,39.8,28.8,0
HIST-BLK-02476,SEC_C02_07,Rajahmundry - Nidadavolu,Vijayawada,Engineering,Rail Renewal,240,2026-08-19,Wed,PEAK_MORNING,07:30,11:30,450,690,1,0,0,1,7.0,0.852,0,0,track_gang,CSM Tamping Machine,HIGH,83,4.8,1,27.1,61.9,0
HIST-BLK-02477,SEC_C03_02,Narasaraopet - Vinukonda,Guntur,Engineering,Sleeper Replacement,210,2026-08-25,Tue,NIGHT_MEGABLOCK,01:00,04:30,60,270,1,0,1,0,3.0,0.862,0,0,track_gang,Ballast Regulator,LOW,23,3.9,1,27.8,59.5,0
HIST-BLK-02478,SEC_C02_02,Duvvada - Anakapalle,Visakhapatnam,Engineering,Sleeper Replacement,150,2026-08-23,Sun,PEAK_EVENING,18:02,20:32,1082,1232,5,1,1,4,10.0,0.05,0,0,track_gang,Ballast Regulator,HIGH,75,10.0,5,109.9,5.0,0
HIST-BLK-02479,SEC_C04_07,Razampeta - Koduru,Guntakal,Engineering,Sleeper Replacement,210,2026-08-23,Sun,LATE_NIGHT,21:30,01:00,1290,1500,0,0,0,0,1.0,0.95,0,0,track_gang,Ballast Regulator,CRITICAL,92,5.2,0,0.0,99.0,1
HIST-BLK-02480,SEC_C02_08,Nidadavolu - Tadepalligudem,Vijayawada,Traction,Insulator Washing & Replacement,105,2026-07-02,Thu,LATE_NIGHT,21:52,23:37,1312,1417,1,0,1,0,3.0,0.787,0,0,tower_wagon_crew,Tower Wagon,CRITICAL,91,7.7,1,21.0,69.1,0
HIST-BLK-02481,SEC_C02_05,Annavaram - Samalkot,Vijayawada,Engineering,Deep Screening Ballast,240,2026-07-05,Sun,MIDDAY_FREIGHT_GAP,11:30,15:30,690,930,1,0,0,1,4.0,0.839,0,0,track_gang,Ballast Regulator,LOW,32,7.0,1,27.1,61.0,0
HIST-BLK-02482,SEC_C03_02,Narasaraopet - Vinukonda,Guntur,Engineering,Sleeper Replacement,180,2026-08-15,Sat,PEAK_EVENING,17:54,20:54,1074,1254,4,0,1,3,8.0,0.136,0,0,track_gang,Ballast Regulator,LOW,31,10.5,4,80.6,5.0,0
HIST-BLK-02483,SEC_C01_01,Vijayawada - Tenali,Vijayawada,Traction,Cantilever Adjustment,150,2026-07-12,Sun,LATE_NIGHT,21:30,00:00,1290,1440,1,0,0,1,7.0,0.781,0,1,tower_wagon_crew,Tower Wagon,MEDIUM,65,11.4,1,17.3,80.9,0
HIST-BLK-02484,SEC_C02_03,Anakapalle - Tuni,Visakhapatnam,S&T,Signal Maintenance,45,2026-08-29,Sat,LATE_NIGHT,22:50,23:35,1370,1415,0,0,0,0,1.0,0.983,1,0,ST_gang,None / Manual Tools,MEDIUM,47,10.5,1,15.3,52.4,0
HIST-BLK-02485,SEC_C02_07,Rajahmundry - Nidadavolu,Vijayawada,S&T,Signal Maintenance,75,2026-08-11,Tue,NIGHT_MEGABLOCK,02:15,03:30,135,210,0,0,0,0,1.0,0.966,0,1,ST_gang,None / Manual Tools,MEDIUM,47,10.7,0,0.0,99.0,1
HIST-BLK-02486,SEC_C04_08,Koduru - Renigunta,Guntakal,Traction,Contact Wire Height Regulation,210,2026-07-11,Sat,AFTERNOON_SLOT,15:00,18:30,900,1110,0,0,0,0,1.0,0.922,0,0,tower_wagon_crew,Tower Wagon,LOW,41,6.4,0,0.0,99.0,1
HIST-BLK-02487,SEC_C04_08,Koduru - Renigunta,Guntakal,Engineering,Track Maintenance,120,2026-08-12,Wed,AFTERNOON_SLOT,15:14,17:14,914,1034,0,0,0,0,1.0,0.931,0,1,track_gang,None / Manual Tools,HIGH,74,7.4,0,0.0,99.0,1
HIST-BLK-02488,SEC_C04_02,Gooty - Tadipatri,Guntakal,S&T,Axle Counter Replacement,90,2026-08-01,Sat,MIDDAY_FREIGHT_GAP,11:55,13:25,715,805,0,0,0,0,1.0,0.971,0,0,ST_gang,Testing Van,LOW,31,8.7,0,0.0,99.0,1
HIST-BLK-02489,SEC_C02_03,Anakapalle - Tuni,Visakhapatnam,Engineering,Track Maintenance,120,2026-08-25,Tue,LATE_NIGHT,21:33,23:33,1293,1413,0,0,0,0,1.0,0.949,0,0,track_gang,None / Manual Tools,HIGH,84,9.7,0,0.0,99.0,1
HIST-BLK-02490,SEC_C03_05,Markapur Road - Giddalur,Guntur,Engineering,Track Maintenance,120,2026-07-23,Thu,NIGHT_MEGABLOCK,01:27,03:27,87,207,0,0,0,0,1.0,0.941,0,0,track_gang,None / Manual Tools,MEDIUM,61,5.3,0,0.0,99.0,1
HIST-BLK-02491,SEC_C02_01,Visakhapatnam - Duvvada,Visakhapatnam,Traction,OHE Inspection,120,2026-08-16,Sun,MIDDAY_FREIGHT_GAP,11:46,13:46,706,826,0,0,0,0,1.0,0.961,0,0,tower_wagon_crew,Tower Wagon,LOW,29,5.4,0,0.0,99.0,1
HIST-BLK-02492,SEC_C03_04,Donakonda - Markapur Road,Guntur,Traction,Insulator Washing & Replacement,120,2026-07-14,Tue,AFTERNOON_SLOT,15:07,17:07,907,1027,2,0,1,1,4.0,0.567,0,1,tower_wagon_crew,Tower Wagon,MEDIUM,63,5.2,2,37.5,44.1,0
HIST-BLK-02493,SEC_C02_05,Annavaram - Samalkot,Vijayawada,Engineering,Deep Screening Ballast,210,2026-08-27,Thu,PEAK_MORNING,07:30,11:00,450,660,1,0,0,1,8.0,0.823,0,0,track_gang,Ballast Regulator,MEDIUM,49,7.6,1,24.2,67.7,0
HIST-BLK-02494,SEC_C02_05,Annavaram - Samalkot,Vijayawada,Engineering,Rail Renewal,225,2026-08-13,Thu,NIGHT_MEGABLOCK,01:00,04:45,60,285,1,0,0,1,8.0,0.801,0,0,track_gang,CSM Tamping Machine,CRITICAL,98,1.9,1,25.7,63.3,0
HIST-BLK-02495,SEC_C04_07,Razampeta - Koduru,Guntakal,S&T,Point Machine Overhaul,75,2026-07-22,Wed,LATE_NIGHT,21:51,23:06,1311,1386,1,0,1,0,3.0,0.849,0,0,ST_gang,Testing Van,CRITICAL,95,11.5,1,14.3,77.8,0
HIST-BLK-02496,SEC_C01_08,Nellore - Gudur,Vijayawada,Engineering,Weld Rectification,75,2026-07-26,Sun,AFTERNOON_SLOT,16:15,17:30,975,1050,0,0,0,0,1.0,0.936,0,0,track_gang,USFD Flaw Detector,MEDIUM,48,3.2,0,0.0,99.0,1
HIST-BLK-02497,SEC_C02_07,Rajahmundry - Nidadavolu,Vijayawada,Engineering,Sleeper Replacement,210,2026-07-30,Thu,AFTERNOON_SLOT,15:00,18:30,900,1110,0,0,0,0,1.0,0.955,0,0,track_gang,Ballast Regulator,LOW,20,4.4,0,0.0,99.0,1
HIST-BLK-02498,SEC_C04_05,Yerraguntla - Kadapa,Guntakal,S&T,Cable Jointing & OFC,180,2026-07-04,Sat,PEAK_MORNING,07:30,10:30,450,630,4,0,1,3,8.0,0.159,1,0,ST_gang,Testing Van,MEDIUM,63,2.3,5,65.5,5.0,0
HIST-BLK-02499,SEC_C03_03,Vinukonda - Donakonda,Guntur,Engineering,Rail Renewal,225,2026-08-02,Sun,PEAK_EVENING,17:45,21:30,1065,1290,2,1,1,1,10.0,0.309,0,0,track_gang,CSM Tamping Machine,HIGH,74,2.0,2,36.4,5.0,0
HIST-BLK-02500,SEC_C04_01,Guntakal - Gooty,Guntakal,Traction,Substation Transformer Overhaul,240,2026-07-29,Wed,PEAK_EVENING,17:45,21:45,1065,1305,4,0,1,3,7.0,0.182,0,0,specialist_team,None / Manual Tools,HIGH,76,5.5,4,77.1,5.0,0
HIST-BLK-02501,SEC_C01_01,Vijayawada - Tenali,Vijayawada,Traction,Insulator Washing & Replacement,120,2026-07-21,Tue,NIGHT_MEGABLOCK,01:25,03:25,85,205,0,0,0,0,1.0,0.942,0,0,tower_wagon_crew,Tower Wagon,MEDIUM,63,9.9,0,0.0,99.0,1
HIST-BLK-02502,SEC_C01_05,Ongole - Singarayakonda,Vijayawada,Engineering,Rail Renewal,225,2026-08-24,Mon,MIDDAY_FREIGHT_GAP,11:30,15:15,690,915,1,0,0,1,8.0,0.858,0,0,track_gang,CSM Tamping Machine,MEDIUM,53,10.3,1,20.8,72.3,0
HIST-BLK-02503,SEC_C01_01,Vijayawada - Tenali,Vijayawada,Engineering,Weld Rectification,60,2026-08-02,Sun,AFTERNOON_SLOT,16:21,17:21,981,1041,0,0,0,0,1.0,0.969,0,1,track_gang,USFD Flaw Detector,MEDIUM,64,3.1,0,0.0,99.0,1
HIST-BLK-02504,SEC_C02_08,Nidadavolu - Tadepalligudem,Vijayawada,S&T,Axle Counter Replacement,120,2026-07-14,Tue,AFTERNOON_SLOT,15:09,17:09,909,1029,0,0,0,0,1.0,0.984,1,0,ST_gang,Testing Van,LOW,22,6.7,1,27.8,38.3,0
HIST-BLK-02505,SEC_C03_06,Giddalur - Nandyal,Guntur,S&T,Signal Maintenance,90,2026-07-06,Mon,LATE_NIGHT,21:56,23:26,1316,1406,0,0,0,0,1.0,0.995,0,0,ST_gang,None / Manual Tools,MEDIUM,57,5.0,0,0.0,99.0,1
HIST-BLK-02506,SEC_C04_03,Tadipatri - Kondapuram,Guntakal,Engineering,Track Maintenance,105,2026-07-08,Wed,LATE_NIGHT,21:37,23:22,1297,1402,0,0,0,0,1.0,0.94,1,0,track_gang,None / Manual Tools,HIGH,75,4.5,1,22.4,46.7,0
HIST-BLK-02507,SEC_C04_05,Yerraguntla - Kadapa,Guntakal,Engineering,Deep Screening Ballast,210,2026-07-15,Wed,PEAK_MORNING,07:30,11:00,450,660,1,0,1,0,3.0,0.818,0,0,track_gang,Ballast Regulator,LOW,39,4.2,1,25.4,65.0,0
HIST-BLK-02508,SEC_C01_04,Chirala - Ongole,Vijayawada,S&T,Signal Maintenance,45,2026-08-29,Sat,AFTERNOON_SLOT,16:07,16:52,967,1012,0,0,0,0,1.0,0.988,0,0,ST_gang,None / Manual Tools,CRITICAL,93,2.6,0,0.0,99.0,1
HIST-BLK-02509,SEC_C02_01,Visakhapatnam - Duvvada,Visakhapatnam,Engineering,Rail Renewal,270,2026-08-18,Tue,PEAK_EVENING,17:45,22:15,1065,1335,1,0,0,1,7.0,0.789,1,0,track_gang,CSM Tamping Machine,HIGH,75,6.6,2,46.2,5.0,0
HIST-BLK-02510,SEC_C03_04,Donakonda - Markapur Road,Guntur,S&T,Track Circuit Testing,105,2026-08-23,Sun,NIGHT_MEGABLOCK,02:07,03:52,127,232,0,0,0,0,1.0,0.993,0,1,ST_gang,None / Manual Tools,HIGH,76,5.6,0,0.0,99.0,1
HIST-BLK-02511,SEC_C01_01,Vijayawada - Tenali,Vijayawada,Engineering,Weld Rectification,90,2026-08-30,Sun,AFTERNOON_SLOT,15:51,17:21,951,1041,0,0,0,0,1.0,0.994,0,0,track_gang,USFD Flaw Detector,HIGH,83,7.3,0,0.0,99.0,1
HIST-BLK-02512,SEC_C01_07,Kavali - Nellore,Vijayawada,Traction,Cantilever Adjustment,180,2026-07-31,Fri,AFTERNOON_SLOT,15:00,18:00,900,1080,2,1,1,1,9.0,0.281,1,0,tower_wagon_crew,Tower Wagon,CRITICAL,91,7.7,3,78.9,5.0,0
HIST-BLK-02513,SEC_C01_07,Kavali - Nellore,Vijayawada,Traction,Cantilever Adjustment,135,2026-08-06,Thu,AFTERNOON_SLOT,15:08,17:23,908,1043,1,1,0,1,9.0,0.58,1,1,tower_wagon_crew,Tower Wagon,HIGH,79,10.1,2,59.9,5.0,0
HIST-BLK-02514,SEC_C02_05,Annavaram - Samalkot,Vijayawada,Traction,OHE Inspection,120,2026-08-24,Mon,EARLY_MORNING,04:43,06:43,283,403,0,0,0,0,1.0,0.946,0,0,tower_wagon_crew,Tower Wagon,CRITICAL,87,1.8,0,0.0,99.0,1
HIST-BLK-02515,SEC_C01_03,Bapatla - Chirala,Vijayawada,Engineering,Track Maintenance,135,2026-08-27,Thu,AFTERNOON_SLOT,15:09,17:24,909,1044,0,0,0,0,1.0,0.976,0,0,track_gang,None / Manual Tools,HIGH,82,7.2,0,0.0,99.0,1
HIST-BLK-02516,SEC_C02_02,Duvvada - Anakapalle,Visakhapatnam,S&T,Point Machine Overhaul,105,2026-07-08,Wed,EARLY_MORNING,05:12,06:57,312,417,1,1,0,1,9.0,0.569,0,0,ST_gang,Testing Van,LOW,30,11.1,1,30.5,18.5,0
HIST-BLK-02517,SEC_C01_08,Nellore - Gudur,Vijayawada,S&T,Point Machine Overhaul,75,2026-08-16,Sun,NIGHT_MEGABLOCK,02:11,03:26,131,206,0,0,0,0,1.0,0.991,0,0,ST_gang,Testing Van,CRITICAL,86,3.8,0,0.0,99.0,1
HIST-BLK-02518,SEC_C02_03,Anakapalle - Tuni,Visakhapatnam,Engineering,Rail Renewal,225,2026-08-04,Tue,PEAK_MORNING,07:30,11:15,450,675,1,0,0,1,8.0,0.873,1,0,track_gang,CSM Tamping Machine,LOW,43,10.7,2,49.4,5.0,0
HIST-BLK-02519,SEC_C04_07,Razampeta - Koduru,Guntakal,Engineering,Deep Screening Ballast,195,2026-08-19,Wed,EARLY_MORNING,04:30,07:45,270,465,2,0,1,1,8.0,0.502,0,0,track_gang,Ballast Regulator,CRITICAL,89,10.8,2,28.9,41.5,0
HIST-BLK-02520,SEC_C04_05,Yerraguntla - Kadapa,Guntakal,Engineering,Sleeper Replacement,180,2026-07-25,Sat,NIGHT_MEGABLOCK,01:00,04:00,60,240,0,0,0,0,1.0,0.931,0,0,track_gang,Ballast Regulator,LOW,26,8.4,0,0.0,99.0,1
HIST-BLK-02521,SEC_C04_08,Koduru - Renigunta,Guntakal,Traction,Substation Transformer Overhaul,240,2026-08-15,Sat,MIDDAY_FREIGHT_GAP,11:30,15:30,690,930,0,0,0,0,1.0,0.993,0,1,specialist_team,None / Manual Tools,HIGH,85,1.9,0,0.0,99.0,1
HIST-BLK-02522,SEC_C02_04,Tuni - Annavaram,Vijayawada,S&T,Cable Jointing & OFC,120,2026-07-02,Thu,EARLY_MORNING,04:56,06:56,296,416,0,0,0,0,1.0,0.937,0,1,ST_gang,Testing Van,CRITICAL,98,8.7,0,0.0,99.0,1
HIST-BLK-02523,SEC_C04_08,Koduru - Renigunta,Guntakal,Engineering,Rail Renewal,240,2026-08-21,Fri,EARLY_MORNING,04:30,08:30,270,510,1,0,0,1,8.0,0.814,0,1,track_gang,CSM Tamping Machine,HIGH,81,9.3,1,26.7,72.4,0
HIST-BLK-02524,SEC_C02_06,Samalkot - Rajahmundry,Vijayawada,Traction,Power Isolation Maintenance,180,2026-08-24,Mon,MIDDAY_FREIGHT_GAP,11:30,14:30,690,870,0,0,0,0,1.0,0.98,0,0,tower_wagon_crew,Tower Wagon,LOW,42,4.9,0,0.0,99.0,1
HIST-BLK-02525,SEC_C01_07,Kavali - Nellore,Vijayawada,Traction,Power Isolation Maintenance,195,2026-08-06,Thu,EARLY_MORNING,04:30,07:45,270,465,1,0,1,0,3.0,0.871,0,0,tower_wagon_crew,Tower Wagon,MEDIUM,66,6.3,1,24.3,66.3,0
HIST-BLK-02526,SEC_C04_07,Razampeta - Koduru,Guntakal,Traction,OHE Inspection,120,2026-07-12,Sun,PEAK_EVENING,18:14,20:14,1094,1214,4,0,1,3,8.0,0.166,0,1,tower_wagon_crew,Tower Wagon,HIGH,81,2.3,4,55.1,5.0,0
HIST-BLK-02527,SEC_C02_04,Tuni - Annavaram,Vijayawada,Traction,OHE Inspection,150,2026-07-13,Mon,PEAK_MORNING,07:37,10:07,457,607,1,1,0,1,10.0,0.561,0,0,tower_wagon_crew,Tower Wagon,HIGH,71,11.8,1,25.1,24.0,0
HIST-BLK-02528,SEC_C01_01,Vijayawada - Tenali,Vijayawada,Traction,Insulator Washing & Replacement,135,2026-08-28,Fri,LATE_NIGHT,21:30,23:45,1290,1425,0,0,0,0,1.0,0.965,0,0,tower_wagon_crew,Tower Wagon,MEDIUM,64,3.6,0,0.0,99.0,1
HIST-BLK-02529,SEC_C04_01,Guntakal - Gooty,Guntakal,Traction,Contact Wire Height Regulation,210,2026-07-27,Mon,EARLY_MORNING,04:30,08:00,270,480,1,0,0,1,4.0,0.857,0,0,tower_wagon_crew,Tower Wagon,HIGH,70,5.3,1,24.6,67.2,0
HIST-BLK-02530,SEC_C02_10,Eluru - Vijayawada,Vijayawada,Traction,Cantilever Adjustment,150,2026-08-17,Mon,EARLY_MORNING,04:30,07:00,270,420,0,0,0,0,1.0,0.933,0,1,tower_wagon_crew,Tower Wagon,HIGH,80,10.4,0,0.0,99.0,1
HIST-BLK-02531,SEC_C01_03,Bapatla - Chirala,Vijayawada,Traction,Cantilever Adjustment,165,2026-07-05,Sun,PEAK_MORNING,07:39,10:24,459,624,2,0,1,1,7.0,0.619,1,0,tower_wagon_crew,Tower Wagon,HIGH,73,4.7,3,44.9,5.0,0
HIST-BLK-02532,SEC_C04_04,Kondapuram - Yerraguntla,Guntakal,Engineering,Sleeper Replacement,180,2026-08-16,Sun,AFTERNOON_SLOT,15:00,18:00,900,1080,0,0,0,0,1.0,0.921,1,1,track_gang,Ballast Regulator,LOW,43,4.0,1,28.2,49.6,0
HIST-BLK-02533,SEC_C02_02,Duvvada - Anakapalle,Visakhapatnam,Engineering,Rail Renewal,225,2026-07-27,Mon,LATE_NIGHT,21:30,01:15,1290,1515,0,0,0,0,1.0,0.987,0,0,track_gang,CSM Tamping Machine,MEDIUM,59,11.9,0,0.0,99.0,1
HIST-BLK-02534,SEC_C02_04,Tuni - Annavaram,Vijayawada,Engineering,Deep Screening Ballast,225,2026-07-08,Wed,EARLY_MORNING,04:30,08:15,270,495,1,1,0,1,10.0,0.582,0,0,track_gang,Ballast Regulator,HIGH,77,8.6,1,42.0,5.0,0
HIST-BLK-02535,SEC_C02_01,Visakhapatnam - Duvvada,Visakhapatnam,Engineering,Track Maintenance,105,2026-07-29,Wed,PEAK_EVENING,18:25,20:10,1105,1210,5,1,1,4,10.0,0.05,1,0,track_gang,None / Manual Tools,LOW,26,10.3,6,101.6,5.0,0
HIST-BLK-02536,SEC_C04_02,Gooty - Tadipatri,Guntakal,Engineering,Turnout Overhaul,150,2026-08-22,Sat,MIDDAY_FREIGHT_GAP,11:53,14:23,713,863,0,0,0,0,1.0,0.981,0,0,track_gang,CSM Tamping Machine,MEDIUM,63,1.8,0,0.0,99.0,1
HIST-BLK-02537,SEC_C01_07,Kavali - Nellore,Vijayawada,Traction,OHE Inspection,105,2026-08-15,Sat,MIDDAY_FREIGHT_GAP,12:08,13:53,728,833,0,0,0,0,1.0,0.964,0,0,tower_wagon_crew,Tower Wagon,HIGH,72,2.9,0,0.0,99.0,1
HIST-BLK-02538,SEC_C03_02,Narasaraopet - Vinukonda,Guntur,Engineering,Deep Screening Ballast,210,2026-07-02,Thu,AFTERNOON_SLOT,15:00,18:30,900,1110,0,0,0,0,1.0,0.927,0,0,track_gang,Ballast Regulator,CRITICAL,94,6.0,0,0.0,99.0,1
HIST-BLK-02539,SEC_C04_05,Yerraguntla - Kadapa,Guntakal,Traction,Substation Transformer Overhaul,225,2026-07-12,Sun,LATE_NIGHT,21:30,01:15,1290,1515,1,1,0,1,10.0,0.536,0,0,specialist_team,None / Manual Tools,MEDIUM,63,1.6,1,44.3,5.0,0
HIST-BLK-02540,SEC_C03_02,Narasaraopet - Vinukonda,Guntur,Traction,Contact Wire Height Regulation,180,2026-07-14,Tue,PEAK_EVENING,17:51,20:51,1071,1251,4,1,1,3,10.0,0.05,0,0,tower_wagon_crew,Tower Wagon,HIGH,72,4.6,4,62.2,5.0,0
HIST-BLK-02541,SEC_C01_08,Nellore - Gudur,Vijayawada,Engineering,Track Maintenance,105,2026-07-22,Wed,PEAK_MORNING,08:12,09:57,492,597,5,0,1,4,7.0,0.057,0,1,track_gang,None / Manual Tools,HIGH,74,3.9,5,93.3,5.0,0
HIST-BLK-02542,SEC_C04_06,Kadapa - Razampeta,Guntakal,Engineering,Deep Screening Ballast,180,2026-08-01,Sat,MIDDAY_FREIGHT_GAP,11:30,14:30,690,870,1,0,1,0,3.0,0.859,0,0,track_gang,Ballast Regulator,CRITICAL,94,9.5,1,26.4,63.8,0
HIST-BLK-02543,SEC_C04_06,Kadapa - Razampeta,Guntakal,S&T,Axle Counter Replacement,120,2026-08-17,Mon,MIDDAY_FREIGHT_GAP,12:28,14:28,748,868,1,0,1,0,3.0,0.817,0,0,ST_gang,Testing Van,CRITICAL,94,2.9,1,16.1,75.2,0
HIST-BLK-02544,SEC_C02_07,Rajahmundry - Nidadavolu,Vijayawada,Traction,Contact Wire Height Regulation,210,2026-08-10,Mon,LATE_NIGHT,21:30,01:00,1290,1500,1,0,0,1,4.0,0.796,0,0,tower_wagon_crew,Tower Wagon,HIGH,85,2.7,1,21.0,67.9,0
HIST-BLK-02545,SEC_C04_03,Tadipatri - Kondapuram,Guntakal,Traction,OHE Inspection,150,2026-08-17,Mon,LATE_NIGHT,21:30,00:00,1290,1440,0,0,0,0,1.0,0.978,0,0,tower_wagon_crew,Tower Wagon,HIGH,70,8.4,0,0.0,99.0,1
HIST-BLK-02546,SEC_C01_03,Bapatla - Chirala,Vijayawada,Engineering,Deep Screening Ballast,240,2026-08-20,Thu,NIGHT_MEGABLOCK,01:00,05:00,60,300,0,0,0,0,1.0,0.959,0,0,track_gang,Ballast Regulator,HIGH,80,2.6,0,0.0,99.0,1
HIST-BLK-02547,SEC_C03_03,Vinukonda - Donakonda,Guntur,Engineering,Deep Screening Ballast,210,2026-08-16,Sun,EARLY_MORNING,04:30,08:00,270,480,2,2,0,2,10.0,0.256,0,0,track_gang,Ballast Regulator,LOW,29,7.6,2,77.0,5.0,0
HIST-BLK-02548,SEC_C01_02,Tenali - Bapatla,Vijayawada,S&T,Point Machine Overhaul,105,2026-07-21,Tue,LATE_NIGHT,21:43,23:28,1303,1408,0,0,0,0,1.0,0.921,0,0,ST_gang,Testing Van,LOW,43,9.6,0,0.0,99.0,1
HIST-BLK-02549,SEC_C02_10,Eluru - Vijayawada,Vijayawada,Engineering,Track Maintenance,150,2026-08-27,Thu,PEAK_MORNING,07:41,10:11,461,611,1,0,0,1,8.0,0.848,0,0,track_gang,None / Manual Tools,HIGH,80,4.3,1,24.9,66.8,0
HIST-BLK-02550,SEC_C04_05,Yerraguntla - Kadapa,Guntakal,Traction,Substation Transformer Overhaul,255,2026-08-13,Thu,MIDDAY_FREIGHT_GAP,11:30,15:45,690,945,1,0,0,1,8.0,0.826,0,0,specialist_team,None / Manual Tools,MEDIUM,61,9.9,1,30.0,56.8,0
HIST-BLK-02551,SEC_C02_01,Visakhapatnam - Duvvada,Visakhapatnam,Engineering,Track Maintenance,150,2026-07-03,Fri,MIDDAY_FREIGHT_GAP,11:54,14:24,714,864,1,0,0,1,8.0,0.794,1,0,track_gang,None / Manual Tools,MEDIUM,53,4.8,2,39.1,8.1,0
HIST-BLK-02552,SEC_C02_04,Tuni - Annavaram,Vijayawada,S&T,Axle Counter Replacement,90,2026-08-14,Fri,MIDDAY_FREIGHT_GAP,12:16,13:46,736,826,0,0,0,0,1.0,0.973,0,0,ST_gang,Testing Van,MEDIUM,45,11.4,0,0.0,99.0,1
HIST-BLK-02553,SEC_C03_02,Narasaraopet - Vinukonda,Guntur,Traction,Contact Wire Height Regulation,180,2026-07-31,Fri,NIGHT_MEGABLOCK,01:00,04:00,60,240,0,0,0,0,1.0,0.941,1,0,tower_wagon_crew,Tower Wagon,HIGH,83,10.1,1,29.4,34.3,0
HIST-BLK-02554,SEC_C02_09,Tadepalligudem - Eluru,Vijayawada,Traction,Insulator Washing & Replacement,120,2026-07-31,Fri,NIGHT_MEGABLOCK,01:07,03:07,67,187,0,0,0,0,1.0,0.998,0,0,tower_wagon_crew,Tower Wagon,MEDIUM,59,3.1,0,0.0,99.0,1
HIST-BLK-02555,SEC_C01_04,Chirala - Ongole,Vijayawada,Traction,Cantilever Adjustment,180,2026-07-19,Sun,EARLY_MORNING,04:30,07:30,270,450,0,0,0,0,1.0,0.983,1,0,tower_wagon_crew,Tower Wagon,CRITICAL,89,8.4,1,26.6,41.1,0
HIST-BLK-02556,SEC_C04_07,Razampeta - Koduru,Guntakal,Traction,Cantilever Adjustment,165,2026-08-21,Fri,LATE_NIGHT,21:30,00:15,1290,1455,0,0,0,0,1.0,0.98,0,0,tower_wagon_crew,Tower Wagon,MEDIUM,46,6.9,0,0.0,99.0,1
HIST-BLK-02557,SEC_C04_06,Kadapa - Razampeta,Guntakal,S&T,Interlocking Inspection,105,2026-08-26,Wed,PEAK_EVENING,18:49,20:34,1129,1234,3,1,1,2,10.0,0.168,1,0,ST_gang,None / Manual Tools,HIGH,84,2.8,4,89.1,5.0,0
HIST-BLK-02558,SEC_C03_01,Guntur - Narasaraopet,Guntur,Engineering,Turnout Overhaul,165,2026-07-06,Mon,LATE_NIGHT,21:30,00:15,1290,1455,0,0,0,0,1.0,0.949,1,0,track_gang,CSM Tamping Machine,HIGH,81,3.2,1,20.5,45.3,0
HIST-BLK-02559,SEC_C04_07,Razampeta - Koduru,Guntakal,Engineering,Track Maintenance,105,2026-07-18,Sat,EARLY_MORNING,04:59,06:44,299,404,0,0,0,0,1.0,0.942,0,0,track_gang,None / Manual Tools,MEDIUM,49,8.7,0,0.0,99.0,1
HIST-BLK-02560,SEC_C03_04,Donakonda - Markapur Road,Guntur,Engineering,Sleeper Replacement,165,2026-07-21,Tue,NIGHT_MEGABLOCK,01:04,03:49,64,229,1,0,1,0,3.0,0.787,0,1,track_gang,Ballast Regulator,HIGH,73,10.3,1,25.3,74.1,0
HIST-BLK-02561,SEC_C01_02,Tenali - Bapatla,Vijayawada,S&T,Signal Maintenance,60,2026-07-07,Tue,EARLY_MORNING,05:21,06:21,321,381,0,0,0,0,1.0,0.972,0,1,ST_gang,None / Manual Tools,HIGH,71,2.3,0,0.0,99.0,1
HIST-BLK-02562,SEC_C02_09,Tadepalligudem - Eluru,Vijayawada,Engineering,Deep Screening Ballast,210,2026-08-20,Thu,MIDDAY_FREIGHT_GAP,11:30,15:00,690,900,1,0,1,0,3.0,0.845,0,0,track_gang,Ballast Regulator,LOW,43,7.4,1,25.2,63.7,0
HIST-BLK-02563,SEC_C04_04,Kondapuram - Yerraguntla,Guntakal,Engineering,Track Maintenance,120,2026-07-07,Tue,PEAK_EVENING,18:25,20:25,1105,1225,4,1,1,3,10.0,0.05,0,0,track_gang,None / Manual Tools,MEDIUM,47,5.0,4,70.6,5.0,0
HIST-BLK-02564,SEC_C03_03,Vinukonda - Donakonda,Guntur,Traction,Power Isolation Maintenance,180,2026-08-03,Mon,EARLY_MORNING,04:30,07:30,270,450,2,2,0,2,9.0,0.38,0,0,tower_wagon_crew,Tower Wagon,MEDIUM,46,7.9,2,76.3,5.0,0
HIST-BLK-02565,SEC_C02_04,Tuni - Annavaram,Vijayawada,Engineering,Turnout Overhaul,165,2026-07-23,Thu,AFTERNOON_SLOT,15:00,17:45,900,1065,0,0,0,0,1.0,0.95,0,0,track_gang,CSM Tamping Machine,HIGH,81,11.5,0,0.0,99.0,1
HIST-BLK-02566,SEC_C03_04,Donakonda - Markapur Road,Guntur,Traction,Power Isolation Maintenance,195,2026-08-03,Mon,NIGHT_MEGABLOCK,01:00,04:15,60,255,0,0,0,0,1.0,0.994,0,0,tower_wagon_crew,Tower Wagon,HIGH,71,6.8,0,0.0,99.0,1
HIST-BLK-02567,SEC_C04_05,Yerraguntla - Kadapa,Guntakal,Engineering,Rail Renewal,240,2026-08-20,Thu,LATE_NIGHT,21:30,01:30,1290,1530,1,1,0,1,10.0,0.612,0,0,track_gang,CSM Tamping Machine,LOW,31,6.5,1,30.1,20.5,0
HIST-BLK-02568,SEC_C02_10,Eluru - Vijayawada,Vijayawada,Traction,Contact Wire Height Regulation,180,2026-08-20,Thu,AFTERNOON_SLOT,15:00,18:00,900,1080,1,0,0,1,8.0,0.805,0,1,tower_wagon_crew,Tower Wagon,HIGH,79,1.6,1,22.7,78.7,0
HIST-BLK-02569,SEC_C02_01,Visakhapatnam - Duvvada,Visakhapatnam,S&T,Track Circuit Testing,90,2026-07-28,Tue,EARLY_MORNING,05:17,06:47,317,407,2,0,0,2,6.0,0.621,0,0,ST_gang,None / Manual Tools,HIGH,81,7.7,2,36.2,36.6,0
HIST-BLK-02570,SEC_C03_05,Markapur Road - Giddalur,Guntur,Traction,Cantilever Adjustment,180,2026-08-21,Fri,MIDDAY_FREIGHT_GAP,11:30,14:30,690,870,0,0,0,0,1.0,0.922,1,0,tower_wagon_crew,Tower Wagon,CRITICAL,87,1.8,1,17.4,49.9,0
HIST-BLK-02571,SEC_C03_05,Markapur Road - Giddalur,Guntur,Traction,Power Isolation Maintenance,195,2026-07-28,Tue,NIGHT_MEGABLOCK,01:00,04:15,60,255,1,0,1,0,3.0,0.823,0,0,tower_wagon_crew,Tower Wagon,MEDIUM,64,3.0,1,24.1,64.3,0
HIST-BLK-02572,SEC_C01_02,Tenali - Bapatla,Vijayawada,S&T,Interlocking Inspection,75,2026-07-26,Sun,EARLY_MORNING,05:16,06:31,316,391,0,0,0,0,1.0,0.973,0,0,ST_gang,None / Manual Tools,LOW,23,2.8,0,0.0,99.0,1
HIST-BLK-02573,SEC_C01_04,Chirala - Ongole,Vijayawada,Engineering,Turnout Overhaul,180,2026-07-04,Sat,PEAK_EVENING,17:52,20:52,1072,1252,1,0,1,0,3.0,0.855,0,0,track_gang,CSM Tamping Machine,LOW,44,8.2,1,22.1,68.7,0
HIST-BLK-02574,SEC_C02_10,Eluru - Vijayawada,Vijayawada,Engineering,Sleeper Replacement,195,2026-08-06,Thu,PEAK_MORNING,07:30,10:45,450,645,1,0,0,1,8.0,0.796,1,0,track_gang,Ballast Regulator,LOW,33,7.7,2,41.6,5.8,0
HIST-BLK-02575,SEC_C03_02,Narasaraopet - Vinukonda,Guntur,Traction,Substation Transformer Overhaul,270,2026-08-27,Thu,PEAK_MORNING,07:30,12:00,450,720,4,1,0,4,10.0,0.05,0,0,specialist_team,None / Manual Tools,HIGH,84,3.3,4,85.3,5.0,0
HIST-BLK-02576,SEC_C03_01,Guntur - Narasaraopet,Guntur,Traction,Substation Transformer Overhaul,270,2026-08-21,Fri,EARLY_MORNING,04:30,09:00,270,540,0,0,0,0,1.0,0.955,1,1,specialist_team,None / Manual Tools,CRITICAL,89,8.7,1,28.5,46.2,0
HIST-BLK-02577,SEC_C02_06,Samalkot - Rajahmundry,Vijayawada,S&T,Cable Jointing & OFC,135,2026-07-31,Fri,MIDDAY_FREIGHT_GAP,11:36,13:51,696,831,0,0,0,0,1.0,0.957,0,0,ST_gang,Testing Van,LOW,28,4.4,0,0.0,99.0,1
HIST-BLK-02578,SEC_C04_01,Guntakal - Gooty,Guntakal,S&T,Cable Jointing & OFC,150,2026-07-07,Tue,NIGHT_MEGABLOCK,01:05,03:35,65,215,0,0,0,0,1.0,0.939,0,0,ST_gang,Testing Van,CRITICAL,87,11.3,0,0.0,99.0,1
HIST-BLK-02579,SEC_C02_01,Visakhapatnam - Duvvada,Visakhapatnam,Traction,Substation Transformer Overhaul,255,2026-07-11,Sat,NIGHT_MEGABLOCK,01:00,05:15,60,315,0,0,0,0,1.0,0.972,0,1,specialist_team,None / Manual Tools,MEDIUM,55,11.4,0,0.0,99.0,1
HIST-BLK-02580,SEC_C02_01,Visakhapatnam - Duvvada,Visakhapatnam,S&T,Axle Counter Replacement,120,2026-07-31,Fri,LATE_NIGHT,21:38,23:38,1298,1418,1,0,1,0,3.0,0.842,0,0,ST_gang,Testing Van,HIGH,78,10.1,1,23.9,65.9,0
HIST-BLK-02581,SEC_C02_01,Visakhapatnam - Duvvada,Visakhapatnam,Traction,Contact Wire Height Regulation,195,2026-07-14,Tue,AFTERNOON_SLOT,15:00,18:15,900,1095,1,0,1,0,3.0,0.822,1,0,tower_wagon_crew,Tower Wagon,MEDIUM,50,2.8,2,38.6,11.1,0
HIST-BLK-02582,SEC_C02_03,Anakapalle - Tuni,Visakhapatnam,Engineering,Rail Renewal,225,2026-08-27,Thu,PEAK_EVENING,17:45,21:30,1065,1290,1,1,0,1,10.0,0.593,0,0,track_gang,CSM Tamping Machine,LOW,42,7.5,1,44.4,5.0,0
HIST-BLK-02583,SEC_C03_04,Donakonda - Markapur Road,Guntur,Engineering,Sleeper Replacement,150,2026-07-24,Fri,PEAK_MORNING,07:45,10:15,465,615,3,1,1,2,10.0,0.05,1,0,track_gang,Ballast Regulator,HIGH,76,1.8,4,92.8,5.0,0
HIST-BLK-02584,SEC_C02_07,Rajahmundry - Nidadavolu,Vijayawada,S&T,Axle Counter Replacement,105,2026-07-07,Tue,EARLY_MORNING,05:09,06:54,309,414,1,0,0,1,7.0,0.828,0,0,ST_gang,Testing Van,HIGH,78,6.9,1,13.8,80.4,0
HIST-BLK-02585,SEC_C02_03,Anakapalle - Tuni,Visakhapatnam,Traction,Substation Transformer Overhaul,240,2026-08-12,Wed,PEAK_MORNING,07:30,11:30,450,690,2,0,1,1,8.0,0.598,1,1,specialist_team,None / Manual Tools,CRITICAL,95,1.8,3,63.3,5.0,0
HIST-BLK-02586,SEC_C01_08,Nellore - Gudur,Vijayawada,Traction,Insulator Washing & Replacement,120,2026-07-23,Thu,EARLY_MORNING,04:37,06:37,277,397,1,0,0,1,4.0,0.84,0,0,tower_wagon_crew,Tower Wagon,MEDIUM,55,2.9,1,16.1,77.0,0
HIST-BLK-02587,SEC_C04_06,Kadapa - Razampeta,Guntakal,S&T,Signal Maintenance,60,2026-07-24,Fri,MIDDAY_FREIGHT_GAP,13:11,14:11,791,851,0,0,0,0,1.0,0.97,1,0,ST_gang,None / Manual Tools,HIGH,76,7.0,1,15.9,53.0,0
HIST-BLK-02588,SEC_C01_01,Vijayawada - Tenali,Vijayawada,Traction,Cantilever Adjustment,120,2026-07-30,Thu,PEAK_MORNING,07:30,09:30,450,570,1,0,1,0,3.0,0.797,1,0,tower_wagon_crew,Tower Wagon,MEDIUM,53,1.8,2,42.8,5.2,0
HIST-BLK-02589,SEC_C03_05,Markapur Road - Giddalur,Guntur,Traction,Substation Transformer Overhaul,240,2026-07-21,Tue,PEAK_MORNING,07:30,11:30,450,690,3,0,1,2,8.0,0.387,0,0,specialist_team,None / Manual Tools,HIGH,70,2.5,3,46.1,5.4,0
HIST-BLK-02590,SEC_C04_05,Yerraguntla - Kadapa,Guntakal,Engineering,Turnout Overhaul,180,2026-07-27,Mon,AFTERNOON_SLOT,15:00,18:00,900,1080,0,0,0,0,1.0,0.943,1,0,track_gang,CSM Tamping Machine,HIGH,84,5.1,1,23.1,42.3,0
HIST-BLK-02591,SEC_C02_01,Visakhapatnam - Duvvada,Visakhapatnam,Engineering,Rail Renewal,225,2026-08-11,Tue,AFTERNOON_SLOT,15:00,18:45,900,1125,1,0,1,0,3.0,0.807,0,0,track_gang,CSM Tamping Machine,MEDIUM,46,11.0,1,20.7,69.2,0
HIST-BLK-02592,SEC_C04_01,Guntakal - Gooty,Guntakal,S&T,Cable Jointing & OFC,135,2026-08-29,Sat,PEAK_MORNING,08:08,10:23,488,623,3,0,1,2,8.0,0.271,0,0,ST_gang,Testing Van,MEDIUM,67,4.2,3,31.8,21.5,0
HIST-BLK-02593,SEC_C04_03,Tadipatri - Kondapuram,Guntakal,Traction,Insulator Washing & Replacement,150,2026-08-23,Sun,LATE_NIGHT,21:30,00:00,1290,1440,0,0,0,0,1.0,0.992,0,0,tower_wagon_crew,Tower Wagon,LOW,37,2.3,0,0.0,99.0,1
HIST-BLK-02594,SEC_C01_04,Chirala - Ongole,Vijayawada,S&T,Cable Jointing & OFC,150,2026-07-30,Thu,PEAK_EVENING,17:54,20:24,1074,1224,2,0,2,0,3.0,0.676,0,0,ST_gang,Testing Van,HIGH,72,8.4,2,32.5,41.1,0
HIST-BLK-02595,SEC_C03_03,Vinukonda - Donakonda,Guntur,Engineering,Sleeper Replacement,180,2026-07-04,Sat,NIGHT_MEGABLOCK,01:00,04:00,60,240,1,0,0,1,7.0,0.877,0,1,track_gang,Ballast Regulator,HIGH,76,9.3,1,20.6,81.7,0
HIST-BLK-02596,SEC_C02_02,Duvvada - Anakapalle,Visakhapatnam,S&T,Point Machine Overhaul,90,2026-08-04,Tue,NIGHT_MEGABLOCK,01:34,03:04,94,184,0,0,0,0,1.0,0.943,0,1,ST_gang,Testing Van,HIGH,76,6.8,0,0.0,99.0,1
HIST-BLK-02597,SEC_C04_02,Gooty - Tadipatri,Guntakal,Traction,Power Isolation Maintenance,180,2026-08-27,Thu,PEAK_EVENING,17:49,20:49,1069,1249,1,0,0,1,8.0,0.856,0,0,tower_wagon_crew,Tower Wagon,MEDIUM,69,8.5,1,26.5,61.6,0
HIST-BLK-02598,SEC_C02_06,Samalkot - Rajahmundry,Vijayawada,S&T,Axle Counter Replacement,90,2026-07-10,Fri,PEAK_MORNING,08:19,09:49,499,589,5,0,1,4,7.0,0.073,0,0,ST_gang,Testing Van,HIGH,70,8.4,5,87.6,5.0,0
HIST-BLK-02599,SEC_C01_08,Nellore - Gudur,Vijayawada,S&T,Point Machine Overhaul,75,2026-08-15,Sat,PEAK_MORNING,07:53,09:08,473,548,4,0,1,3,8.0,0.053,0,0,ST_gang,Testing Van,MEDIUM,68,5.0,4,55.4,5.0,0
HIST-BLK-02600,SEC_C04_03,Tadipatri - Kondapuram,Guntakal,Traction,Insulator Washing & Replacement,90,2026-08-14,Fri,EARLY_MORNING,04:31,06:01,271,361,0,0,0,0,1.0,0.936,0,0,tower_wagon_crew,Tower Wagon,LOW,22,10.1,0,0.0,99.0,1
HIST-BLK-02601,SEC_C02_05,Annavaram - Samalkot,Vijayawada,Engineering,Weld Rectification,105,2026-07-21,Tue,MIDDAY_FREIGHT_GAP,12:38,14:23,758,863,0,0,0,0,1.0,0.941,0,0,track_gang,USFD Flaw Detector,LOW,39,9.1,0,0.0,99.0,1
HIST-BLK-02602,SEC_C01_02,Tenali - Bapatla,Vijayawada,Traction,Contact Wire Height Regulation,150,2026-07-28,Tue,NIGHT_MEGABLOCK,01:00,03:30,60,210,0,0,0,0,1.0,0.995,0,0,tower_wagon_crew,Tower Wagon,CRITICAL,90,6.2,0,0.0,99.0,1
HIST-BLK-02603,SEC_C02_10,Eluru - Vijayawada,Vijayawada,Traction,Insulator Washing & Replacement,90,2026-08-16,Sun,LATE_NIGHT,22:12,23:42,1332,1422,1,0,1,0,3.0,0.829,0,0,tower_wagon_crew,Tower Wagon,HIGH,79,2.4,1,19.8,72.4,0
HIST-BLK-02604,SEC_C04_01,Guntakal - Gooty,Guntakal,Engineering,Weld Rectification,120,2026-07-30,Thu,MIDDAY_FREIGHT_GAP,11:41,13:41,701,821,0,0,0,0,1.0,0.99,0,0,track_gang,USFD Flaw Detector,LOW,35,10.2,0,0.0,99.0,1
HIST-BLK-02605,SEC_C02_09,Tadepalligudem - Eluru,Vijayawada,S&T,Interlocking Inspection,90,2026-07-28,Tue,NIGHT_MEGABLOCK,02:07,03:37,127,217,1,0,1,0,3.0,0.856,1,1,ST_gang,None / Manual Tools,MEDIUM,54,6.8,2,45.7,5.0,0
HIST-BLK-02606,SEC_C04_07,Razampeta - Koduru,Guntakal,Engineering,Sleeper Replacement,165,2026-08-15,Sat,PEAK_MORNING,07:35,10:20,455,620,1,0,1,0,3.0,0.788,0,0,track_gang,Ballast Regulator,HIGH,76,7.6,1,24.3,66.6,0
HIST-BLK-02607,SEC_C02_03,Anakapalle - Tuni,Visakhapatnam,Engineering,Rail Renewal,255,2026-08-20,Thu,NIGHT_MEGABLOCK,01:00,05:15,60,315,1,0,1,0,3.0,0.85,0,0,track_gang,CSM Tamping Machine,CRITICAL,99,1.6,1,27.9,63.8,0
HIST-BLK-02608,SEC_C02_09,Tadepalligudem - Eluru,Vijayawada,S&T,Axle Counter Replacement,120,2026-08-29,Sat,LATE_NIGHT,21:45,23:45,1305,1425,1,0,1,0,3.0,0.863,0,0,ST_gang,Testing Van,MEDIUM,48,8.8,1,17.9,72.8,0
HIST-BLK-02609,SEC_C04_03,Tadipatri - Kondapuram,Guntakal,Traction,Insulator Washing & Replacement,105,2026-08-06,Thu,NIGHT_MEGABLOCK,01:12,02:57,72,177,1,0,0,1,4.0,0.82,0,0,tower_wagon_crew,Tower Wagon,MEDIUM,54,6.7,1,21.1,69.9,0
HIST-BLK-02610,SEC_C04_05,Yerraguntla - Kadapa,Guntakal,S&T,Track Circuit Testing,75,2026-08-16,Sun,MIDDAY_FREIGHT_GAP,12:19,13:34,739,814,0,0,0,0,1.0,0.952,1,0,ST_gang,None / Manual Tools,HIGH,82,1.6,1,25.1,44.1,0
HIST-BLK-02611,SEC_C02_01,Visakhapatnam - Duvvada,Visakhapatnam,Traction,Contact Wire Height Regulation,180,2026-07-22,Wed,PEAK_MORNING,07:30,10:30,450,630,3,1,1,2,10.0,0.073,0,0,tower_wagon_crew,Tower Wagon,HIGH,85,6.8,3,70.3,5.0,0
HIST-BLK-02612,SEC_C02_10,Eluru - Vijayawada,Vijayawada,Engineering,Turnout Overhaul,150,2026-07-28,Tue,NIGHT_MEGABLOCK,01:21,03:51,81,231,0,0,0,0,1.0,0.949,0,0,track_gang,CSM Tamping Machine,CRITICAL,100,7.1,0,0.0,99.0,1
HIST-BLK-02613,SEC_C02_07,Rajahmundry - Nidadavolu,Vijayawada,Traction,Insulator Washing & Replacement,120,2026-08-20,Thu,PEAK_EVENING,18:20,20:20,1100,1220,2,1,1,1,10.0,0.394,0,0,tower_wagon_crew,Tower Wagon,CRITICAL,92,7.6,2,51.5,5.0,0
HIST-BLK-02614,SEC_C02_08,Nidadavolu - Tadepalligudem,Vijayawada,Engineering,Turnout Overhaul,150,2026-08-04,Tue,PEAK_EVENING,17:57,20:27,1077,1227,3,1,1,2,10.0,0.05,1,0,track_gang,CSM Tamping Machine,CRITICAL,100,4.3,4,71.0,5.0,0
HIST-BLK-02615,SEC_C04_08,Koduru - Renigunta,Guntakal,S&T,Track Circuit Testing,60,2026-08-14,Fri,PEAK_MORNING,08:15,09:15,495,555,3,0,1,2,7.0,0.319,0,0,ST_gang,None / Manual Tools,HIGH,83,5.1,3,48.2,5.0,0
HIST-BLK-02616,SEC_C03_03,Vinukonda - Donakonda,Guntur,Engineering,Sleeper Replacement,195,2026-08-26,Wed,AFTERNOON_SLOT,15:00,18:15,900,1095,0,0,0,0,1.0,0.936,0,0,track_gang,Ballast Regulator,MEDIUM,67,4.9,0,0.0,99.0,1
HIST-BLK-02617,SEC_C04_04,Kondapuram - Yerraguntla,Guntakal,Traction,Contact Wire Height Regulation,165,2026-08-12,Wed,EARLY_MORNING,04:30,07:15,270,435,0,0,0,0,1.0,0.985,0,0,tower_wagon_crew,Tower Wagon,MEDIUM,63,7.1,0,0.0,99.0,1
HIST-BLK-02618,SEC_C01_05,Ongole - Singarayakonda,Vijayawada,S&T,Cable Jointing & OFC,165,2026-08-29,Sat,EARLY_MORNING,04:30,07:15,270,435,1,0,1,0,3.0,0.813,0,0,ST_gang,Testing Van,MEDIUM,46,9.4,1,26.2,64.2,0
HIST-BLK-02619,SEC_C04_04,Kondapuram - Yerraguntla,Guntakal,Engineering,Rail Renewal,240,2026-08-29,Sat,AFTERNOON_SLOT,15:00,19:00,900,1140,0,0,0,0,1.0,0.945,0,0,track_gang,CSM Tamping Machine,HIGH,75,10.8,0,0.0,99.0,1
HIST-BLK-02620,SEC_C03_01,Guntur - Narasaraopet,Guntur,Engineering,Sleeper Replacement,195,2026-08-25,Tue,PEAK_MORNING,07:30,10:45,450,645,2,0,1,1,8.0,0.651,0,0,track_gang,Ballast Regulator,HIGH,84,9.1,2,37.9,36.0,0
HIST-BLK-02621,SEC_C01_06,Singarayakonda - Kavali,Vijayawada,Engineering,Turnout Overhaul,210,2026-08-29,Sat,LATE_NIGHT,21:30,01:00,1290,1500,0,0,0,0,1.0,0.985,0,0,track_gang,CSM Tamping Machine,MEDIUM,46,4.8,0,0.0,99.0,1
HIST-BLK-02622,SEC_C02_01,Visakhapatnam - Duvvada,Visakhapatnam,Engineering,Turnout Overhaul,195,2026-08-12,Wed,MIDDAY_FREIGHT_GAP,11:30,14:45,690,885,1,0,0,1,8.0,0.796,0,0,track_gang,CSM Tamping Machine,LOW,23,8.2,1,23.5,66.4,0
HIST-BLK-02623,SEC_C03_05,Markapur Road - Giddalur,Guntur,Traction,Contact Wire Height Regulation,165,2026-08-22,Sat,PEAK_MORNING,07:38,10:23,458,623,1,0,0,1,4.0,0.822,1,0,tower_wagon_crew,Tower Wagon,HIGH,71,5.8,2,41.1,6.7,0
HIST-BLK-02624,SEC_C03_05,Markapur Road - Giddalur,Guntur,Engineering,Weld Rectification,75,2026-07-19,Sun,EARLY_MORNING,04:46,06:01,286,361,0,0,0,0,1.0,0.951,0,1,track_gang,USFD Flaw Detector,HIGH,72,2.1,0,0.0,99.0,1
HIST-BLK-02625,SEC_C03_03,Vinukonda - Donakonda,Guntur,Traction,Insulator Washing & Replacement,120,2026-07-05,Sun,PEAK_EVENING,18:20,20:20,1100,1220,3,1,1,2,10.0,0.177,0,0,tower_wagon_crew,Tower Wagon,MEDIUM,51,6.6,3,63.6,5.0,0
HIST-BLK-02626,SEC_C02_06,Samalkot - Rajahmundry,Vijayawada,Traction,Power Isolation Maintenance,165,2026-08-02,Sun,NIGHT_MEGABLOCK,01:14,03:59,74,239,1,0,1,0,3.0,0.806,0,1,tower_wagon_crew,Tower Wagon,CRITICAL,100,11.0,1,16.4,84.4,0
HIST-BLK-02627,SEC_C02_04,Tuni - Annavaram,Vijayawada,Engineering,Deep Screening Ballast,210,2026-08-14,Fri,PEAK_EVENING,17:45,21:15,1065,1275,3,0,1,2,7.0,0.401,0,0,track_gang,Ballast Regulator,HIGH,77,4.2,3,46.4,6.0,0
HIST-BLK-02628,SEC_C04_05,Yerraguntla - Kadapa,Guntakal,S&T,Axle Counter Replacement,105,2026-07-22,Wed,PEAK_MORNING,08:09,09:54,489,594,2,1,1,1,10.0,0.419,0,1,ST_gang,Testing Van,HIGH,82,10.9,2,39.8,5.0,0
HIST-BLK-02629,SEC_C02_01,Visakhapatnam - Duvvada,Visakhapatnam,Traction,Cantilever Adjustment,135,2026-07-30,Thu,PEAK_EVENING,17:48,20:03,1068,1203,3,0,1,2,8.0,0.262,0,0,tower_wagon_crew,Tower Wagon,MEDIUM,51,3.8,3,38.2,11.2,0
HIST-BLK-02630,SEC_C02_03,Anakapalle - Tuni,Visakhapatnam,S&T,Interlocking Inspection,120,2026-08-04,Tue,AFTERNOON_SLOT,15:20,17:20,920,1040,1,1,0,1,9.0,0.619,0,0,ST_gang,None / Manual Tools,MEDIUM,54,3.8,1,36.3,13.5,0
HIST-BLK-02631,SEC_C01_03,Bapatla - Chirala,Vijayawada,Engineering,Sleeper Replacement,150,2026-08-14,Fri,AFTERNOON_SLOT,15:00,17:30,900,1050,0,0,0,0,1.0,0.929,0,0,track_gang,Ballast Regulator,LOW,31,9.8,0,0.0,99.0,1
HIST-BLK-02632,SEC_C01_06,Singarayakonda - Kavali,Vijayawada,S&T,Point Machine Overhaul,60,2026-08-20,Thu,PEAK_EVENING,18:07,19:07,1087,1147,5,0,1,4,7.0,0.197,0,0,ST_gang,Testing Van,CRITICAL,100,9.1,5,59.3,5.0,0
HIST-BLK-02633,SEC_C01_01,Vijayawada - Tenali,Vijayawada,Traction,Cantilever Adjustment,150,2026-07-13,Mon,MIDDAY_FREIGHT_GAP,11:38,14:08,698,848,0,0,0,0,1.0,0.99,0,0,tower_wagon_crew,Tower Wagon,HIGH,79,9.4,0,0.0,99.0,1
HIST-BLK-02634,SEC_C04_03,Tadipatri - Kondapuram,Guntakal,Traction,OHE Inspection,120,2026-07-10,Fri,EARLY_MORNING,04:52,06:52,292,412,0,0,0,0,1.0,0.981,0,0,tower_wagon_crew,Tower Wagon,LOW,20,3.1,0,0.0,99.0,1
HIST-BLK-02635,SEC_C04_05,Yerraguntla - Kadapa,Guntakal,S&T,Cable Jointing & OFC,165,2026-07-16,Thu,PEAK_MORNING,07:35,10:20,455,620,5,0,1,4,8.0,0.188,1,0,ST_gang,Testing Van,HIGH,85,3.8,6,95.9,5.0,0
HIST-BLK-02636,SEC_C01_03,Bapatla - Chirala,Vijayawada,Traction,OHE Inspection,90,2026-08-12,Wed,MIDDAY_FREIGHT_GAP,11:57,13:27,717,807,0,0,0,0,1.0,0.971,0,0,tower_wagon_crew,Tower Wagon,CRITICAL,94,11.6,0,0.0,99.0,1
HIST-BLK-02637,SEC_C03_04,Donakonda - Markapur Road,Guntur,S&T,Axle Counter Replacement,120,2026-08-05,Wed,MIDDAY_FREIGHT_GAP,11:37,13:37,697,817,1,0,0,1,6.0,0.828,0,0,ST_gang,Testing Van,MEDIUM,54,4.0,1,16.7,74.1,0
HIST-BLK-02638,SEC_C02_06,Samalkot - Rajahmundry,Vijayawada,Engineering,Turnout Overhaul,210,2026-07-19,Sun,LATE_NIGHT,21:30,01:00,1290,1500,0,0,0,0,1.0,0.972,0,0,track_gang,CSM Tamping Machine,LOW,41,4.5,0,0.0,99.0,1
HIST-BLK-02639,SEC_C01_05,Ongole - Singarayakonda,Vijayawada,S&T,Track Circuit Testing,105,2026-07-27,Mon,PEAK_EVENING,18:10,19:55,1090,1195,4,1,1,3,10.0,0.05,0,0,ST_gang,None / Manual Tools,HIGH,72,2.6,4,90.7,5.0,0
HIST-BLK-02640,SEC_C04_01,Guntakal - Gooty,Guntakal,S&T,Cable Jointing & OFC,165,2026-07-24,Fri,AFTERNOON_SLOT,15:00,17:45,900,1065,0,0,0,0,1.0,0.953,1,0,ST_gang,Testing Van,MEDIUM,45,11.2,1,28.8,36.1,0
HIST-BLK-02641,SEC_C02_07,Rajahmundry - Nidadavolu,Vijayawada,S&T,Cable Jointing & OFC,150,2026-07-10,Fri,EARLY_MORNING,04:30,07:00,270,420,0,0,0,0,1.0,0.966,0,0,ST_gang,Testing Van,HIGH,78,2.4,0,0.0,99.0,1
HIST-BLK-02642,SEC_C02_04,Tuni - Annavaram,Vijayawada,Engineering,Rail Renewal,210,2026-08-16,Sun,PEAK_MORNING,07:30,11:00,450,660,2,1,0,2,10.0,0.311,0,1,track_gang,CSM Tamping Machine,HIGH,81,8.2,2,43.2,5.0,0
HIST-BLK-02643,SEC_C01_05,Ongole - Singarayakonda,Vijayawada,S&T,Point Machine Overhaul,90,2026-07-20,Mon,EARLY_MORNING,04:33,06:03,273,363,0,0,0,0,1.0,0.935,0,0,ST_gang,Testing Van,MEDIUM,46,6.6,0,0.0,99.0,1
HIST-BLK-02644,SEC_C02_02,Duvvada - Anakapalle,Visakhapatnam,Engineering,Track Maintenance,135,2026-08-19,Wed,EARLY_MORNING,04:41,06:56,281,416,1,1,0,1,9.0,0.594,0,1,track_gang,None / Manual Tools,CRITICAL,100,3.1,1,32.4,23.9,0
HIST-BLK-02645,SEC_C03_02,Narasaraopet - Vinukonda,Guntur,Traction,Contact Wire Height Regulation,165,2026-08-05,Wed,PEAK_MORNING,07:30,10:15,450,615,5,0,1,4,8.0,0.08,0,0,tower_wagon_crew,Tower Wagon,CRITICAL,94,8.4,5,81.1,5.0,0
HIST-BLK-02646,SEC_C04_02,Gooty - Tadipatri,Guntakal,S&T,Cable Jointing & OFC,165,2026-07-02,Thu,NIGHT_MEGABLOCK,01:14,03:59,74,239,0,0,0,0,1.0,0.945,0,0,ST_gang,Testing Van,HIGH,82,7.4,0,0.0,99.0,1
HIST-BLK-02647,SEC_C01_01,Vijayawada - Tenali,Vijayawada,Traction,Insulator Washing & Replacement,150,2026-07-20,Mon,EARLY_MORNING,04:30,07:00,270,420,0,0,0,0,1.0,0.961,0,0,tower_wagon_crew,Tower Wagon,MEDIUM,66,1.7,0,0.0,99.0,1
HIST-BLK-02648,SEC_C02_04,Tuni - Annavaram,Vijayawada,S&T,Cable Jointing & OFC,150,2026-07-11,Sat,AFTERNOON_SLOT,15:00,17:30,900,1050,0,0,0,0,1.0,0.958,0,0,ST_gang,Testing Van,HIGH,82,3.7,0,0.0,99.0,1
HIST-BLK-02649,SEC_C02_02,Duvvada - Anakapalle,Visakhapatnam,S&T,Axle Counter Replacement,150,2026-08-22,Sat,EARLY_MORNING,04:30,07:00,270,420,1,0,0,1,7.0,0.829,0,0,ST_gang,Testing Van,MEDIUM,54,11.2,1,23.7,66.7,0
HIST-BLK-02650,SEC_C02_03,Anakapalle - Tuni,Visakhapatnam,S&T,Signal Maintenance,90,2026-08-13,Thu,PEAK_MORNING,08:29,09:59,509,599,1,0,0,1,8.0,0.798,0,0,ST_gang,None / Manual Tools,MEDIUM,66,10.7,1,22.3,66.8,0
HIST-BLK-02651,SEC_C01_07,Kavali - Nellore,Vijayawada,Engineering,Rail Renewal,210,2026-08-29,Sat,PEAK_MORNING,07:30,11:00,450,660,1,0,0,1,6.0,0.84,0,0,track_gang,CSM Tamping Machine,MEDIUM,47,10.6,1,22.5,67.8,0
HIST-BLK-02652,SEC_C04_01,Guntakal - Gooty,Guntakal,Traction,Substation Transformer Overhaul,255,2026-08-14,Fri,AFTERNOON_SLOT,15:00,19:15,900,1155,0,0,0,0,1.0,0.996,0,0,specialist_team,None / Manual Tools,LOW,39,4.1,0,0.0,99.0,1
HIST-BLK-02653,SEC_C02_09,Tadepalligudem - Eluru,Vijayawada,Engineering,Turnout Overhaul,210,2026-08-29,Sat,LATE_NIGHT,21:30,01:00,1290,1500,0,0,0,0,1.0,0.974,0,0,track_gang,CSM Tamping Machine,MEDIUM,47,8.9,0,0.0,99.0,1
HIST-BLK-02654,SEC_C01_06,Singarayakonda - Kavali,Vijayawada,Engineering,Deep Screening Ballast,210,2026-07-18,Sat,NIGHT_MEGABLOCK,01:00,04:30,60,270,2,0,1,1,8.0,0.653,0,0,track_gang,Ballast Regulator,LOW,27,2.6,2,31.5,38.9,0
HIST-BLK-02655,SEC_C04_02,Gooty - Tadipatri,Guntakal,Traction,Substation Transformer Overhaul,225,2026-07-18,Sat,MIDDAY_FREIGHT_GAP,11:30,15:15,690,915,0,0,0,0,1.0,0.954,0,0,specialist_team,None / Manual Tools,CRITICAL,88,3.6,0,0.0,99.0,1
HIST-BLK-02656,SEC_C02_08,Nidadavolu - Tadepalligudem,Vijayawada,Traction,Insulator Washing & Replacement,135,2026-08-21,Fri,NIGHT_MEGABLOCK,01:05,03:20,65,200,0,0,0,0,1.0,0.99,1,1,tower_wagon_crew,Tower Wagon,HIGH,70,6.8,1,20.5,55.9,0
HIST-BLK-02657,SEC_C02_02,Duvvada - Anakapalle,Visakhapatnam,Engineering,Weld Rectification,60,2026-07-24,Fri,EARLY_MORNING,04:57,05:57,297,357,0,0,0,0,1.0,0.926,0,0,track_gang,USFD Flaw Detector,HIGH,82,8.6,0,0.0,99.0,1
HIST-BLK-02658,SEC_C01_01,Vijayawada - Tenali,Vijayawada,Traction,Insulator Washing & Replacement,105,2026-07-06,Mon,EARLY_MORNING,05:01,06:46,301,406,0,0,0,0,1.0,0.924,0,1,tower_wagon_crew,Tower Wagon,HIGH,83,2.7,0,0.0,99.0,1
HIST-BLK-02659,SEC_C01_02,Tenali - Bapatla,Vijayawada,Engineering,Track Maintenance,150,2026-08-19,Wed,MIDDAY_FREIGHT_GAP,11:45,14:15,705,855,1,0,0,1,4.0,0.844,1,1,track_gang,None / Manual Tools,HIGH,70,2.6,2,51.3,7.6,0
HIST-BLK-02660,SEC_C04_06,Kadapa - Razampeta,Guntakal,S&T,Track Circuit Testing,60,2026-08-22,Sat,LATE_NIGHT,21:52,22:52,1312,1372,0,0,0,0,1.0,0.988,0,0,ST_gang,None / Manual Tools,MEDIUM,53,6.9,0,0.0,99.0,1
HIST-BLK-02661,SEC_C01_08,Nellore - Gudur,Vijayawada,S&T,Signal Maintenance,60,2026-07-19,Sun,PEAK_EVENING,19:51,20:51,1191,1251,4,0,1,3,7.0,0.067,0,0,ST_gang,None / Manual Tools,LOW,21,6.2,4,40.3,5.0,0
HIST-BLK-02662,SEC_C02_04,Tuni - Annavaram,Vijayawada,Engineering,Rail Renewal,210,2026-07-03,Fri,AFTERNOON_SLOT,15:00,18:30,900,1110,0,0,0,0,1.0,0.939,0,0,track_gang,CSM Tamping Machine,LOW,43,7.2,0,0.0,99.0,1
HIST-BLK-02663,SEC_C03_01,Guntur - Narasaraopet,Guntur,Traction,Substation Transformer Overhaul,255,2026-08-11,Tue,NIGHT_MEGABLOCK,01:00,05:15,60,315,1,0,1,0,3.0,0.8,0,1,specialist_team,None / Manual Tools,CRITICAL,96,10.5,1,29.5,67.2,0
HIST-BLK-02664,SEC_C02_09,Tadepalligudem - Eluru,Vijayawada,Traction,OHE Inspection,135,2026-07-15,Wed,EARLY_MORNING,04:41,06:56,281,416,0,0,0,0,1.0,0.935,0,0,tower_wagon_crew,Tower Wagon,HIGH,75,2.0,0,0.0,99.0,1
HIST-BLK-02665,SEC_C02_07,Rajahmundry - Nidadavolu,Vijayawada,Engineering,Track Maintenance,120,2026-07-30,Thu,AFTERNOON_SLOT,15:11,17:11,911,1031,0,0,0,0,1.0,0.978,1,0,track_gang,None / Manual Tools,HIGH,76,8.6,1,16.5,54.0,0
HIST-BLK-02666,SEC_C04_02,Gooty - Tadipatri,Guntakal,S&T,Interlocking Inspection,60,2026-07-08,Wed,LATE_NIGHT,22:25,23:25,1345,1405,0,0,0,0,1.0,0.957,0,1,ST_gang,None / Manual Tools,MEDIUM,62,7.8,0,0.0,99.0,1
HIST-BLK-02667,SEC_C01_07,Kavali - Nellore,Vijayawada,S&T,Point Machine Overhaul,105,2026-07-26,Sun,LATE_NIGHT,21:38,23:23,1298,1403,0,0,0,0,1.0,0.955,1,1,ST_gang,Testing Van,HIGH,70,7.5,1,16.3,53.5,0
HIST-BLK-02668,SEC_C03_04,Donakonda - Markapur Road,Guntur,Engineering,Deep Screening Ballast,180,2026-07-19,Sun,PEAK_EVENING,17:45,20:45,1065,1245,4,0,1,3,7.0,0.141,1,0,track_gang,Ballast Regulator,HIGH,72,6.2,5,87.8,5.0,0
HIST-BLK-02669,SEC_C03_03,Vinukonda - Donakonda,Guntur,Engineering,Weld Rectification,90,2026-07-27,Mon,MIDDAY_FREIGHT_GAP,12:27,13:57,747,837,0,0,0,0,1.0,0.925,0,0,track_gang,USFD Flaw Detector,MEDIUM,61,6.7,0,0.0,99.0,1
HIST-BLK-02670,SEC_C02_07,Rajahmundry - Nidadavolu,Vijayawada,Engineering,Deep Screening Ballast,210,2026-07-26,Sun,PEAK_MORNING,07:30,11:00,450,660,1,0,0,1,7.0,0.846,0,0,track_gang,Ballast Regulator,MEDIUM,55,4.9,1,27.5,59.8,0
HIST-BLK-02671,SEC_C02_03,Anakapalle - Tuni,Visakhapatnam,S&T,Point Machine Overhaul,90,2026-08-11,Tue,AFTERNOON_SLOT,15:28,16:58,928,1018,0,0,0,0,1.0,0.939,0,1,ST_gang,Testing Van,MEDIUM,62,10.4,0,0.0,99.0,1
HIST-BLK-02672,SEC_C02_08,Nidadavolu - Tadepalligudem,Vijayawada,Engineering,Track Maintenance,120,2026-07-07,Tue,NIGHT_MEGABLOCK,01:48,03:48,108,228,1,0,1,0,3.0,0.796,1,0,track_gang,None / Manual Tools,MEDIUM,53,10.4,2,35.4,15.0,0
HIST-BLK-02673,SEC_C01_03,Bapatla - Chirala,Vijayawada,S&T,Signal Maintenance,45,2026-07-20,Mon,NIGHT_MEGABLOCK,02:42,03:27,162,207,0,0,0,0,1.0,0.925,0,0,ST_gang,None / Manual Tools,HIGH,78,2.3,0,0.0,99.0,1
HIST-BLK-02674,SEC_C01_04,Chirala - Ongole,Vijayawada,Traction,Contact Wire Height Regulation,180,2026-08-04,Tue,PEAK_MORNING,07:30,10:30,450,630,5,0,1,4,8.0,0.193,1,0,tower_wagon_crew,Tower Wagon,MEDIUM,47,9.8,6,112.2,5.0,0
HIST-BLK-02675,SEC_C01_02,Tenali - Bapatla,Vijayawada,S&T,Cable Jointing & OFC,150,2026-08-04,Tue,PEAK_EVENING,17:50,20:20,1070,1220,2,1,0,2,9.0,0.419,0,0,ST_gang,Testing Van,MEDIUM,66,11.1,2,49.1,5.0,0
HIST-BLK-02676,SEC_C03_04,Donakonda - Markapur Road,Guntur,Traction,Contact Wire Height Regulation,180,2026-08-20,Thu,PEAK_EVENING,17:57,20:57,1077,1257,5,0,1,4,7.0,0.138,0,0,tower_wagon_crew,Tower Wagon,HIGH,78,2.5,5,51.0,5.0,0
HIST-BLK-02677,SEC_C01_07,Kavali - Nellore,Vijayawada,S&T,Axle Counter Replacement,120,2026-07-22,Wed,NIGHT_MEGABLOCK,01:59,03:59,119,239,0,0,0,0,1.0,0.99,1,1,ST_gang,Testing Van,HIGH,71,3.7,1,15.1,55.7,0
HIST-BLK-02678,SEC_C03_05,Markapur Road - Giddalur,Guntur,Engineering,Rail Renewal,240,2026-08-02,Sun,LATE_NIGHT,21:30,01:30,1290,1530,1,0,1,0,3.0,0.826,0,1,track_gang,CSM Tamping Machine,CRITICAL,99,8.0,1,23.5,76.8,0
HIST-BLK-02679,SEC_C02_04,Tuni - Annavaram,Vijayawada,Traction,Cantilever Adjustment,165,2026-08-06,Thu,AFTERNOON_SLOT,15:00,17:45,900,1065,0,0,0,0,1.0,0.958,1,0,tower_wagon_crew,Tower Wagon,HIGH,85,3.3,1,24.1,45.5,0
HIST-BLK-02680,SEC_C02_06,Samalkot - Rajahmundry,Vijayawada,Traction,Substation Transformer Overhaul,240,2026-08-14,Fri,MIDDAY_FREIGHT_GAP,11:30,15:30,690,930,0,0,0,0,1.0,0.991,0,0,specialist_team,None / Manual Tools,MEDIUM,50,10.9,0,0.0,99.0,1
HIST-BLK-02681,SEC_C04_02,Gooty - Tadipatri,Guntakal,Traction,Contact Wire Height Regulation,165,2026-08-15,Sat,AFTERNOON_SLOT,15:00,17:45,900,1065,0,0,0,0,1.0,0.984,0,0,tower_wagon_crew,Tower Wagon,HIGH,82,2.9,0,0.0,99.0,1
HIST-BLK-02682,SEC_C02_07,Rajahmundry - Nidadavolu,Vijayawada,S&T,Cable Jointing & OFC,150,2026-08-20,Thu,PEAK_EVENING,18:07,20:37,1087,1237,3,0,1,2,7.0,0.361,0,1,ST_gang,Testing Van,MEDIUM,66,11.7,3,45.7,5.5,0
HIST-BLK-02683,SEC_C02_07,Rajahmundry - Nidadavolu,Vijayawada,Engineering,Rail Renewal,210,2026-08-30,Sun,MIDDAY_FREIGHT_GAP,11:30,15:00,690,900,0,0,0,0,1.0,0.97,0,1,track_gang,CSM Tamping Machine,CRITICAL,87,4.3,0,0.0,99.0,1
HIST-BLK-02684,SEC_C02_09,Tadepalligudem - Eluru,Vijayawada,Traction,Power Isolation Maintenance,150,2026-07-24,Fri,MIDDAY_FREIGHT_GAP,11:52,14:22,712,862,0,0,0,0,1.0,0.936,1,0,tower_wagon_crew,Tower Wagon,LOW,30,3.7,1,17.6,52.4,0
HIST-BLK-02685,SEC_C04_03,Tadipatri - Kondapuram,Guntakal,Engineering,Turnout Overhaul,165,2026-07-24,Fri,MIDDAY_FREIGHT_GAP,11:31,14:16,691,856,0,0,0,0,1.0,0.943,0,1,track_gang,CSM Tamping Machine,HIGH,81,11.0,0,0.0,99.0,1
HIST-BLK-02686,SEC_C03_02,Narasaraopet - Vinukonda,Guntur,Engineering,Rail Renewal,240,2026-08-29,Sat,EARLY_MORNING,04:30,08:30,270,510,0,0,0,0,1.0,0.927,0,0,track_gang,CSM Tamping Machine,CRITICAL,91,4.6,0,0.0,99.0,1
HIST-BLK-02687,SEC_C04_07,Razampeta - Koduru,Guntakal,Traction,Cantilever Adjustment,135,2026-08-18,Tue,LATE_NIGHT,21:30,23:45,1290,1425,1,0,1,0,3.0,0.835,0,0,tower_wagon_crew,Tower Wagon,MEDIUM,50,5.5,1,19.8,72.9,0
HIST-BLK-02688,SEC_C01_05,Ongole - Singarayakonda,Vijayawada,Engineering,Weld Rectification,60,2026-07-08,Wed,MIDDAY_FREIGHT_GAP,12:04,13:04,724,784,0,0,0,0,1.0,0.98,0,0,track_gang,USFD Flaw Detector,MEDIUM,50,4.5,0,0.0,99.0,1
HIST-BLK-02689,SEC_C04_05,Yerraguntla - Kadapa,Guntakal,Engineering,Rail Renewal,240,2026-08-16,Sun,EARLY_MORNING,04:30,08:30,270,510,1,0,0,1,4.0,0.812,0,0,track_gang,CSM Tamping Machine,MEDIUM,64,5.4,1,26.5,64.0,0
HIST-BLK-02690,SEC_C03_06,Giddalur - Nandyal,Guntur,Engineering,Track Maintenance,90,2026-07-30,Thu,PEAK_MORNING,07:45,09:15,465,555,1,0,0,1,4.0,0.806,1,0,track_gang,None / Manual Tools,LOW,40,10.5,2,40.8,10.2,0
HIST-BLK-02691,SEC_C02_08,Nidadavolu - Tadepalligudem,Vijayawada,Engineering,Rail Renewal,240,2026-08-22,Sat,AFTERNOON_SLOT,15:00,19:00,900,1140,0,0,0,0,1.0,0.934,0,1,track_gang,CSM Tamping Machine,HIGH,76,6.8,0,0.0,99.0,1
HIST-BLK-02692,SEC_C04_02,Gooty - Tadipatri,Guntakal,S&T,Point Machine Overhaul,120,2026-07-31,Fri,AFTERNOON_SLOT,15:20,17:20,920,1040,1,1,0,1,9.0,0.598,0,0,ST_gang,Testing Van,LOW,25,11.9,1,43.4,5.0,0
HIST-BLK-02693,SEC_C01_01,Vijayawada - Tenali,Vijayawada,S&T,Axle Counter Replacement,150,2026-08-17,Mon,AFTERNOON_SLOT,15:00,17:30,900,1050,0,0,0,0,1.0,0.951,0,0,ST_gang,Testing Van,MEDIUM,57,5.8,0,0.0,99.0,1
HIST-BLK-02694,SEC_C03_02,Narasaraopet - Vinukonda,Guntur,Traction,OHE Inspection,105,2026-08-21,Fri,LATE_NIGHT,21:55,23:40,1315,1420,1,0,1,0,3.0,0.871,0,0,tower_wagon_crew,Tower Wagon,MEDIUM,67,1.6,1,14.0,80.0,0
HIST-BLK-02695,SEC_C04_05,Yerraguntla - Kadapa,Guntakal,Engineering,Rail Renewal,255,2026-07-01,Wed,NIGHT_MEGABLOCK,01:00,05:15,60,315,1,0,1,0,3.0,0.796,0,1,track_gang,CSM Tamping Machine,CRITICAL,97,2.0,1,29.8,69.5,0
HIST-BLK-02696,SEC_C02_04,Tuni - Annavaram,Vijayawada,S&T,Point Machine Overhaul,105,2026-08-29,Sat,LATE_NIGHT,21:49,23:34,1309,1414,0,0,0,0,1.0,0.983,0,0,ST_gang,Testing Van,LOW,36,2.7,0,0.0,99.0,1
HIST-BLK-02697,SEC_C04_02,Gooty - Tadipatri,Guntakal,Engineering,Rail Renewal,270,2026-08-14,Fri,AFTERNOON_SLOT,15:00,19:30,900,1170,1,1,0,1,9.0,0.585,0,0,track_gang,CSM Tamping Machine,CRITICAL,86,9.5,1,41.3,6.4,0
HIST-BLK-02698,SEC_C04_05,Yerraguntla - Kadapa,Guntakal,Traction,Cantilever Adjustment,135,2026-07-03,Fri,NIGHT_MEGABLOCK,01:41,03:56,101,236,1,0,1,0,3.0,0.788,0,1,tower_wagon_crew,Tower Wagon,MEDIUM,49,6.5,1,23.2,74.3,0
HIST-BLK-02699,SEC_C04_04,Kondapuram - Yerraguntla,Guntakal,Engineering,Deep Screening Ballast,210,2026-08-07,Fri,PEAK_MORNING,07:30,11:00,450,660,3,1,0,3,9.0,0.05,0,0,track_gang,Ballast Regulator,MEDIUM,55,7.8,3,56.6,5.0,0
HIST-BLK-02700,SEC_C04_04,Kondapuram - Yerraguntla,Guntakal,Engineering,Sleeper Replacement,210,2026-08-18,Tue,AFTERNOON_SLOT,15:00,18:30,900,1110,0,0,0,0,1.0,0.96,0,0,track_gang,Ballast Regulator,MEDIUM,45,7.5,0,0.0,99.0,1
HIST-BLK-02701,SEC_C02_06,Samalkot - Rajahmundry,Vijayawada,S&T,Axle Counter Replacement,120,2026-07-02,Thu,MIDDAY_FREIGHT_GAP,11:49,13:49,709,829,0,0,0,0,1.0,0.978,0,0,ST_gang,Testing Van,CRITICAL,91,9.2,0,0.0,99.0,1
HIST-BLK-02702,SEC_C03_03,Vinukonda - Donakonda,Guntur,Engineering,Rail Renewal,225,2026-08-06,Thu,NIGHT_MEGABLOCK,01:00,04:45,60,285,0,0,0,0,1.0,0.947,1,1,track_gang,CSM Tamping Machine,MEDIUM,68,5.2,1,23.3,53.5,0
HIST-BLK-02703,SEC_C04_01,Guntakal - Gooty,Guntakal,S&T,Cable Jointing & OFC,120,2026-08-24,Mon,AFTERNOON_SLOT,15:13,17:13,913,1033,0,0,0,0,1.0,0.937,0,0,ST_gang,Testing Van,HIGH,84,11.0,0,0.0,99.0,1
HIST-BLK-02704,SEC_C01_06,Singarayakonda - Kavali,Vijayawada,Engineering,Track Maintenance,90,2026-07-06,Mon,AFTERNOON_SLOT,15:18,16:48,918,1008,0,0,0,0,1.0,0.93,0,0,track_gang,None / Manual Tools,HIGH,74,4.5,0,0.0,99.0,1
HIST-BLK-02705,SEC_C01_02,Tenali - Bapatla,Vijayawada,Engineering,Rail Renewal,240,2026-08-07,Fri,PEAK_MORNING,07:30,11:30,450,690,1,0,0,1,7.0,0.786,0,0,track_gang,CSM Tamping Machine,HIGH,77,5.0,1,28.0,60.8,0
HIST-BLK-02706,SEC_C04_07,Razampeta - Koduru,Guntakal,S&T,Cable Jointing & OFC,165,2026-07-22,Wed,NIGHT_MEGABLOCK,01:14,03:59,74,239,0,0,0,0,1.0,0.953,0,0,ST_gang,Testing Van,MEDIUM,56,10.9,0,0.0,99.0,1
HIST-BLK-02707,SEC_C02_09,Tadepalligudem - Eluru,Vijayawada,Traction,Substation Transformer Overhaul,270,2026-07-23,Thu,PEAK_EVENING,17:45,22:15,1065,1335,3,1,1,2,10.0,0.05,0,0,specialist_team,None / Manual Tools,LOW,43,6.3,3,65.7,5.0,0
HIST-BLK-02708,SEC_C04_08,Koduru - Renigunta,Guntakal,S&T,Point Machine Overhaul,75,2026-08-24,Mon,MIDDAY_FREIGHT_GAP,12:45,14:00,765,840,1,0,0,1,8.0,0.855,0,0,ST_gang,Testing Van,LOW,39,10.4,1,16.0,77.8,0
HIST-BLK-02709,SEC_C02_06,Samalkot - Rajahmundry,Vijayawada,Traction,Contact Wire Height Regulation,180,2026-07-17,Fri,PEAK_EVENING,17:46,20:46,1066,1246,1,1,0,1,10.0,0.544,0,0,tower_wagon_crew,Tower Wagon,MEDIUM,66,6.1,1,30.2,15.6,0
HIST-BLK-02710,SEC_C01_06,Singarayakonda - Kavali,Vijayawada,Engineering,Rail Renewal,225,2026-07-27,Mon,AFTERNOON_SLOT,15:00,18:45,900,1125,1,0,0,1,8.0,0.854,0,0,track_gang,CSM Tamping Machine,HIGH,80,5.1,1,26.3,62.0,0
HIST-BLK-02711,SEC_C04_07,Razampeta - Koduru,Guntakal,S&T,Cable Jointing & OFC,135,2026-07-22,Wed,EARLY_MORNING,04:39,06:54,279,414,0,0,0,0,1.0,0.953,0,1,ST_gang,Testing Van,HIGH,83,2.1,0,0.0,99.0,1
HIST-BLK-02712,SEC_C01_02,Tenali - Bapatla,Vijayawada,S&T,Point Machine Overhaul,75,2026-07-17,Fri,MIDDAY_FREIGHT_GAP,11:39,12:54,699,774,0,0,0,0,1.0,0.926,0,0,ST_gang,Testing Van,MEDIUM,61,7.0,0,0.0,99.0,1
HIST-BLK-02713,SEC_C03_05,Markapur Road - Giddalur,Guntur,Traction,Power Isolation Maintenance,210,2026-07-14,Tue,PEAK_EVENING,17:45,21:15,1065,1275,1,1,0,1,9.0,0.581,0,0,tower_wagon_crew,Tower Wagon,HIGH,72,10.0,1,29.9,21.2,0
HIST-BLK-02714,SEC_C02_07,Rajahmundry - Nidadavolu,Vijayawada,Engineering,Weld Rectification,90,2026-07-19,Sun,PEAK_MORNING,07:41,09:11,461,551,4,1,1,3,10.0,0.05,0,0,track_gang,USFD Flaw Detector,LOW,21,8.1,4,78.3,5.0,0
HIST-BLK-02715,SEC_C01_04,Chirala - Ongole,Vijayawada,Traction,Power Isolation Maintenance,210,2026-08-28,Fri,NIGHT_MEGABLOCK,01:00,04:30,60,270,1,0,1,0,3.0,0.804,0,0,tower_wagon_crew,Tower Wagon,HIGH,83,6.4,1,20.9,68.6,0
HIST-BLK-02716,SEC_C04_06,Kadapa - Razampeta,Guntakal,S&T,Track Circuit Testing,75,2026-07-23,Thu,PEAK_MORNING,08:12,09:27,492,567,2,1,1,1,10.0,0.412,0,0,ST_gang,None / Manual Tools,MEDIUM,64,4.1,2,51.4,5.0,0
HIST-BLK-02717,SEC_C01_04,Chirala - Ongole,Vijayawada,Engineering,Sleeper Replacement,195,2026-07-14,Tue,AFTERNOON_SLOT,15:00,18:15,900,1095,1,0,1,0,3.0,0.812,0,0,track_gang,Ballast Regulator,HIGH,71,2.9,1,24.7,63.0,0
HIST-BLK-02718,SEC_C01_06,Singarayakonda - Kavali,Vijayawada,Engineering,Rail Renewal,270,2026-08-17,Mon,NIGHT_MEGABLOCK,01:00,05:30,60,330,1,0,1,0,3.0,0.811,0,0,track_gang,CSM Tamping Machine,MEDIUM,55,6.4,1,22.9,65.5,0
HIST-BLK-02719,SEC_C04_04,Kondapuram - Yerraguntla,Guntakal,Engineering,Sleeper Replacement,150,2026-07-25,Sat,MIDDAY_FREIGHT_GAP,11:39,14:09,699,849,0,0,0,0,1.0,0.977,0,0,track_gang,Ballast Regulator,HIGH,73,10.1,0,0.0,99.0,1
HIST-BLK-02720,SEC_C02_03,Anakapalle - Tuni,Visakhapatnam,Engineering,Sleeper Replacement,180,2026-08-05,Wed,EARLY_MORNING,04:30,07:30,270,450,0,0,0,0,1.0,0.979,0,0,track_gang,Ballast Regulator,HIGH,74,10.9,0,0.0,99.0,1
HIST-BLK-02721,SEC_C01_04,Chirala - Ongole,Vijayawada,Engineering,Weld Rectification,90,2026-07-04,Sat,MIDDAY_FREIGHT_GAP,12:42,14:12,762,852,1,0,1,0,3.0,0.813,0,0,track_gang,USFD Flaw Detector,HIGH,75,3.2,1,19.9,71.8,0
HIST-BLK-02722,SEC_C03_06,Giddalur - Nandyal,Guntur,Traction,Insulator Washing & Replacement,105,2026-07-30,Thu,MIDDAY_FREIGHT_GAP,11:44,13:29,704,809,1,0,1,0,3.0,0.796,0,0,tower_wagon_crew,Tower Wagon,MEDIUM,62,7.4,1,22.2,67.7,0
HIST-BLK-02723,SEC_C03_02,Narasaraopet - Vinukonda,Guntur,Traction,Cantilever Adjustment,120,2026-07-25,Sat,PEAK_EVENING,18:27,20:27,1107,1227,2,0,1,1,8.0,0.556,0,0,tower_wagon_crew,Tower Wagon,MEDIUM,66,6.0,2,37.3,30.6,0
HIST-BLK-02724,SEC_C01_01,Vijayawada - Tenali,Vijayawada,Engineering,Rail Renewal,210,2026-07-24,Fri,EARLY_MORNING,04:30,08:00,270,480,1,0,1,0,3.0,0.81,0,0,track_gang,CSM Tamping Machine,HIGH,82,4.2,1,27.4,62.8,0
HIST-BLK-02725,SEC_C04_07,Razampeta - Koduru,Guntakal,S&T,Interlocking Inspection,120,2026-07-23,Thu,LATE_NIGHT,21:31,23:31,1291,1411,1,0,1,0,3.0,0.848,0,0,ST_gang,None / Manual Tools,HIGH,71,9.4,1,18.2,71.3,0
HIST-BLK-02726,SEC_C03_04,Donakonda - Markapur Road,Guntur,Engineering,Deep Screening Ballast,195,2026-08-28,Fri,AFTERNOON_SLOT,15:00,18:15,900,1095,1,0,0,1,4.0,0.85,0,1,track_gang,Ballast Regulator,CRITICAL,97,6.6,1,24.9,76.8,0
HIST-BLK-02727,SEC_C04_08,Koduru - Renigunta,Guntakal,Engineering,Rail Renewal,270,2026-08-24,Mon,MIDDAY_FREIGHT_GAP,11:30,16:00,690,960,1,0,0,1,8.0,0.784,1,0,track_gang,CSM Tamping Machine,HIGH,83,1.6,2,50.7,5.0,0
HIST-BLK-02728,SEC_C01_06,Singarayakonda - Kavali,Vijayawada,S&T,Track Circuit Testing,75,2026-07-31,Fri,PEAK_MORNING,07:52,09:07,472,547,1,0,0,1,4.0,0.829,0,0,ST_gang,None / Manual Tools,HIGH,75,8.5,1,13.8,76.1,0
HIST-BLK-02729,SEC_C04_02,Gooty - Tadipatri,Guntakal,S&T,Cable Jointing & OFC,165,2026-07-22,Wed,NIGHT_MEGABLOCK,01:11,03:56,71,236,0,0,0,0,1.0,0.954,0,1,ST_gang,Testing Van,LOW,36,5.3,0,0.0,99.0,1
HIST-BLK-02730,SEC_C03_03,Vinukonda - Donakonda,Guntur,S&T,Axle Counter Replacement,150,2026-07-27,Mon,NIGHT_MEGABLOCK,01:27,03:57,87,237,0,0,0,0,1.0,0.965,0,0,ST_gang,Testing Van,MEDIUM,54,5.9,0,0.0,99.0,1
HIST-BLK-02731,SEC_C04_01,Guntakal - Gooty,Guntakal,S&T,Axle Counter Replacement,150,2026-07-01,Wed,PEAK_MORNING,07:48,10:18,468,618,4,1,1,3,10.0,0.05,1,1,ST_gang,Testing Van,CRITICAL,100,5.0,5,101.2,5.0,0
HIST-BLK-02732,SEC_C01_05,Ongole - Singarayakonda,Vijayawada,Traction,Power Isolation Maintenance,180,2026-07-26,Sun,AFTERNOON_SLOT,15:00,18:00,900,1080,0,0,0,0,1.0,0.952,0,0,tower_wagon_crew,Tower Wagon,MEDIUM,47,6.0,0,0.0,99.0,1
HIST-BLK-02733,SEC_C03_02,Narasaraopet - Vinukonda,Guntur,Traction,Substation Transformer Overhaul,240,2026-08-07,Fri,MIDDAY_FREIGHT_GAP,11:30,15:30,690,930,1,1,0,1,10.0,0.585,0,0,specialist_team,None / Manual Tools,MEDIUM,63,7.9,1,29.0,20.3,0
HIST-BLK-02734,SEC_C02_07,Rajahmundry - Nidadavolu,Vijayawada,Engineering,Rail Renewal,225,2026-08-01,Sat,PEAK_EVENING,17:45,21:30,1065,1290,2,1,1,1,10.0,0.287,0,0,track_gang,CSM Tamping Machine,MEDIUM,50,7.4,2,38.8,5.0,0
HIST-BLK-02735,SEC_C01_08,Nellore - Gudur,Vijayawada,Engineering,Sleeper Replacement,180,2026-07-26,Sun,AFTERNOON_SLOT,15:00,18:00,900,1080,0,0,0,0,1.0,0.993,0,1,track_gang,Ballast Regulator,MEDIUM,48,2.6,0,0.0,99.0,1
HIST-BLK-02736,SEC_C04_04,Kondapuram - Yerraguntla,Guntakal,Engineering,Sleeper Replacement,210,2026-08-11,Tue,NIGHT_MEGABLOCK,01:00,04:30,60,270,0,0,0,0,1.0,0.949,1,0,track_gang,Ballast Regulator,HIGH,82,3.3,1,15.2,52.2,0
HIST-BLK-02737,SEC_C04_03,Tadipatri - Kondapuram,Guntakal,S&T,Point Machine Overhaul,120,2026-08-17,Mon,PEAK_MORNING,08:01,10:01,481,601,5,1,1,4,10.0,0.05,0,1,ST_gang,Testing Van,HIGH,79,4.6,5,76.8,5.0,0
HIST-BLK-02738,SEC_C02_03,Anakapalle - Tuni,Visakhapatnam,S&T,Point Machine Overhaul,60,2026-07-14,Tue,LATE_NIGHT,21:46,22:46,1306,1366,0,0,0,0,1.0,0.962,0,0,ST_gang,Testing Van,MEDIUM,54,3.7,0,0.0,99.0,1
HIST-BLK-02739,SEC_C02_01,Visakhapatnam - Duvvada,Visakhapatnam,Traction,Substation Transformer Overhaul,225,2026-08-20,Thu,PEAK_MORNING,07:30,11:15,450,675,5,1,1,4,10.0,0.05,1,0,specialist_team,None / Manual Tools,MEDIUM,49,11.7,6,101.9,5.0,0
HIST-BLK-02740,SEC_C03_04,Donakonda - Markapur Road,Guntur,Traction,Substation Transformer Overhaul,240,2026-07-09,Thu,PEAK_EVENING,17:45,21:45,1065,1305,2,0,1,1,7.0,0.665,0,1,specialist_team,None / Manual Tools,LOW,22,11.3,2,38.1,41.5,0
HIST-BLK-02741,SEC_C04_08,Koduru - Renigunta,Guntakal,Traction,OHE Inspection,105,2026-08-10,Mon,MIDDAY_FREIGHT_GAP,12:24,14:09,744,849,1,0,0,1,8.0,0.818,0,0,tower_wagon_crew,Tower Wagon,HIGH,79,8.3,1,14.8,78.9,0
HIST-BLK-02742,SEC_C03_03,Vinukonda - Donakonda,Guntur,Traction,Insulator Washing & Replacement,120,2026-07-22,Wed,NIGHT_MEGABLOCK,01:12,03:12,72,192,1,0,1,0,3.0,0.848,1,0,tower_wagon_crew,Tower Wagon,MEDIUM,67,4.4,2,51.4,5.0,0
HIST-BLK-02743,SEC_C02_06,Samalkot - Rajahmundry,Vijayawada,S&T,Cable Jointing & OFC,180,2026-07-13,Mon,PEAK_EVENING,17:48,20:48,1068,1248,1,1,0,1,10.0,0.596,0,1,ST_gang,Testing Van,HIGH,78,8.7,1,31.6,16.8,0
HIST-BLK-02744,SEC_C01_07,Kavali - Nellore,Vijayawada,Traction,Substation Transformer Overhaul,240,2026-07-04,Sat,LATE_NIGHT,21:30,01:30,1290,1530,0,0,0,0,1.0,0.983,0,0,specialist_team,None / Manual Tools,HIGH,81,2.1,0,0.0,99.0,1
HIST-BLK-02745,SEC_C02_01,Visakhapatnam - Duvvada,Visakhapatnam,Traction,Contact Wire Height Regulation,180,2026-07-10,Fri,PEAK_MORNING,07:30,10:30,450,630,4,0,1,3,7.0,0.125,0,0,tower_wagon_crew,Tower Wagon,HIGH,77,11.0,4,77.3,5.0,0
HIST-BLK-02746,SEC_C01_08,Nellore - Gudur,Vijayawada,S&T,Interlocking Inspection,90,2026-07-29,Wed,MIDDAY_FREIGHT_GAP,12:22,13:52,742,832,0,0,0,0,1.0,0.941,0,0,ST_gang,None / Manual Tools,CRITICAL,92,5.2,0,0.0,99.0,1
HIST-BLK-02747,SEC_C03_05,Markapur Road - Giddalur,Guntur,Engineering,Weld Rectification,75,2026-07-09,Thu,PEAK_EVENING,19:28,20:43,1168,1243,5,1,1,4,10.0,0.05,0,0,track_gang,USFD Flaw Detector,HIGH,78,10.1,5,111.7,5.0,0
HIST-BLK-02748,SEC_C02_09,Tadepalligudem - Eluru,Vijayawada,Traction,Cantilever Adjustment,135,2026-08-12,Wed,LATE_NIGHT,21:30,23:45,1290,1425,0,0,0,0,1.0,0.94,0,0,tower_wagon_crew,Tower Wagon,LOW,34,5.8,0,0.0,99.0,1
HIST-BLK-02749,SEC_C02_08,Nidadavolu - Tadepalligudem,Vijayawada,Traction,Insulator Washing & Replacement,120,2026-07-22,Wed,PEAK_EVENING,18:28,20:28,1108,1228,2,0,1,1,7.0,0.627,0,0,tower_wagon_crew,Tower Wagon,MEDIUM,47,9.1,2,36.9,34.3,0
HIST-BLK-02750,SEC_C02_02,Duvvada - Anakapalle,Visakhapatnam,Engineering,Weld Rectification,120,2026-08-11,Tue,PEAK_EVENING,18:31,20:31,1111,1231,3,1,1,2,10.0,0.05,0,1,track_gang,USFD Flaw Detector,CRITICAL,98,6.3,3,51.4,5.0,0
HIST-BLK-02751,SEC_C02_07,Rajahmundry - Nidadavolu,Vijayawada,S&T,Signal Maintenance,90,2026-08-03,Mon,MIDDAY_FREIGHT_GAP,12:38,14:08,758,848,0,0,0,0,1.0,0.923,1,1,ST_gang,None / Manual Tools,LOW,24,11.0,1,28.5,39.4,0
HIST-BLK-02752,SEC_C02_06,Samalkot - Rajahmundry,Vijayawada,Traction,Insulator Washing & Replacement,90,2026-08-30,Sun,NIGHT_MEGABLOCK,01:20,02:50,80,170,1,0,1,0,3.0,0.871,0,0,tower_wagon_crew,Tower Wagon,MEDIUM,57,3.8,1,14.1,76.1,0
HIST-BLK-02753,SEC_C04_05,Yerraguntla - Kadapa,Guntakal,Engineering,Rail Renewal,240,2026-08-02,Sun,EARLY_MORNING,04:30,08:30,270,510,1,0,0,1,4.0,0.879,0,0,track_gang,CSM Tamping Machine,HIGH,83,2.6,1,26.3,61.5,0
HIST-BLK-02754,SEC_C04_02,Gooty - Tadipatri,Guntakal,Traction,Cantilever Adjustment,150,2026-08-21,Fri,PEAK_MORNING,07:56,10:26,476,626,1,0,0,1,8.0,0.866,0,1,tower_wagon_crew,Tower Wagon,HIGH,83,4.2,1,23.7,75.4,0
HIST-BLK-02755,SEC_C02_08,Nidadavolu - Tadepalligudem,Vijayawada,Engineering,Sleeper Replacement,180,2026-08-16,Sun,AFTERNOON_SLOT,15:00,18:00,900,1080,0,0,0,0,1.0,0.92,0,0,track_gang,Ballast Regulator,LOW,30,7.3,0,0.0,99.0,1
HIST-BLK-02756,SEC_C02_08,Nidadavolu - Tadepalligudem,Vijayawada,Traction,Substation Transformer Overhaul,210,2026-08-18,Tue,PEAK_MORNING,07:30,11:00,450,660,2,1,0,2,10.0,0.343,1,0,specialist_team,None / Manual Tools,MEDIUM,62,5.0,3,69.3,5.0,0
HIST-BLK-02757,SEC_C04_03,Tadipatri - Kondapuram,Guntakal,Engineering,Rail Renewal,240,2026-08-01,Sat,LATE_NIGHT,21:30,01:30,1290,1530,0,0,0,0,1.0,0.924,0,0,track_gang,CSM Tamping Machine,CRITICAL,91,10.4,0,0.0,99.0,1
HIST-BLK-02758,SEC_C04_01,Guntakal - Gooty,Guntakal,Engineering,Rail Renewal,255,2026-08-20,Thu,MIDDAY_FREIGHT_GAP,11:30,15:45,690,945,0,0,0,0,1.0,0.981,1,0,track_gang,CSM Tamping Machine,CRITICAL,86,2.1,1,28.3,36.3,0
HIST-BLK-02759,SEC_C02_06,Samalkot - Rajahmundry,Vijayawada,Traction,Insulator Washing & Replacement,120,2026-07-17,Fri,MIDDAY_FREIGHT_GAP,11:58,13:58,718,838,0,0,0,0,1.0,0.993,0,0,tower_wagon_crew,Tower Wagon,MEDIUM,65,4.1,0,0.0,99.0,1
HIST-BLK-02760,SEC_C02_07,Rajahmundry - Nidadavolu,Vijayawada,Traction,Substation Transformer Overhaul,210,2026-08-05,Wed,AFTERNOON_SLOT,15:00,18:30,900,1110,0,0,0,0,1.0,0.942,0,0,specialist_team,None / Manual Tools,HIGH,80,2.2,0,0.0,99.0,1
HIST-BLK-02761,SEC_C01_07,Kavali - Nellore,Vijayawada,Engineering,Track Maintenance,120,2026-07-19,Sun,EARLY_MORNING,04:59,06:59,299,419,2,0,1,1,8.0,0.619,0,1,track_gang,None / Manual Tools,MEDIUM,65,8.1,2,24.1,61.8,0
HIST-BLK-02762,SEC_C01_03,Bapatla - Chirala,Vijayawada,Engineering,Rail Renewal,255,2026-07-20,Mon,LATE_NIGHT,21:30,01:45,1290,1545,0,0,0,0,1.0,0.966,1,1,track_gang,CSM Tamping Machine,HIGH,79,7.4,1,24.3,54.4,0
HIST-BLK-02763,SEC_C01_03,Bapatla - Chirala,Vijayawada,Traction,Substation Transformer Overhaul,225,2026-08-18,Tue,LATE_NIGHT,21:30,01:15,1290,1515,1,0,1,0,3.0,0.836,0,0,specialist_team,None / Manual Tools,MEDIUM,66,10.5,1,19.6,71.9,0
HIST-BLK-02764,SEC_C02_03,Anakapalle - Tuni,Visakhapatnam,Traction,Insulator Washing & Replacement,135,2026-08-30,Sun,PEAK_MORNING,07:34,09:49,454,589,1,0,0,1,6.0,0.869,1,1,tower_wagon_crew,Tower Wagon,MEDIUM,54,7.9,2,47.8,11.2,0
HIST-BLK-02765,SEC_C03_01,Guntur - Narasaraopet,Guntur,S&T,Cable Jointing & OFC,180,2026-08-11,Tue,EARLY_MORNING,04:30,07:30,270,450,0,0,0,0,1.0,0.922,0,1,ST_gang,Testing Van,CRITICAL,89,9.4,0,0.0,99.0,1
HIST-BLK-02766,SEC_C04_05,Yerraguntla - Kadapa,Guntakal,Traction,OHE Inspection,105,2026-07-25,Sat,LATE_NIGHT,21:42,23:27,1302,1407,1,1,0,1,10.0,0.554,0,0,tower_wagon_crew,Tower Wagon,HIGH,70,4.7,1,31.5,14.9,0
HIST-BLK-02767,SEC_C01_07,Kavali - Nellore,Vijayawada,Engineering,Sleeper Replacement,195,2026-07-27,Mon,NIGHT_MEGABLOCK,01:00,04:15,60,255,0,0,0,0,1.0,0.986,0,0,track_gang,Ballast Regulator,HIGH,84,11.9,0,0.0,99.0,1
HIST-BLK-02768,SEC_C02_01,Visakhapatnam - Duvvada,Visakhapatnam,Engineering,Turnout Overhaul,150,2026-08-28,Fri,EARLY_MORNING,04:30,07:00,270,420,1,0,0,1,4.0,0.833,0,0,track_gang,CSM Tamping Machine,LOW,34,1.9,1,20.5,71.3,0
HIST-BLK-02769,SEC_C02_04,Tuni - Annavaram,Vijayawada,Engineering,Deep Screening Ballast,180,2026-07-14,Tue,MIDDAY_FREIGHT_GAP,11:30,14:30,690,870,0,0,0,0,1.0,0.921,1,0,track_gang,Ballast Regulator,HIGH,85,3.3,1,26.4,39.6,0
HIST-BLK-02770,SEC_C02_04,Tuni - Annavaram,Vijayawada,S&T,Track Circuit Testing,75,2026-08-18,Tue,MIDDAY_FREIGHT_GAP,11:38,12:53,698,773,0,0,0,0,1.0,0.935,0,0,ST_gang,None / Manual Tools,HIGH,83,5.3,0,0.0,99.0,1
HIST-BLK-02771,SEC_C03_02,Narasaraopet - Vinukonda,Guntur,S&T,Point Machine Overhaul,90,2026-07-23,Thu,LATE_NIGHT,21:41,23:11,1301,1391,0,0,0,0,1.0,0.978,0,0,ST_gang,Testing Van,LOW,29,6.9,0,0.0,99.0,1
HIST-BLK-02772,SEC_C03_03,Vinukonda - Donakonda,Guntur,Engineering,Deep Screening Ballast,210,2026-08-11,Tue,LATE_NIGHT,21:30,01:00,1290,1500,0,0,0,0,1.0,0.966,0,0,track_gang,Ballast Regulator,CRITICAL,87,2.6,0,0.0,99.0,1
HIST-BLK-02773,SEC_C01_08,Nellore - Gudur,Vijayawada,S&T,Cable Jointing & OFC,150,2026-07-31,Fri,EARLY_MORNING,04:30,07:00,270,420,1,0,1,0,3.0,0.859,1,0,ST_gang,Testing Van,MEDIUM,56,4.5,2,49.6,5.0,0
HIST-BLK-02774,SEC_C01_04,Chirala - Ongole,Vijayawada,Traction,Contact Wire Height Regulation,195,2026-07-01,Wed,AFTERNOON_SLOT,15:00,18:15,900,1095,1,0,1,0,3.0,0.834,0,0,tower_wagon_crew,Tower Wagon,MEDIUM,51,3.8,1,22.1,69.2,0
HIST-BLK-02775,SEC_C02_04,Tuni - Annavaram,Vijayawada,S&T,Track Circuit Testing,90,2026-08-30,Sun,MIDDAY_FREIGHT_GAP,11:36,13:06,696,786,1,0,0,1,7.0,0.805,0,0,ST_gang,None / Manual Tools,MEDIUM,68,3.6,1,14.9,74.8,0
HIST-BLK-02776,SEC_C02_02,Duvvada - Anakapalle,Visakhapatnam,Engineering,Rail Renewal,255,2026-08-26,Wed,PEAK_MORNING,07:30,11:45,450,705,1,0,0,1,4.0,0.794,1,1,track_gang,CSM Tamping Machine,MEDIUM,59,10.6,2,55.3,5.0,0
HIST-BLK-02777,SEC_C02_01,Visakhapatnam - Duvvada,Visakhapatnam,S&T,Point Machine Overhaul,105,2026-08-04,Tue,NIGHT_MEGABLOCK,01:25,03:10,85,190,0,0,0,0,1.0,0.997,0,1,ST_gang,Testing Van,LOW,43,2.4,0,0.0,99.0,1
HIST-BLK-02778,SEC_C04_01,Guntakal - Gooty,Guntakal,Engineering,Deep Screening Ballast,240,2026-08-02,Sun,PEAK_EVENING,17:45,21:45,1065,1305,5,0,1,4,8.0,0.194,0,1,track_gang,Ballast Regulator,HIGH,83,10.9,5,62.8,5.0,0
HIST-BLK-02779,SEC_C02_06,Samalkot - Rajahmundry,Vijayawada,Traction,Insulator Washing & Replacement,120,2026-08-11,Tue,PEAK_MORNING,08:00,10:00,480,600,5,0,1,4,7.0,0.112,0,1,tower_wagon_crew,Tower Wagon,CRITICAL,99,7.9,5,54.9,5.0,0
HIST-BLK-02780,SEC_C02_10,Eluru - Vijayawada,Vijayawada,Engineering,Deep Screening Ballast,195,2026-08-29,Sat,PEAK_EVENING,17:45,21:00,1065,1260,1,0,1,0,3.0,0.802,1,0,track_gang,Ballast Regulator,MEDIUM,67,12.0,2,41.9,7.7,0
HIST-BLK-02781,SEC_C02_09,Tadepalligudem - Eluru,Vijayawada,Traction,OHE Inspection,135,2026-07-24,Fri,PEAK_MORNING,07:51,10:06,471,606,1,0,1,0,3.0,0.817,0,0,tower_wagon_crew,Tower Wagon,CRITICAL,94,10.9,1,23.6,68.1,0
HIST-BLK-02782,SEC_C01_06,Singarayakonda - Kavali,Vijayawada,S&T,Signal Maintenance,45,2026-08-26,Wed,EARLY_MORNING,05:14,05:59,314,359,0,0,0,0,1.0,0.952,0,0,ST_gang,None / Manual Tools,CRITICAL,100,6.0,0,0.0,99.0,1
HIST-BLK-02783,SEC_C03_02,Narasaraopet - Vinukonda,Guntur,Traction,OHE Inspection,120,2026-07-29,Wed,AFTERNOON_SLOT,15:26,17:26,926,1046,0,0,0,0,1.0,0.98,0,0,tower_wagon_crew,Tower Wagon,LOW,31,9.8,0,0.0,99.0,1
HIST-BLK-02784,SEC_C04_04,Kondapuram - Yerraguntla,Guntakal,Traction,Power Isolation Maintenance,150,2026-07-13,Mon,EARLY_MORNING,04:30,07:00,270,420,0,0,0,0,1.0,0.982,0,1,tower_wagon_crew,Tower Wagon,MEDIUM,46,7.2,0,0.0,99.0,1
HIST-BLK-02785,SEC_C03_03,Vinukonda - Donakonda,Guntur,S&T,Track Circuit Testing,105,2026-07-14,Tue,PEAK_MORNING,08:26,10:11,506,611,5,1,1,4,10.0,0.05,1,1,ST_gang,None / Manual Tools,MEDIUM,62,3.3,6,103.0,5.0,0
HIST-BLK-02786,SEC_C03_01,Guntur - Narasaraopet,Guntur,S&T,Axle Counter Replacement,150,2026-07-14,Tue,MIDDAY_FREIGHT_GAP,11:36,14:06,696,846,0,0,0,0,1.0,0.926,0,0,ST_gang,Testing Van,HIGH,70,1.9,0,0.0,99.0,1
HIST-BLK-02787,SEC_C04_02,Gooty - Tadipatri,Guntakal,Engineering,Weld Rectification,60,2026-07-16,Thu,EARLY_MORNING,05:59,06:59,359,419,1,0,0,1,8.0,0.869,0,0,track_gang,USFD Flaw Detector,HIGH,71,9.7,1,17.7,73.0,0
HIST-BLK-02788,SEC_C01_06,Singarayakonda - Kavali,Vijayawada,Traction,OHE Inspection,120,2026-08-21,Fri,EARLY_MORNING,04:38,06:38,278,398,1,0,1,0,3.0,0.865,1,0,tower_wagon_crew,Tower Wagon,MEDIUM,66,2.1,2,40.0,9.9,0
HIST-BLK-02789,SEC_C04_01,Guntakal - Gooty,Guntakal,S&T,Point Machine Overhaul,75,2026-08-03,Mon,PEAK_MORNING,08:16,09:31,496,571,4,1,1,3,10.0,0.05,0,0,ST_gang,Testing Van,CRITICAL,96,11.2,4,80.6,5.0,0
HIST-BLK-02790,SEC_C03_05,Markapur Road - Giddalur,Guntur,Engineering,Track Maintenance,150,2026-07-01,Wed,AFTERNOON_SLOT,15:00,17:30,900,1050,0,0,0,0,1.0,0.945,0,0,track_gang,None / Manual Tools,HIGH,71,5.9,0,0.0,99.0,1
HIST-BLK-02791,SEC_C01_04,Chirala - Ongole,Vijayawada,Engineering,Sleeper Replacement,150,2026-07-19,Sun,MIDDAY_FREIGHT_GAP,11:48,14:18,708,858,1,0,1,0,3.0,0.782,0,0,track_gang,Ballast Regulator,CRITICAL,90,6.9,1,21.8,65.5,0
HIST-BLK-02792,SEC_C04_01,Guntakal - Gooty,Guntakal,Engineering,Rail Renewal,240,2026-07-05,Sun,NIGHT_MEGABLOCK,01:00,05:00,60,300,0,0,0,0,1.0,0.97,0,0,track_gang,CSM Tamping Machine,MEDIUM,54,11.3,0,0.0,99.0,1
HIST-BLK-02793,SEC_C02_02,Duvvada - Anakapalle,Visakhapatnam,Engineering,Sleeper Replacement,180,2026-07-04,Sat,LATE_NIGHT,21:30,00:30,1290,1470,1,0,1,0,3.0,0.848,0,0,track_gang,Ballast Regulator,HIGH,76,5.1,1,24.4,67.4,0
HIST-BLK-02794,SEC_C01_01,Vijayawada - Tenali,Vijayawada,S&T,Signal Maintenance,45,2026-08-11,Tue,NIGHT_MEGABLOCK,02:58,03:43,178,223,0,0,0,0,1.0,0.969,0,0,ST_gang,None / Manual Tools,HIGH,75,11.9,0,0.0,99.0,1
HIST-BLK-02795,SEC_C01_02,Tenali - Bapatla,Vijayawada,S&T,Axle Counter Replacement,120,2026-07-07,Tue,PEAK_MORNING,08:04,10:04,484,604,4,1,1,3,10.0,0.05,0,1,ST_gang,Testing Van,HIGH,73,6.3,4,78.9,5.0,0
HIST-BLK-02796,SEC_C01_05,Ongole - Singarayakonda,Vijayawada,Engineering,Weld Rectification,105,2026-08-14,Fri,EARLY_MORNING,04:48,06:33,288,393,0,0,0,0,1.0,0.98,1,0,track_gang,USFD Flaw Detector,MEDIUM,50,6.8,1,25.1,42.7,0
HIST-BLK-02797,SEC_C03_05,Markapur Road - Giddalur,Guntur,Traction,Power Isolation Maintenance,150,2026-08-02,Sun,AFTERNOON_SLOT,15:00,17:30,900,1050,0,0,0,0,1.0,0.989,1,0,tower_wagon_crew,Tower Wagon,MEDIUM,49,5.6,1,15.1,57.0,0
HIST-BLK-02798,SEC_C02_03,Anakapalle - Tuni,Visakhapatnam,S&T,Interlocking Inspection,90,2026-07-11,Sat,PEAK_MORNING,07:35,09:05,455,545,1,0,0,1,6.0,0.865,0,0,ST_gang,None / Manual Tools,MEDIUM,60,2.9,1,20.0,71.8,0
HIST-BLK-02799,SEC_C02_07,Rajahmundry - Nidadavolu,Vijayawada,Traction,Cantilever Adjustment,135,2026-07-04,Sat,EARLY_MORNING,04:35,06:50,275,410,1,0,0,1,7.0,0.817,0,0,tower_wagon_crew,Tower Wagon,MEDIUM,50,10.0,1,22.6,65.9,0
HIST-BLK-02800,SEC_C02_07,Rajahmundry - Nidadavolu,Vijayawada,Traction,Cantilever Adjustment,150,2026-07-04,Sat,LATE_NIGHT,21:30,00:00,1290,1440,0,0,0,0,1.0,0.996,0,0,tower_wagon_crew,Tower Wagon,LOW,27,4.2,0,0.0,99.0,1
HIST-BLK-02801,SEC_C02_10,Eluru - Vijayawada,Vijayawada,Engineering,Deep Screening Ballast,225,2026-08-18,Tue,PEAK_MORNING,07:30,11:15,450,675,1,0,0,1,8.0,0.854,0,0,track_gang,Ballast Regulator,CRITICAL,89,8.2,1,27.5,61.0,0
HIST-BLK-02802,SEC_C04_03,Tadipatri - Kondapuram,Guntakal,Traction,Power Isolation Maintenance,165,2026-08-07,Fri,PEAK_EVENING,17:46,20:31,1066,1231,4,0,1,3,8.0,0.196,0,0,tower_wagon_crew,Tower Wagon,MEDIUM,53,6.7,4,44.5,5.0,0
HIST-BLK-02803,SEC_C03_03,Vinukonda - Donakonda,Guntur,Engineering,Weld Rectification,75,2026-08-28,Fri,EARLY_MORNING,05:29,06:44,329,404,1,1,0,1,9.0,0.579,1,0,track_gang,USFD Flaw Detector,CRITICAL,95,4.2,2,46.2,5.0,0
HIST-BLK-02804,SEC_C01_08,Nellore - Gudur,Vijayawada,S&T,Track Circuit Testing,105,2026-07-01,Wed,NIGHT_MEGABLOCK,01:25,03:10,85,190,0,0,0,0,1.0,0.949,0,0,ST_gang,None / Manual Tools,MEDIUM,61,7.1,0,0.0,99.0,1
HIST-BLK-02805,SEC_C04_08,Koduru - Renigunta,Guntakal,Engineering,Sleeper Replacement,180,2026-08-19,Wed,PEAK_MORNING,07:30,10:30,450,630,1,0,0,1,8.0,0.84,0,1,track_gang,Ballast Regulator,HIGH,70,5.5,1,17.6,82.6,0
HIST-BLK-02806,SEC_C04_07,Razampeta - Koduru,Guntakal,S&T,Signal Maintenance,45,2026-07-01,Wed,AFTERNOON_SLOT,15:13,15:58,913,958,0,0,0,0,1.0,0.963,0,1,ST_gang,None / Manual Tools,HIGH,76,10.3,0,0.0,99.0,1
HIST-BLK-02807,SEC_C03_01,Guntur - Narasaraopet,Guntur,Engineering,Rail Renewal,225,2026-08-07,Fri,EARLY_MORNING,04:30,08:15,270,495,0,0,0,0,1.0,0.982,1,0,track_gang,CSM Tamping Machine,CRITICAL,86,8.9,1,22.2,45.7,0
HIST-BLK-02808,SEC_C02_01,Visakhapatnam - Duvvada,Visakhapatnam,Traction,Contact Wire Height Regulation,180,2026-08-05,Wed,PEAK_MORNING,07:30,10:30,450,630,2,1,1,1,10.0,0.383,0,1,tower_wagon_crew,Tower Wagon,HIGH,82,4.8,2,48.6,5.0,0
HIST-BLK-02809,SEC_C03_04,Donakonda - Markapur Road,Guntur,Engineering,Sleeper Replacement,180,2026-08-26,Wed,PEAK_MORNING,07:30,10:30,450,630,3,0,1,2,7.0,0.401,0,0,track_gang,Ballast Regulator,HIGH,76,5.3,3,51.0,5.0,0
HIST-BLK-02810,SEC_C04_02,Gooty - Tadipatri,Guntakal,Engineering,Weld Rectification,120,2026-08-04,Tue,PEAK_MORNING,07:42,09:42,462,582,1,0,0,1,8.0,0.798,0,0,track_gang,USFD Flaw Detector,MEDIUM,59,10.6,1,14.9,74.8,0
HIST-BLK-02811,SEC_C04_08,Koduru - Renigunta,Guntakal,Traction,Cantilever Adjustment,150,2026-07-22,Wed,PEAK_MORNING,07:53,10:23,473,623,5,1,1,4,10.0,0.05,1,0,tower_wagon_crew,Tower Wagon,HIGH,84,11.5,6,100.2,5.0,0
HIST-BLK-02812,SEC_C03_02,Narasaraopet - Vinukonda,Guntur,S&T,Axle Counter Replacement,120,2026-08-06,Thu,MIDDAY_FREIGHT_GAP,12:30,14:30,750,870,0,0,0,0,1.0,0.956,0,1,ST_gang,Testing Van,MEDIUM,48,3.6,0,0.0,99.0,1
HIST-BLK-02813,SEC_C01_02,Tenali - Bapatla,Vijayawada,S&T,Axle Counter Replacement,105,2026-08-28,Fri,MIDDAY_FREIGHT_GAP,12:39,14:24,759,864,1,0,0,1,4.0,0.87,0,0,ST_gang,Testing Van,MEDIUM,48,9.3,1,16.2,74.0,0
HIST-BLK-02814,SEC_C04_08,Koduru - Renigunta,Guntakal,S&T,Axle Counter Replacement,135,2026-08-10,Mon,PEAK_MORNING,07:43,09:58,463,598,2,0,1,1,7.0,0.645,0,0,ST_gang,Testing Van,LOW,36,8.4,2,38.8,33.2,0
HIST-BLK-02815,SEC_C04_04,Kondapuram - Yerraguntla,Guntakal,Traction,Insulator Washing & Replacement,90,2026-07-25,Sat,PEAK_MORNING,08:34,10:04,514,604,1,0,0,1,8.0,0.826,0,1,tower_wagon_crew,Tower Wagon,HIGH,77,1.8,1,17.9,82.2,0
HIST-BLK-02816,SEC_C04_03,Tadipatri - Kondapuram,Guntakal,S&T,Signal Maintenance,45,2026-07-25,Sat,PEAK_MORNING,09:32,10:17,572,617,3,0,1,2,7.0,0.361,0,1,ST_gang,None / Manual Tools,CRITICAL,98,10.4,3,49.0,5.0,0
HIST-BLK-02817,SEC_C03_06,Giddalur - Nandyal,Guntur,Traction,Power Isolation Maintenance,180,2026-08-06,Thu,PEAK_EVENING,17:47,20:47,1067,1247,2,0,1,1,6.0,0.612,1,0,tower_wagon_crew,Tower Wagon,HIGH,79,8.6,3,56.2,5.0,0
HIST-BLK-02818,SEC_C04_06,Kadapa - Razampeta,Guntakal,Traction,Power Isolation Maintenance,150,2026-08-15,Sat,LATE_NIGHT,21:30,00:00,1290,1440,0,0,0,0,1.0,0.956,0,0,tower_wagon_crew,Tower Wagon,HIGH,73,5.7,0,0.0,99.0,1
HIST-BLK-02819,SEC_C04_08,Koduru - Renigunta,Guntakal,Engineering,Sleeper Replacement,195,2026-08-23,Sun,PEAK_MORNING,07:30,10:45,450,645,4,0,1,3,7.0,0.091,1,0,track_gang,Ballast Regulator,HIGH,70,1.9,5,80.7,5.0,0
HIST-BLK-02820,SEC_C01_08,Nellore - Gudur,Vijayawada,Engineering,Deep Screening Ballast,210,2026-07-20,Mon,LATE_NIGHT,21:30,01:00,1290,1500,1,0,1,0,3.0,0.857,0,0,track_gang,Ballast Regulator,MEDIUM,50,3.2,1,25.8,64.2,0
HIST-BLK-02821,SEC_C03_04,Donakonda - Markapur Road,Guntur,Traction,Cantilever Adjustment,135,2026-07-30,Thu,EARLY_MORNING,04:38,06:53,278,413,0,0,0,0,1.0,0.941,0,0,tower_wagon_crew,Tower Wagon,MEDIUM,60,3.1,0,0.0,99.0,1
HIST-BLK-02822,SEC_C01_08,Nellore - Gudur,Vijayawada,Traction,Insulator Washing & Replacement,120,2026-08-14,Fri,EARLY_MORNING,04:55,06:55,295,415,1,0,1,0,3.0,0.821,0,0,tower_wagon_crew,Tower Wagon,MEDIUM,55,11.4,1,19.1,73.2,0
HIST-BLK-02823,SEC_C02_08,Nidadavolu - Tadepalligudem,Vijayawada,Traction,Contact Wire Height Regulation,150,2026-08-28,Fri,NIGHT_MEGABLOCK,01:26,03:56,86,236,0,0,0,0,1.0,0.935,1,0,tower_wagon_crew,Tower Wagon,MEDIUM,67,7.7,1,26.9,40.4,0
HIST-BLK-02824,SEC_C04_08,Koduru - Renigunta,Guntakal,S&T,Signal Maintenance,75,2026-07-21,Tue,EARLY_MORNING,05:21,06:36,321,396,0,0,0,0,1.0,0.92,0,0,ST_gang,None / Manual Tools,MEDIUM,60,1.7,0,0.0,99.0,1
HIST-BLK-02825,SEC_C02_03,Anakapalle - Tuni,Visakhapatnam,S&T,Axle Counter Replacement,90,2026-07-03,Fri,PEAK_MORNING,07:45,09:15,465,555,3,0,1,2,8.0,0.386,0,0,ST_gang,Testing Van,MEDIUM,59,12.0,3,41.6,14.3,0
HIST-BLK-02826,SEC_C04_05,Yerraguntla - Kadapa,Guntakal,Traction,Substation Transformer Overhaul,270,2026-08-14,Fri,MIDDAY_FREIGHT_GAP,11:30,16:00,690,960,1,0,0,1,8.0,0.79,1,0,specialist_team,None / Manual Tools,HIGH,80,9.5,2,48.7,5.0,0
HIST-BLK-02827,SEC_C01_02,Tenali - Bapatla,Vijayawada,Traction,Cantilever Adjustment,135,2026-08-02,Sun,AFTERNOON_SLOT,15:03,17:18,903,1038,0,0,0,0,1.0,0.959,0,0,tower_wagon_crew,Tower Wagon,MEDIUM,59,3.3,0,0.0,99.0,1
HIST-BLK-02828,SEC_C01_03,Bapatla - Chirala,Vijayawada,Engineering,Deep Screening Ballast,210,2026-07-20,Mon,EARLY_MORNING,04:30,08:00,270,480,0,0,0,0,1.0,0.996,0,0,track_gang,Ballast Regulator,HIGH,77,4.7,0,0.0,99.0,1
HIST-BLK-02829,SEC_C04_07,Razampeta - Koduru,Guntakal,Engineering,Rail Renewal,240,2026-07-04,Sat,LATE_NIGHT,21:30,01:30,1290,1530,0,0,0,0,1.0,0.985,1,0,track_gang,CSM Tamping Machine,LOW,36,8.7,1,21.5,44.5,0
HIST-BLK-02830,SEC_C01_07,Kavali - Nellore,Vijayawada,S&T,Cable Jointing & OFC,180,2026-07-23,Thu,NIGHT_MEGABLOCK,01:00,04:00,60,240,0,0,0,0,1.0,0.935,0,0,ST_gang,Testing Van,LOW,27,10.6,0,0.0,99.0,1
HIST-BLK-02831,SEC_C01_06,Singarayakonda - Kavali,Vijayawada,Engineering,Turnout Overhaul,210,2026-07-04,Sat,LATE_NIGHT,21:30,01:00,1290,1500,0,0,0,0,1.0,0.955,0,0,track_gang,CSM Tamping Machine,HIGH,82,1.5,0,0.0,99.0,1
HIST-BLK-02832,SEC_C02_04,Tuni - Annavaram,Vijayawada,S&T,Point Machine Overhaul,120,2026-08-11,Tue,NIGHT_MEGABLOCK,01:44,03:44,104,224,0,0,0,0,1.0,0.998,0,1,ST_gang,Testing Van,HIGH,80,11.6,0,0.0,99.0,1
HIST-BLK-02833,SEC_C01_05,Ongole - Singarayakonda,Vijayawada,S&T,Interlocking Inspection,120,2026-07-01,Wed,PEAK_MORNING,08:05,10:05,485,605,2,1,1,1,10.0,0.424,0,1,ST_gang,None / Manual Tools,CRITICAL,91,3.8,2,49.6,5.0,0
HIST-BLK-02834,SEC_C04_01,Guntakal - Gooty,Guntakal,S&T,Track Circuit Testing,75,2026-08-23,Sun,PEAK_MORNING,07:47,09:02,467,542,5,1,1,4,10.0,0.05,0,0,ST_gang,None / Manual Tools,HIGH,81,1.6,5,98.7,5.0,0
HIST-BLK-02835,SEC_C01_03,Bapatla - Chirala,Vijayawada,Traction,Contact Wire Height Regulation,195,2026-08-01,Sat,LATE_NIGHT,21:30,00:45,1290,1485,0,0,0,0,1.0,0.927,0,0,tower_wagon_crew,Tower Wagon,MEDIUM,55,10.3,0,0.0,99.0,1
HIST-BLK-02836,SEC_C04_04,Kondapuram - Yerraguntla,Guntakal,Traction,Power Isolation Maintenance,180,2026-08-05,Wed,MIDDAY_FREIGHT_GAP,11:30,14:30,690,870,0,0,0,0,1.0,0.968,0,1,tower_wagon_crew,Tower Wagon,LOW,27,5.5,0,0.0,99.0,1
HIST-BLK-02837,SEC_C03_05,Markapur Road - Giddalur,Guntur,Engineering,Rail Renewal,210,2026-07-31,Fri,LATE_NIGHT,21:30,01:00,1290,1500,0,0,0,0,1.0,0.967,0,1,track_gang,CSM Tamping Machine,MEDIUM,67,7.6,0,0.0,99.0,1
HIST-BLK-02838,SEC_C02_09,Tadepalligudem - Eluru,Vijayawada,Traction,Cantilever Adjustment,135,2026-07-05,Sun,LATE_NIGHT,21:30,23:45,1290,1425,0,0,0,0,1.0,0.956,0,0,tower_wagon_crew,Tower Wagon,HIGH,78,8.3,0,0.0,99.0,1
HIST-BLK-02839,SEC_C04_08,Koduru - Renigunta,Guntakal,S&T,Cable Jointing & OFC,135,2026-07-08,Wed,EARLY_MORNING,04:38,06:53,278,413,0,0,0,0,1.0,0.953,0,1,ST_gang,Testing Van,CRITICAL,90,3.1,0,0.0,99.0,1
HIST-BLK-02840,SEC_C04_04,Kondapuram - Yerraguntla,Guntakal,S&T,Point Machine Overhaul,75,2026-08-21,Fri,EARLY_MORNING,04:46,06:01,286,361,0,0,0,0,1.0,0.988,0,0,ST_gang,Testing Van,MEDIUM,69,6.9,0,0.0,99.0,1
HIST-BLK-02841,SEC_C01_01,Vijayawada - Tenali,Vijayawada,Engineering,Rail Renewal,255,2026-08-14,Fri,NIGHT_MEGABLOCK,01:00,05:15,60,315,1,0,1,0,3.0,0.852,0,1,track_gang,CSM Tamping Machine,CRITICAL,94,10.3,1,26.8,75.2,0
HIST-BLK-02842,SEC_C02_09,Tadepalligudem - Eluru,Vijayawada,Engineering,Sleeper Replacement,180,2026-08-05,Wed,PEAK_EVENING,17:48,20:48,1068,1248,1,0,0,1,8.0,0.861,1,0,track_gang,Ballast Regulator,LOW,36,7.8,2,32.3,21.2,0
HIST-BLK-02843,SEC_C03_03,Vinukonda - Donakonda,Guntur,Traction,Insulator Washing & Replacement,135,2026-08-08,Sat,LATE_NIGHT,21:30,23:45,1290,1425,1,0,1,0,3.0,0.865,1,1,tower_wagon_crew,Tower Wagon,LOW,36,1.7,2,42.6,14.8,0
HIST-BLK-02844,SEC_C01_03,Bapatla - Chirala,Vijayawada,Traction,Substation Transformer Overhaul,210,2026-08-14,Fri,PEAK_EVENING,17:45,21:15,1065,1275,1,0,0,1,8.0,0.869,0,0,specialist_team,None / Manual Tools,HIGH,77,9.1,1,25.1,66.8,0
HIST-BLK-02845,SEC_C01_03,Bapatla - Chirala,Vijayawada,Traction,Power Isolation Maintenance,150,2026-08-19,Wed,EARLY_MORNING,04:30,07:00,270,420,0,0,0,0,1.0,1.0,0,0,tower_wagon_crew,Tower Wagon,CRITICAL,97,1.7,0,0.0,99.0,1
HIST-BLK-02846,SEC_C01_05,Ongole - Singarayakonda,Vijayawada,Engineering,Rail Renewal,240,2026-07-29,Wed,LATE_NIGHT,21:30,01:30,1290,1530,0,0,0,0,1.0,0.941,0,0,track_gang,CSM Tamping Machine,MEDIUM,49,5.1,0,0.0,99.0,1
HIST-BLK-02847,SEC_C02_05,Annavaram - Samalkot,Vijayawada,S&T,Point Machine Overhaul,60,2026-07-30,Thu,LATE_NIGHT,22:04,23:04,1324,1384,0,0,0,0,1.0,0.986,0,0,ST_gang,Testing Van,MEDIUM,53,4.9,0,0.0,99.0,1
HIST-BLK-02848,SEC_C02_04,Tuni - Annavaram,Vijayawada,S&T,Signal Maintenance,75,2026-07-10,Fri,NIGHT_MEGABLOCK,01:31,02:46,91,166,1,0,1,0,3.0,0.852,0,0,ST_gang,None / Manual Tools,HIGH,83,5.2,1,18.9,74.2,0
HIST-BLK-02849,SEC_C04_03,Tadipatri - Kondapuram,Guntakal,S&T,Track Circuit Testing,75,2026-08-24,Mon,LATE_NIGHT,22:28,23:43,1348,1423,0,0,0,0,1.0,0.928,0,0,ST_gang,None / Manual Tools,CRITICAL,95,4.7,0,0.0,99.0,1
HIST-BLK-02850,SEC_C04_02,Gooty - Tadipatri,Guntakal,S&T,Cable Jointing & OFC,120,2026-07-26,Sun,PEAK_MORNING,07:52,09:52,472,592,2,1,0,2,10.0,0.257,0,0,ST_gang,Testing Van,HIGH,80,9.6,2,41.9,5.0,0
HIST-BLK-02851,SEC_C02_10,Eluru - Vijayawada,Vijayawada,Traction,Insulator Washing & Replacement,120,2026-07-25,Sat,PEAK_MORNING,07:36,09:36,456,576,1,0,0,1,8.0,0.872,0,0,tower_wagon_crew,Tower Wagon,HIGH,76,10.1,1,23.3,66.8,0
HIST-BLK-02852,SEC_C02_09,Tadepalligudem - Eluru,Vijayawada,S&T,Interlocking Inspection,90,2026-07-08,Wed,AFTERNOON_SLOT,15:47,17:17,947,1037,1,0,0,1,8.0,0.781,0,0,ST_gang,None / Manual Tools,HIGH,76,11.6,1,17.7,71.7,0
HIST-BLK-02853,SEC_C02_10,Eluru - Vijayawada,Vijayawada,Engineering,Deep Screening Ballast,240,2026-07-31,Fri,AFTERNOON_SLOT,15:00,19:00,900,1140,2,0,1,1,8.0,0.595,1,1,track_gang,Ballast Regulator,MEDIUM,61,6.1,3,56.4,5.0,0
HIST-BLK-02854,SEC_C03_06,Giddalur - Nandyal,Guntur,Traction,Insulator Washing & Replacement,120,2026-08-21,Fri,EARLY_MORNING,05:00,07:00,300,420,0,0,0,0,1.0,0.957,0,0,tower_wagon_crew,Tower Wagon,MEDIUM,49,2.4,0,0.0,99.0,1
HIST-BLK-02855,SEC_C03_04,Donakonda - Markapur Road,Guntur,Engineering,Rail Renewal,210,2026-08-04,Tue,EARLY_MORNING,04:30,08:00,270,480,0,0,0,0,1.0,0.969,0,0,track_gang,CSM Tamping Machine,MEDIUM,69,8.2,0,0.0,99.0,1
HIST-BLK-02856,SEC_C01_03,Bapatla - Chirala,Vijayawada,Engineering,Turnout Overhaul,195,2026-07-02,Thu,NIGHT_MEGABLOCK,01:00,04:15,60,255,0,0,0,0,1.0,0.96,0,0,track_gang,CSM Tamping Machine,MEDIUM,45,5.3,0,0.0,99.0,1
HIST-BLK-02857,SEC_C02_01,Visakhapatnam - Duvvada,Visakhapatnam,Traction,Contact Wire Height Regulation,210,2026-08-18,Tue,AFTERNOON_SLOT,15:00,18:30,900,1110,1,0,1,0,3.0,0.809,0,0,tower_wagon_crew,Tower Wagon,HIGH,81,11.9,1,26.9,60.8,0
HIST-BLK-02858,SEC_C02_08,Nidadavolu - Tadepalligudem,Vijayawada,Traction,OHE Inspection,90,2026-08-17,Mon,EARLY_MORNING,04:41,06:11,281,371,0,0,0,0,1.0,0.996,0,0,tower_wagon_crew,Tower Wagon,MEDIUM,48,8.5,0,0.0,99.0,1
HIST-BLK-02859,SEC_C04_06,Kadapa - Razampeta,Guntakal,Traction,Substation Transformer Overhaul,210,2026-08-26,Wed,MIDDAY_FREIGHT_GAP,11:30,15:00,690,900,0,0,0,0,1.0,0.954,0,0,specialist_team,None / Manual Tools,HIGH,78,2.9,0,0.0,99.0,1
HIST-BLK-02860,SEC_C01_07,Kavali - Nellore,Vijayawada,Engineering,Deep Screening Ballast,180,2026-07-19,Sun,NIGHT_MEGABLOCK,01:00,04:00,60,240,0,0,0,0,1.0,0.961,0,1,track_gang,Ballast Regulator,HIGH,84,1.7,0,0.0,99.0,1
HIST-BLK-02861,SEC_C04_05,Yerraguntla - Kadapa,Guntakal,S&T,Cable Jointing & OFC,150,2026-08-20,Thu,AFTERNOON_SLOT,15:00,17:30,900,1050,0,0,0,0,1.0,0.98,0,0,ST_gang,Testing Van,MEDIUM,51,4.5,0,0.0,99.0,1
HIST-BLK-02862,SEC_C02_06,Samalkot - Rajahmundry,Vijayawada,Traction,Power Isolation Maintenance,195,2026-07-09,Thu,EARLY_MORNING,04:30,07:45,270,465,4,0,0,4,8.0,0.09,0,0,tower_wagon_crew,Tower Wagon,HIGH,85,6.3,4,51.8,5.0,0
HIST-BLK-02863,SEC_C03_04,Donakonda - Markapur Road,Guntur,Engineering,Turnout Overhaul,150,2026-08-12,Wed,LATE_NIGHT,21:30,00:00,1290,1440,0,0,0,0,1.0,0.99,0,0,track_gang,CSM Tamping Machine,HIGH,73,4.7,0,0.0,99.0,1
HIST-BLK-02864,SEC_C02_07,Rajahmundry - Nidadavolu,Vijayawada,Traction,Contact Wire Height Regulation,165,2026-08-03,Mon,EARLY_MORNING,04:30,07:15,270,435,1,0,0,1,7.0,0.838,0,0,tower_wagon_crew,Tower Wagon,HIGH,85,4.6,1,24.4,63.1,0
HIST-BLK-02865,SEC_C03_01,Guntur - Narasaraopet,Guntur,S&T,Track Circuit Testing,105,2026-08-10,Mon,PEAK_EVENING,19:00,20:45,1140,1245,3,1,1,2,10.0,0.101,0,1,ST_gang,None / Manual Tools,MEDIUM,59,5.5,3,69.5,5.0,0
HIST-BLK-02866,SEC_C02_04,Tuni - Annavaram,Vijayawada,Traction,Cantilever Adjustment,135,2026-07-09,Thu,PEAK_EVENING,18:25,20:40,1105,1240,2,1,1,1,10.0,0.425,1,0,tower_wagon_crew,Tower Wagon,HIGH,83,8.5,3,70.6,5.0,0
HIST-BLK-02867,SEC_C04_05,Yerraguntla - Kadapa,Guntakal,Traction,Contact Wire Height Regulation,195,2026-08-12,Wed,LATE_NIGHT,21:30,00:45,1290,1485,1,0,1,0,3.0,0.879,0,0,tower_wagon_crew,Tower Wagon,MEDIUM,58,11.2,1,26.5,65.6,0
HIST-BLK-02868,SEC_C03_03,Vinukonda - Donakonda,Guntur,Traction,Substation Transformer Overhaul,240,2026-08-19,Wed,PEAK_EVENING,17:45,21:45,1065,1305,4,0,1,3,7.0,0.156,0,0,specialist_team,None / Manual Tools,CRITICAL,97,3.3,4,82.1,5.0,0
HIST-BLK-02869,SEC_C01_04,Chirala - Ongole,Vijayawada,Engineering,Weld Rectification,90,2026-07-30,Thu,EARLY_MORNING,05:01,06:31,301,391,0,0,0,0,1.0,0.959,0,0,track_gang,USFD Flaw Detector,HIGH,82,9.7,0,0.0,99.0,1
HIST-BLK-02870,SEC_C03_05,Markapur Road - Giddalur,Guntur,S&T,Interlocking Inspection,105,2026-08-26,Wed,MIDDAY_FREIGHT_GAP,12:29,14:14,749,854,0,0,0,0,1.0,0.966,0,1,ST_gang,None / Manual Tools,MEDIUM,62,10.6,0,0.0,99.0,1
HIST-BLK-02871,SEC_C01_03,Bapatla - Chirala,Vijayawada,Traction,Substation Transformer Overhaul,270,2026-07-08,Wed,NIGHT_MEGABLOCK,01:00,05:30,60,330,0,0,0,0,1.0,0.928,0,0,specialist_team,None / Manual Tools,HIGH,83,5.6,0,0.0,99.0,1
HIST-BLK-02872,SEC_C03_03,Vinukonda - Donakonda,Guntur,S&T,Track Circuit Testing,90,2026-07-22,Wed,NIGHT_MEGABLOCK,01:32,03:02,92,182,0,0,0,0,1.0,0.981,0,0,ST_gang,None / Manual Tools,MEDIUM,63,8.1,0,0.0,99.0,1
HIST-BLK-02873,SEC_C01_01,Vijayawada - Tenali,Vijayawada,Traction,Insulator Washing & Replacement,90,2026-07-01,Wed,PEAK_EVENING,18:18,19:48,1098,1188,2,0,0,2,7.0,0.614,0,0,tower_wagon_crew,Tower Wagon,HIGH,85,8.4,2,30.2,42.9,0
HIST-BLK-02874,SEC_C03_01,Guntur - Narasaraopet,Guntur,Traction,Substation Transformer Overhaul,255,2026-07-26,Sun,MIDDAY_FREIGHT_GAP,11:30,15:45,690,945,1,1,0,1,10.0,0.565,0,0,specialist_team,None / Manual Tools,MEDIUM,64,10.5,1,31.9,15.8,0
HIST-BLK-02875,SEC_C04_06,Kadapa - Razampeta,Guntakal,Engineering,Deep Screening Ballast,210,2026-07-05,Sun,EARLY_MORNING,04:30,08:00,270,480,0,0,0,0,1.0,0.972,0,0,track_gang,Ballast Regulator,LOW,28,4.9,0,0.0,99.0,1
HIST-BLK-02876,SEC_C04_06,Kadapa - Razampeta,Guntakal,S&T,Cable Jointing & OFC,150,2026-08-13,Thu,MIDDAY_FREIGHT_GAP,11:45,14:15,705,855,1,0,1,0,3.0,0.824,0,0,ST_gang,Testing Van,HIGH,74,5.0,1,24.0,64.8,0
HIST-BLK-02877,SEC_C02_06,Samalkot - Rajahmundry,Vijayawada,Traction,OHE Inspection,90,2026-07-20,Mon,PEAK_EVENING,19:07,20:37,1147,1237,1,1,0,1,10.0,0.589,1,0,tower_wagon_crew,Tower Wagon,MEDIUM,53,2.3,2,65.6,5.0,0
HIST-BLK-02878,SEC_C04_03,Tadipatri - Kondapuram,Guntakal,Engineering,Deep Screening Ballast,225,2026-08-08,Sat,NIGHT_MEGABLOCK,01:00,04:45,60,285,0,0,0,0,1.0,0.941,0,0,track_gang,Ballast Regulator,HIGH,83,8.5,0,0.0,99.0,1
HIST-BLK-02879,SEC_C01_06,Singarayakonda - Kavali,Vijayawada,S&T,Signal Maintenance,45,2026-07-19,Sun,LATE_NIGHT,21:59,22:44,1319,1364,0,0,0,0,1.0,0.954,0,0,ST_gang,None / Manual Tools,MEDIUM,52,3.8,0,0.0,99.0,1
HIST-BLK-02880,SEC_C02_05,Annavaram - Samalkot,Vijayawada,S&T,Interlocking Inspection,90,2026-08-15,Sat,EARLY_MORNING,05:26,06:56,326,416,0,0,0,0,1.0,0.949,0,0,ST_gang,None / Manual Tools,MEDIUM,68,3.7,0,0.0,99.0,1
HIST-BLK-02881,SEC_C04_07,Razampeta - Koduru,Guntakal,Traction,OHE Inspection,150,2026-07-04,Sat,PEAK_EVENING,18:16,20:46,1096,1246,1,0,0,1,7.0,0.798,0,0,tower_wagon_crew,Tower Wagon,MEDIUM,65,10.3,1,18.2,73.3,0
HIST-BLK-02882,SEC_C01_05,Ongole - Singarayakonda,Vijayawada,Engineering,Deep Screening Ballast,210,2026-07-06,Mon,PEAK_MORNING,07:30,11:00,450,660,2,0,0,2,7.0,0.61,0,0,track_gang,Ballast Regulator,MEDIUM,64,11.3,2,28.6,44.2,0
HIST-BLK-02883,SEC_C02_04,Tuni - Annavaram,Vijayawada,S&T,Track Circuit Testing,75,2026-08-14,Fri,PEAK_MORNING,08:02,09:17,482,557,3,0,1,2,7.0,0.367,0,0,ST_gang,None / Manual Tools,CRITICAL,95,11.9,3,34.3,17.8,0
HIST-BLK-02884,SEC_C04_02,Gooty - Tadipatri,Guntakal,Engineering,Sleeper Replacement,165,2026-08-15,Sat,NIGHT_MEGABLOCK,01:01,03:46,61,226,0,0,0,0,1.0,0.926,0,0,track_gang,Ballast Regulator,HIGH,84,11.6,0,0.0,99.0,1
HIST-BLK-02885,SEC_C01_04,Chirala - Ongole,Vijayawada,S&T,Interlocking Inspection,60,2026-07-06,Mon,EARLY_MORNING,05:53,06:53,353,413,0,0,0,0,1.0,0.949,0,0,ST_gang,None / Manual Tools,LOW,44,9.2,0,0.0,99.0,1
HIST-BLK-02886,SEC_C02_08,Nidadavolu - Tadepalligudem,Vijayawada,Traction,Contact Wire Height Regulation,180,2026-08-29,Sat,EARLY_MORNING,04:30,07:30,270,450,0,0,0,0,1.0,0.959,0,0,tower_wagon_crew,Tower Wagon,MEDIUM,50,7.6,0,0.0,99.0,1
HIST-BLK-02887,SEC_C04_05,Yerraguntla - Kadapa,Guntakal,S&T,Axle Counter Replacement,150,2026-07-04,Sat,PEAK_MORNING,07:41,10:11,461,611,4,0,1,3,7.0,0.121,0,0,ST_gang,Testing Van,LOW,42,7.9,4,63.6,5.0,0
HIST-BLK-02888,SEC_C03_01,Guntur - Narasaraopet,Guntur,Traction,Insulator Washing & Replacement,105,2026-08-22,Sat,MIDDAY_FREIGHT_GAP,11:31,13:16,691,796,1,1,0,1,10.0,0.535,0,0,tower_wagon_crew,Tower Wagon,CRITICAL,89,2.6,1,32.8,14.7,0
HIST-BLK-02889,SEC_C04_07,Razampeta - Koduru,Guntakal,S&T,Axle Counter Replacement,90,2026-07-11,Sat,NIGHT_MEGABLOCK,01:31,03:01,91,181,0,0,0,0,1.0,0.964,0,0,ST_gang,Testing Van,MEDIUM,47,8.8,0,0.0,99.0,1
HIST-BLK-02890,SEC_C01_05,Ongole - Singarayakonda,Vijayawada,Traction,Cantilever Adjustment,135,2026-08-14,Fri,PEAK_EVENING,18:26,20:41,1106,1241,4,1,1,3,10.0,0.05,1,0,tower_wagon_crew,Tower Wagon,MEDIUM,69,11.9,5,88.4,5.0,0
HIST-BLK-02891,SEC_C03_06,Giddalur - Nandyal,Guntur,S&T,Point Machine Overhaul,120,2026-08-04,Tue,PEAK_MORNING,08:05,10:05,485,605,1,0,0,1,4.0,0.829,0,1,ST_gang,Testing Van,CRITICAL,100,8.5,1,21.7,68.8,0
HIST-BLK-02892,SEC_C02_04,Tuni - Annavaram,Vijayawada,Traction,Power Isolation Maintenance,165,2026-07-23,Thu,EARLY_MORNING,04:30,07:15,270,435,1,1,0,1,10.0,0.584,1,0,tower_wagon_crew,Tower Wagon,HIGH,85,3.5,2,58.1,5.0,0
HIST-BLK-02893,SEC_C02_03,Anakapalle - Tuni,Visakhapatnam,S&T,Interlocking Inspection,120,2026-07-20,Mon,LATE_NIGHT,21:45,23:45,1305,1425,0,0,0,0,1.0,0.942,0,1,ST_gang,None / Manual Tools,HIGH,71,7.0,0,0.0,99.0,1
HIST-BLK-02894,SEC_C01_01,Vijayawada - Tenali,Vijayawada,Engineering,Weld Rectification,90,2026-08-16,Sun,PEAK_EVENING,17:51,19:21,1071,1161,2,0,0,2,7.0,0.595,0,0,track_gang,USFD Flaw Detector,CRITICAL,94,4.8,2,39.2,30.1,0
HIST-BLK-02895,SEC_C01_02,Tenali - Bapatla,Vijayawada,Traction,Substation Transformer Overhaul,240,2026-08-04,Tue,NIGHT_MEGABLOCK,01:00,05:00,60,300,0,0,0,0,1.0,0.946,0,0,specialist_team,None / Manual Tools,CRITICAL,86,10.8,0,0.0,99.0,1
HIST-BLK-02896,SEC_C04_08,Koduru - Renigunta,Guntakal,Traction,Contact Wire Height Regulation,180,2026-07-17,Fri,MIDDAY_FREIGHT_GAP,11:30,14:30,690,870,1,0,0,1,8.0,0.824,0,0,tower_wagon_crew,Tower Wagon,MEDIUM,59,7.3,1,21.3,67.4,0
HIST-BLK-02897,SEC_C04_01,Guntakal - Gooty,Guntakal,Traction,Cantilever Adjustment,150,2026-08-18,Tue,PEAK_MORNING,07:37,10:07,457,607,3,0,1,2,6.0,0.437,0,0,tower_wagon_crew,Tower Wagon,HIGH,84,5.8,3,38.4,18.9,0
HIST-BLK-02898,SEC_C02_02,Duvvada - Anakapalle,Visakhapatnam,Engineering,Deep Screening Ballast,210,2026-08-28,Fri,EARLY_MORNING,04:30,08:00,270,480,1,1,0,1,9.0,0.58,0,1,track_gang,Ballast Regulator,MEDIUM,47,6.6,1,42.7,13.4,0
HIST-BLK-02899,SEC_C03_01,Guntur - Narasaraopet,Guntur,S&T,Signal Maintenance,60,2026-07-11,Sat,NIGHT_MEGABLOCK,02:16,03:16,136,196,0,0,0,0,1.0,0.946,0,0,ST_gang,None / Manual Tools,MEDIUM,53,1.8,0,0.0,99.0,1
HIST-BLK-02900,SEC_C04_04,Kondapuram - Yerraguntla,Guntakal,Engineering,Weld Rectification,60,2026-07-18,Sat,PEAK_MORNING,08:45,09:45,525,585,1,0,0,1,8.0,0.829,0,0,track_gang,USFD Flaw Detector,HIGH,83,9.4,1,20.4,70.5,0
HIST-BLK-02901,SEC_C01_06,Singarayakonda - Kavali,Vijayawada,S&T,Track Circuit Testing,75,2026-08-16,Sun,EARLY_MORNING,05:19,06:34,319,394,0,0,0,0,1.0,0.955,0,0,ST_gang,None / Manual Tools,HIGH,84,7.0,0,0.0,99.0,1
HIST-BLK-02902,SEC_C03_05,Markapur Road - Giddalur,Guntur,Traction,Cantilever Adjustment,150,2026-07-08,Wed,EARLY_MORNING,04:30,07:00,270,420,0,0,0,0,1.0,0.929,0,0,tower_wagon_crew,Tower Wagon,MEDIUM,62,11.6,0,0.0,99.0,1
HIST-BLK-02903,SEC_C04_01,Guntakal - Gooty,Guntakal,Engineering,Sleeper Replacement,165,2026-08-24,Mon,AFTERNOON_SLOT,15:00,17:45,900,1065,0,0,0,0,1.0,0.946,0,0,track_gang,Ballast Regulator,HIGH,78,4.0,0,0.0,99.0,1
HIST-BLK-02904,SEC_C01_06,Singarayakonda - Kavali,Vijayawada,Engineering,Turnout Overhaul,195,2026-07-18,Sat,AFTERNOON_SLOT,15:00,18:15,900,1095,0,0,0,0,1.0,0.956,0,0,track_gang,CSM Tamping Machine,HIGH,72,2.4,0,0.0,99.0,1
HIST-BLK-02905,SEC_C04_07,Razampeta - Koduru,Guntakal,S&T,Track Circuit Testing,75,2026-08-07,Fri,LATE_NIGHT,22:12,23:27,1332,1407,0,0,0,0,1.0,0.998,0,1,ST_gang,None / Manual Tools,CRITICAL,88,9.7,0,0.0,99.0,1
HIST-BLK-02906,SEC_C03_03,Vinukonda - Donakonda,Guntur,Traction,OHE Inspection,120,2026-07-19,Sun,PEAK_MORNING,08:17,10:17,497,617,1,1,0,1,10.0,0.541,0,0,tower_wagon_crew,Tower Wagon,HIGH,80,4.9,1,36.4,9.0,0
HIST-BLK-02907,SEC_C02_04,Tuni - Annavaram,Vijayawada,S&T,Axle Counter Replacement,105,2026-08-25,Tue,PEAK_EVENING,18:45,20:30,1125,1230,2,0,1,1,7.0,0.61,0,0,ST_gang,Testing Van,HIGH,71,5.0,2,25.3,49.7,0
HIST-BLK-02908,SEC_C02_05,Annavaram - Samalkot,Vijayawada,Traction,Cantilever Adjustment,165,2026-08-30,Sun,MIDDAY_FREIGHT_GAP,11:40,14:25,700,865,1,0,0,1,4.0,0.873,0,0,tower_wagon_crew,Tower Wagon,MEDIUM,66,12.0,1,17.8,72.5,0
HIST-BLK-02909,SEC_C01_08,Nellore - Gudur,Vijayawada,Traction,Contact Wire Height Regulation,150,2026-08-03,Mon,MIDDAY_FREIGHT_GAP,11:47,14:17,707,857,0,0,0,0,1.0,0.959,0,0,tower_wagon_crew,Tower Wagon,MEDIUM,65,7.3,0,0.0,99.0,1
HIST-BLK-02910,SEC_C04_07,Razampeta - Koduru,Guntakal,Engineering,Sleeper Replacement,180,2026-07-16,Thu,NIGHT_MEGABLOCK,01:00,04:00,60,240,0,0,0,0,1.0,0.958,0,0,track_gang,Ballast Regulator,HIGH,77,5.8,0,0.0,99.0,1
HIST-BLK-02911,SEC_C04_08,Koduru - Renigunta,Guntakal,Traction,Cantilever Adjustment,150,2026-07-01,Wed,LATE_NIGHT,21:30,00:00,1290,1440,0,0,0,0,1.0,0.924,0,0,tower_wagon_crew,Tower Wagon,MEDIUM,53,6.2,0,0.0,99.0,1
HIST-BLK-02912,SEC_C04_02,Gooty - Tadipatri,Guntakal,Engineering,Weld Rectification,120,2026-08-19,Wed,PEAK_EVENING,17:48,19:48,1068,1188,2,1,1,1,10.0,0.329,0,1,track_gang,USFD Flaw Detector,HIGH,75,5.2,2,40.7,5.0,0
HIST-BLK-02913,SEC_C02_08,Nidadavolu - Tadepalligudem,Vijayawada,Engineering,Rail Renewal,255,2026-07-20,Mon,PEAK_EVENING,17:45,22:00,1065,1320,1,0,1,0,3.0,0.788,1,0,track_gang,CSM Tamping Machine,HIGH,85,4.9,2,54.2,5.0,0
HIST-BLK-02914,SEC_C04_05,Yerraguntla - Kadapa,Guntakal,Engineering,Rail Renewal,270,2026-07-21,Tue,AFTERNOON_SLOT,15:00,19:30,900,1170,0,0,0,0,1.0,0.927,0,1,track_gang,CSM Tamping Machine,LOW,37,6.8,0,0.0,99.0,1
HIST-BLK-02915,SEC_C01_01,Vijayawada - Tenali,Vijayawada,S&T,Track Circuit Testing,105,2026-07-21,Tue,LATE_NIGHT,21:36,23:21,1296,1401,1,0,0,1,7.0,0.849,0,0,ST_gang,None / Manual Tools,MEDIUM,56,8.0,1,18.0,73.1,0
HIST-BLK-02916,SEC_C02_06,Samalkot - Rajahmundry,Vijayawada,Traction,Cantilever Adjustment,120,2026-08-19,Wed,MIDDAY_FREIGHT_GAP,12:17,14:17,737,857,0,0,0,0,1.0,0.976,0,0,tower_wagon_crew,Tower Wagon,CRITICAL,87,5.8,0,0.0,99.0,1
HIST-BLK-02917,SEC_C02_04,Tuni - Annavaram,Vijayawada,Engineering,Turnout Overhaul,195,2026-07-07,Tue,PEAK_MORNING,07:30,10:45,450,645,2,1,1,1,10.0,0.32,0,0,track_gang,CSM Tamping Machine,HIGH,84,3.4,2,52.1,5.0,0
HIST-BLK-02918,SEC_C04_05,Yerraguntla - Kadapa,Guntakal,Traction,Insulator Washing & Replacement,105,2026-07-08,Wed,PEAK_MORNING,08:43,10:28,523,628,3,1,1,2,10.0,0.05,1,0,tower_wagon_crew,Tower Wagon,CRITICAL,89,8.7,4,91.8,5.0,0
HIST-BLK-02919,SEC_C01_03,Bapatla - Chirala,Vijayawada,S&T,Interlocking Inspection,90,2026-08-13,Thu,AFTERNOON_SLOT,15:13,16:43,913,1003,0,0,0,0,1.0,0.998,0,1,ST_gang,None / Manual Tools,HIGH,73,7.1,0,0.0,99.0,1
HIST-BLK-02920,SEC_C04_03,Tadipatri - Kondapuram,Guntakal,Engineering,Sleeper Replacement,180,2026-07-31,Fri,PEAK_MORNING,07:30,10:30,450,630,4,0,1,3,8.0,0.168,0,0,track_gang,Ballast Regulator,MEDIUM,69,10.0,4,53.7,5.0,0
HIST-BLK-02921,SEC_C04_05,Yerraguntla - Kadapa,Guntakal,S&T,Cable Jointing & OFC,135,2026-07-23,Thu,NIGHT_MEGABLOCK,01:18,03:33,78,213,1,0,1,0,3.0,0.813,0,0,ST_gang,Testing Van,MEDIUM,68,6.8,1,15.4,76.4,0
HIST-BLK-02922,SEC_C03_03,Vinukonda - Donakonda,Guntur,S&T,Interlocking Inspection,90,2026-07-10,Fri,EARLY_MORNING,04:51,06:21,291,381,0,0,0,0,1.0,0.959,0,0,ST_gang,None / Manual Tools,HIGH,81,2.0,0,0.0,99.0,1
HIST-BLK-02923,SEC_C03_01,Guntur - Narasaraopet,Guntur,Engineering,Track Maintenance,120,2026-07-06,Mon,PEAK_MORNING,07:33,09:33,453,573,5,0,1,4,8.0,0.137,1,0,track_gang,None / Manual Tools,CRITICAL,92,6.0,6,96.7,5.0,0
HIST-BLK-02924,SEC_C03_06,Giddalur - Nandyal,Guntur,Traction,Contact Wire Height Regulation,180,2026-07-06,Mon,EARLY_MORNING,04:30,07:30,270,450,0,0,0,0,1.0,0.972,0,0,tower_wagon_crew,Tower Wagon,CRITICAL,90,2.0,0,0.0,99.0,1
HIST-BLK-02925,SEC_C03_02,Narasaraopet - Vinukonda,Guntur,S&T,Interlocking Inspection,90,2026-07-03,Fri,PEAK_EVENING,18:55,20:25,1135,1225,3,1,1,2,10.0,0.096,0,0,ST_gang,None / Manual Tools,HIGH,71,7.9,3,52.0,5.0,0
HIST-BLK-02926,SEC_C03_05,Markapur Road - Giddalur,Guntur,Traction,Substation Transformer Overhaul,270,2026-08-22,Sat,AFTERNOON_SLOT,15:00,19:30,900,1170,1,1,0,1,9.0,0.625,0,0,specialist_team,None / Manual Tools,LOW,27,7.4,1,34.7,15.7,0
HIST-BLK-02927,SEC_C03_02,Narasaraopet - Vinukonda,Guntur,S&T,Track Circuit Testing,90,2026-08-28,Fri,PEAK_EVENING,17:57,19:27,1077,1167,1,0,1,0,3.0,0.828,0,1,ST_gang,None / Manual Tools,MEDIUM,52,9.5,1,15.5,76.7,0
HIST-BLK-02928,SEC_C02_04,Tuni - Annavaram,Vijayawada,S&T,Track Circuit Testing,105,2026-08-10,Mon,LATE_NIGHT,21:55,23:40,1315,1420,1,0,0,1,7.0,0.841,0,0,ST_gang,None / Manual Tools,MEDIUM,58,7.9,1,21.0,70.8,0
HIST-BLK-02929,SEC_C02_09,Tadepalligudem - Eluru,Vijayawada,S&T,Point Machine Overhaul,105,2026-08-28,Fri,PEAK_EVENING,18:55,20:40,1135,1240,2,1,1,1,10.0,0.425,0,0,ST_gang,Testing Van,LOW,37,9.2,2,41.3,5.0,0
HIST-BLK-02930,SEC_C03_02,Narasaraopet - Vinukonda,Guntur,Engineering,Deep Screening Ballast,225,2026-07-25,Sat,NIGHT_MEGABLOCK,01:00,04:45,60,285,0,0,0,0,1.0,0.924,0,0,track_gang,Ballast Regulator,MEDIUM,59,1.6,0,0.0,99.0,1
HIST-BLK-02931,SEC_C01_08,Nellore - Gudur,Vijayawada,S&T,Axle Counter Replacement,135,2026-08-28,Fri,AFTERNOON_SLOT,15:03,17:18,903,1038,0,0,0,0,1.0,0.938,0,0,ST_gang,Testing Van,CRITICAL,99,7.8,0,0.0,99.0,1
HIST-BLK-02932,SEC_C01_07,Kavali - Nellore,Vijayawada,S&T,Signal Maintenance,45,2026-07-25,Sat,PEAK_MORNING,08:53,09:38,533,578,1,0,0,1,6.0,0.806,0,0,ST_gang,None / Manual Tools,HIGH,74,3.1,1,13.7,77.3,0
HIST-BLK-02933,SEC_C02_01,Visakhapatnam - Duvvada,Visakhapatnam,S&T,Axle Counter Replacement,135,2026-08-02,Sun,MIDDAY_FREIGHT_GAP,11:55,14:10,715,850,0,0,0,0,1.0,0.934,0,0,ST_gang,Testing Van,LOW,44,11.2,0,0.0,99.0,1
HIST-BLK-02934,SEC_C03_02,Narasaraopet - Vinukonda,Guntur,S&T,Track Circuit Testing,75,2026-07-03,Fri,AFTERNOON_SLOT,15:07,16:22,907,982,0,0,0,0,1.0,0.97,0,1,ST_gang,None / Manual Tools,MEDIUM,64,11.0,0,0.0,99.0,1
HIST-BLK-02935,SEC_C01_06,Singarayakonda - Kavali,Vijayawada,S&T,Axle Counter Replacement,90,2026-08-29,Sat,MIDDAY_FREIGHT_GAP,11:34,13:04,694,784,0,0,0,0,1.0,0.992,0,0,ST_gang,Testing Van,HIGH,72,4.2,0,0.0,99.0,1
HIST-BLK-02936,SEC_C04_03,Tadipatri - Kondapuram,Guntakal,S&T,Signal Maintenance,60,2026-07-17,Fri,LATE_NIGHT,21:43,22:43,1303,1363,0,0,0,0,1.0,0.954,0,0,ST_gang,None / Manual Tools,HIGH,81,8.1,0,0.0,99.0,1
HIST-BLK-02937,SEC_C04_03,Tadipatri - Kondapuram,Guntakal,Traction,Insulator Washing & Replacement,120,2026-08-16,Sun,PEAK_MORNING,07:46,09:46,466,586,2,0,1,1,7.0,0.65,0,0,tower_wagon_crew,Tower Wagon,LOW,34,6.8,2,38.6,30.9,0
HIST-BLK-02938,SEC_C02_05,Annavaram - Samalkot,Vijayawada,Traction,Power Isolation Maintenance,180,2026-07-16,Thu,AFTERNOON_SLOT,15:00,18:00,900,1080,1,0,0,1,4.0,0.819,0,1,tower_wagon_crew,Tower Wagon,HIGH,75,6.5,1,21.2,80.0,0
HIST-BLK-02939,SEC_C04_08,Koduru - Renigunta,Guntakal,S&T,Cable Jointing & OFC,180,2026-07-08,Wed,PEAK_MORNING,07:30,10:30,450,630,1,0,0,1,8.0,0.824,1,1,ST_gang,Testing Van,MEDIUM,53,8.8,2,36.8,11.6,0
HIST-BLK-02940,SEC_C03_05,Markapur Road - Giddalur,Guntur,S&T,Axle Counter Replacement,90,2026-08-05,Wed,EARLY_MORNING,04:39,06:09,279,369,0,0,0,0,1.0,0.985,0,1,ST_gang,Testing Van,HIGH,74,4.2,0,0.0,99.0,1
HIST-BLK-02941,SEC_C03_06,Giddalur - Nandyal,Guntur,S&T,Signal Maintenance,45,2026-08-06,Thu,PEAK_EVENING,19:15,20:00,1155,1200,1,0,0,1,6.0,0.807,0,1,ST_gang,None / Manual Tools,CRITICAL,96,6.6,1,10.3,81.3,0
HIST-BLK-02942,SEC_C01_04,Chirala - Ongole,Vijayawada,Traction,Cantilever Adjustment,180,2026-08-26,Wed,AFTERNOON_SLOT,15:00,18:00,900,1080,1,0,1,0,3.0,0.872,1,1,tower_wagon_crew,Tower Wagon,MEDIUM,59,5.6,2,34.6,27.7,0
HIST-BLK-02943,SEC_C02_06,Samalkot - Rajahmundry,Vijayawada,S&T,Interlocking Inspection,60,2026-08-16,Sun,LATE_NIGHT,22:01,23:01,1321,1381,1,0,1,0,3.0,0.827,1,0,ST_gang,None / Manual Tools,HIGH,77,6.2,2,41.6,6.6,0
HIST-BLK-02944,SEC_C03_04,Donakonda - Markapur Road,Guntur,Traction,Insulator Washing & Replacement,90,2026-08-07,Fri,PEAK_EVENING,18:22,19:52,1102,1192,5,0,1,4,8.0,0.146,0,1,tower_wagon_crew,Tower Wagon,HIGH,79,7.5,5,57.9,5.0,0
HIST-BLK-02945,SEC_C01_05,Ongole - Singarayakonda,Vijayawada,Engineering,Sleeper Replacement,180,2026-07-23,Thu,PEAK_EVENING,18:00,21:00,1080,1260,3,0,1,2,8.0,0.332,0,0,track_gang,Ballast Regulator,HIGH,70,5.7,3,45.7,5.5,0
HIST-BLK-02946,SEC_C02_06,Samalkot - Rajahmundry,Vijayawada,Engineering,Track Maintenance,105,2026-07-05,Sun,MIDDAY_FREIGHT_GAP,11:45,13:30,705,810,0,0,0,0,1.0,0.992,0,0,track_gang,None / Manual Tools,MEDIUM,51,7.8,0,0.0,99.0,1
HIST-BLK-02947,SEC_C03_02,Narasaraopet - Vinukonda,Guntur,Engineering,Turnout Overhaul,195,2026-08-13,Thu,AFTERNOON_SLOT,15:00,18:15,900,1095,0,0,0,0,1.0,0.938,0,0,track_gang,CSM Tamping Machine,HIGH,80,10.8,0,0.0,99.0,1
HIST-BLK-02948,SEC_C01_02,Tenali - Bapatla,Vijayawada,Engineering,Sleeper Replacement,180,2026-07-18,Sat,AFTERNOON_SLOT,15:00,18:00,900,1080,0,0,0,0,1.0,0.985,1,1,track_gang,Ballast Regulator,HIGH,83,2.8,1,24.0,53.9,0
HIST-BLK-02949,SEC_C03_06,Giddalur - Nandyal,Guntur,Engineering,Track Maintenance,90,2026-07-23,Thu,PEAK_MORNING,08:55,10:25,535,625,1,0,0,1,4.0,0.869,0,0,track_gang,None / Manual Tools,MEDIUM,62,4.1,1,20.6,72.5,0
HIST-BLK-02950,SEC_C01_06,Singarayakonda - Kavali,Vijayawada,Engineering,Deep Screening Ballast,210,2026-08-19,Wed,MIDDAY_FREIGHT_GAP,11:30,15:00,690,900,0,0,0,0,1.0,0.921,0,0,track_gang,Ballast Regulator,HIGH,75,2.1,0,0.0,99.0,1
HIST-BLK-02951,SEC_C02_02,Duvvada - Anakapalle,Visakhapatnam,S&T,Cable Jointing & OFC,135,2026-08-21,Fri,EARLY_MORNING,04:39,06:54,279,414,1,1,0,1,9.0,0.616,1,0,ST_gang,Testing Van,HIGH,74,5.0,2,61.4,5.0,0
HIST-BLK-02952,SEC_C04_04,Kondapuram - Yerraguntla,Guntakal,Traction,OHE Inspection,105,2026-07-22,Wed,NIGHT_MEGABLOCK,01:53,03:38,113,218,1,0,1,0,3.0,0.786,0,0,tower_wagon_crew,Tower Wagon,HIGH,72,7.9,1,19.1,72.9,0
HIST-BLK-02953,SEC_C01_02,Tenali - Bapatla,Vijayawada,S&T,Point Machine Overhaul,120,2026-08-09,Sun,AFTERNOON_SLOT,15:02,17:02,902,1022,0,0,0,0,1.0,0.923,0,1,ST_gang,Testing Van,LOW,35,11.5,0,0.0,99.0,1
HIST-BLK-02954,SEC_C04_03,Tadipatri - Kondapuram,Guntakal,S&T,Signal Maintenance,75,2026-07-14,Tue,MIDDAY_FREIGHT_GAP,12:40,13:55,760,835,0,0,0,0,1.0,0.927,1,1,ST_gang,None / Manual Tools,HIGH,75,11.5,1,22.1,43.5,0
HIST-BLK-02955,SEC_C04_06,Kadapa - Razampeta,Guntakal,Engineering,Rail Renewal,225,2026-08-07,Fri,NIGHT_MEGABLOCK,01:00,04:45,60,285,1,0,1,0,3.0,0.781,1,1,track_gang,CSM Tamping Machine,LOW,24,10.4,2,47.5,9.1,0
HIST-BLK-02956,SEC_C01_03,Bapatla - Chirala,Vijayawada,S&T,Signal Maintenance,90,2026-07-12,Sun,PEAK_EVENING,18:21,19:51,1101,1191,2,0,0,2,8.0,0.589,0,0,ST_gang,None / Manual Tools,MEDIUM,55,7.0,2,31.2,40.5,0
HIST-BLK-02957,SEC_C02_03,Anakapalle - Tuni,Visakhapatnam,Engineering,Turnout Overhaul,165,2026-07-30,Thu,EARLY_MORNING,04:30,07:15,270,435,1,0,0,1,8.0,0.833,1,0,track_gang,CSM Tamping Machine,LOW,25,3.7,2,39.4,11.3,0
HIST-BLK-02958,SEC_C03_03,Vinukonda - Donakonda,Guntur,S&T,Signal Maintenance,45,2026-07-19,Sun,AFTERNOON_SLOT,16:25,17:10,985,1030,0,0,0,0,1.0,0.988,0,0,ST_gang,None / Manual Tools,HIGH,79,4.6,0,0.0,99.0,1
HIST-BLK-02959,SEC_C04_02,Gooty - Tadipatri,Guntakal,S&T,Track Circuit Testing,90,2026-07-18,Sat,MIDDAY_FREIGHT_GAP,12:39,14:09,759,849,0,0,0,0,1.0,0.924,0,0,ST_gang,None / Manual Tools,HIGH,75,6.0,0,0.0,99.0,1
HIST-BLK-02960,SEC_C02_08,Nidadavolu - Tadepalligudem,Vijayawada,S&T,Track Circuit Testing,75,2026-08-10,Mon,PEAK_EVENING,18:31,19:46,1111,1186,2,1,1,1,10.0,0.415,0,1,ST_gang,None / Manual Tools,MEDIUM,62,10.7,2,47.3,5.0,0
HIST-BLK-02961,SEC_C01_04,Chirala - Ongole,Vijayawada,Traction,Power Isolation Maintenance,150,2026-07-29,Wed,LATE_NIGHT,21:30,00:00,1290,1440,1,0,0,1,8.0,0.794,0,0,tower_wagon_crew,Tower Wagon,MEDIUM,47,11.9,1,22.6,64.3,0
HIST-BLK-02962,SEC_C02_05,Annavaram - Samalkot,Vijayawada,Engineering,Turnout Overhaul,150,2026-08-21,Fri,LATE_NIGHT,21:30,00:00,1290,1440,0,0,0,0,1.0,0.954,1,1,track_gang,CSM Tamping Machine,HIGH,70,5.8,1,16.4,63.0,0
HIST-BLK-02963,SEC_C02_05,Annavaram - Samalkot,Vijayawada,Engineering,Rail Renewal,225,2026-07-01,Wed,LATE_NIGHT,21:30,01:15,1290,1515,0,0,0,0,1.0,0.933,1,0,track_gang,CSM Tamping Machine,HIGH,82,2.3,1,20.8,45.6,0
HIST-BLK-02964,SEC_C04_01,Guntakal - Gooty,Guntakal,S&T,Point Machine Overhaul,75,2026-07-08,Wed,MIDDAY_FREIGHT_GAP,11:42,12:57,702,777,0,0,0,0,1.0,0.943,0,1,ST_gang,Testing Van,LOW,24,6.5,0,0.0,99.0,1
HIST-BLK-02965,SEC_C01_08,Nellore - Gudur,Vijayawada,Traction,Insulator Washing & Replacement,120,2026-07-21,Tue,MIDDAY_FREIGHT_GAP,12:28,14:28,748,868,0,0,0,0,1.0,0.979,1,0,tower_wagon_crew,Tower Wagon,CRITICAL,98,7.5,1,15.4,52.0,0
HIST-BLK-02966,SEC_C01_01,Vijayawada - Tenali,Vijayawada,Engineering,Rail Renewal,240,2026-08-19,Wed,MIDDAY_FREIGHT_GAP,11:30,15:30,690,930,0,0,0,0,1.0,0.984,1,0,track_gang,CSM Tamping Machine,HIGH,81,3.9,1,24.0,41.8,0
HIST-BLK-02967,SEC_C04_04,Kondapuram - Yerraguntla,Guntakal,Engineering,Rail Renewal,225,2026-07-17,Fri,NIGHT_MEGABLOCK,01:00,04:45,60,285,1,0,1,0,3.0,0.875,0,0,track_gang,CSM Tamping Machine,HIGH,75,9.7,1,23.0,70.4,0
HIST-BLK-02968,SEC_C01_04,Chirala - Ongole,Vijayawada,S&T,Axle Counter Replacement,120,2026-08-17,Mon,MIDDAY_FREIGHT_GAP,11:31,13:31,691,811,0,0,0,0,1.0,0.933,0,0,ST_gang,Testing Van,MEDIUM,51,6.2,0,0.0,99.0,1
HIST-BLK-02969,SEC_C03_02,Narasaraopet - Vinukonda,Guntur,Traction,OHE Inspection,120,2026-07-31,Fri,NIGHT_MEGABLOCK,01:31,03:31,91,211,0,0,0,0,1.0,0.932,0,0,tower_wagon_crew,Tower Wagon,MEDIUM,66,10.3,0,0.0,99.0,1
HIST-BLK-02970,SEC_C03_05,Markapur Road - Giddalur,Guntur,Engineering,Sleeper Replacement,150,2026-07-21,Tue,AFTERNOON_SLOT,15:00,17:30,900,1050,0,0,0,0,1.0,0.957,0,0,track_gang,Ballast Regulator,LOW,39,7.0,0,0.0,99.0,1
HIST-BLK-02971,SEC_C01_08,Nellore - Gudur,Vijayawada,S&T,Cable Jointing & OFC,165,2026-08-25,Tue,EARLY_MORNING,04:30,07:15,270,435,2,0,1,1,4.0,0.518,0,1,ST_gang,Testing Van,LOW,30,2.2,2,27.5,42.2,0
HIST-BLK-02972,SEC_C02_03,Anakapalle - Tuni,Visakhapatnam,S&T,Cable Jointing & OFC,165,2026-07-20,Mon,PEAK_MORNING,07:39,10:24,459,624,5,0,1,4,7.0,0.187,1,0,ST_gang,Testing Van,LOW,34,10.9,6,111.5,5.0,0
HIST-BLK-02973,SEC_C01_01,Vijayawada - Tenali,Vijayawada,Traction,Contact Wire Height Regulation,180,2026-08-08,Sat,PEAK_MORNING,07:30,10:30,450,630,2,1,1,1,10.0,0.306,1,0,tower_wagon_crew,Tower Wagon,LOW,40,9.3,3,66.5,5.0,0
HIST-BLK-02974,SEC_C01_06,Singarayakonda - Kavali,Vijayawada,S&T,Axle Counter Replacement,90,2026-07-30,Thu,NIGHT_MEGABLOCK,01:49,03:19,109,199,1,0,1,0,3.0,0.845,0,0,ST_gang,Testing Van,CRITICAL,87,7.1,1,21.1,70.4,0
HIST-BLK-02975,SEC_C01_06,Singarayakonda - Kavali,Vijayawada,S&T,Point Machine Overhaul,60,2026-08-30,Sun,EARLY_MORNING,05:10,06:10,310,370,0,0,0,0,1.0,0.958,0,1,ST_gang,Testing Van,HIGH,83,7.5,0,0.0,99.0,1
HIST-BLK-02976,SEC_C03_03,Vinukonda - Donakonda,Guntur,S&T,Point Machine Overhaul,90,2026-08-16,Sun,NIGHT_MEGABLOCK,02:30,04:00,150,240,1,0,0,1,7.0,0.869,0,1,ST_gang,Testing Van,HIGH,74,5.9,1,15.3,75.9,0
HIST-BLK-02977,SEC_C02_04,Tuni - Annavaram,Vijayawada,S&T,Cable Jointing & OFC,180,2026-08-23,Sun,NIGHT_MEGABLOCK,01:00,04:00,60,240,0,0,0,0,1.0,0.94,0,0,ST_gang,Testing Van,LOW,30,11.4,0,0.0,99.0,1
HIST-BLK-02978,SEC_C02_02,Duvvada - Anakapalle,Visakhapatnam,Engineering,Turnout Overhaul,150,2026-08-11,Tue,MIDDAY_FREIGHT_GAP,11:58,14:28,718,868,0,0,0,0,1.0,0.999,0,0,track_gang,CSM Tamping Machine,HIGH,72,6.9,0,0.0,99.0,1
HIST-BLK-02979,SEC_C02_07,Rajahmundry - Nidadavolu,Vijayawada,Traction,Insulator Washing & Replacement,120,2026-07-07,Tue,PEAK_EVENING,18:28,20:28,1108,1228,3,1,1,2,10.0,0.184,1,0,tower_wagon_crew,Tower Wagon,HIGH,80,6.7,4,82.4,5.0,0
HIST-BLK-02980,SEC_C04_04,Kondapuram - Yerraguntla,Guntakal,S&T,Interlocking Inspection,90,2026-07-01,Wed,MIDDAY_FREIGHT_GAP,11:34,13:04,694,784,0,0,0,0,1.0,0.982,1,0,ST_gang,None / Manual Tools,MEDIUM,54,3.7,1,29.7,39.1,0
HIST-BLK-02981,SEC_C01_07,Kavali - Nellore,Vijayawada,Engineering,Deep Screening Ballast,240,2026-07-19,Sun,PEAK_EVENING,17:45,21:45,1065,1305,1,1,0,1,9.0,0.573,0,0,track_gang,Ballast Regulator,LOW,27,1.6,1,37.0,11.0,0
HIST-BLK-02982,SEC_C04_07,Razampeta - Koduru,Guntakal,Traction,Contact Wire Height Regulation,195,2026-08-23,Sun,PEAK_EVENING,17:45,21:00,1065,1260,1,0,0,1,7.0,0.855,1,0,tower_wagon_crew,Tower Wagon,HIGH,82,9.5,2,35.2,13.9,0
HIST-BLK-02983,SEC_C03_03,Vinukonda - Donakonda,Guntur,Traction,Cantilever Adjustment,180,2026-07-19,Sun,MIDDAY_FREIGHT_GAP,11:30,14:30,690,870,0,0,0,0,1.0,0.945,0,0,tower_wagon_crew,Tower Wagon,HIGH,77,11.9,0,0.0,99.0,1
HIST-BLK-02984,SEC_C04_07,Razampeta - Koduru,Guntakal,Engineering,Sleeper Replacement,195,2026-07-31,Fri,NIGHT_MEGABLOCK,01:00,04:15,60,255,1,0,1,0,3.0,0.823,0,0,track_gang,Ballast Regulator,MEDIUM,49,4.0,1,24.4,66.9,0
HIST-BLK-02985,SEC_C04_07,Razampeta - Koduru,Guntakal,S&T,Signal Maintenance,60,2026-07-01,Wed,LATE_NIGHT,22:42,23:42,1362,1422,1,0,1,0,3.0,0.782,0,0,ST_gang,None / Manual Tools,LOW,23,7.3,1,18.0,70.9,0
HIST-BLK-02986,SEC_C01_02,Tenali - Bapatla,Vijayawada,Traction,Insulator Washing & Replacement,120,2026-07-11,Sat,AFTERNOON_SLOT,15:00,17:00,900,1020,0,0,0,0,1.0,0.946,1,0,tower_wagon_crew,Tower Wagon,MEDIUM,56,11.2,1,17.3,49.0,0
HIST-BLK-02987,SEC_C02_10,Eluru - Vijayawada,Vijayawada,S&T,Cable Jointing & OFC,135,2026-07-25,Sat,MIDDAY_FREIGHT_GAP,12:02,14:17,722,857,0,0,0,0,1.0,0.924,0,0,ST_gang,Testing Van,LOW,43,10.9,0,0.0,99.0,1
HIST-BLK-02988,SEC_C04_04,Kondapuram - Yerraguntla,Guntakal,Traction,OHE Inspection,90,2026-08-08,Sat,PEAK_MORNING,08:04,09:34,484,574,2,0,0,2,8.0,0.506,0,0,tower_wagon_crew,Tower Wagon,MEDIUM,68,11.3,2,28.1,43.6,0
HIST-BLK-02989,SEC_C01_02,Tenali - Bapatla,Vijayawada,Traction,Insulator Washing & Replacement,150,2026-08-17,Mon,PEAK_EVENING,17:48,20:18,1068,1218,2,1,0,2,9.0,0.321,0,1,tower_wagon_crew,Tower Wagon,MEDIUM,47,8.5,2,52.9,5.0,0
HIST-BLK-02990,SEC_C02_01,Visakhapatnam - Duvvada,Visakhapatnam,Traction,Power Isolation Maintenance,165,2026-07-14,Tue,EARLY_MORNING,04:30,07:15,270,435,2,0,0,2,6.0,0.672,0,1,tower_wagon_crew,Tower Wagon,HIGH,82,1.5,2,38.1,45.4,0
HIST-BLK-02991,SEC_C03_05,Markapur Road - Giddalur,Guntur,S&T,Signal Maintenance,60,2026-07-12,Sun,PEAK_EVENING,19:42,20:42,1182,1242,2,0,1,1,8.0,0.517,0,0,ST_gang,None / Manual Tools,HIGH,75,3.5,2,23.0,49.5,0
HIST-BLK-02992,SEC_C02_07,Rajahmundry - Nidadavolu,Vijayawada,Traction,Contact Wire Height Regulation,180,2026-07-12,Sun,LATE_NIGHT,21:30,00:30,1290,1470,1,0,1,0,3.0,0.87,0,1,tower_wagon_crew,Tower Wagon,MEDIUM,45,6.1,1,19.4,82.0,0
HIST-BLK-02993,SEC_C01_08,Nellore - Gudur,Vijayawada,S&T,Cable Jointing & OFC,165,2026-07-30,Thu,NIGHT_MEGABLOCK,01:09,03:54,69,234,1,0,1,0,3.0,0.785,0,1,ST_gang,Testing Van,LOW,30,11.6,1,24.2,63.3,0
HIST-BLK-02994,SEC_C01_01,Vijayawada - Tenali,Vijayawada,Traction,Cantilever Adjustment,150,2026-08-14,Fri,LATE_NIGHT,21:30,00:00,1290,1440,0,0,0,0,1.0,0.964,0,0,tower_wagon_crew,Tower Wagon,HIGH,77,3.4,0,0.0,99.0,1
HIST-BLK-02995,SEC_C03_05,Markapur Road - Giddalur,Guntur,S&T,Point Machine Overhaul,75,2026-08-03,Mon,PEAK_EVENING,19:05,20:20,1145,1220,2,0,1,1,7.0,0.523,0,1,ST_gang,Testing Van,CRITICAL,89,10.8,2,21.2,51.8,0
HIST-BLK-02996,SEC_C01_04,Chirala - Ongole,Vijayawada,Engineering,Track Maintenance,120,2026-07-22,Wed,EARLY_MORNING,04:41,06:41,281,401,1,1,0,1,9.0,0.625,0,0,track_gang,None / Manual Tools,MEDIUM,50,7.6,1,41.6,7.1,0
HIST-BLK-02997,SEC_C01_07,Kavali - Nellore,Vijayawada,Engineering,Turnout Overhaul,165,2026-08-22,Sat,PEAK_EVENING,17:49,20:34,1069,1234,3,1,1,2,10.0,0.05,0,0,track_gang,CSM Tamping Machine,CRITICAL,93,4.9,3,71.2,5.0,0
HIST-BLK-02998,SEC_C03_02,Narasaraopet - Vinukonda,Guntur,Engineering,Weld Rectification,60,2026-07-16,Thu,MIDDAY_FREIGHT_GAP,11:31,12:31,691,751,2,1,0,2,10.0,0.427,0,0,track_gang,USFD Flaw Detector,LOW,37,3.7,2,41.7,5.0,0
HIST-BLK-02999,SEC_C01_08,Nellore - Gudur,Vijayawada,S&T,Cable Jointing & OFC,165,2026-07-12,Sun,EARLY_MORNING,04:30,07:15,270,435,1,0,0,1,4.0,0.818,0,0,ST_gang,Testing Van,CRITICAL,86,3.7,1,16.9,72.1,0
HIST-BLK-03000,SEC_C02_07,Rajahmundry - Nidadavolu,Vijayawada,Engineering,Sleeper Replacement,195,2026-07-20,Mon,PEAK_MORNING,07:30,10:45,450,645,1,0,0,1,7.0,0.851,0,0,track_gang,Ballast Regulator,MEDIUM,69,3.6,1,24.1,68.5,0
HIST-BLK-03001,SEC_C04_05,Yerraguntla - Kadapa,Guntakal,Traction,Power Isolation Maintenance,195,2026-07-08,Wed,NIGHT_MEGABLOCK,01:00,04:15,60,255,1,0,1,0,3.0,0.801,0,0,tower_wagon_crew,Tower Wagon,CRITICAL,90,4.7,1,21.4,67.4,0
HIST-BLK-03002,SEC_C04_05,Yerraguntla - Kadapa,Guntakal,S&T,Signal Maintenance,45,2026-07-21,Tue,EARLY_MORNING,05:15,06:00,315,360,0,0,0,0,1.0,0.946,1,1,ST_gang,None / Manual Tools,LOW,36,4.3,1,25.9,41.7,0
HIST-BLK-03003,SEC_C01_02,Tenali - Bapatla,Vijayawada,Traction,Insulator Washing & Replacement,105,2026-08-06,Thu,PEAK_EVENING,18:14,19:59,1094,1199,2,1,0,2,9.0,0.343,0,0,tower_wagon_crew,Tower Wagon,HIGH,74,6.7,2,50.0,5.0,0
HIST-BLK-03004,SEC_C03_04,Donakonda - Markapur Road,Guntur,Traction,Contact Wire Height Regulation,210,2026-07-23,Thu,EARLY_MORNING,04:30,08:00,270,480,0,0,0,0,1.0,0.957,0,1,tower_wagon_crew,Tower Wagon,LOW,33,10.8,0,0.0,99.0,1
HIST-BLK-03005,SEC_C02_08,Nidadavolu - Tadepalligudem,Vijayawada,Engineering,Deep Screening Ballast,180,2026-07-29,Wed,LATE_NIGHT,21:30,00:30,1290,1470,1,0,1,0,3.0,0.782,1,0,track_gang,Ballast Regulator,HIGH,85,8.8,2,47.7,5.0,0
HIST-BLK-03006,SEC_C01_05,Ongole - Singarayakonda,Vijayawada,Traction,Contact Wire Height Regulation,210,2026-07-06,Mon,NIGHT_MEGABLOCK,01:00,04:30,60,270,1,0,1,0,3.0,0.879,0,1,tower_wagon_crew,Tower Wagon,MEDIUM,55,4.1,1,20.6,78.9,0
HIST-BLK-03007,SEC_C02_05,Annavaram - Samalkot,Vijayawada,S&T,Cable Jointing & OFC,120,2026-07-15,Wed,MIDDAY_FREIGHT_GAP,12:01,14:01,721,841,0,0,0,0,1.0,0.97,0,1,ST_gang,Testing Van,LOW,20,7.5,0,0.0,99.0,1
HIST-BLK-03008,SEC_C01_02,Tenali - Bapatla,Vijayawada,S&T,Signal Maintenance,75,2026-08-07,Fri,EARLY_MORNING,04:36,05:51,276,351,0,0,0,0,1.0,0.992,0,1,ST_gang,None / Manual Tools,HIGH,81,3.0,0,0.0,99.0,1
HIST-BLK-03009,SEC_C02_04,Tuni - Annavaram,Vijayawada,S&T,Axle Counter Replacement,150,2026-07-20,Mon,EARLY_MORNING,04:30,07:00,270,420,0,0,0,0,1.0,0.944,0,0,ST_gang,Testing Van,MEDIUM,60,9.8,0,0.0,99.0,1
HIST-BLK-03010,SEC_C04_04,Kondapuram - Yerraguntla,Guntakal,S&T,Point Machine Overhaul,105,2026-08-12,Wed,AFTERNOON_SLOT,15:01,16:46,901,1006,0,0,0,0,1.0,0.947,0,0,ST_gang,Testing Van,LOW,32,8.1,0,0.0,99.0,1
HIST-BLK-03011,SEC_C01_02,Tenali - Bapatla,Vijayawada,S&T,Point Machine Overhaul,120,2026-08-16,Sun,NIGHT_MEGABLOCK,01:39,03:39,99,219,0,0,0,0,1.0,0.964,1,0,ST_gang,Testing Van,MEDIUM,64,8.8,1,25.5,39.2,0
HIST-BLK-03012,SEC_C01_07,Kavali - Nellore,Vijayawada,Traction,Insulator Washing & Replacement,120,2026-08-04,Tue,LATE_NIGHT,21:38,23:38,1298,1418,0,0,0,0,1.0,0.955,0,0,tower_wagon_crew,Tower Wagon,LOW,34,9.1,0,0.0,99.0,1
HIST-BLK-03013,SEC_C04_05,Yerraguntla - Kadapa,Guntakal,S&T,Track Circuit Testing,60,2026-07-03,Fri,PEAK_MORNING,08:03,09:03,483,543,2,0,1,1,8.0,0.663,0,0,ST_gang,None / Manual Tools,LOW,31,5.9,2,35.0,36.2,0
HIST-BLK-03014,SEC_C02_04,Tuni - Annavaram,Vijayawada,Engineering,Track Maintenance,150,2026-07-26,Sun,PEAK_EVENING,18:16,20:46,1096,1246,4,0,1,3,7.0,0.055,0,0,track_gang,None / Manual Tools,LOW,22,8.1,4,51.6,5.0,0
HIST-BLK-03015,SEC_C01_04,Chirala - Ongole,Vijayawada,S&T,Cable Jointing & OFC,150,2026-07-02,Thu,AFTERNOON_SLOT,15:00,17:30,900,1050,1,0,1,0,3.0,0.787,0,0,ST_gang,Testing Van,HIGH,78,7.0,1,15.6,72.8,0
HIST-BLK-03016,SEC_C01_03,Bapatla - Chirala,Vijayawada,S&T,Signal Maintenance,45,2026-07-19,Sun,PEAK_EVENING,19:30,20:15,1170,1215,4,0,1,3,8.0,0.143,0,0,ST_gang,None / Manual Tools,HIGH,76,10.0,4,48.3,5.0,0
HIST-BLK-03017,SEC_C01_02,Tenali - Bapatla,Vijayawada,S&T,Interlocking Inspection,105,2026-08-08,Sat,EARLY_MORNING,04:48,06:33,288,393,0,0,0,0,1.0,0.952,0,1,ST_gang,None / Manual Tools,CRITICAL,93,3.5,0,0.0,99.0,1
HIST-BLK-03018,SEC_C04_07,Razampeta - Koduru,Guntakal,Traction,Cantilever Adjustment,180,2026-07-06,Mon,NIGHT_MEGABLOCK,01:00,04:00,60,240,0,0,0,0,1.0,0.929,0,0,tower_wagon_crew,Tower Wagon,MEDIUM,48,3.4,0,0.0,99.0,1
HIST-BLK-03019,SEC_C01_04,Chirala - Ongole,Vijayawada,Traction,Substation Transformer Overhaul,210,2026-07-24,Fri,AFTERNOON_SLOT,15:00,18:30,900,1110,1,0,1,0,3.0,0.813,1,0,specialist_team,None / Manual Tools,CRITICAL,89,6.1,2,54.7,5.0,0
HIST-BLK-03020,SEC_C02_09,Tadepalligudem - Eluru,Vijayawada,Engineering,Deep Screening Ballast,210,2026-08-13,Thu,PEAK_MORNING,07:30,11:00,450,660,1,0,0,1,8.0,0.828,0,0,track_gang,Ballast Regulator,MEDIUM,69,10.7,1,26.7,64.2,0
HIST-BLK-03021,SEC_C01_07,Kavali - Nellore,Vijayawada,Traction,OHE Inspection,150,2026-08-27,Thu,EARLY_MORNING,04:30,07:00,270,420,1,0,1,0,3.0,0.858,1,0,tower_wagon_crew,Tower Wagon,HIGH,77,6.5,2,36.7,13.5,0
HIST-BLK-03022,SEC_C04_03,Tadipatri - Kondapuram,Guntakal,Traction,Cantilever Adjustment,150,2026-07-18,Sat,MIDDAY_FREIGHT_GAP,11:48,14:18,708,858,0,0,0,0,1.0,0.954,0,0,tower_wagon_crew,Tower Wagon,HIGH,75,11.4,0,0.0,99.0,1
HIST-BLK-03023,SEC_C02_04,Tuni - Annavaram,Vijayawada,Traction,OHE Inspection,90,2026-08-24,Mon,LATE_NIGHT,21:45,23:15,1305,1395,1,0,0,1,7.0,0.866,0,0,tower_wagon_crew,Tower Wagon,MEDIUM,53,4.4,1,17.4,75.5,0
HIST-BLK-03024,SEC_C02_03,Anakapalle - Tuni,Visakhapatnam,Traction,Contact Wire Height Regulation,210,2026-08-15,Sat,PEAK_MORNING,07:30,11:00,450,660,2,0,0,2,8.0,0.676,0,0,tower_wagon_crew,Tower Wagon,CRITICAL,99,11.7,2,44.7,26.3,0
HIST-BLK-03025,SEC_C03_02,Narasaraopet - Vinukonda,Guntur,Engineering,Track Maintenance,135,2026-08-12,Wed,PEAK_MORNING,07:54,10:09,474,609,4,0,1,3,8.0,0.185,0,0,track_gang,None / Manual Tools,HIGH,74,9.3,4,70.8,5.0,0
HIST-BLK-03026,SEC_C01_02,Tenali - Bapatla,Vijayawada,Traction,Contact Wire Height Regulation,165,2026-07-31,Fri,MIDDAY_FREIGHT_GAP,11:45,14:30,705,870,1,0,0,1,4.0,0.822,0,0,tower_wagon_crew,Tower Wagon,HIGH,85,2.0,1,18.7,73.8,0
HIST-BLK-03027,SEC_C03_05,Markapur Road - Giddalur,Guntur,Engineering,Weld Rectification,60,2026-08-24,Mon,AFTERNOON_SLOT,15:58,16:58,958,1018,0,0,0,0,1.0,0.93,0,0,track_gang,USFD Flaw Detector,CRITICAL,94,6.1,0,0.0,99.0,1
HIST-BLK-03028,SEC_C04_04,Kondapuram - Yerraguntla,Guntakal,Traction,Contact Wire Height Regulation,150,2026-08-14,Fri,AFTERNOON_SLOT,15:00,17:30,900,1050,0,0,0,0,1.0,0.927,0,1,tower_wagon_crew,Tower Wagon,CRITICAL,89,10.3,0,0.0,99.0,1
HIST-BLK-03029,SEC_C02_06,Samalkot - Rajahmundry,Vijayawada,Engineering,Sleeper Replacement,180,2026-08-25,Tue,AFTERNOON_SLOT,15:00,18:00,900,1080,0,0,0,0,1.0,0.96,0,0,track_gang,Ballast Regulator,LOW,20,9.4,0,0.0,99.0,1
HIST-BLK-03030,SEC_C01_08,Nellore - Gudur,Vijayawada,Engineering,Deep Screening Ballast,210,2026-08-24,Mon,PEAK_EVENING,17:45,21:15,1065,1275,1,0,1,0,3.0,0.824,0,0,track_gang,Ballast Regulator,MEDIUM,68,11.8,1,23.3,67.3,0
HIST-BLK-03031,SEC_C02_10,Eluru - Vijayawada,Vijayawada,S&T,Axle Counter Replacement,120,2026-08-28,Fri,LATE_NIGHT,21:33,23:33,1293,1413,0,0,0,0,1.0,0.948,0,1,ST_gang,Testing Van,HIGH,84,11.7,0,0.0,99.0,1
HIST-BLK-03032,SEC_C01_02,Tenali - Bapatla,Vijayawada,Traction,OHE Inspection,120,2026-07-24,Fri,PEAK_MORNING,07:46,09:46,466,586,1,0,0,1,7.0,0.842,0,0,tower_wagon_crew,Tower Wagon,CRITICAL,99,10.7,1,17.2,75.8,0
HIST-BLK-03033,SEC_C02_01,Visakhapatnam - Duvvada,Visakhapatnam,S&T,Axle Counter Replacement,150,2026-07-14,Tue,MIDDAY_FREIGHT_GAP,11:38,14:08,698,848,0,0,0,0,1.0,0.996,0,0,ST_gang,Testing Van,HIGH,78,8.9,0,0.0,99.0,1
HIST-BLK-03034,SEC_C04_01,Guntakal - Gooty,Guntakal,Traction,Contact Wire Height Regulation,165,2026-07-16,Thu,LATE_NIGHT,21:30,00:15,1290,1455,1,0,1,0,3.0,0.814,1,0,tower_wagon_crew,Tower Wagon,HIGH,75,5.0,2,54.7,5.0,0
HIST-BLK-03035,SEC_C01_01,Vijayawada - Tenali,Vijayawada,Traction,Contact Wire Height Regulation,165,2026-07-31,Fri,PEAK_EVENING,18:00,20:45,1080,1245,2,0,0,2,7.0,0.524,0,0,tower_wagon_crew,Tower Wagon,MEDIUM,67,7.5,2,37.7,33.1,0
HIST-BLK-03036,SEC_C04_08,Koduru - Renigunta,Guntakal,Engineering,Deep Screening Ballast,225,2026-08-07,Fri,PEAK_MORNING,07:30,11:15,450,675,1,0,0,1,8.0,0.864,0,0,track_gang,Ballast Regulator,LOW,43,10.1,1,19.5,71.4,0
HIST-BLK-03037,SEC_C04_04,Kondapuram - Yerraguntla,Guntakal,Traction,Insulator Washing & Replacement,90,2026-08-20,Thu,PEAK_EVENING,18:08,19:38,1088,1178,5,0,1,4,8.0,0.09,0,0,tower_wagon_crew,Tower Wagon,HIGH,79,2.1,5,68.6,5.0,0
HIST-BLK-03038,SEC_C01_07,Kavali - Nellore,Vijayawada,S&T,Track Circuit Testing,60,2026-07-31,Fri,MIDDAY_FREIGHT_GAP,13:21,14:21,801,861,0,0,0,0,1.0,0.982,1,0,ST_gang,None / Manual Tools,MEDIUM,53,5.9,1,19.3,52.0,0
HIST-BLK-03039,SEC_C01_08,Nellore - Gudur,Vijayawada,S&T,Point Machine Overhaul,120,2026-07-28,Tue,AFTERNOON_SLOT,15:10,17:10,910,1030,0,0,0,0,1.0,0.922,0,0,ST_gang,Testing Van,MEDIUM,60,3.3,0,0.0,99.0,1
HIST-BLK-03040,SEC_C04_01,Guntakal - Gooty,Guntakal,Traction,OHE Inspection,120,2026-07-28,Tue,AFTERNOON_SLOT,15:15,17:15,915,1035,0,0,0,0,1.0,0.962,0,0,tower_wagon_crew,Tower Wagon,HIGH,74,2.0,0,0.0,99.0,1
HIST-BLK-03041,SEC_C02_05,Annavaram - Samalkot,Vijayawada,Engineering,Deep Screening Ballast,210,2026-08-22,Sat,PEAK_EVENING,17:45,21:15,1065,1275,1,0,0,1,4.0,0.838,0,0,track_gang,Ballast Regulator,CRITICAL,98,10.2,1,22.8,69.2,0
HIST-BLK-03042,SEC_C02_04,Tuni - Annavaram,Vijayawada,S&T,Interlocking Inspection,90,2026-07-07,Tue,AFTERNOON_SLOT,15:00,16:30,900,990,0,0,0,0,1.0,0.927,0,0,ST_gang,None / Manual Tools,HIGH,81,2.7,0,0.0,99.0,1
HIST-BLK-03043,SEC_C03_02,Narasaraopet - Vinukonda,Guntur,S&T,Track Circuit Testing,45,2026-07-16,Thu,NIGHT_MEGABLOCK,01:27,02:12,87,132,0,0,0,0,1.0,0.964,0,0,ST_gang,None / Manual Tools,LOW,23,7.7,0,0.0,99.0,1
HIST-BLK-03044,SEC_C01_06,Singarayakonda - Kavali,Vijayawada,Traction,Power Isolation Maintenance,150,2026-08-21,Fri,EARLY_MORNING,04:30,07:00,270,420,1,0,1,0,3.0,0.863,0,0,tower_wagon_crew,Tower Wagon,MEDIUM,68,7.8,1,19.3,71.8,0
HIST-BLK-03045,SEC_C04_04,Kondapuram - Yerraguntla,Guntakal,Traction,Insulator Washing & Replacement,120,2026-07-10,Fri,EARLY_MORNING,04:48,06:48,288,408,0,0,0,0,1.0,0.996,0,1,tower_wagon_crew,Tower Wagon,HIGH,76,6.6,0,0.0,99.0,1
HIST-BLK-03046,SEC_C03_01,Guntur - Narasaraopet,Guntur,Engineering,Weld Rectification,105,2026-07-20,Mon,MIDDAY_FREIGHT_GAP,12:01,13:46,721,826,0,0,0,0,1.0,0.958,0,0,track_gang,USFD Flaw Detector,HIGH,79,4.9,0,0.0,99.0,1
HIST-BLK-03047,SEC_C01_01,Vijayawada - Tenali,Vijayawada,Traction,Power Isolation Maintenance,180,2026-07-31,Fri,LATE_NIGHT,21:30,00:30,1290,1470,1,0,1,0,3.0,0.859,0,1,tower_wagon_crew,Tower Wagon,LOW,38,3.2,1,17.5,85.9,1
HIST-BLK-03048,SEC_C03_05,Markapur Road - Giddalur,Guntur,Engineering,Turnout Overhaul,180,2026-07-29,Wed,AFTERNOON_SLOT,15:00,18:00,900,1080,0,0,0,0,1.0,0.969,0,0,track_gang,CSM Tamping Machine,HIGH,79,4.1,0,0.0,99.0,1
HIST-BLK-03049,SEC_C04_02,Gooty - Tadipatri,Guntakal,Traction,Substation Transformer Overhaul,240,2026-08-18,Tue,PEAK_EVENING,17:45,21:45,1065,1305,1,0,0,1,8.0,0.829,0,0,specialist_team,None / Manual Tools,LOW,43,7.5,1,22.7,67.8,0
HIST-BLK-03050,SEC_C02_03,Anakapalle - Tuni,Visakhapatnam,Traction,Contact Wire Height Regulation,180,2026-07-11,Sat,AFTERNOON_SLOT,15:00,18:00,900,1080,1,1,0,1,9.0,0.579,0,1,tower_wagon_crew,Tower Wagon,HIGH,82,4.6,1,39.1,19.4,0
HIST-BLK-03051,SEC_C02_03,Anakapalle - Tuni,Visakhapatnam,Traction,Contact Wire Height Regulation,195,2026-08-20,Thu,MIDDAY_FREIGHT_GAP,11:30,14:45,690,885,0,0,0,0,1.0,0.945,1,0,tower_wagon_crew,Tower Wagon,MEDIUM,54,3.8,1,25.0,39.7,0
HIST-BLK-03052,SEC_C01_02,Tenali - Bapatla,Vijayawada,S&T,Signal Maintenance,60,2026-07-05,Sun,PEAK_EVENING,17:47,18:47,1067,1127,5,0,1,4,7.0,0.07,0,0,ST_gang,None / Manual Tools,MEDIUM,53,6.3,5,92.4,5.0,0
HIST-BLK-03053,SEC_C03_06,Giddalur - Nandyal,Guntur,S&T,Interlocking Inspection,60,2026-07-19,Sun,AFTERNOON_SLOT,15:50,16:50,950,1010,0,0,0,0,1.0,0.938,1,1,ST_gang,None / Manual Tools,HIGH,70,3.7,1,15.9,50.6,0
HIST-BLK-03054,SEC_C01_08,Nellore - Gudur,Vijayawada,Traction,Cantilever Adjustment,165,2026-07-20,Mon,PEAK_MORNING,07:42,10:27,462,627,5,0,1,4,7.0,0.172,0,0,tower_wagon_crew,Tower Wagon,HIGH,71,11.9,5,82.9,5.0,0
HIST-BLK-03055,SEC_C02_05,Annavaram - Samalkot,Vijayawada,Engineering,Sleeper Replacement,180,2026-07-27,Mon,NIGHT_MEGABLOCK,01:00,04:00,60,240,2,0,0,2,8.0,0.644,0,1,track_gang,Ballast Regulator,LOW,20,11.3,2,45.0,36.6,0
HIST-BLK-03056,SEC_C04_05,Yerraguntla - Kadapa,Guntakal,Engineering,Sleeper Replacement,165,2026-07-16,Thu,LATE_NIGHT,21:30,00:15,1290,1455,1,1,0,1,10.0,0.59,1,0,track_gang,Ballast Regulator,MEDIUM,66,10.7,2,61.9,5.0,0
HIST-BLK-03057,SEC_C02_03,Anakapalle - Tuni,Visakhapatnam,Engineering,Weld Rectification,105,2026-08-24,Mon,EARLY_MORNING,04:40,06:25,280,385,0,0,0,0,1.0,0.996,1,1,track_gang,USFD Flaw Detector,MEDIUM,53,2.3,1,22.9,54.6,0
HIST-BLK-03058,SEC_C04_04,Kondapuram - Yerraguntla,Guntakal,S&T,Signal Maintenance,45,2026-08-28,Fri,PEAK_EVENING,19:05,19:50,1145,1190,2,0,1,1,8.0,0.545,0,0,ST_gang,None / Manual Tools,MEDIUM,46,2.4,2,34.9,36.1,0
HIST-BLK-03059,SEC_C01_02,Tenali - Bapatla,Vijayawada,Engineering,Rail Renewal,240,2026-07-04,Sat,NIGHT_MEGABLOCK,01:00,05:00,60,300,0,0,0,0,1.0,0.98,1,0,track_gang,CSM Tamping Machine,LOW,42,7.9,1,28.7,40.5,0
HIST-BLK-03060,SEC_C04_03,Tadipatri - Kondapuram,Guntakal,Engineering,Turnout Overhaul,180,2026-07-26,Sun,AFTERNOON_SLOT,15:00,18:00,900,1080,1,0,1,0,3.0,0.858,0,0,track_gang,CSM Tamping Machine,MEDIUM,67,11.8,1,21.9,68.8,0
HIST-BLK-03061,SEC_C04_04,Kondapuram - Yerraguntla,Guntakal,S&T,Signal Maintenance,60,2026-07-17,Fri,AFTERNOON_SLOT,15:42,16:42,942,1002,0,0,0,0,1.0,0.95,1,0,ST_gang,None / Manual Tools,HIGH,81,3.4,1,21.0,45.6,0
HIST-BLK-03062,SEC_C01_04,Chirala - Ongole,Vijayawada,S&T,Interlocking Inspection,90,2026-08-12,Wed,PEAK_EVENING,19:13,20:43,1153,1243,1,0,1,0,3.0,0.83,0,0,ST_gang,None / Manual Tools,MEDIUM,69,10.5,1,21.3,70.2,0
HIST-BLK-03063,SEC_C02_03,Anakapalle - Tuni,Visakhapatnam,S&T,Axle Counter Replacement,90,2026-08-20,Thu,NIGHT_MEGABLOCK,01:38,03:08,98,188,0,0,0,0,1.0,0.986,0,0,ST_gang,Testing Van,CRITICAL,86,11.4,0,0.0,99.0,1
HIST-BLK-03064,SEC_C03_04,Donakonda - Markapur Road,Guntur,S&T,Axle Counter Replacement,90,2026-08-05,Wed,EARLY_MORNING,04:55,06:25,295,385,0,0,0,0,1.0,0.959,0,0,ST_gang,Testing Van,MEDIUM,55,9.2,0,0.0,99.0,1
HIST-BLK-03065,SEC_C03_02,Narasaraopet - Vinukonda,Guntur,S&T,Cable Jointing & OFC,135,2026-08-09,Sun,PEAK_MORNING,07:39,09:54,459,594,1,0,0,1,4.0,0.855,0,1,ST_gang,Testing Van,HIGH,70,5.1,1,15.2,76.0,0
HIST-BLK-03066,SEC_C01_08,Nellore - Gudur,Vijayawada,Engineering,Sleeper Replacement,210,2026-08-02,Sun,PEAK_EVENING,17:45,21:15,1065,1275,5,0,1,4,7.0,0.112,1,1,track_gang,Ballast Regulator,HIGH,84,2.2,6,111.8,5.0,0
HIST-BLK-03067,SEC_C02_02,Duvvada - Anakapalle,Visakhapatnam,Engineering,Sleeper Replacement,180,2026-08-12,Wed,AFTERNOON_SLOT,15:00,18:00,900,1080,0,0,0,0,1.0,0.926,0,1,track_gang,Ballast Regulator,MEDIUM,46,4.3,0,0.0,99.0,1
HIST-BLK-03068,SEC_C04_07,Razampeta - Koduru,Guntakal,Engineering,Deep Screening Ballast,195,2026-08-08,Sat,PEAK_EVENING,17:45,21:00,1065,1260,1,0,0,1,7.0,0.845,0,0,track_gang,Ballast Regulator,HIGH,83,4.8,1,19.0,71.9,0
HIST-BLK-03069,SEC_C01_06,Singarayakonda - Kavali,Vijayawada,S&T,Signal Maintenance,45,2026-08-20,Thu,MIDDAY_FREIGHT_GAP,13:20,14:05,800,845,0,0,0,0,1.0,0.921,0,0,ST_gang,None / Manual Tools,MEDIUM,59,9.0,0,0.0,99.0,1
HIST-BLK-03070,SEC_C01_01,Vijayawada - Tenali,Vijayawada,Engineering,Sleeper Replacement,180,2026-08-05,Wed,PEAK_MORNING,07:30,10:30,450,630,1,0,1,0,3.0,0.798,0,0,track_gang,Ballast Regulator,HIGH,81,7.1,1,21.3,68.3,0
HIST-BLK-03071,SEC_C01_03,Bapatla - Chirala,Vijayawada,S&T,Axle Counter Replacement,120,2026-07-09,Thu,PEAK_EVENING,17:56,19:56,1076,1196,1,0,0,1,7.0,0.84,0,0,ST_gang,Testing Van,HIGH,75,7.7,1,15.2,75.1,0
HIST-BLK-03072,SEC_C02_02,Duvvada - Anakapalle,Visakhapatnam,Engineering,Rail Renewal,225,2026-07-29,Wed,EARLY_MORNING,04:30,08:15,270,495,1,1,0,1,9.0,0.605,0,0,track_gang,CSM Tamping Machine,MEDIUM,62,10.2,1,30.6,19.3,0
HIST-BLK-03073,SEC_C01_07,Kavali - Nellore,Vijayawada,Engineering,Deep Screening Ballast,180,2026-07-23,Thu,AFTERNOON_SLOT,15:00,18:00,900,1080,1,1,0,1,9.0,0.588,0,0,track_gang,Ballast Regulator,HIGH,79,9.6,1,41.9,6.9,0
HIST-BLK-03074,SEC_C01_02,Tenali - Bapatla,Vijayawada,Engineering,Turnout Overhaul,210,2026-08-19,Wed,EARLY_MORNING,04:30,08:00,270,480,0,0,0,0,1.0,0.947,1,1,track_gang,CSM Tamping Machine,HIGH,74,2.5,1,15.2,64.0,0
HIST-BLK-03075,SEC_C01_03,Bapatla - Chirala,Vijayawada,Engineering,Rail Renewal,240,2026-08-22,Sat,PEAK_EVENING,17:45,21:45,1065,1305,2,0,0,2,8.0,0.507,0,1,track_gang,CSM Tamping Machine,CRITICAL,92,2.0,2,41.1,37.9,0
HIST-BLK-03076,SEC_C04_06,Kadapa - Razampeta,Guntakal,Engineering,Turnout Overhaul,180,2026-08-29,Sat,PEAK_MORNING,07:30,10:30,450,630,1,1,0,1,9.0,0.592,1,1,track_gang,CSM Tamping Machine,LOW,39,6.1,2,52.1,5.0,0
HIST-BLK-03077,SEC_C04_02,Gooty - Tadipatri,Guntakal,S&T,Interlocking Inspection,90,2026-08-29,Sat,LATE_NIGHT,21:42,23:12,1302,1392,0,0,0,0,1.0,0.999,0,0,ST_gang,None / Manual Tools,CRITICAL,91,6.9,0,0.0,99.0,1
HIST-BLK-03078,SEC_C02_02,Duvvada - Anakapalle,Visakhapatnam,Engineering,Weld Rectification,75,2026-07-12,Sun,PEAK_MORNING,08:05,09:20,485,560,1,0,0,1,4.0,0.816,0,0,track_gang,USFD Flaw Detector,MEDIUM,45,7.9,1,17.3,75.7,0
HIST-BLK-03079,SEC_C02_06,Samalkot - Rajahmundry,Vijayawada,Traction,Insulator Washing & Replacement,120,2026-08-28,Fri,NIGHT_MEGABLOCK,01:52,03:52,112,232,0,0,0,0,1.0,0.993,0,0,tower_wagon_crew,Tower Wagon,MEDIUM,54,11.8,0,0.0,99.0,1
HIST-BLK-03080,SEC_C04_04,Kondapuram - Yerraguntla,Guntakal,S&T,Track Circuit Testing,90,2026-07-19,Sun,AFTERNOON_SLOT,15:18,16:48,918,1008,0,0,0,0,1.0,0.999,0,0,ST_gang,None / Manual Tools,LOW,27,9.8,0,0.0,99.0,1
HIST-BLK-03081,SEC_C01_02,Tenali - Bapatla,Vijayawada,Engineering,Rail Renewal,240,2026-07-04,Sat,EARLY_MORNING,04:30,08:30,270,510,0,0,0,0,1.0,0.976,1,0,track_gang,CSM Tamping Machine,HIGH,83,8.8,1,29.3,37.3,0
HIST-BLK-03082,SEC_C01_03,Bapatla - Chirala,Vijayawada,S&T,Track Circuit Testing,90,2026-08-25,Tue,LATE_NIGHT,22:13,23:43,1333,1423,1,0,1,0,3.0,0.817,0,0,ST_gang,None / Manual Tools,MEDIUM,54,11.8,1,18.9,73.9,0
HIST-BLK-03083,SEC_C02_08,Nidadavolu - Tadepalligudem,Vijayawada,Engineering,Rail Renewal,240,2026-07-01,Wed,EARLY_MORNING,04:30,08:30,270,510,0,0,0,0,1.0,0.959,1,0,track_gang,CSM Tamping Machine,MEDIUM,45,4.3,1,16.7,50.6,0
HIST-BLK-03084,SEC_C01_04,Chirala - Ongole,Vijayawada,S&T,Cable Jointing & OFC,120,2026-08-27,Thu,LATE_NIGHT,21:33,23:33,1293,1413,0,0,0,0,1.0,0.964,0,0,ST_gang,Testing Van,LOW,35,11.0,0,0.0,99.0,1
HIST-BLK-03085,SEC_C01_01,Vijayawada - Tenali,Vijayawada,Traction,Cantilever Adjustment,135,2026-08-01,Sat,PEAK_MORNING,07:31,09:46,451,586,2,1,1,1,10.0,0.319,0,1,tower_wagon_crew,Tower Wagon,MEDIUM,61,3.2,2,39.8,5.0,0
HIST-BLK-03086,SEC_C02_01,Visakhapatnam - Duvvada,Visakhapatnam,Traction,Cantilever Adjustment,120,2026-07-21,Tue,LATE_NIGHT,21:41,23:41,1301,1421,0,0,0,0,1.0,0.929,0,1,tower_wagon_crew,Tower Wagon,HIGH,78,6.1,0,0.0,99.0,1
HIST-BLK-03087,SEC_C03_05,Markapur Road - Giddalur,Guntur,Engineering,Deep Screening Ballast,210,2026-07-08,Wed,EARLY_MORNING,04:30,08:00,270,480,0,0,0,0,1.0,0.999,1,0,track_gang,Ballast Regulator,MEDIUM,67,4.3,1,22.7,45.0,0
HIST-BLK-03088,SEC_C01_06,Singarayakonda - Kavali,Vijayawada,S&T,Signal Maintenance,45,2026-07-02,Thu,PEAK_EVENING,17:45,18:30,1065,1110,5,1,1,4,10.0,0.05,0,1,ST_gang,None / Manual Tools,LOW,43,6.0,5,97.9,5.0,0
HIST-BLK-03089,SEC_C02_02,Duvvada - Anakapalle,Visakhapatnam,S&T,Axle Counter Replacement,150,2026-08-09,Sun,EARLY_MORNING,04:30,07:00,270,420,1,0,0,1,7.0,0.858,0,0,ST_gang,Testing Van,HIGH,78,10.3,1,17.5,74.5,0
HIST-BLK-03090,SEC_C02_02,Duvvada - Anakapalle,Visakhapatnam,Traction,Cantilever Adjustment,135,2026-08-24,Mon,EARLY_MORNING,04:31,06:46,271,406,1,1,0,1,9.0,0.568,0,0,tower_wagon_crew,Tower Wagon,CRITICAL,92,6.1,1,41.6,6.2,0
HIST-BLK-03091,SEC_C02_06,Samalkot - Rajahmundry,Vijayawada,S&T,Point Machine Overhaul,105,2026-08-24,Mon,PEAK_MORNING,07:41,09:26,461,566,3,0,1,2,7.0,0.363,0,0,ST_gang,Testing Van,LOW,32,6.0,3,35.5,18.3,0
HIST-BLK-03092,SEC_C02_05,Annavaram - Samalkot,Vijayawada,Engineering,Deep Screening Ballast,210,2026-08-27,Thu,PEAK_EVENING,17:45,21:15,1065,1275,1,0,0,1,4.0,0.877,0,0,track_gang,Ballast Regulator,MEDIUM,64,11.5,1,24.0,64.8,0
HIST-BLK-03093,SEC_C01_03,Bapatla - Chirala,Vijayawada,Traction,Insulator Washing & Replacement,120,2026-07-07,Tue,PEAK_MORNING,07:54,09:54,474,594,1,0,0,1,4.0,0.85,0,0,tower_wagon_crew,Tower Wagon,MEDIUM,48,7.6,1,22.8,69.0,0
HIST-BLK-03094,SEC_C02_08,Nidadavolu - Tadepalligudem,Vijayawada,Traction,OHE Inspection,105,2026-07-13,Mon,NIGHT_MEGABLOCK,01:35,03:20,95,200,1,0,1,0,3.0,0.796,0,0,tower_wagon_crew,Tower Wagon,MEDIUM,52,7.0,1,20.8,67.0,0
HIST-BLK-03095,SEC_C04_01,Guntakal - Gooty,Guntakal,Engineering,Turnout Overhaul,180,2026-07-02,Thu,AFTERNOON_SLOT,15:00,18:00,900,1080,0,0,0,0,1.0,0.978,1,1,track_gang,CSM Tamping Machine,MEDIUM,60,9.7,1,18.7,61.8,0
HIST-BLK-03096,SEC_C04_04,Kondapuram - Yerraguntla,Guntakal,S&T,Axle Counter Replacement,135,2026-07-20,Mon,MIDDAY_FREIGHT_GAP,11:32,13:47,692,827,0,0,0,0,1.0,0.985,1,1,ST_gang,Testing Van,MEDIUM,57,4.8,1,26.0,42.0,0
HIST-BLK-03097,SEC_C04_04,Kondapuram - Yerraguntla,Guntakal,Engineering,Sleeper Replacement,195,2026-07-02,Thu,PEAK_MORNING,07:30,10:45,450,645,1,0,0,1,8.0,0.801,0,0,track_gang,Ballast Regulator,LOW,26,9.6,1,27.5,59.3,0
HIST-BLK-03098,SEC_C02_05,Annavaram - Samalkot,Vijayawada,Engineering,Weld Rectification,90,2026-07-02,Thu,NIGHT_MEGABLOCK,02:17,03:47,137,227,1,0,0,1,8.0,0.86,0,0,track_gang,USFD Flaw Detector,MEDIUM,50,8.1,1,17.2,72.6,0
HIST-BLK-03099,SEC_C04_02,Gooty - Tadipatri,Guntakal,Engineering,Track Maintenance,90,2026-08-06,Thu,AFTERNOON_SLOT,15:42,17:12,942,1032,0,0,0,0,1.0,0.97,0,0,track_gang,None / Manual Tools,MEDIUM,58,7.0,0,0.0,99.0,1
HIST-BLK-03100,SEC_C02_04,Tuni - Annavaram,Vijayawada,Traction,Substation Transformer Overhaul,270,2026-07-05,Sun,MIDDAY_FREIGHT_GAP,11:30,16:00,690,960,1,0,0,1,7.0,0.834,1,0,specialist_team,None / Manual Tools,MEDIUM,45,10.9,2,52.6,5.0,0
HIST-BLK-03101,SEC_C01_05,Ongole - Singarayakonda,Vijayawada,Engineering,Sleeper Replacement,195,2026-07-04,Sat,PEAK_MORNING,07:30,10:45,450,645,2,0,0,2,7.0,0.631,0,0,track_gang,Ballast Regulator,HIGH,75,4.9,2,44.3,25.1,0
HIST-BLK-03102,SEC_C01_05,Ongole - Singarayakonda,Vijayawada,Traction,Contact Wire Height Regulation,195,2026-07-09,Thu,EARLY_MORNING,04:30,07:45,270,465,1,0,0,1,7.0,0.843,0,0,tower_wagon_crew,Tower Wagon,CRITICAL,95,7.8,1,17.8,71.6,0
HIST-BLK-03103,SEC_C01_04,Chirala - Ongole,Vijayawada,Traction,Power Isolation Maintenance,180,2026-08-05,Wed,PEAK_EVENING,17:45,20:45,1065,1245,2,0,2,0,3.0,0.611,0,0,tower_wagon_crew,Tower Wagon,LOW,31,11.0,2,44.7,24.8,0
HIST-BLK-03104,SEC_C01_03,Bapatla - Chirala,Vijayawada,S&T,Interlocking Inspection,75,2026-07-13,Mon,PEAK_MORNING,08:23,09:38,503,578,4,0,1,3,8.0,0.187,1,1,ST_gang,None / Manual Tools,MEDIUM,57,2.2,5,100.9,5.0,0
HIST-BLK-03105,SEC_C04_04,Kondapuram - Yerraguntla,Guntakal,Traction,Substation Transformer Overhaul,240,2026-07-20,Mon,NIGHT_MEGABLOCK,01:00,05:00,60,300,0,0,0,0,1.0,0.971,0,0,specialist_team,None / Manual Tools,LOW,35,8.2,0,0.0,99.0,1
HIST-BLK-03106,SEC_C01_01,Vijayawada - Tenali,Vijayawada,Traction,Power Isolation Maintenance,180,2026-08-03,Mon,EARLY_MORNING,04:30,07:30,270,450,1,0,1,0,3.0,0.872,0,0,tower_wagon_crew,Tower Wagon,MEDIUM,55,6.1,1,18.3,74.7,0
HIST-BLK-03107,SEC_C04_08,Koduru - Renigunta,Guntakal,Engineering,Rail Renewal,210,2026-07-22,Wed,LATE_NIGHT,21:30,01:00,1290,1500,0,0,0,0,1.0,0.959,0,0,track_gang,CSM Tamping Machine,LOW,23,3.6,0,0.0,99.0,1
HIST-BLK-03108,SEC_C02_03,Anakapalle - Tuni,Visakhapatnam,Engineering,Sleeper Replacement,210,2026-07-22,Wed,MIDDAY_FREIGHT_GAP,11:30,15:00,690,900,0,0,0,0,1.0,0.999,0,0,track_gang,Ballast Regulator,HIGH,78,3.6,0,0.0,99.0,1
HIST-BLK-03109,SEC_C02_03,Anakapalle - Tuni,Visakhapatnam,S&T,Point Machine Overhaul,120,2026-08-21,Fri,NIGHT_MEGABLOCK,01:22,03:22,82,202,0,0,0,0,1.0,0.969,1,0,ST_gang,Testing Van,HIGH,74,1.6,1,28.7,38.0,0
HIST-BLK-03110,SEC_C04_02,Gooty - Tadipatri,Guntakal,S&T,Signal Maintenance,45,2026-07-22,Wed,MIDDAY_FREIGHT_GAP,13:24,14:09,804,849,0,0,0,0,1.0,0.944,1,0,ST_gang,None / Manual Tools,LOW,24,6.6,1,24.9,43.7,0
HIST-BLK-03111,SEC_C03_04,Donakonda - Markapur Road,Guntur,Traction,Power Isolation Maintenance,180,2026-08-27,Thu,PEAK_MORNING,07:30,10:30,450,630,4,1,1,3,10.0,0.05,0,0,tower_wagon_crew,Tower Wagon,MEDIUM,57,7.5,4,59.9,5.0,0
HIST-BLK-03112,SEC_C04_03,Tadipatri - Kondapuram,Guntakal,S&T,Interlocking Inspection,90,2026-07-03,Fri,MIDDAY_FREIGHT_GAP,12:55,14:25,775,865,0,0,0,0,1.0,0.922,1,0,ST_gang,None / Manual Tools,HIGH,78,6.1,1,28.9,35.4,0
HIST-BLK-03113,SEC_C04_03,Tadipatri - Kondapuram,Guntakal,Traction,Insulator Washing & Replacement,135,2026-07-14,Tue,EARLY_MORNING,04:34,06:49,274,409,0,0,0,0,1.0,0.984,0,0,tower_wagon_crew,Tower Wagon,MEDIUM,66,2.9,0,0.0,99.0,1
HIST-BLK-03114,SEC_C02_09,Tadepalligudem - Eluru,Vijayawada,S&T,Cable Jointing & OFC,165,2026-08-17,Mon,MIDDAY_FREIGHT_GAP,11:35,14:20,695,860,0,0,0,0,1.0,0.965,1,0,ST_gang,Testing Van,LOW,22,5.4,1,19.0,49.8,0
HIST-BLK-03115,SEC_C03_02,Narasaraopet - Vinukonda,Guntur,Engineering,Sleeper Replacement,210,2026-08-29,Sat,NIGHT_MEGABLOCK,01:00,04:30,60,270,0,0,0,0,1.0,0.987,1,0,track_gang,Ballast Regulator,MEDIUM,58,5.3,1,24.7,40.8,0
HIST-BLK-03116,SEC_C01_05,Ongole - Singarayakonda,Vijayawada,Engineering,Sleeper Replacement,180,2026-08-25,Tue,PEAK_MORNING,07:30,10:30,450,630,2,0,0,2,7.0,0.654,0,0,track_gang,Ballast Regulator,MEDIUM,46,4.5,2,40.7,30.6,0
HIST-BLK-03117,SEC_C01_06,Singarayakonda - Kavali,Vijayawada,Engineering,Track Maintenance,135,2026-07-07,Tue,MIDDAY_FREIGHT_GAP,11:55,14:10,715,850,0,0,0,0,1.0,0.948,0,0,track_gang,None / Manual Tools,MEDIUM,55,11.3,0,0.0,99.0,1
HIST-BLK-03118,SEC_C01_04,Chirala - Ongole,Vijayawada,Engineering,Sleeper Replacement,195,2026-08-25,Tue,PEAK_MORNING,07:30,10:45,450,645,5,1,1,4,10.0,0.05,0,0,track_gang,Ballast Regulator,HIGH,79,3.1,5,108.1,5.0,0
HIST-BLK-03119,SEC_C02_01,Visakhapatnam - Duvvada,Visakhapatnam,S&T,Cable Jointing & OFC,180,2026-08-05,Wed,AFTERNOON_SLOT,15:00,18:00,900,1080,1,0,0,1,8.0,0.831,0,1,ST_gang,Testing Van,LOW,41,6.7,1,26.6,61.0,0
HIST-BLK-03120,SEC_C04_03,Tadipatri - Kondapuram,Guntakal,S&T,Track Circuit Testing,75,2026-08-06,Thu,NIGHT_MEGABLOCK,01:05,02:20,65,140,0,0,0,0,1.0,0.925,0,0,ST_gang,None / Manual Tools,MEDIUM,66,10.6,0,0.0,99.0,1
HIST-BLK-03121,SEC_C01_06,Singarayakonda - Kavali,Vijayawada,Engineering,Deep Screening Ballast,210,2026-07-01,Wed,PEAK_EVENING,17:45,21:15,1065,1275,1,0,0,1,8.0,0.795,0,1,track_gang,Ballast Regulator,CRITICAL,86,11.8,1,28.4,71.9,0
HIST-BLK-03122,SEC_C02_09,Tadepalligudem - Eluru,Vijayawada,Engineering,Rail Renewal,255,2026-08-11,Tue,PEAK_MORNING,07:30,11:45,450,705,1,0,0,1,8.0,0.856,0,0,track_gang,CSM Tamping Machine,HIGH,74,11.1,1,21.4,68.5,0
HIST-BLK-03123,SEC_C02_05,Annavaram - Samalkot,Vijayawada,S&T,Axle Counter Replacement,120,2026-08-13,Thu,LATE_NIGHT,21:38,23:38,1298,1418,1,0,1,0,3.0,0.88,0,0,ST_gang,Testing Van,CRITICAL,94,5.2,1,21.2,72.6,0
HIST-BLK-03124,SEC_C04_08,Koduru - Renigunta,Guntakal,S&T,Track Circuit Testing,90,2026-08-10,Mon,AFTERNOON_SLOT,15:31,17:01,931,1021,0,0,0,0,1.0,0.994,0,0,ST_gang,None / Manual Tools,MEDIUM,68,2.2,0,0.0,99.0,1
HIST-BLK-03125,SEC_C03_03,Vinukonda - Donakonda,Guntur,Engineering,Weld Rectification,120,2026-08-20,Thu,LATE_NIGHT,21:35,23:35,1295,1415,0,0,0,0,1.0,0.924,0,0,track_gang,USFD Flaw Detector,LOW,32,3.9,0,0.0,99.0,1
HIST-BLK-03126,SEC_C02_08,Nidadavolu - Tadepalligudem,Vijayawada,Traction,Power Isolation Maintenance,195,2026-08-01,Sat,MIDDAY_FREIGHT_GAP,11:30,14:45,690,885,1,0,1,0,3.0,0.85,0,0,tower_wagon_crew,Tower Wagon,HIGH,79,11.7,1,23.7,65.6,0
HIST-BLK-03127,SEC_C04_06,Kadapa - Razampeta,Guntakal,Traction,Contact Wire Height Regulation,180,2026-08-14,Fri,PEAK_EVENING,17:54,20:54,1074,1254,2,1,1,1,10.0,0.404,1,0,tower_wagon_crew,Tower Wagon,HIGH,84,9.5,3,80.7,5.0,0
HIST-BLK-03128,SEC_C02_06,Samalkot - Rajahmundry,Vijayawada,Traction,Cantilever Adjustment,120,2026-08-06,Thu,LATE_NIGHT,21:30,23:30,1290,1410,0,0,0,0,1.0,0.97,1,0,tower_wagon_crew,Tower Wagon,MEDIUM,47,6.1,1,19.4,51.5,0
HIST-BLK-03129,SEC_C02_03,Anakapalle - Tuni,Visakhapatnam,Traction,Insulator Washing & Replacement,105,2026-07-05,Sun,MIDDAY_FREIGHT_GAP,12:03,13:48,723,828,0,0,0,0,1.0,0.93,0,0,tower_wagon_crew,Tower Wagon,CRITICAL,88,11.6,0,0.0,99.0,1
HIST-BLK-03130,SEC_C01_04,Chirala - Ongole,Vijayawada,Engineering,Rail Renewal,255,2026-08-07,Fri,NIGHT_MEGABLOCK,01:00,05:15,60,315,1,1,0,1,9.0,0.53,0,0,track_gang,CSM Tamping Machine,MEDIUM,60,5.3,1,35.6,9.7,0
HIST-BLK-03131,SEC_C02_09,Tadepalligudem - Eluru,Vijayawada,Traction,Cantilever Adjustment,150,2026-07-23,Thu,NIGHT_MEGABLOCK,01:20,03:50,80,230,1,0,1,0,3.0,0.857,0,0,tower_wagon_crew,Tower Wagon,HIGH,78,6.4,1,15.8,77.5,0
HIST-BLK-03132,SEC_C04_03,Tadipatri - Kondapuram,Guntakal,Traction,Power Isolation Maintenance,150,2026-08-30,Sun,PEAK_EVENING,18:00,20:30,1080,1230,4,0,1,3,8.0,0.086,0,0,tower_wagon_crew,Tower Wagon,LOW,37,4.3,4,52.5,5.0,0
HIST-BLK-03133,SEC_C04_07,Razampeta - Koduru,Guntakal,Engineering,Deep Screening Ballast,240,2026-08-23,Sun,NIGHT_MEGABLOCK,01:00,05:00,60,300,1,0,1,0,3.0,0.796,0,0,track_gang,Ballast Regulator,MEDIUM,47,3.1,1,29.7,58.3,0
HIST-BLK-03134,SEC_C03_03,Vinukonda - Donakonda,Guntur,S&T,Track Circuit Testing,75,2026-08-05,Wed,AFTERNOON_SLOT,16:14,17:29,974,1049,0,0,0,0,1.0,0.937,1,1,ST_gang,None / Manual Tools,HIGH,84,10.5,1,21.7,46.3,0
HIST-BLK-03135,SEC_C01_02,Tenali - Bapatla,Vijayawada,Traction,Contact Wire Height Regulation,165,2026-07-25,Sat,PEAK_EVENING,17:51,20:36,1071,1236,2,1,0,2,9.0,0.283,0,0,tower_wagon_crew,Tower Wagon,HIGH,78,10.7,2,43.6,5.0,0
HIST-BLK-03136,SEC_C01_01,Vijayawada - Tenali,Vijayawada,S&T,Interlocking Inspection,105,2026-07-04,Sat,PEAK_MORNING,08:32,10:17,512,617,1,1,0,1,10.0,0.534,0,0,ST_gang,None / Manual Tools,MEDIUM,68,7.8,1,34.9,10.9,0
HIST-BLK-03137,SEC_C02_05,Annavaram - Samalkot,Vijayawada,Traction,Insulator Washing & Replacement,135,2026-07-28,Tue,LATE_NIGHT,21:30,23:45,1290,1425,0,0,0,0,1.0,0.951,0,0,tower_wagon_crew,Tower Wagon,MEDIUM,61,2.6,0,0.0,99.0,1
HIST-BLK-03138,SEC_C02_07,Rajahmundry - Nidadavolu,Vijayawada,Traction,Cantilever Adjustment,150,2026-08-15,Sat,AFTERNOON_SLOT,15:00,17:30,900,1050,0,0,0,0,1.0,0.932,0,1,tower_wagon_crew,Tower Wagon,HIGH,74,5.9,0,0.0,99.0,1
HIST-BLK-03139,SEC_C01_07,Kavali - Nellore,Vijayawada,S&T,Interlocking Inspection,120,2026-08-06,Thu,PEAK_MORNING,07:40,09:40,460,580,1,0,0,1,6.0,0.828,0,0,ST_gang,None / Manual Tools,HIGH,85,5.0,1,16.2,77.4,0
HIST-BLK-03140,SEC_C01_05,Ongole - Singarayakonda,Vijayawada,Traction,Contact Wire Height Regulation,195,2026-08-30,Sun,LATE_NIGHT,21:30,00:45,1290,1485,1,0,1,0,3.0,0.859,0,0,tower_wagon_crew,Tower Wagon,HIGH,79,5.5,1,18.4,74.8,0
HIST-BLK-03141,SEC_C01_07,Kavali - Nellore,Vijayawada,S&T,Axle Counter Replacement,120,2026-08-10,Mon,NIGHT_MEGABLOCK,01:09,03:09,69,189,1,0,1,0,3.0,0.782,1,0,ST_gang,Testing Van,CRITICAL,86,4.7,2,43.5,6.4,0
HIST-BLK-03142,SEC_C04_06,Kadapa - Razampeta,Guntakal,Engineering,Track Maintenance,120,2026-07-08,Wed,PEAK_EVENING,18:01,20:01,1081,1201,4,1,1,3,10.0,0.05,0,1,track_gang,None / Manual Tools,CRITICAL,96,7.9,4,67.1,5.0,0
HIST-BLK-03143,SEC_C04_01,Guntakal - Gooty,Guntakal,Traction,Power Isolation Maintenance,165,2026-08-16,Sun,AFTERNOON_SLOT,15:00,17:45,900,1065,0,0,0,0,1.0,0.957,1,0,tower_wagon_crew,Tower Wagon,MEDIUM,66,11.5,1,19.3,50.7,0
HIST-BLK-03144,SEC_C04_01,Guntakal - Gooty,Guntakal,Engineering,Turnout Overhaul,180,2026-08-28,Fri,AFTERNOON_SLOT,15:00,18:00,900,1080,0,0,0,0,1.0,0.974,1,0,track_gang,CSM Tamping Machine,HIGH,76,5.2,1,25.0,43.8,0
HIST-BLK-03145,SEC_C02_06,Samalkot - Rajahmundry,Vijayawada,Traction,Contact Wire Height Regulation,165,2026-08-24,Mon,PEAK_EVENING,17:45,20:30,1065,1230,1,1,0,1,10.0,0.574,0,0,tower_wagon_crew,Tower Wagon,HIGH,76,8.3,1,37.2,11.4,0
HIST-BLK-03146,SEC_C01_08,Nellore - Gudur,Vijayawada,Traction,Substation Transformer Overhaul,255,2026-07-25,Sat,PEAK_EVENING,17:45,22:00,1065,1320,4,1,1,3,10.0,0.05,0,0,specialist_team,None / Manual Tools,LOW,44,8.1,4,80.1,5.0,0
HIST-BLK-03147,SEC_C02_02,Duvvada - Anakapalle,Visakhapatnam,S&T,Axle Counter Replacement,150,2026-07-05,Sun,LATE_NIGHT,21:30,00:00,1290,1440,0,0,0,0,1.0,0.988,0,1,ST_gang,Testing Van,HIGH,83,6.2,0,0.0,99.0,1
HIST-BLK-03148,SEC_C01_08,Nellore - Gudur,Vijayawada,Traction,Power Isolation Maintenance,180,2026-07-06,Mon,PEAK_EVENING,17:48,20:48,1068,1248,1,0,1,0,3.0,0.859,0,0,tower_wagon_crew,Tower Wagon,LOW,22,2.9,1,17.2,73.8,0
HIST-BLK-03149,SEC_C01_07,Kavali - Nellore,Vijayawada,S&T,Track Circuit Testing,105,2026-07-24,Fri,MIDDAY_FREIGHT_GAP,12:24,14:09,744,849,0,0,0,0,1.0,0.996,0,0,ST_gang,None / Manual Tools,CRITICAL,92,8.7,0,0.0,99.0,1
HIST-BLK-03150,SEC_C01_06,Singarayakonda - Kavali,Vijayawada,Traction,Cantilever Adjustment,120,2026-08-15,Sat,PEAK_MORNING,07:45,09:45,465,585,1,0,1,0,3.0,0.807,1,1,tower_wagon_crew,Tower Wagon,CRITICAL,87,8.4,2,38.1,20.4,0
HIST-BLK-03151,SEC_C03_06,Giddalur - Nandyal,Guntur,S&T,Cable Jointing & OFC,150,2026-07-24,Fri,PEAK_EVENING,18:14,20:44,1094,1244,3,0,1,2,8.0,0.346,0,0,ST_gang,Testing Van,HIGH,71,4.9,3,32.1,23.7,0
HIST-BLK-03152,SEC_C02_02,Duvvada - Anakapalle,Visakhapatnam,Engineering,Turnout Overhaul,150,2026-08-09,Sun,LATE_NIGHT,21:30,00:00,1290,1440,0,0,0,0,1.0,0.99,1,0,track_gang,CSM Tamping Machine,MEDIUM,50,8.2,1,28.0,40.9,0
HIST-BLK-03153,SEC_C04_01,Guntakal - Gooty,Guntakal,S&T,Point Machine Overhaul,90,2026-07-15,Wed,LATE_NIGHT,21:30,23:00,1290,1380,0,0,0,0,1.0,0.982,0,1,ST_gang,Testing Van,LOW,25,6.7,0,0.0,99.0,1
HIST-BLK-03154,SEC_C04_03,Tadipatri - Kondapuram,Guntakal,Engineering,Weld Rectification,75,2026-07-04,Sat,AFTERNOON_SLOT,15:48,17:03,948,1023,1,0,1,0,3.0,0.791,1,0,track_gang,USFD Flaw Detector,LOW,35,6.0,2,37.1,10.9,0
HIST-BLK-03155,SEC_C04_06,Kadapa - Razampeta,Guntakal,Engineering,Rail Renewal,255,2026-07-04,Sat,PEAK_MORNING,07:30,11:45,450,705,1,1,0,1,9.0,0.542,0,0,track_gang,CSM Tamping Machine,HIGH,85,3.6,1,44.6,5.0,0
HIST-BLK-03156,SEC_C01_03,Bapatla - Chirala,Vijayawada,Traction,Insulator Washing & Replacement,120,2026-08-13,Thu,NIGHT_MEGABLOCK,01:35,03:35,95,215,0,0,0,0,1.0,0.969,1,0,tower_wagon_crew,Tower Wagon,MEDIUM,49,6.9,1,15.3,54.9,0
HIST-BLK-03157,SEC_C04_08,Koduru - Renigunta,Guntakal,Traction,Insulator Washing & Replacement,120,2026-08-15,Sat,MIDDAY_FREIGHT_GAP,11:58,13:58,718,838,0,0,0,0,1.0,0.988,1,0,tower_wagon_crew,Tower Wagon,MEDIUM,61,6.3,1,24.3,46.0,0
HIST-BLK-03158,SEC_C04_02,Gooty - Tadipatri,Guntakal,Traction,Substation Transformer Overhaul,240,2026-07-12,Sun,MIDDAY_FREIGHT_GAP,11:30,15:30,690,930,0,0,0,0,1.0,0.999,0,0,specialist_team,None / Manual Tools,LOW,25,10.7,0,0.0,99.0,1
HIST-BLK-03159,SEC_C04_05,Yerraguntla - Kadapa,Guntakal,Engineering,Rail Renewal,240,2026-08-01,Sat,LATE_NIGHT,21:30,01:30,1290,1530,1,1,0,1,10.0,0.563,1,0,track_gang,CSM Tamping Machine,LOW,20,10.4,2,51.1,5.0,0
HIST-BLK-03160,SEC_C01_06,Singarayakonda - Kavali,Vijayawada,Engineering,Rail Renewal,240,2026-07-29,Wed,LATE_NIGHT,21:30,01:30,1290,1530,0,0,0,0,1.0,0.997,0,1,track_gang,CSM Tamping Machine,HIGH,75,4.6,0,0.0,99.0,1
HIST-BLK-03161,SEC_C03_02,Narasaraopet - Vinukonda,Guntur,Traction,Substation Transformer Overhaul,210,2026-08-11,Tue,EARLY_MORNING,04:30,08:00,270,480,0,0,0,0,1.0,0.956,1,0,specialist_team,None / Manual Tools,HIGH,80,8.2,1,25.0,43.5,0
HIST-BLK-03162,SEC_C01_07,Kavali - Nellore,Vijayawada,S&T,Interlocking Inspection,90,2026-08-10,Mon,EARLY_MORNING,05:00,06:30,300,390,0,0,0,0,1.0,0.999,1,0,ST_gang,None / Manual Tools,CRITICAL,89,7.9,1,20.5,48.4,0
HIST-BLK-03163,SEC_C01_05,Ongole - Singarayakonda,Vijayawada,Traction,Power Isolation Maintenance,180,2026-08-21,Fri,AFTERNOON_SLOT,15:00,18:00,900,1080,0,0,0,0,1.0,0.984,0,1,tower_wagon_crew,Tower Wagon,CRITICAL,100,6.0,0,0.0,99.0,1
HIST-BLK-03164,SEC_C02_09,Tadepalligudem - Eluru,Vijayawada,Engineering,Rail Renewal,270,2026-08-21,Fri,AFTERNOON_SLOT,15:00,19:30,900,1170,1,0,0,1,8.0,0.786,0,0,track_gang,CSM Tamping Machine,CRITICAL,98,3.1,1,27.1,63.1,0
HIST-BLK-03165,SEC_C01_05,Ongole - Singarayakonda,Vijayawada,Traction,Substation Transformer Overhaul,225,2026-07-28,Tue,LATE_NIGHT,21:30,01:15,1290,1515,0,0,0,0,1.0,0.968,0,0,specialist_team,None / Manual Tools,CRITICAL,94,8.6,0,0.0,99.0,1
HIST-BLK-03166,SEC_C01_05,Ongole - Singarayakonda,Vijayawada,S&T,Track Circuit Testing,45,2026-07-28,Tue,PEAK_EVENING,19:34,20:19,1174,1219,5,1,1,4,10.0,0.05,0,0,ST_gang,None / Manual Tools,HIGH,74,11.7,5,90.7,5.0,0
HIST-BLK-03167,SEC_C01_02,Tenali - Bapatla,Vijayawada,S&T,Cable Jointing & OFC,165,2026-08-17,Mon,PEAK_MORNING,07:34,10:19,454,619,1,0,0,1,7.0,0.808,0,0,ST_gang,Testing Van,MEDIUM,53,9.0,1,22.1,68.7,0
HIST-BLK-03168,SEC_C04_07,Razampeta - Koduru,Guntakal,Engineering,Rail Renewal,210,2026-07-03,Fri,EARLY_MORNING,04:30,08:00,270,480,2,0,1,1,8.0,0.511,0,0,track_gang,CSM Tamping Machine,CRITICAL,87,5.8,2,35.4,34.2,0
HIST-BLK-03169,SEC_C04_04,Kondapuram - Yerraguntla,Guntakal,Engineering,Turnout Overhaul,210,2026-07-20,Mon,AFTERNOON_SLOT,15:00,18:30,900,1110,0,0,0,0,1.0,0.944,0,0,track_gang,CSM Tamping Machine,LOW,33,7.9,0,0.0,99.0,1
HIST-BLK-03170,SEC_C03_05,Markapur Road - Giddalur,Guntur,Traction,Power Isolation Maintenance,165,2026-07-24,Fri,NIGHT_MEGABLOCK,01:01,03:46,61,226,1,0,1,0,3.0,0.794,0,0,tower_wagon_crew,Tower Wagon,LOW,32,8.0,1,17.6,71.0,0
HIST-BLK-03171,SEC_C04_08,Koduru - Renigunta,Guntakal,Traction,Contact Wire Height Regulation,150,2026-08-04,Tue,PEAK_MORNING,07:48,10:18,468,618,4,0,1,3,7.0,0.113,0,0,tower_wagon_crew,Tower Wagon,HIGH,81,8.8,4,49.7,5.0,0
HIST-BLK-03172,SEC_C01_06,Singarayakonda - Kavali,Vijayawada,Engineering,Weld Rectification,120,2026-07-01,Wed,NIGHT_MEGABLOCK,01:07,03:07,67,187,0,0,0,0,1.0,0.989,0,0,track_gang,USFD Flaw Detector,HIGH,78,5.4,0,0.0,99.0,1
HIST-BLK-03173,SEC_C02_06,Samalkot - Rajahmundry,Vijayawada,Traction,Insulator Washing & Replacement,120,2026-07-24,Fri,LATE_NIGHT,21:37,23:37,1297,1417,1,0,1,0,3.0,0.874,0,1,tower_wagon_crew,Tower Wagon,HIGH,70,6.7,1,15.2,86.3,1
HIST-BLK-03174,SEC_C02_03,Anakapalle - Tuni,Visakhapatnam,S&T,Point Machine Overhaul,120,2026-08-15,Sat,EARLY_MORNING,04:34,06:34,274,394,1,0,0,1,8.0,0.808,1,1,ST_gang,Testing Van,HIGH,74,5.2,2,48.3,5.0,0
HIST-BLK-03175,SEC_C03_03,Vinukonda - Donakonda,Guntur,S&T,Point Machine Overhaul,105,2026-07-01,Wed,MIDDAY_FREIGHT_GAP,11:55,13:40,715,820,0,0,0,0,1.0,0.991,0,0,ST_gang,Testing Van,HIGH,70,8.8,0,0.0,99.0,1
HIST-BLK-03176,SEC_C01_03,Bapatla - Chirala,Vijayawada,S&T,Interlocking Inspection,75,2026-08-09,Sun,PEAK_MORNING,07:35,08:50,455,530,5,0,1,4,7.0,0.128,0,0,ST_gang,None / Manual Tools,HIGH,81,7.6,5,87.1,5.0,0
HIST-BLK-03177,SEC_C01_02,Tenali - Bapatla,Vijayawada,S&T,Point Machine Overhaul,120,2026-08-10,Mon,PEAK_MORNING,08:25,10:25,505,625,1,0,0,1,7.0,0.831,0,0,ST_gang,Testing Van,HIGH,76,5.4,1,19.4,73.0,0
HIST-BLK-03178,SEC_C02_01,Visakhapatnam - Duvvada,Visakhapatnam,S&T,Point Machine Overhaul,75,2026-08-29,Sat,PEAK_EVENING,19:10,20:25,1150,1225,2,0,1,1,8.0,0.567,0,0,ST_gang,Testing Van,CRITICAL,87,8.2,2,28.7,40.5,0
HIST-BLK-03179,SEC_C02_06,Samalkot - Rajahmundry,Vijayawada,S&T,Signal Maintenance,60,2026-08-29,Sat,MIDDAY_FREIGHT_GAP,12:31,13:31,751,811,0,0,0,0,1.0,0.994,0,0,ST_gang,None / Manual Tools,MEDIUM,67,5.9,0,0.0,99.0,1
HIST-BLK-03180,SEC_C01_06,Singarayakonda - Kavali,Vijayawada,Engineering,Sleeper Replacement,195,2026-08-07,Fri,AFTERNOON_SLOT,15:00,18:15,900,1095,1,0,0,1,8.0,0.827,0,0,track_gang,Ballast Regulator,MEDIUM,67,6.8,1,23.1,67.2,0
HIST-BLK-03181,SEC_C01_05,Ongole - Singarayakonda,Vijayawada,Engineering,Deep Screening Ballast,195,2026-08-11,Tue,LATE_NIGHT,21:30,00:45,1290,1485,0,0,0,0,1.0,0.999,0,0,track_gang,Ballast Regulator,LOW,32,8.7,0,0.0,99.0,1
HIST-BLK-03182,SEC_C02_05,Annavaram - Samalkot,Vijayawada,Traction,Contact Wire Height Regulation,180,2026-07-18,Sat,LATE_NIGHT,21:30,00:30,1290,1470,0,0,0,0,1.0,0.929,1,1,tower_wagon_crew,Tower Wagon,MEDIUM,57,1.6,1,29.5,47.0,0
HIST-BLK-03183,SEC_C02_10,Eluru - Vijayawada,Vijayawada,S&T,Track Circuit Testing,105,2026-07-18,Sat,LATE_NIGHT,21:34,23:19,1294,1399,1,0,1,0,3.0,0.839,1,0,ST_gang,None / Manual Tools,MEDIUM,57,6.2,2,47.0,5.0,0
HIST-BLK-03184,SEC_C04_04,Kondapuram - Yerraguntla,Guntakal,Traction,Insulator Washing & Replacement,150,2026-07-13,Mon,AFTERNOON_SLOT,15:00,17:30,900,1050,0,0,0,0,1.0,0.968,0,0,tower_wagon_crew,Tower Wagon,HIGH,71,7.1,0,0.0,99.0,1
HIST-BLK-03185,SEC_C02_02,Duvvada - Anakapalle,Visakhapatnam,Traction,Power Isolation Maintenance,150,2026-07-25,Sat,EARLY_MORNING,04:30,07:00,270,420,1,0,0,1,7.0,0.877,0,0,tower_wagon_crew,Tower Wagon,MEDIUM,68,3.4,1,20.6,71.8,0
HIST-BLK-03186,SEC_C01_07,Kavali - Nellore,Vijayawada,Engineering,Turnout Overhaul,180,2026-08-11,Tue,EARLY_MORNING,04:30,07:30,270,450,1,0,1,0,3.0,0.843,0,0,track_gang,CSM Tamping Machine,HIGH,80,5.9,1,18.8,72.9,0
HIST-BLK-03187,SEC_C04_01,Guntakal - Gooty,Guntakal,Traction,Cantilever Adjustment,120,2026-07-09,Thu,EARLY_MORNING,04:40,06:40,280,400,1,0,0,1,4.0,0.797,0,0,tower_wagon_crew,Tower Wagon,MEDIUM,64,1.5,1,23.7,65.7,0
HIST-BLK-03188,SEC_C04_01,Guntakal - Gooty,Guntakal,Engineering,Weld Rectification,60,2026-07-06,Mon,NIGHT_MEGABLOCK,01:58,02:58,118,178,1,0,1,0,3.0,0.84,0,1,track_gang,USFD Flaw Detector,HIGH,76,9.7,1,15.1,84.3,0
HIST-BLK-03189,SEC_C03_04,Donakonda - Markapur Road,Guntur,Traction,Substation Transformer Overhaul,255,2026-07-19,Sun,PEAK_MORNING,07:30,11:45,450,705,4,1,1,3,10.0,0.05,0,1,specialist_team,None / Manual Tools,CRITICAL,87,10.5,4,80.3,5.0,0
HIST-BLK-03190,SEC_C04_03,Tadipatri - Kondapuram,Guntakal,Engineering,Weld Rectification,75,2026-08-19,Wed,NIGHT_MEGABLOCK,02:31,03:46,151,226,1,0,0,1,4.0,0.839,1,0,track_gang,USFD Flaw Detector,MEDIUM,61,6.9,2,33.3,19.2,0
HIST-BLK-03191,SEC_C04_07,Razampeta - Koduru,Guntakal,Traction,Contact Wire Height Regulation,180,2026-08-19,Wed,MIDDAY_FREIGHT_GAP,11:30,14:30,690,870,0,0,0,0,1.0,0.961,1,1,tower_wagon_crew,Tower Wagon,MEDIUM,50,9.5,1,15.5,65.2,0
HIST-BLK-03192,SEC_C04_07,Razampeta - Koduru,Guntakal,S&T,Axle Counter Replacement,105,2026-08-08,Sat,NIGHT_MEGABLOCK,01:29,03:14,89,194,1,0,1,0,3.0,0.796,0,1,ST_gang,Testing Van,HIGH,84,2.1,1,20.1,67.8,0
HIST-BLK-03193,SEC_C01_05,Ongole - Singarayakonda,Vijayawada,S&T,Interlocking Inspection,60,2026-07-29,Wed,LATE_NIGHT,21:32,22:32,1292,1352,0,0,0,0,1.0,0.976,0,0,ST_gang,None / Manual Tools,LOW,35,7.3,0,0.0,99.0,1
HIST-BLK-03194,SEC_C03_03,Vinukonda - Donakonda,Guntur,Traction,Power Isolation Maintenance,150,2026-07-27,Mon,EARLY_MORNING,04:30,07:00,270,420,2,2,0,2,9.0,0.254,0,0,tower_wagon_crew,Tower Wagon,HIGH,82,3.3,2,72.1,5.0,0
HIST-BLK-03195,SEC_C01_01,Vijayawada - Tenali,Vijayawada,Traction,Cantilever Adjustment,135,2026-07-07,Tue,NIGHT_MEGABLOCK,01:01,03:16,61,196,0,0,0,0,1.0,0.986,0,1,tower_wagon_crew,Tower Wagon,HIGH,75,5.7,0,0.0,99.0,1
HIST-BLK-03196,SEC_C02_02,Duvvada - Anakapalle,Visakhapatnam,Engineering,Weld Rectification,120,2026-07-02,Thu,NIGHT_MEGABLOCK,01:13,03:13,73,193,0,0,0,0,1.0,0.996,0,0,track_gang,USFD Flaw Detector,HIGH,72,2.3,0,0.0,99.0,1
HIST-BLK-03197,SEC_C02_10,Eluru - Vijayawada,Vijayawada,S&T,Interlocking Inspection,90,2026-07-06,Mon,LATE_NIGHT,22:15,23:45,1335,1425,1,0,1,0,3.0,0.82,1,0,ST_gang,None / Manual Tools,LOW,35,1.9,2,40.4,9.9,0
HIST-BLK-03198,SEC_C01_01,Vijayawada - Tenali,Vijayawada,S&T,Cable Jointing & OFC,135,2026-08-14,Fri,PEAK_EVENING,18:41,20:56,1121,1256,2,0,0,2,7.0,0.659,0,1,ST_gang,Testing Van,HIGH,76,5.7,2,26.5,45.5,0
HIST-BLK-03199,SEC_C01_05,Ongole - Singarayakonda,Vijayawada,Engineering,Rail Renewal,255,2026-07-18,Sat,MIDDAY_FREIGHT_GAP,11:30,15:45,690,945,1,0,0,1,8.0,0.874,0,0,track_gang,CSM Tamping Machine,HIGH,71,2.3,1,28.0,61.1,0
HIST-BLK-03200,SEC_C02_06,Samalkot - Rajahmundry,Vijayawada,Engineering,Deep Screening Ballast,195,2026-07-02,Thu,AFTERNOON_SLOT,15:00,18:15,900,1095,0,0,0,0,1.0,0.952,0,1,track_gang,Ballast Regulator,HIGH,74,4.7,0,0.0,99.0,1
HIST-BLK-03201,SEC_C02_05,Annavaram - Samalkot,Vijayawada,S&T,Interlocking Inspection,120,2026-08-13,Thu,MIDDAY_FREIGHT_GAP,11:56,13:56,716,836,0,0,0,0,1.0,0.947,0,0,ST_gang,None / Manual Tools,HIGH,71,8.4,0,0.0,99.0,1
HIST-BLK-03202,SEC_C03_06,Giddalur - Nandyal,Guntur,S&T,Track Circuit Testing,60,2026-07-15,Wed,AFTERNOON_SLOT,15:12,16:12,912,972,0,0,0,0,1.0,0.967,0,1,ST_gang,None / Manual Tools,LOW,20,7.3,0,0.0,99.0,1
HIST-BLK-03203,SEC_C02_02,Duvvada - Anakapalle,Visakhapatnam,Traction,Contact Wire Height Regulation,180,2026-07-24,Fri,NIGHT_MEGABLOCK,01:00,04:00,60,240,1,0,1,0,3.0,0.811,1,0,tower_wagon_crew,Tower Wagon,MEDIUM,65,1.6,2,40.6,8.9,0
HIST-BLK-03204,SEC_C03_06,Giddalur - Nandyal,Guntur,S&T,Interlocking Inspection,120,2026-08-13,Thu,PEAK_EVENING,18:22,20:22,1102,1222,1,0,0,1,6.0,0.819,1,1,ST_gang,None / Manual Tools,MEDIUM,65,2.6,2,44.5,5.0,0
HIST-BLK-03205,SEC_C02_03,Anakapalle - Tuni,Visakhapatnam,Engineering,Track Maintenance,120,2026-07-23,Thu,NIGHT_MEGABLOCK,01:38,03:38,98,218,0,0,0,0,1.0,0.995,1,0,track_gang,None / Manual Tools,CRITICAL,97,10.4,1,26.5,38.8,0
HIST-BLK-03206,SEC_C03_04,Donakonda - Markapur Road,Guntur,Engineering,Deep Screening Ballast,225,2026-08-29,Sat,EARLY_MORNING,04:30,08:15,270,495,0,0,0,0,1.0,0.951,0,0,track_gang,Ballast Regulator,LOW,35,4.4,0,0.0,99.0,1
HIST-BLK-03207,SEC_C04_02,Gooty - Tadipatri,Guntakal,Traction,Power Isolation Maintenance,210,2026-07-10,Fri,PEAK_EVENING,17:45,21:15,1065,1275,4,0,1,3,8.0,0.102,0,0,tower_wagon_crew,Tower Wagon,MEDIUM,68,9.5,4,62.5,5.0,0
HIST-BLK-03208,SEC_C01_01,Vijayawada - Tenali,Vijayawada,Engineering,Track Maintenance,120,2026-08-24,Mon,AFTERNOON_SLOT,15:15,17:15,915,1035,0,0,0,0,1.0,0.926,0,0,track_gang,None / Manual Tools,CRITICAL,89,3.9,0,0.0,99.0,1
HIST-BLK-03209,SEC_C03_01,Guntur - Narasaraopet,Guntur,Engineering,Rail Renewal,240,2026-08-20,Thu,EARLY_MORNING,04:30,08:30,270,510,0,0,0,0,1.0,0.978,0,0,track_gang,CSM Tamping Machine,MEDIUM,68,7.6,0,0.0,99.0,1
HIST-BLK-03210,SEC_C03_01,Guntur - Narasaraopet,Guntur,S&T,Point Machine Overhaul,60,2026-08-25,Tue,PEAK_MORNING,08:16,09:16,496,556,4,1,1,3,10.0,0.05,1,0,ST_gang,Testing Van,LOW,21,1.7,5,93.1,5.0,0
HIST-BLK-03211,SEC_C03_03,Vinukonda - Donakonda,Guntur,S&T,Track Circuit Testing,60,2026-08-21,Fri,MIDDAY_FREIGHT_GAP,12:58,13:58,778,838,0,0,0,0,1.0,0.931,0,1,ST_gang,None / Manual Tools,HIGH,83,9.7,0,0.0,99.0,1
HIST-BLK-03212,SEC_C02_03,Anakapalle - Tuni,Visakhapatnam,S&T,Track Circuit Testing,45,2026-08-11,Tue,AFTERNOON_SLOT,15:14,15:59,914,959,1,1,0,1,9.0,0.556,0,1,ST_gang,None / Manual Tools,HIGH,79,3.6,1,30.9,17.0,0
HIST-BLK-03213,SEC_C04_04,Kondapuram - Yerraguntla,Guntakal,Engineering,Turnout Overhaul,165,2026-07-24,Fri,EARLY_MORNING,04:30,07:15,270,435,0,0,0,0,1.0,0.947,0,1,track_gang,CSM Tamping Machine,LOW,26,4.2,0,0.0,99.0,1
HIST-BLK-03214,SEC_C04_03,Tadipatri - Kondapuram,Guntakal,Engineering,Turnout Overhaul,195,2026-07-02,Thu,AFTERNOON_SLOT,15:00,18:15,900,1095,0,0,0,0,1.0,0.948,0,0,track_gang,CSM Tamping Machine,LOW,35,2.5,0,0.0,99.0,1
HIST-BLK-03215,SEC_C04_05,Yerraguntla - Kadapa,Guntakal,Traction,OHE Inspection,120,2026-08-19,Wed,AFTERNOON_SLOT,15:08,17:08,908,1028,0,0,0,0,1.0,0.964,0,1,tower_wagon_crew,Tower Wagon,MEDIUM,59,9.4,0,0.0,99.0,1
HIST-BLK-03216,SEC_C04_02,Gooty - Tadipatri,Guntakal,Traction,Substation Transformer Overhaul,210,2026-07-02,Thu,LATE_NIGHT,21:30,01:00,1290,1500,0,0,0,0,1.0,0.981,0,0,specialist_team,None / Manual Tools,LOW,25,8.4,0,0.0,99.0,1
HIST-BLK-03217,SEC_C01_07,Kavali - Nellore,Vijayawada,Engineering,Track Maintenance,120,2026-07-19,Sun,MIDDAY_FREIGHT_GAP,11:47,13:47,707,827,0,0,0,0,1.0,0.978,0,0,track_gang,None / Manual Tools,MEDIUM,60,10.1,0,0.0,99.0,1
HIST-BLK-03218,SEC_C03_04,Donakonda - Markapur Road,Guntur,Engineering,Weld Rectification,90,2026-08-28,Fri,PEAK_MORNING,07:37,09:07,457,547,2,0,1,1,8.0,0.545,0,1,track_gang,USFD Flaw Detector,LOW,38,6.4,2,20.8,62.3,0
HIST-BLK-03219,SEC_C02_03,Anakapalle - Tuni,Visakhapatnam,Traction,Contact Wire Height Regulation,150,2026-07-01,Wed,EARLY_MORNING,04:30,07:00,270,420,0,0,0,0,1.0,0.962,0,0,tower_wagon_crew,Tower Wagon,MEDIUM,69,7.1,0,0.0,99.0,1
HIST-BLK-03220,SEC_C03_03,Vinukonda - Donakonda,Guntur,Traction,Cantilever Adjustment,135,2026-07-01,Wed,EARLY_MORNING,04:35,06:50,275,410,1,1,0,1,9.0,0.624,0,0,tower_wagon_crew,Tower Wagon,MEDIUM,68,10.2,1,40.3,5.2,0
HIST-BLK-03221,SEC_C01_03,Bapatla - Chirala,Vijayawada,S&T,Point Machine Overhaul,105,2026-08-24,Mon,EARLY_MORNING,05:08,06:53,308,413,0,0,0,0,1.0,0.982,0,0,ST_gang,Testing Van,LOW,30,6.6,0,0.0,99.0,1
HIST-BLK-03222,SEC_C02_07,Rajahmundry - Nidadavolu,Vijayawada,Engineering,Turnout Overhaul,195,2026-08-27,Thu,AFTERNOON_SLOT,15:00,18:15,900,1095,0,0,0,0,1.0,0.943,0,0,track_gang,CSM Tamping Machine,CRITICAL,92,5.7,0,0.0,99.0,1
HIST-BLK-03223,SEC_C01_05,Ongole - Singarayakonda,Vijayawada,Traction,Substation Transformer Overhaul,210,2026-08-17,Mon,NIGHT_MEGABLOCK,01:00,04:30,60,270,1,0,1,0,3.0,0.813,0,1,specialist_team,None / Manual Tools,MEDIUM,48,5.2,1,23.4,78.5,0
HIST-BLK-03224,SEC_C03_02,Narasaraopet - Vinukonda,Guntur,S&T,Cable Jointing & OFC,150,2026-07-02,Thu,LATE_NIGHT,21:30,00:00,1290,1440,0,0,0,0,1.0,0.995,0,0,ST_gang,Testing Van,LOW,29,6.1,0,0.0,99.0,1
HIST-BLK-03225,SEC_C03_02,Narasaraopet - Vinukonda,Guntur,Engineering,Track Maintenance,150,2026-08-29,Sat,PEAK_EVENING,18:05,20:35,1085,1235,4,0,1,3,8.0,0.141,0,0,track_gang,None / Manual Tools,MEDIUM,59,3.4,4,55.9,5.0,0
HIST-BLK-03226,SEC_C04_07,Razampeta - Koduru,Guntakal,Engineering,Turnout Overhaul,180,2026-08-30,Sun,EARLY_MORNING,04:30,07:30,270,450,1,0,1,0,3.0,0.829,0,0,track_gang,CSM Tamping Machine,CRITICAL,96,7.5,1,26.9,61.4,0
HIST-BLK-03227,SEC_C04_02,Gooty - Tadipatri,Guntakal,S&T,Cable Jointing & OFC,120,2026-08-29,Sat,PEAK_MORNING,07:34,09:34,454,574,1,0,0,1,8.0,0.849,0,0,ST_gang,Testing Van,HIGH,70,8.3,1,16.3,77.7,0
HIST-BLK-03228,SEC_C04_05,Yerraguntla - Kadapa,Guntakal,S&T,Cable Jointing & OFC,165,2026-07-06,Mon,PEAK_EVENING,18:05,20:50,1085,1250,1,0,0,1,7.0,0.855,0,0,ST_gang,Testing Van,CRITICAL,91,7.6,1,21.0,67.4,0
HIST-BLK-03229,SEC_C02_10,Eluru - Vijayawada,Vijayawada,Engineering,Turnout Overhaul,180,2026-08-17,Mon,EARLY_MORNING,04:30,07:30,270,450,0,0,0,0,1.0,0.955,0,0,track_gang,CSM Tamping Machine,MEDIUM,51,2.2,0,0.0,99.0,1
HIST-BLK-03230,SEC_C02_09,Tadepalligudem - Eluru,Vijayawada,Engineering,Rail Renewal,210,2026-07-13,Mon,PEAK_MORNING,07:30,11:00,450,660,2,0,1,1,8.0,0.655,0,0,track_gang,CSM Tamping Machine,HIGH,73,3.0,2,29.0,42.3,0
HIST-BLK-03231,SEC_C03_01,Guntur - Narasaraopet,Guntur,S&T,Axle Counter Replacement,105,2026-07-02,Thu,MIDDAY_FREIGHT_GAP,11:56,13:41,716,821,0,0,0,0,1.0,0.94,0,0,ST_gang,Testing Van,MEDIUM,69,2.8,0,0.0,99.0,1
HIST-BLK-03232,SEC_C03_03,Vinukonda - Donakonda,Guntur,S&T,Axle Counter Replacement,120,2026-07-29,Wed,EARLY_MORNING,04:32,06:32,272,392,1,1,0,1,9.0,0.595,0,0,ST_gang,Testing Van,MEDIUM,61,5.7,1,37.7,7.3,0
HIST-BLK-03233,SEC_C02_10,Eluru - Vijayawada,Vijayawada,Engineering,Weld Rectification,75,2026-07-03,Fri,NIGHT_MEGABLOCK,01:38,02:53,98,173,0,0,0,0,1.0,0.949,0,0,track_gang,USFD Flaw Detector,MEDIUM,48,1.6,0,0.0,99.0,1
HIST-BLK-03234,SEC_C01_04,Chirala - Ongole,Vijayawada,Traction,Cantilever Adjustment,120,2026-08-02,Sun,PEAK_EVENING,17:49,19:49,1069,1189,1,0,1,0,3.0,0.855,0,0,tower_wagon_crew,Tower Wagon,MEDIUM,54,9.0,1,19.6,73.0,0
HIST-BLK-03235,SEC_C04_04,Kondapuram - Yerraguntla,Guntakal,Engineering,Sleeper Replacement,165,2026-07-17,Fri,PEAK_EVENING,17:57,20:42,1077,1242,2,0,1,1,8.0,0.539,1,0,track_gang,Ballast Regulator,MEDIUM,51,8.7,3,52.4,5.0,0
HIST-BLK-03236,SEC_C02_02,Duvvada - Anakapalle,Visakhapatnam,Traction,Substation Transformer Overhaul,225,2026-08-03,Mon,PEAK_EVENING,17:45,21:30,1065,1290,1,0,0,1,4.0,0.88,0,1,specialist_team,None / Manual Tools,HIGH,70,10.9,1,24.5,77.4,0
HIST-BLK-03237,SEC_C02_10,Eluru - Vijayawada,Vijayawada,Traction,OHE Inspection,150,2026-07-06,Mon,MIDDAY_FREIGHT_GAP,11:39,14:09,699,849,0,0,0,0,1.0,0.959,0,1,tower_wagon_crew,Tower Wagon,HIGH,75,8.7,0,0.0,99.0,1
HIST-BLK-03238,SEC_C01_07,Kavali - Nellore,Vijayawada,Engineering,Turnout Overhaul,210,2026-07-31,Fri,PEAK_EVENING,17:45,21:15,1065,1275,1,1,0,1,9.0,0.543,0,0,track_gang,CSM Tamping Machine,MEDIUM,65,7.4,1,32.3,17.1,0
HIST-BLK-03239,SEC_C02_04,Tuni - Annavaram,Vijayawada,S&T,Cable Jointing & OFC,165,2026-08-04,Tue,EARLY_MORNING,04:30,07:15,270,435,1,1,0,1,10.0,0.533,0,1,ST_gang,Testing Van,HIGH,76,2.0,1,35.1,9.4,0
HIST-BLK-03240,SEC_C04_07,Razampeta - Koduru,Guntakal,Traction,Contact Wire Height Regulation,180,2026-07-01,Wed,EARLY_MORNING,04:30,07:30,270,450,1,0,1,0,3.0,0.831,0,0,tower_wagon_crew,Tower Wagon,HIGH,70,8.8,1,19.5,71.3,0
HIST-BLK-03241,SEC_C01_01,Vijayawada - Tenali,Vijayawada,S&T,Cable Jointing & OFC,120,2026-07-16,Thu,AFTERNOON_SLOT,15:02,17:02,902,1022,0,0,0,0,1.0,0.953,0,0,ST_gang,Testing Van,MEDIUM,50,6.2,0,0.0,99.0,1
HIST-BLK-03242,SEC_C03_04,Donakonda - Markapur Road,Guntur,Traction,Insulator Washing & Replacement,105,2026-08-30,Sun,LATE_NIGHT,21:31,23:16,1291,1396,0,0,0,0,1.0,0.991,0,0,tower_wagon_crew,Tower Wagon,LOW,25,6.9,0,0.0,99.0,1
HIST-BLK-03243,SEC_C03_05,Markapur Road - Giddalur,Guntur,Engineering,Weld Rectification,90,2026-07-16,Thu,LATE_NIGHT,21:56,23:26,1316,1406,0,0,0,0,1.0,0.978,1,1,track_gang,USFD Flaw Detector,HIGH,75,4.7,1,22.7,53.3,0
HIST-BLK-03244,SEC_C01_06,Singarayakonda - Kavali,Vijayawada,S&T,Axle Counter Replacement,150,2026-08-23,Sun,LATE_NIGHT,21:30,00:00,1290,1440,0,0,0,0,1.0,0.933,0,0,ST_gang,Testing Van,LOW,42,2.2,0,0.0,99.0,1
HIST-BLK-03245,SEC_C04_01,Guntakal - Gooty,Guntakal,S&T,Signal Maintenance,45,2026-07-18,Sat,PEAK_EVENING,18:04,18:49,1084,1129,3,0,1,2,7.0,0.301,1,0,ST_gang,None / Manual Tools,HIGH,75,9.5,4,53.3,5.0,0
HIST-BLK-03246,SEC_C03_04,Donakonda - Markapur Road,Guntur,S&T,Point Machine Overhaul,75,2026-08-22,Sat,MIDDAY_FREIGHT_GAP,12:39,13:54,759,834,2,0,0,2,6.0,0.616,1,0,ST_gang,Testing Van,MEDIUM,67,9.9,3,44.1,5.0,0
HIST-BLK-03247,SEC_C01_02,Tenali - Bapatla,Vijayawada,Traction,Contact Wire Height Regulation,165,2026-08-09,Sun,PEAK_EVENING,18:06,20:51,1086,1251,2,1,0,2,9.0,0.31,0,0,tower_wagon_crew,Tower Wagon,CRITICAL,89,7.6,2,52.7,5.0,0
HIST-BLK-03248,SEC_C04_03,Tadipatri - Kondapuram,Guntakal,Traction,Insulator Washing & Replacement,120,2026-08-11,Tue,EARLY_MORNING,05:00,07:00,300,420,0,0,0,0,1.0,0.991,0,0,tower_wagon_crew,Tower Wagon,HIGH,77,10.3,0,0.0,99.0,1
HIST-BLK-03249,SEC_C01_06,Singarayakonda - Kavali,Vijayawada,Traction,Cantilever Adjustment,150,2026-07-15,Wed,PEAK_MORNING,07:45,10:15,465,615,1,0,0,1,4.0,0.825,0,1,tower_wagon_crew,Tower Wagon,MEDIUM,61,7.9,1,25.1,74.4,0
HIST-BLK-03250,SEC_C04_03,Tadipatri - Kondapuram,Guntakal,Engineering,Weld Rectification,120,2026-08-29,Sat,LATE_NIGHT,21:36,23:36,1296,1416,0,0,0,0,1.0,0.945,0,0,track_gang,USFD Flaw Detector,LOW,25,11.9,0,0.0,99.0,1
HIST-BLK-03251,SEC_C02_01,Visakhapatnam - Duvvada,Visakhapatnam,S&T,Track Circuit Testing,75,2026-07-01,Wed,EARLY_MORNING,05:14,06:29,314,389,0,0,0,0,1.0,0.987,1,0,ST_gang,None / Manual Tools,HIGH,71,10.0,1,17.6,50.8,0
HIST-BLK-03252,SEC_C01_05,Ongole - Singarayakonda,Vijayawada,S&T,Signal Maintenance,90,2026-07-01,Wed,EARLY_MORNING,04:58,06:28,298,388,0,0,0,0,1.0,0.978,0,1,ST_gang,None / Manual Tools,HIGH,75,10.3,0,0.0,99.0,1
HIST-BLK-03253,SEC_C01_02,Tenali - Bapatla,Vijayawada,S&T,Point Machine Overhaul,90,2026-07-17,Fri,NIGHT_MEGABLOCK,02:20,03:50,140,230,1,0,1,0,3.0,0.841,0,0,ST_gang,Testing Van,MEDIUM,45,4.8,1,13.7,78.5,0
HIST-BLK-03254,SEC_C01_07,Kavali - Nellore,Vijayawada,Traction,Insulator Washing & Replacement,120,2026-08-28,Fri,NIGHT_MEGABLOCK,01:55,03:55,115,235,0,0,0,0,1.0,0.978,0,0,tower_wagon_crew,Tower Wagon,MEDIUM,64,4.0,0,0.0,99.0,1
HIST-BLK-03255,SEC_C01_03,Bapatla - Chirala,Vijayawada,Engineering,Deep Screening Ballast,210,2026-08-20,Thu,PEAK_MORNING,07:30,11:00,450,660,1,0,0,1,4.0,0.839,1,0,track_gang,Ballast Regulator,HIGH,71,5.4,2,41.9,6.5,0
HIST-BLK-03256,SEC_C04_01,Guntakal - Gooty,Guntakal,Engineering,Deep Screening Ballast,195,2026-08-05,Wed,NIGHT_MEGABLOCK,01:00,04:15,60,255,0,0,0,0,1.0,0.975,0,1,track_gang,Ballast Regulator,MEDIUM,66,5.1,0,0.0,99.0,1
HIST-BLK-03257,SEC_C03_04,Donakonda - Markapur Road,Guntur,S&T,Axle Counter Replacement,105,2026-08-03,Mon,PEAK_EVENING,19:05,20:50,1145,1250,4,1,1,3,10.0,0.05,0,0,ST_gang,Testing Van,CRITICAL,86,10.2,4,80.7,5.0,0
HIST-BLK-03258,SEC_C01_05,Ongole - Singarayakonda,Vijayawada,Traction,Cantilever Adjustment,135,2026-07-06,Mon,MIDDAY_FREIGHT_GAP,11:54,14:09,714,849,1,0,0,1,8.0,0.821,0,0,tower_wagon_crew,Tower Wagon,MEDIUM,50,5.5,1,19.4,71.6,0
HIST-BLK-03259,SEC_C01_06,Singarayakonda - Kavali,Vijayawada,S&T,Point Machine Overhaul,75,2026-08-18,Tue,PEAK_EVENING,19:39,20:54,1179,1254,5,0,1,4,8.0,0.099,0,0,ST_gang,Testing Van,HIGH,81,5.5,5,53.3,5.0,0
HIST-BLK-03260,SEC_C02_04,Tuni - Annavaram,Vijayawada,S&T,Signal Maintenance,60,2026-07-13,Mon,EARLY_MORNING,05:37,06:37,337,397,0,0,0,0,1.0,0.964,0,0,ST_gang,None / Manual Tools,MEDIUM,54,6.1,0,0.0,99.0,1
HIST-BLK-03261,SEC_C01_04,Chirala - Ongole,Vijayawada,Traction,Substation Transformer Overhaul,270,2026-08-22,Sat,PEAK_EVENING,17:45,22:15,1065,1335,1,0,1,0,3.0,0.792,0,1,specialist_team,None / Manual Tools,HIGH,80,2.6,1,27.9,68.8,0
HIST-BLK-03262,SEC_C02_07,Rajahmundry - Nidadavolu,Vijayawada,S&T,Interlocking Inspection,90,2026-07-17,Fri,PEAK_MORNING,07:43,09:13,463,553,3,0,1,2,8.0,0.274,0,0,ST_gang,None / Manual Tools,MEDIUM,52,10.6,3,33.2,20.9,0
HIST-BLK-03263,SEC_C02_06,Samalkot - Rajahmundry,Vijayawada,Engineering,Weld Rectification,120,2026-08-14,Fri,PEAK_MORNING,07:48,09:48,468,588,3,0,1,2,7.0,0.387,0,0,track_gang,USFD Flaw Detector,CRITICAL,89,4.9,3,54.9,5.0,0
HIST-BLK-03264,SEC_C01_02,Tenali - Bapatla,Vijayawada,Engineering,Sleeper Replacement,165,2026-07-22,Wed,MIDDAY_FREIGHT_GAP,11:42,14:27,702,867,1,0,0,1,4.0,0.858,0,0,track_gang,Ballast Regulator,LOW,37,2.1,1,22.7,70.1,0
HIST-BLK-03265,SEC_C03_05,Markapur Road - Giddalur,Guntur,S&T,Interlocking Inspection,75,2026-07-29,Wed,PEAK_EVENING,17:54,19:09,1074,1149,4,1,1,3,10.0,0.05,0,0,ST_gang,None / Manual Tools,HIGH,77,11.5,4,91.0,5.0,0
HIST-BLK-03266,SEC_C02_05,Annavaram - Samalkot,Vijayawada,Traction,Power Isolation Maintenance,210,2026-08-30,Sun,EARLY_MORNING,04:30,08:00,270,480,0,0,0,0,1.0,0.942,0,1,tower_wagon_crew,Tower Wagon,MEDIUM,60,5.9,0,0.0,99.0,1
HIST-BLK-03267,SEC_C04_05,Yerraguntla - Kadapa,Guntakal,Traction,OHE Inspection,105,2026-07-02,Thu,LATE_NIGHT,21:49,23:34,1309,1414,0,0,0,0,1.0,0.941,0,0,tower_wagon_crew,Tower Wagon,CRITICAL,88,8.7,0,0.0,99.0,1
HIST-BLK-03268,SEC_C02_06,Samalkot - Rajahmundry,Vijayawada,Traction,Substation Transformer Overhaul,255,2026-07-09,Thu,MIDDAY_FREIGHT_GAP,11:30,15:45,690,945,0,0,0,0,1.0,0.987,0,0,specialist_team,None / Manual Tools,HIGH,78,5.6,0,0.0,99.0,1
HIST-BLK-03269,SEC_C04_04,Kondapuram - Yerraguntla,Guntakal,Traction,Insulator Washing & Replacement,135,2026-07-26,Sun,AFTERNOON_SLOT,15:00,17:15,900,1035,0,0,0,0,1.0,0.962,0,0,tower_wagon_crew,Tower Wagon,HIGH,83,11.9,0,0.0,99.0,1
HIST-BLK-03270,SEC_C02_08,Nidadavolu - Tadepalligudem,Vijayawada,S&T,Interlocking Inspection,60,2026-08-17,Mon,PEAK_EVENING,18:58,19:58,1138,1198,2,0,1,1,8.0,0.547,1,1,ST_gang,None / Manual Tools,HIGH,84,4.7,3,43.2,5.0,0
HIST-BLK-03271,SEC_C01_05,Ongole - Singarayakonda,Vijayawada,Engineering,Weld Rectification,90,2026-07-17,Fri,MIDDAY_FREIGHT_GAP,12:53,14:23,773,863,0,0,0,0,1.0,0.933,0,0,track_gang,USFD Flaw Detector,HIGH,71,10.7,0,0.0,99.0,1
HIST-BLK-03272,SEC_C01_08,Nellore - Gudur,Vijayawada,S&T,Axle Counter Replacement,90,2026-07-16,Thu,MIDDAY_FREIGHT_GAP,12:39,14:09,759,849,0,0,0,0,1.0,0.933,0,0,ST_gang,Testing Van,MEDIUM,45,11.5,0,0.0,99.0,1
HIST-BLK-03273,SEC_C01_08,Nellore - Gudur,Vijayawada,Traction,OHE Inspection,135,2026-08-11,Tue,PEAK_EVENING,18:08,20:23,1088,1223,5,0,1,4,7.0,0.184,1,0,tower_wagon_crew,Tower Wagon,HIGH,70,8.6,6,84.5,5.0,0
HIST-BLK-03274,SEC_C03_03,Vinukonda - Donakonda,Guntur,S&T,Axle Counter Replacement,135,2026-08-29,Sat,MIDDAY_FREIGHT_GAP,12:14,14:29,734,869,0,0,0,0,1.0,0.982,0,1,ST_gang,Testing Van,MEDIUM,57,11.8,0,0.0,99.0,1
HIST-BLK-03275,SEC_C01_05,Ongole - Singarayakonda,Vijayawada,Traction,Contact Wire Height Regulation,165,2026-07-27,Mon,MIDDAY_FREIGHT_GAP,11:44,14:29,704,869,1,0,0,1,8.0,0.853,1,0,tower_wagon_crew,Tower Wagon,LOW,33,9.9,2,44.8,5.8,0
HIST-BLK-03276,SEC_C01_08,Nellore - Gudur,Vijayawada,Engineering,Track Maintenance,105,2026-07-10,Fri,PEAK_EVENING,18:37,20:22,1117,1222,3,1,1,2,10.0,0.164,1,0,track_gang,None / Manual Tools,MEDIUM,54,5.7,4,85.0,5.0,0
HIST-BLK-03277,SEC_C03_03,Vinukonda - Donakonda,Guntur,Engineering,Sleeper Replacement,180,2026-07-18,Sat,LATE_NIGHT,21:30,00:30,1290,1470,1,0,1,0,3.0,0.806,0,1,track_gang,Ballast Regulator,MEDIUM,55,8.4,1,20.8,76.9,0
HIST-BLK-03278,SEC_C01_03,Bapatla - Chirala,Vijayawada,Engineering,Deep Screening Ballast,195,2026-08-25,Tue,AFTERNOON_SLOT,15:00,18:15,900,1095,0,0,0,0,1.0,0.969,1,1,track_gang,Ballast Regulator,LOW,36,1.7,1,25.1,50.6,0
HIST-BLK-03279,SEC_C01_02,Tenali - Bapatla,Vijayawada,S&T,Point Machine Overhaul,90,2026-07-21,Tue,NIGHT_MEGABLOCK,01:36,03:06,96,186,0,0,0,0,1.0,0.952,0,1,ST_gang,Testing Van,HIGH,83,2.3,0,0.0,99.0,1
HIST-BLK-03280,SEC_C02_06,Samalkot - Rajahmundry,Vijayawada,Engineering,Track Maintenance,120,2026-07-09,Thu,LATE_NIGHT,21:39,23:39,1299,1419,1,0,1,0,3.0,0.807,0,0,track_gang,None / Manual Tools,LOW,30,8.7,1,21.0,67.2,0
HIST-BLK-03281,SEC_C04_04,Kondapuram - Yerraguntla,Guntakal,Traction,Contact Wire Height Regulation,150,2026-08-11,Tue,LATE_NIGHT,21:30,00:00,1290,1440,1,0,0,1,8.0,0.797,0,0,tower_wagon_crew,Tower Wagon,HIGH,76,10.2,1,19.9,71.8,0
HIST-BLK-03282,SEC_C03_02,Narasaraopet - Vinukonda,Guntur,Engineering,Track Maintenance,90,2026-08-05,Wed,PEAK_MORNING,08:02,09:32,482,572,4,0,1,3,8.0,0.063,0,1,track_gang,None / Manual Tools,LOW,42,7.5,4,69.8,5.0,0
HIST-BLK-03283,SEC_C03_06,Giddalur - Nandyal,Guntur,Engineering,Deep Screening Ballast,210,2026-07-19,Sun,NIGHT_MEGABLOCK,01:00,04:30,60,270,1,0,1,0,3.0,0.788,0,0,track_gang,Ballast Regulator,HIGH,85,8.2,1,22.2,65.3,0
HIST-BLK-03284,SEC_C02_09,Tadepalligudem - Eluru,Vijayawada,Traction,Contact Wire Height Regulation,180,2026-08-14,Fri,PEAK_MORNING,07:30,10:30,450,630,1,0,1,0,3.0,0.808,0,0,tower_wagon_crew,Tower Wagon,MEDIUM,49,3.8,1,24.6,63.5,0
HIST-BLK-03285,SEC_C04_03,Tadipatri - Kondapuram,Guntakal,S&T,Cable Jointing & OFC,135,2026-07-28,Tue,PEAK_MORNING,07:49,10:04,469,604,2,1,1,1,10.0,0.358,0,0,ST_gang,Testing Van,MEDIUM,61,6.9,2,56.9,5.0,0
HIST-BLK-03286,SEC_C03_04,Donakonda - Markapur Road,Guntur,Engineering,Rail Renewal,270,2026-07-17,Fri,LATE_NIGHT,21:30,02:00,1290,1560,1,0,1,0,3.0,0.843,1,0,track_gang,CSM Tamping Machine,LOW,33,8.5,2,51.9,5.0,0
HIST-BLK-03287,SEC_C01_06,Singarayakonda - Kavali,Vijayawada,Engineering,Weld Rectification,90,2026-08-15,Sat,MIDDAY_FREIGHT_GAP,12:12,13:42,732,822,0,0,0,0,1.0,0.988,0,0,track_gang,USFD Flaw Detector,HIGH,78,4.4,0,0.0,99.0,1
HIST-BLK-03288,SEC_C03_03,Vinukonda - Donakonda,Guntur,Engineering,Rail Renewal,270,2026-08-26,Wed,AFTERNOON_SLOT,15:00,19:30,900,1170,0,0,0,0,1.0,0.991,1,0,track_gang,CSM Tamping Machine,CRITICAL,90,11.3,1,26.5,40.6,0
HIST-BLK-03289,SEC_C03_05,Markapur Road - Giddalur,Guntur,Engineering,Turnout Overhaul,150,2026-07-26,Sun,AFTERNOON_SLOT,15:00,17:30,900,1050,0,0,0,0,1.0,0.922,1,0,track_gang,CSM Tamping Machine,MEDIUM,58,9.7,1,20.2,47.7,0
HIST-BLK-03290,SEC_C02_06,Samalkot - Rajahmundry,Vijayawada,Traction,Contact Wire Height Regulation,165,2026-07-22,Wed,EARLY_MORNING,04:30,07:15,270,435,1,0,0,1,6.0,0.859,0,0,tower_wagon_crew,Tower Wagon,HIGH,80,3.9,1,23.9,67.9,0
HIST-BLK-03291,SEC_C02_10,Eluru - Vijayawada,Vijayawada,Engineering,Weld Rectification,60,2026-08-14,Fri,PEAK_MORNING,08:02,09:02,482,542,2,1,1,1,10.0,0.428,0,1,track_gang,USFD Flaw Detector,MEDIUM,68,5.2,2,61.4,5.0,0
HIST-BLK-03292,SEC_C02_08,Nidadavolu - Tadepalligudem,Vijayawada,Engineering,Rail Renewal,270,2026-07-13,Mon,AFTERNOON_SLOT,15:00,19:30,900,1170,0,0,0,0,1.0,0.922,0,0,track_gang,CSM Tamping Machine,CRITICAL,98,8.1,0,0.0,99.0,1
HIST-BLK-03293,SEC_C02_03,Anakapalle - Tuni,Visakhapatnam,S&T,Point Machine Overhaul,60,2026-08-27,Thu,PEAK_MORNING,08:57,09:57,537,597,1,0,0,1,8.0,0.816,0,0,ST_gang,Testing Van,MEDIUM,67,11.9,1,19.2,73.2,0
HIST-BLK-03294,SEC_C03_02,Narasaraopet - Vinukonda,Guntur,Traction,Contact Wire Height Regulation,180,2026-07-25,Sat,LATE_NIGHT,21:30,00:30,1290,1470,0,0,0,0,1.0,0.994,0,0,tower_wagon_crew,Tower Wagon,MEDIUM,52,7.7,0,0.0,99.0,1
HIST-BLK-03295,SEC_C03_01,Guntur - Narasaraopet,Guntur,Engineering,Track Maintenance,90,2026-08-07,Fri,PEAK_EVENING,18:29,19:59,1109,1199,2,0,1,1,8.0,0.637,0,0,track_gang,None / Manual Tools,MEDIUM,61,7.1,2,37.6,34.5,0
HIST-BLK-03296,SEC_C03_04,Donakonda - Markapur Road,Guntur,S&T,Point Machine Overhaul,120,2026-08-25,Tue,LATE_NIGHT,21:37,23:37,1297,1417,0,0,0,0,1.0,0.961,1,0,ST_gang,Testing Van,CRITICAL,99,6.0,1,20.4,48.5,0
HIST-BLK-03297,SEC_C03_01,Guntur - Narasaraopet,Guntur,S&T,Cable Jointing & OFC,180,2026-08-16,Sun,NIGHT_MEGABLOCK,01:00,04:00,60,240,0,0,0,0,1.0,0.98,1,0,ST_gang,Testing Van,HIGH,83,9.3,1,24.6,40.6,0
HIST-BLK-03298,SEC_C02_06,Samalkot - Rajahmundry,Vijayawada,Engineering,Sleeper Replacement,150,2026-08-30,Sun,AFTERNOON_SLOT,15:00,17:30,900,1050,0,0,0,0,1.0,0.985,0,0,track_gang,Ballast Regulator,MEDIUM,56,2.1,0,0.0,99.0,1
HIST-BLK-03299,SEC_C01_03,Bapatla - Chirala,Vijayawada,Traction,Power Isolation Maintenance,150,2026-08-01,Sat,PEAK_MORNING,07:58,10:28,478,628,1,0,0,1,4.0,0.878,0,0,tower_wagon_crew,Tower Wagon,LOW,21,7.6,1,16.0,76.2,0
HIST-BLK-03300,SEC_C03_01,Guntur - Narasaraopet,Guntur,Engineering,Weld Rectification,60,2026-08-10,Mon,MIDDAY_FREIGHT_GAP,13:15,14:15,795,855,0,0,0,0,1.0,0.941,0,1,track_gang,USFD Flaw Detector,MEDIUM,60,3.3,0,0.0,99.0,1
HIST-BLK-03301,SEC_C02_09,Tadepalligudem - Eluru,Vijayawada,S&T,Signal Maintenance,90,2026-07-31,Fri,EARLY_MORNING,05:10,06:40,310,400,0,0,0,0,1.0,0.928,1,1,ST_gang,None / Manual Tools,HIGH,70,9.5,1,26.4,39.8,0
HIST-BLK-03302,SEC_C02_04,Tuni - Annavaram,Vijayawada,Traction,Substation Transformer Overhaul,270,2026-07-05,Sun,PEAK_EVENING,17:45,22:15,1065,1335,5,0,1,4,8.0,0.189,0,0,specialist_team,None / Manual Tools,LOW,22,5.6,5,86.6,5.0,0
HIST-BLK-03303,SEC_C01_05,Ongole - Singarayakonda,Vijayawada,Engineering,Sleeper Replacement,210,2026-08-06,Thu,EARLY_MORNING,04:30,08:00,270,480,1,0,0,1,7.0,0.815,0,0,track_gang,Ballast Regulator,HIGH,83,8.9,1,23.9,63.7,0
HIST-BLK-03304,SEC_C02_05,Annavaram - Samalkot,Vijayawada,Engineering,Deep Screening Ballast,180,2026-07-05,Sun,PEAK_EVENING,17:57,20:57,1077,1257,2,0,1,1,7.0,0.532,1,0,track_gang,Ballast Regulator,HIGH,71,4.6,3,61.8,5.0,0
HIST-BLK-03305,SEC_C02_10,Eluru - Vijayawada,Vijayawada,Engineering,Track Maintenance,135,2026-07-25,Sat,NIGHT_MEGABLOCK,01:18,03:33,78,213,1,0,1,0,3.0,0.866,0,1,track_gang,None / Manual Tools,HIGH,82,10.4,1,17.8,85.6,1
HIST-BLK-03306,SEC_C02_09,Tadepalligudem - Eluru,Vijayawada,S&T,Axle Counter Replacement,90,2026-07-03,Fri,MIDDAY_FREIGHT_GAP,11:36,13:06,696,786,0,0,0,0,1.0,0.983,0,0,ST_gang,Testing Van,CRITICAL,93,11.0,0,0.0,99.0,1
HIST-BLK-03307,SEC_C02_03,Anakapalle - Tuni,Visakhapatnam,Engineering,Rail Renewal,210,2026-08-04,Tue,NIGHT_MEGABLOCK,01:00,04:30,60,270,1,0,1,0,3.0,0.826,0,0,track_gang,CSM Tamping Machine,MEDIUM,45,8.0,1,27.9,61.2,0
HIST-BLK-03308,SEC_C01_03,Bapatla - Chirala,Vijayawada,Traction,OHE Inspection,150,2026-07-07,Tue,MIDDAY_FREIGHT_GAP,11:31,14:01,691,841,0,0,0,0,1.0,0.979,0,0,tower_wagon_crew,Tower Wagon,MEDIUM,53,6.0,0,0.0,99.0,1
HIST-BLK-03309,SEC_C03_06,Giddalur - Nandyal,Guntur,S&T,Track Circuit Testing,75,2026-08-07,Fri,NIGHT_MEGABLOCK,01:28,02:43,88,163,0,0,0,0,1.0,0.938,0,0,ST_gang,None / Manual Tools,MEDIUM,68,9.1,0,0.0,99.0,1
HIST-BLK-03310,SEC_C04_08,Koduru - Renigunta,Guntakal,Traction,OHE Inspection,90,2026-08-22,Sat,AFTERNOON_SLOT,15:48,17:18,948,1038,0,0,0,0,1.0,0.969,0,0,tower_wagon_crew,Tower Wagon,MEDIUM,65,6.6,0,0.0,99.0,1
HIST-BLK-03311,SEC_C04_02,Gooty - Tadipatri,Guntakal,S&T,Point Machine Overhaul,75,2026-08-19,Wed,NIGHT_MEGABLOCK,02:08,03:23,128,203,1,0,1,0,3.0,0.812,0,1,ST_gang,Testing Van,HIGH,78,7.9,1,17.2,71.2,0
HIST-BLK-03312,SEC_C04_06,Kadapa - Razampeta,Guntakal,Engineering,Track Maintenance,90,2026-07-10,Fri,MIDDAY_FREIGHT_GAP,12:29,13:59,749,839,0,0,0,0,1.0,0.948,0,0,track_gang,None / Manual Tools,HIGH,81,8.0,0,0.0,99.0,1
HIST-BLK-03313,SEC_C01_06,Singarayakonda - Kavali,Vijayawada,S&T,Point Machine Overhaul,105,2026-07-09,Thu,PEAK_MORNING,07:40,09:25,460,565,1,0,0,1,4.0,0.79,0,0,ST_gang,Testing Van,LOW,24,2.1,1,21.7,67.0,0
HIST-BLK-03314,SEC_C02_03,Anakapalle - Tuni,Visakhapatnam,Engineering,Sleeper Replacement,165,2026-07-25,Sat,EARLY_MORNING,04:30,07:15,270,435,1,0,0,1,8.0,0.849,0,1,track_gang,Ballast Regulator,LOW,37,11.4,1,25.4,74.8,0
HIST-BLK-03315,SEC_C01_01,Vijayawada - Tenali,Vijayawada,Traction,Substation Transformer Overhaul,255,2026-08-15,Sat,MIDDAY_FREIGHT_GAP,11:30,15:45,690,945,0,0,0,0,1.0,0.99,0,0,specialist_team,None / Manual Tools,CRITICAL,88,4.7,0,0.0,99.0,1
HIST-BLK-03316,SEC_C02_07,Rajahmundry - Nidadavolu,Vijayawada,Engineering,Sleeper Replacement,180,2026-08-13,Thu,LATE_NIGHT,21:30,00:30,1290,1470,1,0,0,1,4.0,0.858,1,1,track_gang,Ballast Regulator,LOW,24,2.6,2,37.6,23.4,0
HIST-BLK-03317,SEC_C01_07,Kavali - Nellore,Vijayawada,Traction,Contact Wire Height Regulation,180,2026-08-27,Thu,MIDDAY_FREIGHT_GAP,11:30,14:30,690,870,0,0,0,0,1.0,0.998,1,1,tower_wagon_crew,Tower Wagon,LOW,24,5.9,1,18.0,62.1,0
HIST-BLK-03318,SEC_C01_08,Nellore - Gudur,Vijayawada,Engineering,Track Maintenance,120,2026-08-18,Tue,NIGHT_MEGABLOCK,01:59,03:59,119,239,0,0,0,0,1.0,0.953,0,0,track_gang,None / Manual Tools,MEDIUM,53,4.7,0,0.0,99.0,1
HIST-BLK-03319,SEC_C02_08,Nidadavolu - Tadepalligudem,Vijayawada,S&T,Interlocking Inspection,90,2026-07-28,Tue,AFTERNOON_SLOT,15:36,17:06,936,1026,0,0,0,0,1.0,0.947,0,0,ST_gang,None / Manual Tools,MEDIUM,54,4.8,0,0.0,99.0,1
HIST-BLK-03320,SEC_C04_01,Guntakal - Gooty,Guntakal,Traction,Insulator Washing & Replacement,135,2026-08-10,Mon,PEAK_EVENING,18:16,20:31,1096,1231,5,0,1,4,7.0,0.152,0,0,tower_wagon_crew,Tower Wagon,MEDIUM,47,1.9,5,83.0,5.0,0
HIST-BLK-03321,SEC_C02_08,Nidadavolu - Tadepalligudem,Vijayawada,Traction,Contact Wire Height Regulation,210,2026-08-23,Sun,NIGHT_MEGABLOCK,01:00,04:30,60,270,1,0,1,0,3.0,0.79,0,0,tower_wagon_crew,Tower Wagon,MEDIUM,45,8.3,1,19.1,70.6,0
HIST-BLK-03322,SEC_C01_05,Ongole - Singarayakonda,Vijayawada,S&T,Cable Jointing & OFC,120,2026-08-09,Sun,AFTERNOON_SLOT,15:30,17:30,930,1050,0,0,0,0,1.0,0.95,0,0,ST_gang,Testing Van,MEDIUM,68,8.3,0,0.0,99.0,1
HIST-BLK-03323,SEC_C04_08,Koduru - Renigunta,Guntakal,Engineering,Rail Renewal,270,2026-08-07,Fri,MIDDAY_FREIGHT_GAP,11:30,16:00,690,960,1,0,0,1,8.0,0.788,0,0,track_gang,CSM Tamping Machine,CRITICAL,96,8.9,1,28.4,60.3,0
HIST-BLK-03324,SEC_C02_07,Rajahmundry - Nidadavolu,Vijayawada,Engineering,Weld Rectification,90,2026-07-06,Mon,MIDDAY_FREIGHT_GAP,11:46,13:16,706,796,0,0,0,0,1.0,0.994,0,0,track_gang,USFD Flaw Detector,LOW,38,9.6,0,0.0,99.0,1
HIST-BLK-03325,SEC_C01_06,Singarayakonda - Kavali,Vijayawada,S&T,Cable Jointing & OFC,180,2026-08-16,Sun,MIDDAY_FREIGHT_GAP,11:30,14:30,690,870,0,0,0,0,1.0,0.952,1,0,ST_gang,Testing Van,MEDIUM,51,7.1,1,20.3,45.6,0
HIST-BLK-03326,SEC_C02_06,Samalkot - Rajahmundry,Vijayawada,S&T,Point Machine Overhaul,90,2026-08-22,Sat,AFTERNOON_SLOT,15:13,16:43,913,1003,0,0,0,0,1.0,0.953,0,0,ST_gang,Testing Van,HIGH,71,6.7,0,0.0,99.0,1
HIST-BLK-03327,SEC_C02_08,Nidadavolu - Tadepalligudem,Vijayawada,S&T,Axle Counter Replacement,105,2026-07-19,Sun,PEAK_EVENING,18:18,20:03,1098,1203,2,0,1,1,8.0,0.57,0,0,ST_gang,Testing Van,CRITICAL,94,1.7,2,29.4,42.1,0
HIST-BLK-03328,SEC_C02_01,Visakhapatnam - Duvvada,Visakhapatnam,Traction,Substation Transformer Overhaul,225,2026-07-09,Thu,MIDDAY_FREIGHT_GAP,11:30,15:15,690,915,0,0,0,0,1.0,0.962,0,0,specialist_team,None / Manual Tools,MEDIUM,61,11.5,0,0.0,99.0,1
HIST-BLK-03329,SEC_C03_04,Donakonda - Markapur Road,Guntur,Engineering,Sleeper Replacement,210,2026-07-11,Sat,AFTERNOON_SLOT,15:00,18:30,900,1110,2,0,1,1,4.0,0.628,0,0,track_gang,Ballast Regulator,CRITICAL,90,3.1,2,29.3,43.3,0
HIST-BLK-03330,SEC_C02_06,Samalkot - Rajahmundry,Vijayawada,Engineering,Track Maintenance,105,2026-07-22,Wed,AFTERNOON_SLOT,15:06,16:51,906,1011,0,0,0,0,1.0,0.93,0,0,track_gang,None / Manual Tools,MEDIUM,62,5.7,0,0.0,99.0,1
HIST-BLK-03331,SEC_C02_09,Tadepalligudem - Eluru,Vijayawada,Engineering,Weld Rectification,90,2026-08-25,Tue,PEAK_EVENING,18:17,19:47,1097,1187,4,0,1,3,8.0,0.114,1,0,track_gang,USFD Flaw Detector,MEDIUM,69,7.9,5,77.1,5.0,0
HIST-BLK-03332,SEC_C04_03,Tadipatri - Kondapuram,Guntakal,Traction,Power Isolation Maintenance,150,2026-07-31,Fri,PEAK_MORNING,07:32,10:02,452,602,5,1,1,4,10.0,0.05,0,0,tower_wagon_crew,Tower Wagon,MEDIUM,65,8.2,5,70.7,5.0,0
HIST-BLK-03333,SEC_C01_02,Tenali - Bapatla,Vijayawada,S&T,Axle Counter Replacement,120,2026-08-13,Thu,PEAK_MORNING,08:15,10:15,495,615,2,0,1,1,8.0,0.556,1,0,ST_gang,Testing Van,HIGH,79,4.1,3,47.1,5.0,0
HIST-BLK-03334,SEC_C02_08,Nidadavolu - Tadepalligudem,Vijayawada,Engineering,Rail Renewal,255,2026-07-19,Sun,AFTERNOON_SLOT,15:00,19:15,900,1155,0,0,0,0,1.0,0.934,0,0,track_gang,CSM Tamping Machine,LOW,24,4.5,0,0.0,99.0,1
HIST-BLK-03335,SEC_C01_08,Nellore - Gudur,Vijayawada,S&T,Signal Maintenance,90,2026-07-13,Mon,PEAK_MORNING,08:01,09:31,481,571,4,1,1,3,10.0,0.05,0,0,ST_gang,None / Manual Tools,MEDIUM,54,2.5,4,79.9,5.0,0
HIST-BLK-03336,SEC_C01_07,Kavali - Nellore,Vijayawada,S&T,Cable Jointing & OFC,150,2026-08-25,Tue,EARLY_MORNING,04:30,07:00,270,420,1,0,1,0,3.0,0.837,0,0,ST_gang,Testing Van,MEDIUM,47,6.8,1,22.0,70.5,0
HIST-BLK-03337,SEC_C03_03,Vinukonda - Donakonda,Guntur,Traction,Cantilever Adjustment,150,2026-08-05,Wed,PEAK_EVENING,17:45,20:15,1065,1215,2,1,1,1,10.0,0.335,0,0,tower_wagon_crew,Tower Wagon,CRITICAL,93,11.1,2,46.9,5.0,0
HIST-BLK-03338,SEC_C01_01,Vijayawada - Tenali,Vijayawada,Traction,OHE Inspection,150,2026-07-29,Wed,PEAK_MORNING,07:38,10:08,458,608,1,0,1,0,3.0,0.829,1,0,tower_wagon_crew,Tower Wagon,LOW,28,8.4,2,42.8,8.1,0
HIST-BLK-03339,SEC_C02_03,Anakapalle - Tuni,Visakhapatnam,Engineering,Weld Rectification,120,2026-07-03,Fri,LATE_NIGHT,21:42,23:42,1302,1422,0,0,0,0,1.0,0.928,0,0,track_gang,USFD Flaw Detector,MEDIUM,57,1.8,0,0.0,99.0,1
HIST-BLK-03340,SEC_C02_08,Nidadavolu - Tadepalligudem,Vijayawada,S&T,Axle Counter Replacement,120,2026-07-21,Tue,EARLY_MORNING,04:56,06:56,296,416,0,0,0,0,1.0,0.953,0,0,ST_gang,Testing Van,HIGH,84,11.3,0,0.0,99.0,1
HIST-BLK-03341,SEC_C04_01,Guntakal - Gooty,Guntakal,S&T,Axle Counter Replacement,105,2026-07-27,Mon,NIGHT_MEGABLOCK,01:01,02:46,61,166,0,0,0,0,1.0,0.949,0,0,ST_gang,Testing Van,MEDIUM,66,9.6,0,0.0,99.0,1
HIST-BLK-03342,SEC_C01_01,Vijayawada - Tenali,Vijayawada,Traction,Power Isolation Maintenance,150,2026-07-01,Wed,PEAK_MORNING,07:59,10:29,479,629,3,0,1,2,7.0,0.359,0,0,tower_wagon_crew,Tower Wagon,HIGH,85,8.4,3,50.3,5.0,0
HIST-BLK-03343,SEC_C02_05,Annavaram - Samalkot,Vijayawada,Engineering,Sleeper Replacement,150,2026-07-04,Sat,LATE_NIGHT,21:30,00:00,1290,1440,0,0,0,0,1.0,0.992,0,1,track_gang,Ballast Regulator,HIGH,75,8.9,0,0.0,99.0,1
HIST-BLK-03344,SEC_C04_02,Gooty - Tadipatri,Guntakal,Engineering,Track Maintenance,120,2026-07-18,Sat,NIGHT_MEGABLOCK,01:22,03:22,82,202,0,0,0,0,1.0,0.976,1,1,track_gang,None / Manual Tools,LOW,37,9.7,1,28.4,48.2,0
HIST-BLK-03345,SEC_C02_01,Visakhapatnam - Duvvada,Visakhapatnam,Traction,Substation Transformer Overhaul,225,2026-08-23,Sun,LATE_NIGHT,21:30,01:15,1290,1515,0,0,0,0,1.0,0.945,0,0,specialist_team,None / Manual Tools,MEDIUM,49,5.0,0,0.0,99.0,1
HIST-BLK-03346,SEC_C02_08,Nidadavolu - Tadepalligudem,Vijayawada,S&T,Interlocking Inspection,75,2026-08-15,Sat,MIDDAY_FREIGHT_GAP,11:55,13:10,715,790,0,0,0,0,1.0,0.965,0,0,ST_gang,None / Manual Tools,MEDIUM,65,8.4,0,0.0,99.0,1
HIST-BLK-03347,SEC_C03_05,Markapur Road - Giddalur,Guntur,Traction,OHE Inspection,90,2026-08-09,Sun,EARLY_MORNING,05:19,06:49,319,409,0,0,0,0,1.0,0.982,0,0,tower_wagon_crew,Tower Wagon,HIGH,77,6.8,0,0.0,99.0,1
HIST-BLK-03348,SEC_C02_02,Duvvada - Anakapalle,Visakhapatnam,Traction,Substation Transformer Overhaul,225,2026-07-17,Fri,MIDDAY_FREIGHT_GAP,11:30,15:15,690,915,0,0,0,0,1.0,0.972,1,0,specialist_team,None / Manual Tools,MEDIUM,64,8.5,1,15.4,53.1,0
HIST-BLK-03349,SEC_C04_08,Koduru - Renigunta,Guntakal,S&T,Point Machine Overhaul,60,2026-08-14,Fri,PEAK_EVENING,18:23,19:23,1103,1163,5,1,1,4,10.0,0.05,1,0,ST_gang,Testing Van,MEDIUM,69,8.6,6,118.1,5.0,0
HIST-BLK-03350,SEC_C03_03,Vinukonda - Donakonda,Guntur,Traction,Substation Transformer Overhaul,225,2026-08-11,Tue,NIGHT_MEGABLOCK,01:00,04:45,60,285,1,0,1,0,3.0,0.84,0,0,specialist_team,None / Manual Tools,LOW,39,4.4,1,27.8,63.6,0
HIST-BLK-03351,SEC_C01_06,Singarayakonda - Kavali,Vijayawada,Engineering,Weld Rectification,105,2026-07-08,Wed,MIDDAY_FREIGHT_GAP,11:50,13:35,710,815,0,0,0,0,1.0,0.961,0,0,track_gang,USFD Flaw Detector,HIGH,79,7.7,0,0.0,99.0,1
HIST-BLK-03352,SEC_C01_03,Bapatla - Chirala,Vijayawada,Traction,Power Isolation Maintenance,180,2026-07-12,Sun,AFTERNOON_SLOT,15:00,18:00,900,1080,0,0,0,0,1.0,0.993,0,0,tower_wagon_crew,Tower Wagon,MEDIUM,57,1.7,0,0.0,99.0,1
HIST-BLK-03353,SEC_C02_04,Tuni - Annavaram,Vijayawada,Engineering,Track Maintenance,135,2026-08-10,Mon,PEAK_EVENING,17:46,20:01,1066,1201,4,0,1,3,7.0,0.062,0,0,track_gang,None / Manual Tools,LOW,29,8.4,4,78.5,5.0,0
HIST-BLK-03354,SEC_C02_02,Duvvada - Anakapalle,Visakhapatnam,Traction,Insulator Washing & Replacement,105,2026-07-22,Wed,PEAK_MORNING,08:17,10:02,497,602,1,0,0,1,4.0,0.867,0,0,tower_wagon_crew,Tower Wagon,HIGH,70,6.0,1,19.2,69.9,0
HIST-BLK-03355,SEC_C01_07,Kavali - Nellore,Vijayawada,S&T,Cable Jointing & OFC,180,2026-08-05,Wed,NIGHT_MEGABLOCK,01:00,04:00,60,240,1,0,1,0,3.0,0.801,0,0,ST_gang,Testing Van,LOW,28,8.3,1,23.8,66.9,0
HIST-BLK-03356,SEC_C01_03,Bapatla - Chirala,Vijayawada,Engineering,Turnout Overhaul,180,2026-07-08,Wed,AFTERNOON_SLOT,15:00,18:00,900,1080,0,0,0,0,1.0,0.975,0,0,track_gang,CSM Tamping Machine,HIGH,84,4.3,0,0.0,99.0,1
HIST-BLK-03357,SEC_C03_06,Giddalur - Nandyal,Guntur,S&T,Cable Jointing & OFC,150,2026-08-27,Thu,EARLY_MORNING,04:30,07:00,270,420,0,0,0,0,1.0,0.987,0,0,ST_gang,Testing Van,MEDIUM,60,11.5,0,0.0,99.0,1
HIST-BLK-03358,SEC_C02_06,Samalkot - Rajahmundry,Vijayawada,S&T,Axle Counter Replacement,105,2026-08-12,Wed,AFTERNOON_SLOT,15:38,17:23,938,1043,0,0,0,0,1.0,0.922,1,0,ST_gang,Testing Van,MEDIUM,66,10.2,1,18.7,49.7,0
HIST-BLK-03359,SEC_C03_02,Narasaraopet - Vinukonda,Guntur,Traction,Substation Transformer Overhaul,210,2026-08-02,Sun,NIGHT_MEGABLOCK,01:00,04:30,60,270,0,0,0,0,1.0,0.991,1,1,specialist_team,None / Manual Tools,CRITICAL,96,4.8,1,28.0,49.1,0
HIST-BLK-03360,SEC_C03_05,Markapur Road - Giddalur,Guntur,S&T,Point Machine Overhaul,75,2026-08-19,Wed,LATE_NIGHT,21:57,23:12,1317,1392,0,0,0,0,1.0,0.982,0,0,ST_gang,Testing Van,MEDIUM,61,11.6,0,0.0,99.0,1
HIST-BLK-03361,SEC_C03_05,Markapur Road - Giddalur,Guntur,S&T,Point Machine Overhaul,90,2026-08-02,Sun,MIDDAY_FREIGHT_GAP,12:41,14:11,761,851,1,0,1,0,3.0,0.812,1,0,ST_gang,Testing Van,HIGH,81,9.5,2,44.7,5.0,0
HIST-BLK-03362,SEC_C02_03,Anakapalle - Tuni,Visakhapatnam,Traction,Contact Wire Height Regulation,180,2026-08-25,Tue,AFTERNOON_SLOT,15:00,18:00,900,1080,1,1,0,1,9.0,0.577,1,0,tower_wagon_crew,Tower Wagon,HIGH,71,4.2,2,50.5,5.0,0
HIST-BLK-03363,SEC_C03_05,Markapur Road - Giddalur,Guntur,Engineering,Weld Rectification,90,2026-08-10,Mon,PEAK_EVENING,18:50,20:20,1130,1220,4,1,1,3,10.0,0.05,0,0,track_gang,USFD Flaw Detector,MEDIUM,67,5.0,4,75.6,5.0,0
HIST-BLK-03364,SEC_C01_03,Bapatla - Chirala,Vijayawada,S&T,Interlocking Inspection,90,2026-08-11,Tue,NIGHT_MEGABLOCK,01:08,02:38,68,158,0,0,0,0,1.0,0.967,0,0,ST_gang,None / Manual Tools,MEDIUM,51,10.7,0,0.0,99.0,1
HIST-BLK-03365,SEC_C03_05,Markapur Road - Giddalur,Guntur,S&T,Interlocking Inspection,90,2026-07-11,Sat,EARLY_MORNING,05:06,06:36,306,396,0,0,0,0,1.0,0.962,0,0,ST_gang,None / Manual Tools,CRITICAL,89,3.1,0,0.0,99.0,1
HIST-BLK-03366,SEC_C04_06,Kadapa - Razampeta,Guntakal,S&T,Cable Jointing & OFC,120,2026-07-06,Mon,AFTERNOON_SLOT,15:00,17:00,900,1020,0,0,0,0,1.0,0.989,0,0,ST_gang,Testing Van,MEDIUM,57,4.6,0,0.0,99.0,1
HIST-BLK-03367,SEC_C04_01,Guntakal - Gooty,Guntakal,Engineering,Rail Renewal,255,2026-08-09,Sun,NIGHT_MEGABLOCK,01:00,05:15,60,315,0,0,0,0,1.0,0.962,1,0,track_gang,CSM Tamping Machine,MEDIUM,59,8.7,1,23.6,42.8,0
HIST-BLK-03368,SEC_C02_09,Tadepalligudem - Eluru,Vijayawada,Traction,Power Isolation Maintenance,210,2026-07-20,Mon,LATE_NIGHT,21:30,01:00,1290,1500,0,0,0,0,1.0,0.976,0,0,tower_wagon_crew,Tower Wagon,MEDIUM,63,2.4,0,0.0,99.0,1
HIST-BLK-03369,SEC_C01_06,Singarayakonda - Kavali,Vijayawada,Traction,Insulator Washing & Replacement,150,2026-07-31,Fri,LATE_NIGHT,21:30,00:00,1290,1440,0,0,0,0,1.0,0.945,0,0,tower_wagon_crew,Tower Wagon,MEDIUM,61,3.5,0,0.0,99.0,1
HIST-BLK-03370,SEC_C04_03,Tadipatri - Kondapuram,Guntakal,Traction,Cantilever Adjustment,135,2026-08-16,Sun,NIGHT_MEGABLOCK,01:44,03:59,104,239,0,0,0,0,1.0,0.965,1,0,tower_wagon_crew,Tower Wagon,CRITICAL,98,8.5,1,17.0,51.5,0
HIST-BLK-03371,SEC_C03_06,Giddalur - Nandyal,Guntur,S&T,Cable Jointing & OFC,150,2026-07-20,Mon,NIGHT_MEGABLOCK,01:04,03:34,64,214,0,0,0,0,1.0,1.0,0,0,ST_gang,Testing Van,MEDIUM,54,7.1,0,0.0,99.0,1
HIST-BLK-03372,SEC_C04_05,Yerraguntla - Kadapa,Guntakal,S&T,Interlocking Inspection,90,2026-07-24,Fri,AFTERNOON_SLOT,15:55,17:25,955,1045,0,0,0,0,1.0,0.987,0,0,ST_gang,None / Manual Tools,MEDIUM,58,6.7,0,0.0,99.0,1
HIST-BLK-03373,SEC_C02_06,Samalkot - Rajahmundry,Vijayawada,Engineering,Weld Rectification,120,2026-08-14,Fri,EARLY_MORNING,04:41,06:41,281,401,1,0,0,1,6.0,0.838,0,0,track_gang,USFD Flaw Detector,HIGH,75,11.9,1,17.3,75.1,0
HIST-BLK-03374,SEC_C02_05,Annavaram - Samalkot,Vijayawada,Engineering,Rail Renewal,270,2026-08-03,Mon,NIGHT_MEGABLOCK,01:00,05:30,60,330,2,0,0,2,8.0,0.674,0,0,track_gang,CSM Tamping Machine,HIGH,81,11.1,2,44.8,28.2,0
HIST-BLK-03375,SEC_C04_06,Kadapa - Razampeta,Guntakal,S&T,Point Machine Overhaul,90,2026-07-07,Tue,LATE_NIGHT,21:48,23:18,1308,1398,0,0,0,0,1.0,0.961,0,1,ST_gang,Testing Van,HIGH,74,3.7,0,0.0,99.0,1
HIST-BLK-03376,SEC_C01_03,Bapatla - Chirala,Vijayawada,Engineering,Weld Rectification,120,2026-07-05,Sun,NIGHT_MEGABLOCK,01:24,03:24,84,204,1,0,1,0,3.0,0.843,0,0,track_gang,USFD Flaw Detector,HIGH,77,3.7,1,20.8,67.4,0
HIST-BLK-03377,SEC_C04_01,Guntakal - Gooty,Guntakal,Engineering,Turnout Overhaul,210,2026-07-24,Fri,MIDDAY_FREIGHT_GAP,11:30,15:00,690,900,0,0,0,0,1.0,0.942,1,0,track_gang,CSM Tamping Machine,MEDIUM,65,8.5,1,22.4,46.5,0
HIST-BLK-03378,SEC_C03_04,Donakonda - Markapur Road,Guntur,Engineering,Track Maintenance,120,2026-08-16,Sun,PEAK_EVENING,17:56,19:56,1076,1196,4,0,1,3,7.0,0.192,0,0,track_gang,None / Manual Tools,LOW,23,8.5,4,74.9,5.0,0
HIST-BLK-03379,SEC_C02_09,Tadepalligudem - Eluru,Vijayawada,Traction,Substation Transformer Overhaul,270,2026-07-20,Mon,AFTERNOON_SLOT,15:00,19:30,900,1170,2,0,1,1,8.0,0.565,0,0,specialist_team,None / Manual Tools,HIGH,74,5.0,2,42.6,24.4,0
HIST-BLK-03380,SEC_C02_03,Anakapalle - Tuni,Visakhapatnam,S&T,Signal Maintenance,60,2026-08-29,Sat,PEAK_EVENING,19:17,20:17,1157,1217,1,1,0,1,10.0,0.61,0,0,ST_gang,None / Manual Tools,LOW,21,11.6,1,37.3,8.0,0
HIST-BLK-03381,SEC_C03_06,Giddalur - Nandyal,Guntur,Traction,Insulator Washing & Replacement,135,2026-07-09,Thu,MIDDAY_FREIGHT_GAP,11:53,14:08,713,848,1,0,1,0,3.0,0.865,1,0,tower_wagon_crew,Tower Wagon,HIGH,78,9.4,2,45.8,5.7,0
HIST-BLK-03382,SEC_C02_07,Rajahmundry - Nidadavolu,Vijayawada,Engineering,Rail Renewal,240,2026-08-30,Sun,PEAK_MORNING,07:30,11:30,450,690,1,0,0,1,7.0,0.82,0,0,track_gang,CSM Tamping Machine,MEDIUM,63,3.1,1,22.6,65.8,0
HIST-BLK-03383,SEC_C04_05,Yerraguntla - Kadapa,Guntakal,S&T,Interlocking Inspection,90,2026-08-07,Fri,AFTERNOON_SLOT,15:02,16:32,902,992,0,0,0,0,1.0,0.924,0,0,ST_gang,None / Manual Tools,HIGH,81,10.2,0,0.0,99.0,1
HIST-BLK-03384,SEC_C01_01,Vijayawada - Tenali,Vijayawada,S&T,Interlocking Inspection,120,2026-07-09,Thu,MIDDAY_FREIGHT_GAP,12:10,14:10,730,850,0,0,0,0,1.0,0.951,1,0,ST_gang,None / Manual Tools,MEDIUM,54,10.8,1,20.6,45.3,0
HIST-BLK-03385,SEC_C03_03,Vinukonda - Donakonda,Guntur,Engineering,Rail Renewal,240,2026-08-13,Thu,LATE_NIGHT,21:30,01:30,1290,1530,0,0,0,0,1.0,0.983,0,0,track_gang,CSM Tamping Machine,MEDIUM,69,1.9,0,0.0,99.0,1
HIST-BLK-03386,SEC_C04_02,Gooty - Tadipatri,Guntakal,Traction,Contact Wire Height Regulation,210,2026-08-15,Sat,PEAK_EVENING,17:45,21:15,1065,1275,1,0,0,1,8.0,0.793,0,0,tower_wagon_crew,Tower Wagon,HIGH,79,1.7,1,22.5,67.8,0
HIST-BLK-03387,SEC_C01_07,Kavali - Nellore,Vijayawada,Engineering,Sleeper Replacement,195,2026-07-31,Fri,LATE_NIGHT,21:30,00:45,1290,1485,0,0,0,0,1.0,0.979,0,1,track_gang,Ballast Regulator,HIGH,77,8.6,0,0.0,99.0,1
HIST-BLK-03388,SEC_C03_02,Narasaraopet - Vinukonda,Guntur,Traction,Power Isolation Maintenance,150,2026-08-23,Sun,EARLY_MORNING,04:30,07:00,270,420,0,0,0,0,1.0,0.964,1,1,tower_wagon_crew,Tower Wagon,CRITICAL,99,5.8,1,27.8,51.3,0
HIST-BLK-03389,SEC_C01_08,Nellore - Gudur,Vijayawada,S&T,Signal Maintenance,90,2026-08-19,Wed,EARLY_MORNING,05:10,06:40,310,400,0,0,0,0,1.0,0.943,1,0,ST_gang,None / Manual Tools,HIGH,74,3.1,1,19.3,46.3,0
HIST-BLK-03390,SEC_C02_07,Rajahmundry - Nidadavolu,Vijayawada,Traction,Power Isolation Maintenance,210,2026-07-04,Sat,NIGHT_MEGABLOCK,01:00,04:30,60,270,1,0,1,0,3.0,0.799,0,0,tower_wagon_crew,Tower Wagon,HIGH,75,4.3,1,20.9,66.7,0
HIST-BLK-03391,SEC_C04_08,Koduru - Renigunta,Guntakal,Traction,OHE Inspection,150,2026-08-29,Sat,EARLY_MORNING,04:30,07:00,270,420,1,0,1,0,3.0,0.814,0,0,tower_wagon_crew,Tower Wagon,MEDIUM,64,8.2,1,20.3,69.5,0
HIST-BLK-03392,SEC_C02_10,Eluru - Vijayawada,Vijayawada,Traction,Substation Transformer Overhaul,255,2026-07-18,Sat,MIDDAY_FREIGHT_GAP,11:30,15:45,690,945,1,0,0,1,8.0,0.854,1,0,specialist_team,None / Manual Tools,MEDIUM,54,9.4,2,53.6,5.0,0
HIST-BLK-03393,SEC_C03_06,Giddalur - Nandyal,Guntur,Engineering,Sleeper Replacement,150,2026-08-27,Thu,PEAK_MORNING,07:30,10:00,450,600,1,0,0,1,4.0,0.835,1,1,track_gang,Ballast Regulator,CRITICAL,93,4.1,2,45.5,11.2,0
HIST-BLK-03394,SEC_C02_05,Annavaram - Samalkot,Vijayawada,Engineering,Deep Screening Ballast,210,2026-07-28,Tue,MIDDAY_FREIGHT_GAP,11:30,15:00,690,900,0,0,0,0,1.0,0.987,0,0,track_gang,Ballast Regulator,HIGH,72,9.7,0,0.0,99.0,1
HIST-BLK-03395,SEC_C02_02,Duvvada - Anakapalle,Visakhapatnam,S&T,Track Circuit Testing,90,2026-08-12,Wed,AFTERNOON_SLOT,15:36,17:06,936,1026,0,0,0,0,1.0,0.958,0,0,ST_gang,None / Manual Tools,HIGH,84,3.4,0,0.0,99.0,1
HIST-BLK-03396,SEC_C02_02,Duvvada - Anakapalle,Visakhapatnam,Engineering,Rail Renewal,240,2026-07-11,Sat,AFTERNOON_SLOT,15:00,19:00,900,1140,0,0,0,0,1.0,0.933,0,0,track_gang,CSM Tamping Machine,HIGH,75,3.6,0,0.0,99.0,1
HIST-BLK-03397,SEC_C01_06,Singarayakonda - Kavali,Vijayawada,Engineering,Weld Rectification,90,2026-07-12,Sun,PEAK_EVENING,18:05,19:35,1085,1175,3,1,1,2,10.0,0.199,0,0,track_gang,USFD Flaw Detector,HIGH,85,10.5,3,66.6,5.0,0
HIST-BLK-03398,SEC_C01_07,Kavali - Nellore,Vijayawada,S&T,Track Circuit Testing,45,2026-07-11,Sat,PEAK_MORNING,08:56,09:41,536,581,1,0,0,1,6.0,0.872,0,0,ST_gang,None / Manual Tools,HIGH,74,6.1,1,10.5,83.7,0
HIST-BLK-03399,SEC_C02_07,Rajahmundry - Nidadavolu,Vijayawada,Traction,Substation Transformer Overhaul,225,2026-08-27,Thu,LATE_NIGHT,21:30,01:15,1290,1515,1,0,0,1,4.0,0.85,0,1,specialist_team,None / Manual Tools,HIGH,78,11.6,1,26.2,72.0,0
HIST-BLK-03400,SEC_C04_06,Kadapa - Razampeta,Guntakal,S&T,Signal Maintenance,60,2026-08-29,Sat,EARLY_MORNING,05:13,06:13,313,373,0,0,0,0,1.0,0.964,0,0,ST_gang,None / Manual Tools,MEDIUM,52,6.8,0,0.0,99.0,1
HIST-BLK-03401,SEC_C03_06,Giddalur - Nandyal,Guntur,Traction,OHE Inspection,150,2026-08-27,Thu,LATE_NIGHT,21:30,00:00,1290,1440,0,0,0,0,1.0,0.922,0,0,tower_wagon_crew,Tower Wagon,HIGH,71,5.1,0,0.0,99.0,1
HIST-BLK-03402,SEC_C03_05,Markapur Road - Giddalur,Guntur,Engineering,Weld Rectification,120,2026-07-12,Sun,PEAK_MORNING,08:21,10:21,501,621,5,1,1,4,10.0,0.05,1,0,track_gang,USFD Flaw Detector,MEDIUM,51,7.4,6,114.9,5.0,0
HIST-BLK-03403,SEC_C03_02,Narasaraopet - Vinukonda,Guntur,S&T,Cable Jointing & OFC,150,2026-07-19,Sun,MIDDAY_FREIGHT_GAP,11:53,14:23,713,863,0,0,0,0,1.0,0.97,0,0,ST_gang,Testing Van,HIGH,73,5.4,0,0.0,99.0,1
HIST-BLK-03404,SEC_C03_06,Giddalur - Nandyal,Guntur,Engineering,Weld Rectification,120,2026-08-19,Wed,MIDDAY_FREIGHT_GAP,12:06,14:06,726,846,1,0,1,0,3.0,0.794,0,0,track_gang,USFD Flaw Detector,MEDIUM,59,8.4,1,21.5,67.2,0
HIST-BLK-03405,SEC_C02_01,Visakhapatnam - Duvvada,Visakhapatnam,Traction,Substation Transformer Overhaul,240,2026-08-21,Fri,LATE_NIGHT,21:30,01:30,1290,1530,0,0,0,0,1.0,0.977,0,0,specialist_team,None / Manual Tools,LOW,23,2.2,0,0.0,99.0,1
HIST-BLK-03406,SEC_C03_06,Giddalur - Nandyal,Guntur,S&T,Cable Jointing & OFC,150,2026-07-12,Sun,PEAK_EVENING,18:04,20:34,1084,1234,2,1,1,1,10.0,0.369,0,0,ST_gang,Testing Van,HIGH,70,10.2,2,57.3,5.0,0
HIST-BLK-03407,SEC_C03_02,Narasaraopet - Vinukonda,Guntur,S&T,Signal Maintenance,45,2026-07-13,Mon,MIDDAY_FREIGHT_GAP,12:38,13:23,758,803,0,0,0,0,1.0,0.934,0,0,ST_gang,None / Manual Tools,HIGH,80,3.1,0,0.0,99.0,1
HIST-BLK-03408,SEC_C02_10,Eluru - Vijayawada,Vijayawada,Traction,Substation Transformer Overhaul,225,2026-07-09,Thu,MIDDAY_FREIGHT_GAP,11:30,15:15,690,915,1,0,0,1,8.0,0.843,0,1,specialist_team,None / Manual Tools,HIGH,77,8.5,1,28.2,72.4,0
HIST-BLK-03409,SEC_C02_06,Samalkot - Rajahmundry,Vijayawada,S&T,Signal Maintenance,60,2026-07-10,Fri,LATE_NIGHT,22:04,23:04,1324,1384,1,0,1,0,3.0,0.792,0,0,ST_gang,None / Manual Tools,MEDIUM,55,7.1,1,17.5,70.5,0
HIST-BLK-03410,SEC_C03_06,Giddalur - Nandyal,Guntur,Engineering,Deep Screening Ballast,180,2026-08-17,Mon,EARLY_MORNING,04:30,07:30,270,450,0,0,0,0,1.0,0.933,0,0,track_gang,Ballast Regulator,HIGH,82,6.1,0,0.0,99.0,1
HIST-BLK-03411,SEC_C04_04,Kondapuram - Yerraguntla,Guntakal,S&T,Cable Jointing & OFC,180,2026-08-12,Wed,MIDDAY_FREIGHT_GAP,11:30,14:30,690,870,0,0,0,0,1.0,0.943,0,0,ST_gang,Testing Van,HIGH,83,1.9,0,0.0,99.0,1
HIST-BLK-03412,SEC_C01_02,Tenali - Bapatla,Vijayawada,S&T,Interlocking Inspection,60,2026-08-17,Mon,NIGHT_MEGABLOCK,02:33,03:33,153,213,1,0,1,0,3.0,0.784,0,0,ST_gang,None / Manual Tools,CRITICAL,99,1.6,1,14.9,76.5,0
HIST-BLK-03413,SEC_C02_01,Visakhapatnam - Duvvada,Visakhapatnam,Engineering,Track Maintenance,150,2026-08-02,Sun,MIDDAY_FREIGHT_GAP,11:39,14:09,699,849,0,0,0,0,1.0,0.977,0,0,track_gang,None / Manual Tools,MEDIUM,45,10.2,0,0.0,99.0,1
HIST-BLK-03414,SEC_C01_04,Chirala - Ongole,Vijayawada,S&T,Point Machine Overhaul,120,2026-07-13,Mon,PEAK_EVENING,17:54,19:54,1074,1194,1,0,1,0,3.0,0.853,1,1,ST_gang,Testing Van,MEDIUM,63,7.5,2,41.8,7.5,0
HIST-BLK-03415,SEC_C01_04,Chirala - Ongole,Vijayawada,S&T,Signal Maintenance,45,2026-07-05,Sun,NIGHT_MEGABLOCK,02:57,03:42,177,222,1,0,1,0,3.0,0.865,1,0,ST_gang,None / Manual Tools,MEDIUM,51,5.4,2,26.6,27.5,0
HIST-BLK-03416,SEC_C04_06,Kadapa - Razampeta,Guntakal,Traction,Cantilever Adjustment,120,2026-07-25,Sat,MIDDAY_FREIGHT_GAP,11:30,13:30,690,810,0,0,0,0,1.0,0.982,0,0,tower_wagon_crew,Tower Wagon,HIGH,81,4.3,0,0.0,99.0,1
HIST-BLK-03417,SEC_C01_05,Ongole - Singarayakonda,Vijayawada,S&T,Axle Counter Replacement,90,2026-08-06,Thu,PEAK_MORNING,07:45,09:15,465,555,2,0,0,2,7.0,0.548,0,0,ST_gang,Testing Van,CRITICAL,93,2.2,2,36.1,33.8,0
HIST-BLK-03418,SEC_C01_08,Nellore - Gudur,Vijayawada,Engineering,Rail Renewal,210,2026-07-08,Wed,NIGHT_MEGABLOCK,01:00,04:30,60,270,0,0,0,0,1.0,0.955,0,0,track_gang,CSM Tamping Machine,LOW,35,9.4,0,0.0,99.0,1
HIST-BLK-03419,SEC_C02_09,Tadepalligudem - Eluru,Vijayawada,Engineering,Track Maintenance,120,2026-07-07,Tue,PEAK_EVENING,18:38,20:38,1118,1238,4,1,1,3,10.0,0.05,0,0,track_gang,None / Manual Tools,MEDIUM,60,3.8,4,75.2,5.0,0
HIST-BLK-03420,SEC_C01_05,Ongole - Singarayakonda,Vijayawada,Engineering,Turnout Overhaul,150,2026-07-29,Wed,EARLY_MORNING,04:30,07:00,270,420,0,0,0,0,1.0,0.946,0,0,track_gang,CSM Tamping Machine,CRITICAL,96,9.1,0,0.0,99.0,1
HIST-BLK-03421,SEC_C01_02,Tenali - Bapatla,Vijayawada,Traction,Insulator Washing & Replacement,120,2026-08-16,Sun,LATE_NIGHT,21:31,23:31,1291,1411,0,0,0,0,1.0,0.954,0,0,tower_wagon_crew,Tower Wagon,MEDIUM,55,4.0,0,0.0,99.0,1
HIST-BLK-03422,SEC_C01_01,Vijayawada - Tenali,Vijayawada,Traction,Substation Transformer Overhaul,270,2026-08-09,Sun,AFTERNOON_SLOT,15:00,19:30,900,1170,2,0,0,2,7.0,0.543,0,1,specialist_team,None / Manual Tools,CRITICAL,99,9.6,2,46.2,32.8,0
HIST-BLK-03423,SEC_C01_02,Tenali - Bapatla,Vijayawada,Traction,Insulator Washing & Replacement,150,2026-08-02,Sun,NIGHT_MEGABLOCK,01:05,03:35,65,215,0,0,0,0,1.0,0.989,0,0,tower_wagon_crew,Tower Wagon,HIGH,73,8.4,0,0.0,99.0,1
HIST-BLK-03424,SEC_C02_04,Tuni - Annavaram,Vijayawada,Traction,Insulator Washing & Replacement,120,2026-08-24,Mon,PEAK_MORNING,08:16,10:16,496,616,2,1,1,1,10.0,0.356,1,0,tower_wagon_crew,Tower Wagon,LOW,39,8.2,3,58.3,5.0,0
HIST-BLK-03425,SEC_C02_09,Tadepalligudem - Eluru,Vijayawada,Traction,Power Isolation Maintenance,180,2026-07-16,Thu,AFTERNOON_SLOT,15:00,18:00,900,1080,1,0,1,0,3.0,0.874,0,0,tower_wagon_crew,Tower Wagon,HIGH,82,7.3,1,25.8,62.2,0
HIST-BLK-03426,SEC_C01_05,Ongole - Singarayakonda,Vijayawada,Engineering,Weld Rectification,120,2026-08-16,Sun,EARLY_MORNING,04:52,06:52,292,412,1,0,1,0,3.0,0.868,0,0,track_gang,USFD Flaw Detector,CRITICAL,90,6.7,1,19.0,72.6,0
HIST-BLK-03427,SEC_C04_01,Guntakal - Gooty,Guntakal,S&T,Axle Counter Replacement,135,2026-07-05,Sun,NIGHT_MEGABLOCK,01:31,03:46,91,226,1,0,1,0,3.0,0.849,0,0,ST_gang,Testing Van,CRITICAL,86,8.1,1,15.6,77.2,0
HIST-BLK-03428,SEC_C02_07,Rajahmundry - Nidadavolu,Vijayawada,Engineering,Deep Screening Ballast,180,2026-07-23,Thu,MIDDAY_FREIGHT_GAP,11:30,14:30,690,870,1,0,0,1,6.0,0.838,0,0,track_gang,Ballast Regulator,CRITICAL,88,5.5,1,25.3,63.8,0
HIST-BLK-03429,SEC_C02_03,Anakapalle - Tuni,Visakhapatnam,Engineering,Track Maintenance,120,2026-08-22,Sat,EARLY_MORNING,04:48,06:48,288,408,1,0,0,1,8.0,0.861,0,0,track_gang,None / Manual Tools,HIGH,73,10.3,1,18.0,75.5,0
HIST-BLK-03430,SEC_C04_03,Tadipatri - Kondapuram,Guntakal,Traction,Contact Wire Height Regulation,150,2026-07-06,Mon,LATE_NIGHT,21:30,00:00,1290,1440,0,0,0,0,1.0,0.964,0,0,tower_wagon_crew,Tower Wagon,CRITICAL,89,3.4,0,0.0,99.0,1
HIST-BLK-03431,SEC_C04_07,Razampeta - Koduru,Guntakal,S&T,Axle Counter Replacement,105,2026-08-18,Tue,MIDDAY_FREIGHT_GAP,11:32,13:17,692,797,0,0,0,0,1.0,0.982,0,0,ST_gang,Testing Van,HIGH,76,8.3,0,0.0,99.0,1
HIST-BLK-03432,SEC_C04_02,Gooty - Tadipatri,Guntakal,S&T,Cable Jointing & OFC,150,2026-08-11,Tue,MIDDAY_FREIGHT_GAP,11:43,14:13,703,853,0,0,0,0,1.0,0.921,1,0,ST_gang,Testing Van,MEDIUM,56,8.3,1,20.1,49.4,0
HIST-BLK-03433,SEC_C01_04,Chirala - Ongole,Vijayawada,Traction,Power Isolation Maintenance,150,2026-07-27,Mon,PEAK_EVENING,18:24,20:54,1104,1254,1,0,1,0,3.0,0.799,0,0,tower_wagon_crew,Tower Wagon,CRITICAL,97,1.9,1,25.3,65.9,0
HIST-BLK-03434,SEC_C04_04,Kondapuram - Yerraguntla,Guntakal,S&T,Track Circuit Testing,45,2026-08-07,Fri,AFTERNOON_SLOT,16:35,17:20,995,1040,0,0,0,0,1.0,0.943,0,0,ST_gang,None / Manual Tools,CRITICAL,88,5.6,0,0.0,99.0,1
HIST-BLK-03435,SEC_C02_04,Tuni - Annavaram,Vijayawada,Traction,Substation Transformer Overhaul,255,2026-08-09,Sun,NIGHT_MEGABLOCK,01:00,05:15,60,315,0,0,0,0,1.0,0.927,0,0,specialist_team,None / Manual Tools,CRITICAL,96,11.0,0,0.0,99.0,1
HIST-BLK-03436,SEC_C02_06,Samalkot - Rajahmundry,Vijayawada,S&T,Axle Counter Replacement,135,2026-07-17,Fri,AFTERNOON_SLOT,15:00,17:15,900,1035,0,0,0,0,1.0,0.939,0,0,ST_gang,Testing Van,MEDIUM,47,10.3,0,0.0,99.0,1
HIST-BLK-03437,SEC_C01_08,Nellore - Gudur,Vijayawada,S&T,Axle Counter Replacement,120,2026-07-22,Wed,PEAK_MORNING,07:31,09:31,451,571,2,1,1,1,10.0,0.399,0,1,ST_gang,Testing Van,HIGH,76,10.1,2,55.3,5.0,0
HIST-BLK-03438,SEC_C02_04,Tuni - Annavaram,Vijayawada,Traction,Cantilever Adjustment,120,2026-08-15,Sat,AFTERNOON_SLOT,15:07,17:07,907,1027,0,0,0,0,1.0,0.986,0,1,tower_wagon_crew,Tower Wagon,HIGH,76,6.0,0,0.0,99.0,1
HIST-BLK-03439,SEC_C04_04,Kondapuram - Yerraguntla,Guntakal,S&T,Track Circuit Testing,75,2026-07-31,Fri,PEAK_MORNING,07:56,09:11,476,551,2,0,0,2,8.0,0.639,0,0,ST_gang,None / Manual Tools,HIGH,72,8.4,2,39.4,31.5,0
HIST-BLK-03440,SEC_C02_05,Annavaram - Samalkot,Vijayawada,Traction,Power Isolation Maintenance,180,2026-07-01,Wed,AFTERNOON_SLOT,15:00,18:00,900,1080,0,0,0,0,1.0,0.928,1,0,tower_wagon_crew,Tower Wagon,CRITICAL,94,1.8,1,22.4,42.6,0
HIST-BLK-03441,SEC_C01_01,Vijayawada - Tenali,Vijayawada,Engineering,Track Maintenance,105,2026-08-10,Mon,EARLY_MORNING,04:30,06:15,270,375,0,0,0,0,1.0,0.96,0,0,track_gang,None / Manual Tools,MEDIUM,53,5.8,0,0.0,99.0,1
HIST-BLK-03442,SEC_C01_02,Tenali - Bapatla,Vijayawada,Traction,Contact Wire Height Regulation,180,2026-08-01,Sat,PEAK_EVENING,17:56,20:56,1076,1256,2,1,0,2,9.0,0.27,0,0,tower_wagon_crew,Tower Wagon,HIGH,72,5.7,2,54.0,5.0,0
HIST-BLK-03443,SEC_C02_07,Rajahmundry - Nidadavolu,Vijayawada,Traction,Cantilever Adjustment,180,2026-08-12,Wed,PEAK_EVENING,17:57,20:57,1077,1257,2,0,1,1,7.0,0.523,0,0,tower_wagon_crew,Tower Wagon,HIGH,84,2.9,2,27.1,43.1,0
HIST-BLK-03444,SEC_C01_03,Bapatla - Chirala,Vijayawada,Engineering,Deep Screening Ballast,210,2026-07-02,Thu,PEAK_EVENING,17:45,21:15,1065,1275,1,0,0,1,7.0,0.865,0,0,track_gang,Ballast Regulator,MEDIUM,54,9.1,1,24.3,68.2,0
HIST-BLK-03445,SEC_C03_03,Vinukonda - Donakonda,Guntur,S&T,Interlocking Inspection,105,2026-08-21,Fri,MIDDAY_FREIGHT_GAP,12:02,13:47,722,827,0,0,0,0,1.0,0.99,0,0,ST_gang,None / Manual Tools,MEDIUM,51,6.2,0,0.0,99.0,1
HIST-BLK-03446,SEC_C02_05,Annavaram - Samalkot,Vijayawada,Traction,OHE Inspection,135,2026-07-03,Fri,EARLY_MORNING,04:37,06:52,277,412,0,0,0,0,1.0,0.963,1,0,tower_wagon_crew,Tower Wagon,MEDIUM,58,4.7,1,18.4,51.3,0
HIST-BLK-03447,SEC_C02_07,Rajahmundry - Nidadavolu,Vijayawada,Traction,Substation Transformer Overhaul,240,2026-08-27,Thu,EARLY_MORNING,04:30,08:30,270,510,1,0,0,1,7.0,0.818,0,0,specialist_team,None / Manual Tools,MEDIUM,46,6.9,1,24.4,63.7,0
HIST-BLK-03448,SEC_C04_06,Kadapa - Razampeta,Guntakal,Traction,Cantilever Adjustment,150,2026-07-26,Sun,LATE_NIGHT,21:30,00:00,1290,1440,1,0,1,0,3.0,0.833,1,0,tower_wagon_crew,Tower Wagon,HIGH,78,1.6,2,42.3,7.6,0
HIST-BLK-03449,SEC_C03_04,Donakonda - Markapur Road,Guntur,Engineering,Turnout Overhaul,180,2026-07-26,Sun,PEAK_EVENING,17:47,20:47,1067,1247,4,1,1,3,10.0,0.05,0,0,track_gang,CSM Tamping Machine,LOW,23,5.7,4,59.6,5.0,0
HIST-BLK-03450,SEC_C01_03,Bapatla - Chirala,Vijayawada,Engineering,Track Maintenance,120,2026-08-30,Sun,MIDDAY_FREIGHT_GAP,12:25,14:25,745,865,0,0,0,0,1.0,0.945,0,1,track_gang,None / Manual Tools,LOW,34,4.8,0,0.0,99.0,1
HIST-BLK-03451,SEC_C04_03,Tadipatri - Kondapuram,Guntakal,S&T,Interlocking Inspection,75,2026-08-18,Tue,AFTERNOON_SLOT,15:27,16:42,927,1002,0,0,0,0,1.0,0.965,0,0,ST_gang,None / Manual Tools,HIGH,71,4.6,0,0.0,99.0,1
HIST-BLK-03452,SEC_C02_07,Rajahmundry - Nidadavolu,Vijayawada,Traction,Insulator Washing & Replacement,120,2026-07-13,Mon,AFTERNOON_SLOT,15:28,17:28,928,1048,0,0,0,0,1.0,0.992,0,0,tower_wagon_crew,Tower Wagon,MEDIUM,57,7.8,0,0.0,99.0,1
HIST-BLK-03453,SEC_C01_08,Nellore - Gudur,Vijayawada,S&T,Track Circuit Testing,90,2026-08-03,Mon,MIDDAY_FREIGHT_GAP,11:35,13:05,695,785,0,0,0,0,1.0,0.931,0,1,ST_gang,None / Manual Tools,MEDIUM,55,7.3,0,0.0,99.0,1
HIST-BLK-03454,SEC_C01_05,Ongole - Singarayakonda,Vijayawada,S&T,Cable Jointing & OFC,135,2026-07-02,Thu,MIDDAY_FREIGHT_GAP,11:31,13:46,691,826,1,0,0,1,8.0,0.827,0,0,ST_gang,Testing Van,MEDIUM,48,8.9,1,21.7,68.6,0
HIST-BLK-03455,SEC_C01_02,Tenali - Bapatla,Vijayawada,Engineering,Rail Renewal,210,2026-08-02,Sun,PEAK_EVENING,17:45,21:15,1065,1275,2,1,0,2,9.0,0.388,0,0,track_gang,CSM Tamping Machine,MEDIUM,52,4.8,2,45.3,5.0,0
HIST-BLK-03456,SEC_C02_09,Tadepalligudem - Eluru,Vijayawada,S&T,Track Circuit Testing,45,2026-08-02,Sun,EARLY_MORNING,04:55,05:40,295,340,0,0,0,0,1.0,0.982,0,0,ST_gang,None / Manual Tools,MEDIUM,48,11.0,0,0.0,99.0,1
HIST-BLK-03457,SEC_C03_05,Markapur Road - Giddalur,Guntur,Engineering,Sleeper Replacement,180,2026-07-15,Wed,AFTERNOON_SLOT,15:00,18:00,900,1080,0,0,0,0,1.0,0.988,0,0,track_gang,Ballast Regulator,CRITICAL,89,2.1,0,0.0,99.0,1
HIST-BLK-03458,SEC_C01_04,Chirala - Ongole,Vijayawada,S&T,Interlocking Inspection,90,2026-07-29,Wed,MIDDAY_FREIGHT_GAP,12:12,13:42,732,822,0,0,0,0,1.0,0.947,0,0,ST_gang,None / Manual Tools,CRITICAL,91,6.6,0,0.0,99.0,1
HIST-BLK-03459,SEC_C04_01,Guntakal - Gooty,Guntakal,Traction,OHE Inspection,150,2026-07-15,Wed,MIDDAY_FREIGHT_GAP,11:57,14:27,717,867,0,0,0,0,1.0,0.956,1,1,tower_wagon_crew,Tower Wagon,HIGH,82,4.2,1,19.2,61.6,0
HIST-BLK-03460,SEC_C01_06,Singarayakonda - Kavali,Vijayawada,S&T,Cable Jointing & OFC,135,2026-07-10,Fri,AFTERNOON_SLOT,15:10,17:25,910,1045,1,0,0,1,8.0,0.824,0,0,ST_gang,Testing Van,MEDIUM,65,9.8,1,21.7,70.7,0
HIST-BLK-03461,SEC_C02_09,Tadepalligudem - Eluru,Vijayawada,Traction,Power Isolation Maintenance,180,2026-07-20,Mon,AFTERNOON_SLOT,15:00,18:00,900,1080,2,0,1,1,8.0,0.562,0,0,tower_wagon_crew,Tower Wagon,HIGH,75,9.3,2,34.5,33.6,0
HIST-BLK-03462,SEC_C04_01,Guntakal - Gooty,Guntakal,Engineering,Rail Renewal,240,2026-07-02,Thu,NIGHT_MEGABLOCK,01:00,05:00,60,300,1,0,0,1,4.0,0.829,0,0,track_gang,CSM Tamping Machine,HIGH,72,10.9,1,20.6,71.5,0
HIST-BLK-03463,SEC_C02_02,Duvvada - Anakapalle,Visakhapatnam,S&T,Axle Counter Replacement,150,2026-08-02,Sun,LATE_NIGHT,21:30,00:00,1290,1440,1,0,1,0,3.0,0.865,0,0,ST_gang,Testing Van,HIGH,83,4.1,1,23.6,67.3,0
HIST-BLK-03464,SEC_C04_07,Razampeta - Koduru,Guntakal,S&T,Axle Counter Replacement,120,2026-07-17,Fri,NIGHT_MEGABLOCK,01:08,03:08,68,188,1,0,1,0,3.0,0.874,0,1,ST_gang,Testing Van,HIGH,73,3.5,1,16.7,77.3,0
HIST-BLK-03465,SEC_C02_01,Visakhapatnam - Duvvada,Visakhapatnam,Traction,Substation Transformer Overhaul,225,2026-07-27,Mon,LATE_NIGHT,21:30,01:15,1290,1515,0,0,0,0,1.0,0.985,0,0,specialist_team,None / Manual Tools,MEDIUM,55,8.5,0,0.0,99.0,1
HIST-BLK-03466,SEC_C04_01,Guntakal - Gooty,Guntakal,Engineering,Sleeper Replacement,180,2026-08-18,Tue,PEAK_MORNING,07:30,10:30,450,630,3,0,1,2,6.0,0.318,0,0,track_gang,Ballast Regulator,MEDIUM,45,8.2,3,48.3,5.0,0
HIST-BLK-03467,SEC_C02_08,Nidadavolu - Tadepalligudem,Vijayawada,Traction,Contact Wire Height Regulation,180,2026-08-09,Sun,PEAK_MORNING,07:30,10:30,450,630,1,0,0,1,8.0,0.813,0,1,tower_wagon_crew,Tower Wagon,HIGH,79,8.7,1,25.6,72.4,0
HIST-BLK-03468,SEC_C01_03,Bapatla - Chirala,Vijayawada,S&T,Track Circuit Testing,75,2026-08-01,Sat,LATE_NIGHT,21:55,23:10,1315,1390,0,0,0,0,1.0,0.99,0,0,ST_gang,None / Manual Tools,MEDIUM,64,10.5,0,0.0,99.0,1
HIST-BLK-03469,SEC_C04_06,Kadapa - Razampeta,Guntakal,S&T,Cable Jointing & OFC,165,2026-07-11,Sat,LATE_NIGHT,21:30,00:15,1290,1455,0,0,0,0,1.0,0.942,0,1,ST_gang,Testing Van,HIGH,80,10.6,0,0.0,99.0,1
HIST-BLK-03470,SEC_C03_05,Markapur Road - Giddalur,Guntur,Traction,Insulator Washing & Replacement,105,2026-07-18,Sat,PEAK_EVENING,19:08,20:53,1148,1253,1,1,0,1,9.0,0.608,0,0,tower_wagon_crew,Tower Wagon,HIGH,74,8.5,1,29.8,18.5,0
HIST-BLK-03471,SEC_C02_10,Eluru - Vijayawada,Vijayawada,Engineering,Rail Renewal,210,2026-07-10,Fri,AFTERNOON_SLOT,15:00,18:30,900,1110,1,0,0,1,8.0,0.87,0,0,track_gang,CSM Tamping Machine,MEDIUM,62,6.0,1,23.8,67.9,0
HIST-BLK-03472,SEC_C01_03,Bapatla - Chirala,Vijayawada,Traction,Substation Transformer Overhaul,240,2026-07-26,Sun,EARLY_MORNING,04:30,08:30,270,510,0,0,0,0,1.0,0.991,1,1,specialist_team,None / Manual Tools,MEDIUM,66,6.1,1,22.0,54.5,0
HIST-BLK-03473,SEC_C04_05,Yerraguntla - Kadapa,Guntakal,Traction,Contact Wire Height Regulation,165,2026-07-31,Fri,LATE_NIGHT,21:30,00:15,1290,1455,0,0,0,0,1.0,0.927,0,0,tower_wagon_crew,Tower Wagon,LOW,23,2.2,0,0.0,99.0,1
HIST-BLK-03474,SEC_C04_01,Guntakal - Gooty,Guntakal,S&T,Signal Maintenance,45,2026-08-17,Mon,AFTERNOON_SLOT,16:32,17:17,992,1037,0,0,0,0,1.0,0.96,0,0,ST_gang,None / Manual Tools,CRITICAL,86,11.0,0,0.0,99.0,1
HIST-BLK-03475,SEC_C01_08,Nellore - Gudur,Vijayawada,S&T,Axle Counter Replacement,120,2026-08-25,Tue,LATE_NIGHT,21:33,23:33,1293,1413,0,0,0,0,1.0,0.945,0,0,ST_gang,Testing Van,MEDIUM,57,9.1,0,0.0,99.0,1
HIST-BLK-03476,SEC_C04_04,Kondapuram - Yerraguntla,Guntakal,S&T,Axle Counter Replacement,105,2026-08-29,Sat,PEAK_EVENING,17:54,19:39,1074,1179,3,1,1,2,10.0,0.093,0,0,ST_gang,Testing Van,LOW,40,5.8,3,79.1,5.0,0
HIST-BLK-03477,SEC_C01_03,Bapatla - Chirala,Vijayawada,Traction,Contact Wire Height Regulation,150,2026-07-26,Sun,LATE_NIGHT,21:30,00:00,1290,1440,0,0,0,0,1.0,0.971,0,0,tower_wagon_crew,Tower Wagon,MEDIUM,63,5.0,0,0.0,99.0,1
HIST-BLK-03478,SEC_C02_04,Tuni - Annavaram,Vijayawada,Engineering,Rail Renewal,225,2026-08-08,Sat,AFTERNOON_SLOT,15:00,18:45,900,1125,0,0,0,0,1.0,0.924,0,0,track_gang,CSM Tamping Machine,LOW,39,3.8,0,0.0,99.0,1
HIST-BLK-03479,SEC_C02_09,Tadepalligudem - Eluru,Vijayawada,S&T,Track Circuit Testing,60,2026-07-19,Sun,MIDDAY_FREIGHT_GAP,13:16,14:16,796,856,0,0,0,0,1.0,0.99,0,0,ST_gang,None / Manual Tools,MEDIUM,47,11.9,0,0.0,99.0,1
HIST-BLK-03480,SEC_C01_05,Ongole - Singarayakonda,Vijayawada,Traction,OHE Inspection,135,2026-07-22,Wed,NIGHT_MEGABLOCK,01:28,03:43,88,223,1,0,1,0,3.0,0.789,0,1,tower_wagon_crew,Tower Wagon,MEDIUM,45,6.3,1,21.3,80.6,0
HIST-BLK-03481,SEC_C02_05,Annavaram - Samalkot,Vijayawada,Engineering,Turnout Overhaul,150,2026-08-20,Thu,LATE_NIGHT,21:30,00:00,1290,1440,0,0,0,0,1.0,0.989,0,0,track_gang,CSM Tamping Machine,HIGH,76,3.2,0,0.0,99.0,1
HIST-BLK-03482,SEC_C01_01,Vijayawada - Tenali,Vijayawada,Engineering,Rail Renewal,225,2026-07-16,Thu,PEAK_EVENING,17:45,21:30,1065,1290,3,0,0,3,7.0,0.434,0,1,track_gang,CSM Tamping Machine,MEDIUM,50,2.6,3,45.4,17.2,0
HIST-BLK-03483,SEC_C04_02,Gooty - Tadipatri,Guntakal,S&T,Track Circuit Testing,90,2026-07-05,Sun,PEAK_MORNING,08:44,10:14,524,614,2,1,0,2,10.0,0.356,0,0,ST_gang,None / Manual Tools,MEDIUM,63,6.4,2,49.4,5.0,0
HIST-BLK-03484,SEC_C03_06,Giddalur - Nandyal,Guntur,S&T,Interlocking Inspection,120,2026-08-16,Sun,EARLY_MORNING,04:41,06:41,281,401,0,0,0,0,1.0,0.964,0,0,ST_gang,None / Manual Tools,HIGH,72,3.8,0,0.0,99.0,1
HIST-BLK-03485,SEC_C04_01,Guntakal - Gooty,Guntakal,Engineering,Sleeper Replacement,180,2026-08-09,Sun,AFTERNOON_SLOT,15:00,18:00,900,1080,0,0,0,0,1.0,0.961,0,0,track_gang,Ballast Regulator,MEDIUM,52,5.9,0,0.0,99.0,1
HIST-BLK-03486,SEC_C03_02,Narasaraopet - Vinukonda,Guntur,Traction,Cantilever Adjustment,180,2026-07-20,Mon,AFTERNOON_SLOT,15:00,18:00,900,1080,0,0,0,0,1.0,0.961,0,0,tower_wagon_crew,Tower Wagon,CRITICAL,96,9.4,0,0.0,99.0,1
HIST-BLK-03487,SEC_C04_05,Yerraguntla - Kadapa,Guntakal,Engineering,Weld Rectification,75,2026-08-10,Mon,NIGHT_MEGABLOCK,01:48,03:03,108,183,0,0,0,0,1.0,0.983,1,0,track_gang,USFD Flaw Detector,HIGH,79,3.0,1,16.1,53.9,0
HIST-BLK-03488,SEC_C02_04,Tuni - Annavaram,Vijayawada,S&T,Axle Counter Replacement,120,2026-07-14,Tue,PEAK_EVENING,18:28,20:28,1108,1228,2,0,1,1,8.0,0.597,0,1,ST_gang,Testing Van,HIGH,76,2.7,2,24.8,45.8,0
HIST-BLK-03489,SEC_C02_02,Duvvada - Anakapalle,Visakhapatnam,Traction,Insulator Washing & Replacement,135,2026-08-02,Sun,EARLY_MORNING,04:31,06:46,271,406,1,0,0,1,7.0,0.79,0,0,tower_wagon_crew,Tower Wagon,LOW,44,11.8,1,21.0,70.8,0
HIST-BLK-03490,SEC_C04_08,Koduru - Renigunta,Guntakal,S&T,Signal Maintenance,60,2026-08-05,Wed,LATE_NIGHT,21:37,22:37,1297,1357,0,0,0,0,1.0,0.998,1,0,ST_gang,None / Manual Tools,MEDIUM,52,10.5,1,15.1,57.2,0
HIST-BLK-03491,SEC_C02_10,Eluru - Vijayawada,Vijayawada,S&T,Interlocking Inspection,60,2026-07-06,Mon,LATE_NIGHT,21:55,22:55,1315,1375,1,0,1,0,3.0,0.867,0,0,ST_gang,None / Manual Tools,HIGH,77,6.7,1,13.0,77.8,0
HIST-BLK-03492,SEC_C01_07,Kavali - Nellore,Vijayawada,Engineering,Rail Renewal,240,2026-08-06,Thu,PEAK_MORNING,07:30,11:30,450,690,1,0,0,1,6.0,0.842,0,0,track_gang,CSM Tamping Machine,MEDIUM,65,9.5,1,24.7,66.4,0
HIST-BLK-03493,SEC_C01_07,Kavali - Nellore,Vijayawada,Traction,Contact Wire Height Regulation,195,2026-08-21,Fri,PEAK_EVENING,17:45,21:00,1065,1260,1,1,0,1,9.0,0.535,0,1,tower_wagon_crew,Tower Wagon,LOW,27,8.3,1,39.0,15.0,0
HIST-BLK-03494,SEC_C03_06,Giddalur - Nandyal,Guntur,Traction,Cantilever Adjustment,165,2026-08-10,Mon,EARLY_MORNING,04:30,07:15,270,435,0,0,0,0,1.0,0.983,0,0,tower_wagon_crew,Tower Wagon,CRITICAL,95,11.9,0,0.0,99.0,1
HIST-BLK-03495,SEC_C01_01,Vijayawada - Tenali,Vijayawada,Engineering,Track Maintenance,120,2026-08-27,Thu,LATE_NIGHT,21:36,23:36,1296,1416,1,0,0,1,7.0,0.879,0,0,track_gang,None / Manual Tools,HIGH,82,5.3,1,22.4,67.2,0
HIST-BLK-03496,SEC_C02_10,Eluru - Vijayawada,Vijayawada,Traction,Contact Wire Height Regulation,165,2026-07-09,Thu,NIGHT_MEGABLOCK,01:00,03:45,60,225,0,0,0,0,1.0,0.953,0,1,tower_wagon_crew,Tower Wagon,LOW,31,8.1,0,0.0,99.0,1
HIST-BLK-03497,SEC_C01_02,Tenali - Bapatla,Vijayawada,S&T,Point Machine Overhaul,75,2026-08-20,Thu,LATE_NIGHT,21:52,23:07,1312,1387,0,0,0,0,1.0,0.98,0,0,ST_gang,Testing Van,LOW,41,9.3,0,0.0,99.0,1
HIST-BLK-03498,SEC_C01_02,Tenali - Bapatla,Vijayawada,S&T,Interlocking Inspection,90,2026-07-03,Fri,PEAK_MORNING,08:22,09:52,502,592,1,0,0,1,7.0,0.808,0,0,ST_gang,None / Manual Tools,LOW,30,2.5,1,16.5,75.5,0
HIST-BLK-03499,SEC_C02_03,Anakapalle - Tuni,Visakhapatnam,Traction,Cantilever Adjustment,120,2026-08-23,Sun,PEAK_MORNING,08:27,10:27,507,627,1,0,0,1,6.0,0.856,0,0,tower_wagon_crew,Tower Wagon,LOW,44,4.5,1,14.8,78.1,0
HIST-BLK-03500,SEC_C02_06,Samalkot - Rajahmundry,Vijayawada,S&T,Point Machine Overhaul,105,2026-07-07,Tue,PEAK_EVENING,17:45,19:30,1065,1170,1,1,0,1,10.0,0.553,1,0,ST_gang,Testing Van,MEDIUM,63,9.6,2,63.1,5.0,0
