section_id,date,slot_start,slot_end,train_count,availability_score
SEC_C01_01,2026-09-07,00:00,00:30,0,1.0
SEC_C01_01,2026-09-07,00:30,01:00,0,1.0
SEC_C01_01,2026-09-07,01:00,01:30,0,1.0
SEC_C01_01,2026-09-07,01:30,02:00,0,1.0
SEC_C01_01,2026-09-07,02:00,02:30,0,1.0
SEC_C01_01,2026-09-07,02:30,03:00,0,1.0
SEC_C01_01,2026-09-07,03:00,03:30,0,1.0
SEC_C01_01,2026-09-07,03:30,04:00,0,1.0
SEC_C01_01,2026-09-07,04:00,04:30,0,1.0
SEC_C01_01,2026-09-07,04:30,05:00,0,1.0
SEC_C01_01,2026-09-07,05:00,05:30,0,1.0
SEC_C01_01,2026-09-07,05:30,06:00,0,1.0
SEC_C01_01,2026-09-07,06:00,06:30,0,1.0
SEC_C01_01,2026-09-07,06:30,07:00,0,1.0
SEC_C01_01,2026-09-07,07:00,07:30,1,0.8
SEC_C01_01,2026-09-07,07:30,08:00,1,0.8
SEC_C01_01,2026-09-07,08:00,08:30,0,1.0
SEC_C01_01,2026-09-07,08:30,09:00,0,1.0
SEC_C01_01,2026-09-07,09:00,09:30,0,1.0
SEC_C01_01,2026-09-07,09:30,10:00,0,1.0
SEC_C01_01,2026-09-07,10:00,10:30,0,1.0
SEC_C01_01,2026-09-07,10:30,11:00,0,1.0
SEC_C01_01,2026-09-07,11:00,11:30,0,1.0
SEC_C01_01,2026-09-07,11:30,12:00,0,1.0
SEC_C01_01,2026-09-07,12:00,12:30,0,1.0
SEC_C01_01,2026-09-07,12:30,13:00,0,1.0
SEC_C01_01,2026-09-07,13:00,13:30,0,1.0
SEC_C01_01,2026-09-07,13:30,14:00,0,1.0
SEC_C01_01,2026-09-07,14:00,14:30,0,1.0
SEC_C01_01,2026-09-07,14:30,15:00,0,1.0
SEC_C01_01,2026-09-07,15:00,15:30,0,1.0
SEC_C01_01,2026-09-07,15:30,16:00,0,1.0
SEC_C01_01,2026-09-07,16:00,16:30,0,1.0
SEC_C01_01,2026-09-07,16:30,17:00,0,1.0
SEC_C01_01,2026-09-07,17:00,17:30,0,1.0
SEC_C01_01,2026-09-07,17:30,18:00,0,1.0
SEC_C01_01,2026-09-07,18:00,18:30,1,0.8
SEC_C01_01,2026-09-07,18:30,19:00,2,0.5
SEC_C01_01,2026-09-07,19:00,19:30,1,0.8
SEC_C01_01,2026-09-07,19:30,20:00,0,1.0
SEC_C01_01,2026-09-07,20:00,20:30,0,1.0
SEC_C01_01,2026-09-07,20:30,21:00,0,1.0
SEC_C01_01,2026-09-07,21:00,21:30,1,0.8
SEC_C01_01,2026-09-07,21:30,22:00,1,0.8
SEC_C01_01,2026-09-07,22:00,22:30,0,1.0
SEC_C01_01,2026-09-07,22:30,23:00,0,1.0
SEC_C01_01,2026-09-07,23:00,23:30,0,1.0
SEC_C01_01,2026-09-07,23:30,00:00,0,1.0
SEC_C01_02,2026-09-07,00:00,00:30,0,1.0
SEC_C01_02,2026-09-07,00:30,01:00,0,1.0
SEC_C01_02,2026-09-07,01:00,01:30,0,1.0
SEC_C01_02,2026-09-07,01:30,02:00,0,1.0
SEC_C01_02,2026-09-07,02:00,02:30,0,1.0
SEC_C01_02,2026-09-07,02:30,03:00,0,1.0
SEC_C01_02,2026-09-07,03:00,03:30,0,1.0
SEC_C01_02,2026-09-07,03:30,04:00,0,1.0
SEC_C01_02,2026-09-07,04:00,04:30,0,1.0
SEC_C01_02,2026-09-07,04:30,05:00,0,1.0
SEC_C01_02,2026-09-07,05:00,05:30,0,1.0
SEC_C01_02,2026-09-07,05:30,06:00,0,1.0
SEC_C01_02,2026-09-07,06:00,06:30,0,1.0
SEC_C01_02,2026-09-07,06:30,07:00,0,1.0
SEC_C01_02,2026-09-07,07:00,07:30,0,1.0
SEC_C01_02,2026-09-07,07:30,08:00,0,1.0
SEC_C01_02,2026-09-07,08:00,08:30,1,0.8
SEC_C01_02,2026-09-07,08:30,09:00,0,1.0
SEC_C01_02,2026-09-07,09:00,09:30,0,1.0
SEC_C01_02,2026-09-07,09:30,10:00,0,1.0
SEC_C01_02,2026-09-07,10:00,10:30,0,1.0
SEC_C01_02,2026-09-07,10:30,11:00,0,1.0
SEC_C01_02,2026-09-07,11:00,11:30,0,1.0
SEC_C01_02,2026-09-07,11:30,12:00,1,0.8
SEC_C01_02,2026-09-07,12:00,12:30,1,0.8
SEC_C01_02,2026-09-07,12:30,13:00,0,1.0
SEC_C01_02,2026-09-07,13:00,13:30,0,1.0
SEC_C01_02,2026-09-07,13:30,14:00,1,0.8
SEC_C01_02,2026-09-07,14:00,14:30,1,0.8
SEC_C01_02,2026-09-07,14:30,15:00,0,1.0
SEC_C01_02,2026-09-07,15:00,15:30,0,1.0
SEC_C01_02,2026-09-07,15:30,16:00,0,1.0
SEC_C01_02,2026-09-07,16:00,16:30,0,1.0
SEC_C01_02,2026-09-07,16:30,17:00,0,1.0
SEC_C01_02,2026-09-07,17:00,17:30,0,1.0
SEC_C01_02,2026-09-07,17:30,18:00,0,1.0
SEC_C01_02,2026-09-07,18:00,18:30,0,1.0
SEC_C01_02,2026-09-07,18:30,19:00,0,1.0
SEC_C01_02,2026-09-07,19:00,19:30,2,0.2
SEC_C01_02,2026-09-07,19:30,20:00,2,0.2
SEC_C01_02,2026-09-07,20:00,20:30,1,0.8
SEC_C01_02,2026-09-07,20:30,21:00,0,1.0
SEC_C01_02,2026-09-07,21:00,21:30,0,1.0
SEC_C01_02,2026-09-07,21:30,22:00,0,1.0
SEC_C01_02,2026-09-07,22:00,22:30,0,1.0
SEC_C01_02,2026-09-07,22:30,23:00,0,1.0
SEC_C01_02,2026-09-07,23:00,23:30,0,1.0
SEC_C01_02,2026-09-07,23:30,00:00,0,1.0
SEC_C01_03,2026-09-07,00:00,00:30,0,1.0
SEC_C01_03,2026-09-07,00:30,01:00,0,1.0
SEC_C01_03,2026-09-07,01:00,01:30,0,1.0
SEC_C01_03,2026-09-07,01:30,02:00,0,1.0
SEC_C01_03,2026-09-07,02:00,02:30,0,1.0
SEC_C01_03,2026-09-07,02:30,03:00,0,1.0
SEC_C01_03,2026-09-07,03:00,03:30,0,1.0
SEC_C01_03,2026-09-07,03:30,04:00,0,1.0
SEC_C01_03,2026-09-07,04:00,04:30,0,1.0
SEC_C01_03,2026-09-07,04:30,05:00,0,1.0
SEC_C01_03,2026-09-07,05:00,05:30,0,1.0
SEC_C01_03,2026-09-07,05:30,06:00,0,1.0
SEC_C01_03,2026-09-07,06:00,06:30,0,1.0
SEC_C01_03,2026-09-07,06:30,07:00,0,1.0
SEC_C01_03,2026-09-07,07:00,07:30,0,1.0
SEC_C01_03,2026-09-07,07:30,08:00,0,1.0
SEC_C01_03,2026-09-07,08:00,08:30,0,1.0
SEC_C01_03,2026-09-07,08:30,09:00,0,1.0
SEC_C01_03,2026-09-07,09:00,09:30,0,1.0
SEC_C01_03,2026-09-07,09:30,10:00,0,1.0
SEC_C01_03,2026-09-07,10:00,10:30,0,1.0
SEC_C01_03,2026-09-07,10:30,11:00,0,1.0
SEC_C01_03,2026-09-07,11:00,11:30,0,1.0
SEC_C01_03,2026-09-07,11:30,12:00,0,1.0
SEC_C01_03,2026-09-07,12:00,12:30,0,1.0
SEC_C01_03,2026-09-07,12:30,13:00,0,1.0
SEC_C01_03,2026-09-07,13:00,13:30,0,1.0
SEC_C01_03,2026-09-07,13:30,14:00,0,1.0
SEC_C01_03,2026-09-07,14:00,14:30,0,1.0
SEC_C01_03,2026-09-07,14:30,15:00,1,0.8
SEC_C01_03,2026-09-07,15:00,15:30,0,1.0
SEC_C01_03,2026-09-07,15:30,16:00,0,1.0
SEC_C01_03,2026-09-07,16:00,16:30,0,1.0
SEC_C01_03,2026-09-07,16:30,17:00,0,1.0
SEC_C01_03,2026-09-07,17:00,17:30,0,1.0
SEC_C01_03,2026-09-07,17:30,18:00,0,1.0
SEC_C01_03,2026-09-07,18:00,18:30,0,1.0
SEC_C01_03,2026-09-07,18:30,19:00,1,0.8
SEC_C01_03,2026-09-07,19:00,19:30,1,0.8
SEC_C01_03,2026-09-07,19:30,20:00,1,0.8
SEC_C01_03,2026-09-07,20:00,20:30,1,0.8
SEC_C01_03,2026-09-07,20:30,21:00,0,1.0
SEC_C01_03,2026-09-07,21:00,21:30,0,1.0
SEC_C01_03,2026-09-07,21:30,22:00,0,1.0
SEC_C01_03,2026-09-07,22:00,22:30,0,1.0
SEC_C01_03,2026-09-07,22:30,23:00,0,1.0
SEC_C01_03,2026-09-07,23:00,23:30,0,1.0
SEC_C01_03,2026-09-07,23:30,00:00,0,1.0
SEC_C01_04,2026-09-07,00:00,00:30,0,1.0
SEC_C01_04,2026-09-07,00:30,01:00,0,1.0
SEC_C01_04,2026-09-07,01:00,01:30,0,1.0
SEC_C01_04,2026-09-07,01:30,02:00,0,1.0
SEC_C01_04,2026-09-07,02:00,02:30,0,1.0
SEC_C01_04,2026-09-07,02:30,03:00,0,1.0
SEC_C01_04,2026-09-07,03:00,03:30,0,1.0
SEC_C01_04,2026-09-07,03:30,04:00,0,1.0
SEC_C01_04,2026-09-07,04:00,04:30,0,1.0
SEC_C01_04,2026-09-07,04:30,05:00,1,0.5
SEC_C01_04,2026-09-07,05:00,05:30,1,0.5
SEC_C01_04,2026-09-07,05:30,06:00,0,1.0
SEC_C01_04,2026-09-07,06:00,06:30,0,1.0
SEC_C01_04,2026-09-07,06:30,07:00,0,1.0
SEC_C01_04,2026-09-07,07:00,07:30,0,1.0
SEC_C01_04,2026-09-07,07:30,08:00,0,1.0
SEC_C01_04,2026-09-07,08:00,08:30,0,1.0
SEC_C01_04,2026-09-07,08:30,09:00,0,1.0
SEC_C01_04,2026-09-07,09:00,09:30,0,1.0
SEC_C01_04,2026-09-07,09:30,10:00,0,1.0
SEC_C01_04,2026-09-07,10:00,10:30,0,1.0
SEC_C01_04,2026-09-07,10:30,11:00,0,1.0
SEC_C01_04,2026-09-07,11:00,11:30,0,1.0
SEC_C01_04,2026-09-07,11:30,12:00,0,1.0
SEC_C01_04,2026-09-07,12:00,12:30,0,1.0
SEC_C01_04,2026-09-07,12:30,13:00,0,1.0
SEC_C01_04,2026-09-07,13:00,13:30,0,1.0
SEC_C01_04,2026-09-07,13:30,14:00,0,1.0
SEC_C01_04,2026-09-07,14:00,14:30,0,1.0
SEC_C01_04,2026-09-07,14:30,15:00,0,1.0
SEC_C01_04,2026-09-07,15:00,15:30,0,1.0
SEC_C01_04,2026-09-07,15:30,16:00,0,1.0
SEC_C01_04,2026-09-07,16:00,16:30,0,1.0
SEC_C01_04,2026-09-07,16:30,17:00,0,1.0
SEC_C01_04,2026-09-07,17:00,17:30,1,0.8
SEC_C01_04,2026-09-07,17:30,18:00,1,0.8
SEC_C01_04,2026-09-07,18:00,18:30,0,1.0
SEC_C01_04,2026-09-07,18:30,19:00,0,1.0
SEC_C01_04,2026-09-07,19:00,19:30,0,1.0
SEC_C01_04,2026-09-07,19:30,20:00,0,1.0
SEC_C01_04,2026-09-07,20:00,20:30,1,0.8
SEC_C01_04,2026-09-07,20:30,21:00,1,0.8
SEC_C01_04,2026-09-07,21:00,21:30,0,1.0
SEC_C01_04,2026-09-07,21:30,22:00,1,0.8
SEC_C01_04,2026-09-07,22:00,22:30,1,0.8
SEC_C01_04,2026-09-07,22:30,23:00,0,1.0
SEC_C01_04,2026-09-07,23:00,23:30,0,1.0
SEC_C01_04,2026-09-07,23:30,00:00,0,1.0
SEC_C01_05,2026-09-07,00:00,00:30,0,1.0
SEC_C01_05,2026-09-07,00:30,01:00,0,1.0
SEC_C01_05,2026-09-07,01:00,01:30,0,1.0
SEC_C01_05,2026-09-07,01:30,02:00,0,1.0
SEC_C01_05,2026-09-07,02:00,02:30,1,0.8
SEC_C01_05,2026-09-07,02:30,03:00,1,0.8
SEC_C01_05,2026-09-07,03:00,03:30,0,1.0
SEC_C01_05,2026-09-07,03:30,04:00,0,1.0
SEC_C01_05,2026-09-07,04:00,04:30,0,1.0
SEC_C01_05,2026-09-07,04:30,05:00,0,1.0
SEC_C01_05,2026-09-07,05:00,05:30,0,1.0
SEC_C01_05,2026-09-07,05:30,06:00,0,1.0
SEC_C01_05,2026-09-07,06:00,06:30,0,1.0
SEC_C01_05,2026-09-07,06:30,07:00,0,1.0
SEC_C01_05,2026-09-07,07:00,07:30,1,0.8
SEC_C01_05,2026-09-07,07:30,08:00,1,0.8
SEC_C01_05,2026-09-07,08:00,08:30,0,1.0
SEC_C01_05,2026-09-07,08:30,09:00,1,0.8
SEC_C01_05,2026-09-07,09:00,09:30,1,0.8
SEC_C01_05,2026-09-07,09:30,10:00,0,1.0
SEC_C01_05,2026-09-07,10:00,10:30,0,1.0
SEC_C01_05,2026-09-07,10:30,11:00,0,1.0
SEC_C01_05,2026-09-07,11:00,11:30,0,1.0
SEC_C01_05,2026-09-07,11:30,12:00,1,0.8
SEC_C01_05,2026-09-07,12:00,12:30,1,0.8
SEC_C01_05,2026-09-07,12:30,13:00,0,1.0
SEC_C01_05,2026-09-07,13:00,13:30,0,1.0
SEC_C01_05,2026-09-07,13:30,14:00,0,1.0
SEC_C01_05,2026-09-07,14:00,14:30,0,1.0
SEC_C01_05,2026-09-07,14:30,15:00,0,1.0
SEC_C01_05,2026-09-07,15:00,15:30,0,1.0
SEC_C01_05,2026-09-07,15:30,16:00,0,1.0
SEC_C01_05,2026-09-07,16:00,16:30,0,1.0
SEC_C01_05,2026-09-07,16:30,17:00,0,1.0
SEC_C01_05,2026-09-07,17:00,17:30,0,1.0
SEC_C01_05,2026-09-07,17:30,18:00,0,1.0
SEC_C01_05,2026-09-07,18:00,18:30,0,1.0
SEC_C01_05,2026-09-07,18:30,19:00,0,1.0
SEC_C01_05,2026-09-07,19:00,19:30,0,1.0
SEC_C01_05,2026-09-07,19:30,20:00,0,1.0
SEC_C01_05,2026-09-07,20:00,20:30,0,1.0
SEC_C01_05,2026-09-07,20:30,21:00,0,1.0
SEC_C01_05,2026-09-07,21:00,21:30,0,1.0
SEC_C01_05,2026-09-07,21:30,22:00,0,1.0
SEC_C01_05,2026-09-07,22:00,22:30,0,1.0
SEC_C01_05,2026-09-07,22:30,23:00,0,1.0
SEC_C01_05,2026-09-07,23:00,23:30,0,1.0
SEC_C01_05,2026-09-07,23:30,00:00,0,1.0
SEC_C01_06,2026-09-07,00:00,00:30,0,1.0
SEC_C01_06,2026-09-07,00:30,01:00,0,1.0
SEC_C01_06,2026-09-07,01:00,01:30,0,1.0
SEC_C01_06,2026-09-07,01:30,02:00,0,1.0
SEC_C01_06,2026-09-07,02:00,02:30,0,1.0
SEC_C01_06,2026-09-07,02:30,03:00,0,1.0
SEC_C01_06,2026-09-07,03:00,03:30,0,1.0
SEC_C01_06,2026-09-07,03:30,04:00,0,1.0
SEC_C01_06,2026-09-07,04:00,04:30,1,0.8
SEC_C01_06,2026-09-07,04:30,05:00,1,0.8
SEC_C01_06,2026-09-07,05:00,05:30,0,1.0
SEC_C01_06,2026-09-07,05:30,06:00,0,1.0
SEC_C01_06,2026-09-07,06:00,06:30,0,1.0
SEC_C01_06,2026-09-07,06:30,07:00,0,1.0
SEC_C01_06,2026-09-07,07:00,07:30,0,1.0
SEC_C01_06,2026-09-07,07:30,08:00,0,1.0
SEC_C01_06,2026-09-07,08:00,08:30,0,1.0
SEC_C01_06,2026-09-07,08:30,09:00,1,0.8
SEC_C01_06,2026-09-07,09:00,09:30,1,0.8
SEC_C01_06,2026-09-07,09:30,10:00,0,1.0
SEC_C01_06,2026-09-07,10:00,10:30,0,1.0
SEC_C01_06,2026-09-07,10:30,11:00,0,1.0
SEC_C01_06,2026-09-07,11:00,11:30,0,1.0
SEC_C01_06,2026-09-07,11:30,12:00,0,1.0
SEC_C01_06,2026-09-07,12:00,12:30,0,1.0
SEC_C01_06,2026-09-07,12:30,13:00,0,1.0
SEC_C01_06,2026-09-07,13:00,13:30,0,1.0
SEC_C01_06,2026-09-07,13:30,14:00,0,1.0
SEC_C01_06,2026-09-07,14:00,14:30,0,1.0
SEC_C01_06,2026-09-07,14:30,15:00,0,1.0
SEC_C01_06,2026-09-07,15:00,15:30,0,1.0
SEC_C01_06,2026-09-07,15:30,16:00,0,1.0
SEC_C01_06,2026-09-07,16:00,16:30,0,1.0
SEC_C01_06,2026-09-07,16:30,17:00,0,1.0
SEC_C01_06,2026-09-07,17:00,17:30,1,0.8
SEC_C01_06,2026-09-07,17:30,18:00,1,0.8
SEC_C01_06,2026-09-07,18:00,18:30,0,1.0
SEC_C01_06,2026-09-07,18:30,19:00,0,1.0
SEC_C01_06,2026-09-07,19:00,19:30,0,1.0
SEC_C01_06,2026-09-07,19:30,20:00,0,1.0
SEC_C01_06,2026-09-07,20:00,20:30,0,1.0
SEC_C01_06,2026-09-07,20:30,21:00,0,1.0
SEC_C01_06,2026-09-07,21:00,21:30,0,1.0
SEC_C01_06,2026-09-07,21:30,22:00,0,1.0
SEC_C01_06,2026-09-07,22:00,22:30,0,1.0
SEC_C01_06,2026-09-07,22:30,23:00,0,1.0
SEC_C01_06,2026-09-07,23:00,23:30,0,1.0
SEC_C01_06,2026-09-07,23:30,00:00,0,1.0
SEC_C01_07,2026-09-07,00:00,00:30,0,1.0
SEC_C01_07,2026-09-07,00:30,01:00,0,1.0
SEC_C01_07,2026-09-07,01:00,01:30,0,1.0
SEC_C01_07,2026-09-07,01:30,02:00,0,1.0
SEC_C01_07,2026-09-07,02:00,02:30,0,1.0
SEC_C01_07,2026-09-07,02:30,03:00,0,1.0
SEC_C01_07,2026-09-07,03:00,03:30,0,1.0
SEC_C01_07,2026-09-07,03:30,04:00,0,1.0
SEC_C01_07,2026-09-07,04:00,04:30,0,1.0
SEC_C01_07,2026-09-07,04:30,05:00,0,1.0
SEC_C01_07,2026-09-07,05:00,05:30,0,1.0
SEC_C01_07,2026-09-07,05:30,06:00,0,1.0
SEC_C01_07,2026-09-07,06:00,06:30,0,1.0
SEC_C01_07,2026-09-07,06:30,07:00,1,0.8
SEC_C01_07,2026-09-07,07:00,07:30,0,1.0
SEC_C01_07,2026-09-07,07:30,08:00,0,1.0
SEC_C01_07,2026-09-07,08:00,08:30,0,1.0
SEC_C01_07,2026-09-07,08:30,09:00,1,0.8
SEC_C01_07,2026-09-07,09:00,09:30,1,0.8
SEC_C01_07,2026-09-07,09:30,10:00,1,0.8
SEC_C01_07,2026-09-07,10:00,10:30,0,1.0
SEC_C01_07,2026-09-07,10:30,11:00,0,1.0
SEC_C01_07,2026-09-07,11:00,11:30,0,1.0
SEC_C01_07,2026-09-07,11:30,12:00,0,1.0
SEC_C01_07,2026-09-07,12:00,12:30,0,1.0
SEC_C01_07,2026-09-07,12:30,13:00,0,1.0
SEC_C01_07,2026-09-07,13:00,13:30,0,1.0
SEC_C01_07,2026-09-07,13:30,14:00,0,1.0
SEC_C01_07,2026-09-07,14:00,14:30,0,1.0
SEC_C01_07,2026-09-07,14:30,15:00,0,1.0
SEC_C01_07,2026-09-07,15:00,15:30,0,1.0
SEC_C01_07,2026-09-07,15:30,16:00,1,0.8
SEC_C01_07,2026-09-07,16:00,16:30,1,0.8
SEC_C01_07,2026-09-07,16:30,17:00,0,1.0
SEC_C01_07,2026-09-07,17:00,17:30,1,0.5
SEC_C01_07,2026-09-07,17:30,18:00,1,0.5
SEC_C01_07,2026-09-07,18:00,18:30,0,1.0
SEC_C01_07,2026-09-07,18:30,19:00,0,1.0
SEC_C01_07,2026-09-07,19:00,19:30,0,1.0
SEC_C01_07,2026-09-07,19:30,20:00,0,1.0
SEC_C01_07,2026-09-07,20:00,20:30,0,1.0
SEC_C01_07,2026-09-07,20:30,21:00,0,1.0
SEC_C01_07,2026-09-07,21:00,21:30,0,1.0
SEC_C01_07,2026-09-07,21:30,22:00,0,1.0
SEC_C01_07,2026-09-07,22:00,22:30,0,1.0
SEC_C01_07,2026-09-07,22:30,23:00,0,1.0
SEC_C01_07,2026-09-07,23:00,23:30,0,1.0
SEC_C01_07,2026-09-07,23:30,00:00,0,1.0
SEC_C01_08,2026-09-07,00:00,00:30,0,1.0
SEC_C01_08,2026-09-07,00:30,01:00,0,1.0
SEC_C01_08,2026-09-07,01:00,01:30,0,1.0
SEC_C01_08,2026-09-07,01:30,02:00,0,1.0
SEC_C01_08,2026-09-07,02:00,02:30,0,1.0
SEC_C01_08,2026-09-07,02:30,03:00,0,1.0
SEC_C01_08,2026-09-07,03:00,03:30,0,1.0
SEC_C01_08,2026-09-07,03:30,04:00,0,1.0
SEC_C01_08,2026-09-07,04:00,04:30,0,1.0
SEC_C01_08,2026-09-07,04:30,05:00,0,1.0
SEC_C01_08,2026-09-07,05:00,05:30,0,1.0
SEC_C01_08,2026-09-07,05:30,06:00,0,1.0
SEC_C01_08,2026-09-07,06:00,06:30,1,0.8
SEC_C01_08,2026-09-07,06:30,07:00,2,0.5
SEC_C01_08,2026-09-07,07:00,07:30,1,0.8
SEC_C01_08,2026-09-07,07:30,08:00,0,1.0
SEC_C01_08,2026-09-07,08:00,08:30,0,1.0
SEC_C01_08,2026-09-07,08:30,09:00,0,1.0
SEC_C01_08,2026-09-07,09:00,09:30,0,1.0
SEC_C01_08,2026-09-07,09:30,10:00,0,1.0
SEC_C01_08,2026-09-07,10:00,10:30,0,1.0
SEC_C01_08,2026-09-07,10:30,11:00,0,1.0
SEC_C01_08,2026-09-07,11:00,11:30,1,0.8
SEC_C01_08,2026-09-07,11:30,12:00,0,1.0
SEC_C01_08,2026-09-07,12:00,12:30,0,1.0
SEC_C01_08,2026-09-07,12:30,13:00,0,1.0
SEC_C01_08,2026-09-07,13:00,13:30,0,1.0
SEC_C01_08,2026-09-07,13:30,14:00,0,1.0
SEC_C01_08,2026-09-07,14:00,14:30,0,1.0
SEC_C01_08,2026-09-07,14:30,15:00,0,1.0
SEC_C01_08,2026-09-07,15:00,15:30,0,1.0
SEC_C01_08,2026-09-07,15:30,16:00,0,1.0
SEC_C01_08,2026-09-07,16:00,16:30,0,1.0
SEC_C01_08,2026-09-07,16:30,17:00,0,1.0
SEC_C01_08,2026-09-07,17:00,17:30,0,1.0
SEC_C01_08,2026-09-07,17:30,18:00,1,0.8
SEC_C01_08,2026-09-07,18:00,18:30,1,0.8
SEC_C01_08,2026-09-07,18:30,19:00,1,0.8
SEC_C01_08,2026-09-07,19:00,19:30,0,1.0
SEC_C01_08,2026-09-07,19:30,20:00,0,1.0
SEC_C01_08,2026-09-07,20:00,20:30,0,1.0
SEC_C01_08,2026-09-07,20:30,21:00,0,1.0
SEC_C01_08,2026-09-07,21:00,21:30,0,1.0
SEC_C01_08,2026-09-07,21:30,22:00,0,1.0
SEC_C01_08,2026-09-07,22:00,22:30,0,1.0
SEC_C01_08,2026-09-07,22:30,23:00,0,1.0
SEC_C01_08,2026-09-07,23:00,23:30,0,1.0
SEC_C01_08,2026-09-07,23:30,00:00,0,1.0
SEC_C02_01,2026-09-07,00:00,00:30,0,1.0
SEC_C02_01,2026-09-07,00:30,01:00,0,1.0
SEC_C02_01,2026-09-07,01:00,01:30,0,1.0
SEC_C02_01,2026-09-07,01:30,02:00,0,1.0
SEC_C02_01,2026-09-07,02:00,02:30,0,1.0
SEC_C02_01,2026-09-07,02:30,03:00,0,1.0
SEC_C02_01,2026-09-07,03:00,03:30,0,1.0
SEC_C02_01,2026-09-07,03:30,04:00,0,1.0
SEC_C02_01,2026-09-07,04:00,04:30,0,1.0
SEC_C02_01,2026-09-07,04:30,05:00,0,1.0
SEC_C02_01,2026-09-07,05:00,05:30,0,1.0
SEC_C02_01,2026-09-07,05:30,06:00,0,1.0
SEC_C02_01,2026-09-07,06:00,06:30,0,1.0
SEC_C02_01,2026-09-07,06:30,07:00,1,0.8
SEC_C02_01,2026-09-07,07:00,07:30,1,0.8
SEC_C02_01,2026-09-07,07:30,08:00,0,1.0
SEC_C02_01,2026-09-07,08:00,08:30,0,1.0
SEC_C02_01,2026-09-07,08:30,09:00,0,1.0
SEC_C02_01,2026-09-07,09:00,09:30,0,1.0
SEC_C02_01,2026-09-07,09:30,10:00,0,1.0
SEC_C02_01,2026-09-07,10:00,10:30,0,1.0
SEC_C02_01,2026-09-07,10:30,11:00,0,1.0
SEC_C02_01,2026-09-07,11:00,11:30,0,1.0
SEC_C02_01,2026-09-07,11:30,12:00,0,1.0
SEC_C02_01,2026-09-07,12:00,12:30,0,1.0
SEC_C02_01,2026-09-07,12:30,13:00,0,1.0
SEC_C02_01,2026-09-07,13:00,13:30,0,1.0
SEC_C02_01,2026-09-07,13:30,14:00,0,1.0
SEC_C02_01,2026-09-07,14:00,14:30,1,0.8
SEC_C02_01,2026-09-07,14:30,15:00,1,0.8
SEC_C02_01,2026-09-07,15:00,15:30,1,0.8
SEC_C02_01,2026-09-07,15:30,16:00,0,1.0
SEC_C02_01,2026-09-07,16:00,16:30,0,1.0
SEC_C02_01,2026-09-07,16:30,17:00,0,1.0
SEC_C02_01,2026-09-07,17:00,17:30,0,1.0
SEC_C02_01,2026-09-07,17:30,18:00,0,1.0
SEC_C02_01,2026-09-07,18:00,18:30,0,1.0
SEC_C02_01,2026-09-07,18:30,19:00,0,1.0
SEC_C02_01,2026-09-07,19:00,19:30,0,1.0
SEC_C02_01,2026-09-07,19:30,20:00,0,1.0
SEC_C02_01,2026-09-07,20:00,20:30,0,1.0
SEC_C02_01,2026-09-07,20:30,21:00,0,1.0
SEC_C02_01,2026-09-07,21:00,21:30,1,0.8
SEC_C02_01,2026-09-07,21:30,22:00,0,1.0
SEC_C02_01,2026-09-07,22:00,22:30,0,1.0
SEC_C02_01,2026-09-07,22:30,23:00,0,1.0
SEC_C02_01,2026-09-07,23:00,23:30,0,1.0
SEC_C02_01,2026-09-07,23:30,00:00,0,1.0
SEC_C02_02,2026-09-07,00:00,00:30,0,1.0
SEC_C02_02,2026-09-07,00:30,01:00,0,1.0
SEC_C02_02,2026-09-07,01:00,01:30,0,1.0
SEC_C02_02,2026-09-07,01:30,02:00,0,1.0
SEC_C02_02,2026-09-07,02:00,02:30,0,1.0
SEC_C02_02,2026-09-07,02:30,03:00,0,1.0
SEC_C02_02,2026-09-07,03:00,03:30,0,1.0
SEC_C02_02,2026-09-07,03:30,04:00,0,1.0
SEC_C02_02,2026-09-07,04:00,04:30,0,1.0
SEC_C02_02,2026-09-07,04:30,05:00,0,1.0
SEC_C02_02,2026-09-07,05:00,05:30,0,1.0
SEC_C02_02,2026-09-07,05:30,06:00,0,1.0
SEC_C02_02,2026-09-07,06:00,06:30,1,0.5
SEC_C02_02,2026-09-07,06:30,07:00,1,0.5
SEC_C02_02,2026-09-07,07:00,07:30,0,1.0
SEC_C02_02,2026-09-07,07:30,08:00,0,1.0
SEC_C02_02,2026-09-07,08:00,08:30,0,1.0
SEC_C02_02,2026-09-07,08:30,09:00,0,1.0
SEC_C02_02,2026-09-07,09:00,09:30,1,0.8
SEC_C02_02,2026-09-07,09:30,10:00,1,0.8
SEC_C02_02,2026-09-07,10:00,10:30,0,1.0
SEC_C02_02,2026-09-07,10:30,11:00,0,1.0
SEC_C02_02,2026-09-07,11:00,11:30,0,1.0
SEC_C02_02,2026-09-07,11:30,12:00,0,1.0
SEC_C02_02,2026-09-07,12:00,12:30,0,1.0
SEC_C02_02,2026-09-07,12:30,13:00,0,1.0
SEC_C02_02,2026-09-07,13:00,13:30,0,1.0
SEC_C02_02,2026-09-07,13:30,14:00,0,1.0
SEC_C02_02,2026-09-07,14:00,14:30,0,1.0
SEC_C02_02,2026-09-07,14:30,15:00,0,1.0
SEC_C02_02,2026-09-07,15:00,15:30,0,1.0
SEC_C02_02,2026-09-07,15:30,16:00,0,1.0
SEC_C02_02,2026-09-07,16:00,16:30,0,1.0
SEC_C02_02,2026-09-07,16:30,17:00,0,1.0
SEC_C02_02,2026-09-07,17:00,17:30,0,1.0
SEC_C02_02,2026-09-07,17:30,18:00,0,1.0
SEC_C02_02,2026-09-07,18:00,18:30,0,1.0
SEC_C02_02,2026-09-07,18:30,19:00,0,1.0
SEC_C02_02,2026-09-07,19:00,19:30,0,1.0
SEC_C02_02,2026-09-07,19:30,20:00,1,0.8
SEC_C02_02,2026-09-07,20:00,20:30,1,0.8
SEC_C02_02,2026-09-07,20:30,21:00,0,1.0
SEC_C02_02,2026-09-07,21:00,21:30,0,1.0
SEC_C02_02,2026-09-07,21:30,22:00,0,1.0
SEC_C02_02,2026-09-07,22:00,22:30,0,1.0
SEC_C02_02,2026-09-07,22:30,23:00,0,1.0
SEC_C02_02,2026-09-07,23:00,23:30,0,1.0
SEC_C02_02,2026-09-07,23:30,00:00,0,1.0
SEC_C02_03,2026-09-07,00:00,00:30,0,1.0
SEC_C02_03,2026-09-07,00:30,01:00,0,1.0
SEC_C02_03,2026-09-07,01:00,01:30,0,1.0
SEC_C02_03,2026-09-07,01:30,02:00,0,1.0
SEC_C02_03,2026-09-07,02:00,02:30,0,1.0
SEC_C02_03,2026-09-07,02:30,03:00,0,1.0
SEC_C02_03,2026-09-07,03:00,03:30,0,1.0
SEC_C02_03,2026-09-07,03:30,04:00,0,1.0
SEC_C02_03,2026-09-07,04:00,04:30,0,1.0
SEC_C02_03,2026-09-07,04:30,05:00,0,1.0
SEC_C02_03,2026-09-07,05:00,05:30,0,1.0
SEC_C02_03,2026-09-07,05:30,06:00,0,1.0
SEC_C02_03,2026-09-07,06:00,06:30,0,1.0
SEC_C02_03,2026-09-07,06:30,07:00,0,1.0
SEC_C02_03,2026-09-07,07:00,07:30,0,1.0
SEC_C02_03,2026-09-07,07:30,08:00,0,1.0
SEC_C02_03,2026-09-07,08:00,08:30,0,1.0
SEC_C02_03,2026-09-07,08:30,09:00,0,1.0
SEC_C02_03,2026-09-07,09:00,09:30,0,1.0
SEC_C02_03,2026-09-07,09:30,10:00,0,1.0
SEC_C02_03,2026-09-07,10:00,10:30,0,1.0
SEC_C02_03,2026-09-07,10:30,11:00,0,1.0
SEC_C02_03,2026-09-07,11:00,11:30,0,1.0
SEC_C02_03,2026-09-07,11:30,12:00,0,1.0
SEC_C02_03,2026-09-07,12:00,12:30,0,1.0
SEC_C02_03,2026-09-07,12:30,13:00,0,1.0
SEC_C02_03,2026-09-07,13:00,13:30,0,1.0
SEC_C02_03,2026-09-07,13:30,14:00,0,1.0
SEC_C02_03,2026-09-07,14:00,14:30,0,1.0
SEC_C02_03,2026-09-07,14:30,15:00,0,1.0
SEC_C02_03,2026-09-07,15:00,15:30,1,0.5
SEC_C02_03,2026-09-07,15:30,16:00,0,1.0
SEC_C02_03,2026-09-07,16:00,16:30,0,1.0
SEC_C02_03,2026-09-07,16:30,17:00,0,1.0
SEC_C02_03,2026-09-07,17:00,17:30,0,1.0
SEC_C02_03,2026-09-07,17:30,18:00,0,1.0
SEC_C02_03,2026-09-07,18:00,18:30,0,1.0
SEC_C02_03,2026-09-07,18:30,19:00,0,1.0
SEC_C02_03,2026-09-07,19:00,19:30,1,0.5
SEC_C02_03,2026-09-07,19:30,20:00,1,0.5
SEC_C02_03,2026-09-07,20:00,20:30,0,1.0
SEC_C02_03,2026-09-07,20:30,21:00,0,1.0
SEC_C02_03,2026-09-07,21:00,21:30,0,1.0
SEC_C02_03,2026-09-07,21:30,22:00,0,1.0
SEC_C02_03,2026-09-07,22:00,22:30,0,1.0
SEC_C02_03,2026-09-07,22:30,23:00,0,1.0
SEC_C02_03,2026-09-07,23:00,23:30,0,1.0
SEC_C02_03,2026-09-07,23:30,00:00,0,1.0
SEC_C02_04,2026-09-07,00:00,00:30,0,1.0
SEC_C02_04,2026-09-07,00:30,01:00,0,1.0
SEC_C02_04,2026-09-07,01:00,01:30,0,1.0
SEC_C02_04,2026-09-07,01:30,02:00,0,1.0
SEC_C02_04,2026-09-07,02:00,02:30,0,1.0
SEC_C02_04,2026-09-07,02:30,03:00,0,1.0
SEC_C02_04,2026-09-07,03:00,03:30,0,1.0
SEC_C02_04,2026-09-07,03:30,04:00,0,1.0
SEC_C02_04,2026-09-07,04:00,04:30,0,1.0
SEC_C02_04,2026-09-07,04:30,05:00,0,1.0
SEC_C02_04,2026-09-07,05:00,05:30,0,1.0
SEC_C02_04,2026-09-07,05:30,06:00,0,1.0
SEC_C02_04,2026-09-07,06:00,06:30,0,1.0
SEC_C02_04,2026-09-07,06:30,07:00,0,1.0
SEC_C02_04,2026-09-07,07:00,07:30,1,0.5
SEC_C02_04,2026-09-07,07:30,08:00,1,0.5
SEC_C02_04,2026-09-07,08:00,08:30,0,1.0
SEC_C02_04,2026-09-07,08:30,09:00,0,1.0
SEC_C02_04,2026-09-07,09:00,09:30,0,1.0
SEC_C02_04,2026-09-07,09:30,10:00,0,1.0
SEC_C02_04,2026-09-07,10:00,10:30,0,1.0
SEC_C02_04,2026-09-07,10:30,11:00,0,1.0
SEC_C02_04,2026-09-07,11:00,11:30,0,1.0
SEC_C02_04,2026-09-07,11:30,12:00,0,1.0
SEC_C02_04,2026-09-07,12:00,12:30,0,1.0
SEC_C02_04,2026-09-07,12:30,13:00,0,1.0
SEC_C02_04,2026-09-07,13:00,13:30,0,1.0
SEC_C02_04,2026-09-07,13:30,14:00,0,1.0
SEC_C02_04,2026-09-07,14:00,14:30,0,1.0
SEC_C02_04,2026-09-07,14:30,15:00,0,1.0
SEC_C02_04,2026-09-07,15:00,15:30,0,1.0
SEC_C02_04,2026-09-07,15:30,16:00,0,1.0
SEC_C02_04,2026-09-07,16:00,16:30,0,1.0
SEC_C02_04,2026-09-07,16:30,17:00,0,1.0
SEC_C02_04,2026-09-07,17:00,17:30,0,1.0
SEC_C02_04,2026-09-07,17:30,18:00,0,1.0
SEC_C02_04,2026-09-07,18:00,18:30,0,1.0
SEC_C02_04,2026-09-07,18:30,19:00,0,1.0
SEC_C02_04,2026-09-07,19:00,19:30,0,1.0
SEC_C02_04,2026-09-07,19:30,20:00,0,1.0
SEC_C02_04,2026-09-07,20:00,20:30,0,1.0
SEC_C02_04,2026-09-07,20:30,21:00,0,1.0
SEC_C02_04,2026-09-07,21:00,21:30,0,1.0
SEC_C02_04,2026-09-07,21:30,22:00,1,0.8
SEC_C02_04,2026-09-07,22:00,22:30,1,0.8
SEC_C02_04,2026-09-07,22:30,23:00,0,1.0
SEC_C02_04,2026-09-07,23:00,23:30,0,1.0
SEC_C02_04,2026-09-07,23:30,00:00,0,1.0
SEC_C02_05,2026-09-07,00:00,00:30,0,1.0
SEC_C02_05,2026-09-07,00:30,01:00,0,1.0
SEC_C02_05,2026-09-07,01:00,01:30,0,1.0
SEC_C02_05,2026-09-07,01:30,02:00,1,0.8
SEC_C02_05,2026-09-07,02:00,02:30,1,0.8
SEC_C02_05,2026-09-07,02:30,03:00,0,1.0
SEC_C02_05,2026-09-07,03:00,03:30,1,0.8
SEC_C02_05,2026-09-07,03:30,04:00,1,0.8
SEC_C02_05,2026-09-07,04:00,04:30,0,1.0
SEC_C02_05,2026-09-07,04:30,05:00,0,1.0
SEC_C02_05,2026-09-07,05:00,05:30,0,1.0
SEC_C02_05,2026-09-07,05:30,06:00,0,1.0
SEC_C02_05,2026-09-07,06:00,06:30,0,1.0
SEC_C02_05,2026-09-07,06:30,07:00,0,1.0
SEC_C02_05,2026-09-07,07:00,07:30,0,1.0
SEC_C02_05,2026-09-07,07:30,08:00,0,1.0
SEC_C02_05,2026-09-07,08:00,08:30,0,1.0
SEC_C02_05,2026-09-07,08:30,09:00,0,1.0
SEC_C02_05,2026-09-07,09:00,09:30,1,0.8
SEC_C02_05,2026-09-07,09:30,10:00,1,0.8
SEC_C02_05,2026-09-07,10:00,10:30,1,0.8
SEC_C02_05,2026-09-07,10:30,11:00,0,1.0
SEC_C02_05,2026-09-07,11:00,11:30,0,1.0
SEC_C02_05,2026-09-07,11:30,12:00,0,1.0
SEC_C02_05,2026-09-07,12:00,12:30,0,1.0
SEC_C02_05,2026-09-07,12:30,13:00,0,1.0
SEC_C02_05,2026-09-07,13:00,13:30,0,1.0
SEC_C02_05,2026-09-07,13:30,14:00,0,1.0
SEC_C02_05,2026-09-07,14:00,14:30,0,1.0
SEC_C02_05,2026-09-07,14:30,15:00,0,1.0
SEC_C02_05,2026-09-07,15:00,15:30,0,1.0
SEC_C02_05,2026-09-07,15:30,16:00,0,1.0
SEC_C02_05,2026-09-07,16:00,16:30,0,1.0
SEC_C02_05,2026-09-07,16:30,17:00,0,1.0
SEC_C02_05,2026-09-07,17:00,17:30,0,1.0
SEC_C02_05,2026-09-07,17:30,18:00,0,1.0
SEC_C02_05,2026-09-07,18:00,18:30,0,1.0
SEC_C02_05,2026-09-07,18:30,19:00,0,1.0
SEC_C02_05,2026-09-07,19:00,19:30,0,1.0
SEC_C02_05,2026-09-07,19:30,20:00,0,1.0
SEC_C02_05,2026-09-07,20:00,20:30,0,1.0
SEC_C02_05,2026-09-07,20:30,21:00,0,1.0
SEC_C02_05,2026-09-07,21:00,21:30,0,1.0
SEC_C02_05,2026-09-07,21:30,22:00,0,1.0
SEC_C02_05,2026-09-07,22:00,22:30,0,1.0
SEC_C02_05,2026-09-07,22:30,23:00,0,1.0
SEC_C02_05,2026-09-07,23:00,23:30,0,1.0
SEC_C02_05,2026-09-07,23:30,00:00,0,1.0
SEC_C02_06,2026-09-07,00:00,00:30,0,1.0
SEC_C02_06,2026-09-07,00:30,01:00,0,1.0
SEC_C02_06,2026-09-07,01:00,01:30,0,1.0
SEC_C02_06,2026-09-07,01:30,02:00,0,1.0
SEC_C02_06,2026-09-07,02:00,02:30,0,1.0
SEC_C02_06,2026-09-07,02:30,03:00,0,1.0
SEC_C02_06,2026-09-07,03:00,03:30,0,1.0
SEC_C02_06,2026-09-07,03:30,04:00,0,1.0
SEC_C02_06,2026-09-07,04:00,04:30,0,1.0
SEC_C02_06,2026-09-07,04:30,05:00,1,0.8
SEC_C02_06,2026-09-07,05:00,05:30,1,0.8
SEC_C02_06,2026-09-07,05:30,06:00,0,1.0
SEC_C02_06,2026-09-07,06:00,06:30,0,1.0
SEC_C02_06,2026-09-07,06:30,07:00,2,0.5
SEC_C02_06,2026-09-07,07:00,07:30,3,0.25
SEC_C02_06,2026-09-07,07:30,08:00,1,0.8
SEC_C02_06,2026-09-07,08:00,08:30,0,1.0
SEC_C02_06,2026-09-07,08:30,09:00,0,1.0
SEC_C02_06,2026-09-07,09:00,09:30,0,1.0
SEC_C02_06,2026-09-07,09:30,10:00,0,1.0
SEC_C02_06,2026-09-07,10:00,10:30,0,1.0
SEC_C02_06,2026-09-07,10:30,11:00,0,1.0
SEC_C02_06,2026-09-07,11:00,11:30,0,1.0
SEC_C02_06,2026-09-07,11:30,12:00,0,1.0
SEC_C02_06,2026-09-07,12:00,12:30,0,1.0
SEC_C02_06,2026-09-07,12:30,13:00,0,1.0
SEC_C02_06,2026-09-07,13:00,13:30,0,1.0
SEC_C02_06,2026-09-07,13:30,14:00,0,1.0
SEC_C02_06,2026-09-07,14:00,14:30,0,1.0
SEC_C02_06,2026-09-07,14:30,15:00,0,1.0
SEC_C02_06,2026-09-07,15:00,15:30,0,1.0
SEC_C02_06,2026-09-07,15:30,16:00,0,1.0
SEC_C02_06,2026-09-07,16:00,16:30,0,1.0
SEC_C02_06,2026-09-07,16:30,17:00,0,1.0
SEC_C02_06,2026-09-07,17:00,17:30,0,1.0
SEC_C02_06,2026-09-07,17:30,18:00,0,1.0
SEC_C02_06,2026-09-07,18:00,18:30,0,1.0
SEC_C02_06,2026-09-07,18:30,19:00,0,1.0
SEC_C02_06,2026-09-07,19:00,19:30,1,0.5
SEC_C02_06,2026-09-07,19:30,20:00,1,0.5
SEC_C02_06,2026-09-07,20:00,20:30,0,1.0
SEC_C02_06,2026-09-07,20:30,21:00,0,1.0
SEC_C02_06,2026-09-07,21:00,21:30,0,1.0
SEC_C02_06,2026-09-07,21:30,22:00,0,1.0
SEC_C02_06,2026-09-07,22:00,22:30,0,1.0
SEC_C02_06,2026-09-07,22:30,23:00,0,1.0
SEC_C02_06,2026-09-07,23:00,23:30,0,1.0
SEC_C02_06,2026-09-07,23:30,00:00,0,1.0
SEC_C02_07,2026-09-07,00:00,00:30,0,1.0
SEC_C02_07,2026-09-07,00:30,01:00,0,1.0
SEC_C02_07,2026-09-07,01:00,01:30,0,1.0
SEC_C02_07,2026-09-07,01:30,02:00,0,1.0
SEC_C02_07,2026-09-07,02:00,02:30,0,1.0
SEC_C02_07,2026-09-07,02:30,03:00,0,1.0
SEC_C02_07,2026-09-07,03:00,03:30,0,1.0
SEC_C02_07,2026-09-07,03:30,04:00,0,1.0
SEC_C02_07,2026-09-07,04:00,04:30,0,1.0
SEC_C02_07,2026-09-07,04:30,05:00,1,0.8
SEC_C02_07,2026-09-07,05:00,05:30,1,0.8
SEC_C02_07,2026-09-07,05:30,06:00,0,1.0
SEC_C02_07,2026-09-07,06:00,06:30,0,1.0
SEC_C02_07,2026-09-07,06:30,07:00,0,1.0
SEC_C02_07,2026-09-07,07:00,07:30,0,1.0
SEC_C02_07,2026-09-07,07:30,08:00,0,1.0
SEC_C02_07,2026-09-07,08:00,08:30,0,1.0
SEC_C02_07,2026-09-07,08:30,09:00,0,1.0
SEC_C02_07,2026-09-07,09:00,09:30,0,1.0
SEC_C02_07,2026-09-07,09:30,10:00,1,0.8
SEC_C02_07,2026-09-07,10:00,10:30,1,0.8
SEC_C02_07,2026-09-07,10:30,11:00,0,1.0
SEC_C02_07,2026-09-07,11:00,11:30,0,1.0
SEC_C02_07,2026-09-07,11:30,12:00,0,1.0
SEC_C02_07,2026-09-07,12:00,12:30,0,1.0
SEC_C02_07,2026-09-07,12:30,13:00,0,1.0
SEC_C02_07,2026-09-07,13:00,13:30,0,1.0
SEC_C02_07,2026-09-07,13:30,14:00,0,1.0
SEC_C02_07,2026-09-07,14:00,14:30,0,1.0
SEC_C02_07,2026-09-07,14:30,15:00,0,1.0
SEC_C02_07,2026-09-07,15:00,15:30,0,1.0
SEC_C02_07,2026-09-07,15:30,16:00,0,1.0
SEC_C02_07,2026-09-07,16:00,16:30,0,1.0
SEC_C02_07,2026-09-07,16:30,17:00,0,1.0
SEC_C02_07,2026-09-07,17:00,17:30,0,1.0
SEC_C02_07,2026-09-07,17:30,18:00,0,1.0
SEC_C02_07,2026-09-07,18:00,18:30,0,1.0
SEC_C02_07,2026-09-07,18:30,19:00,0,1.0
SEC_C02_07,2026-09-07,19:00,19:30,0,1.0
SEC_C02_07,2026-09-07,19:30,20:00,0,1.0
SEC_C02_07,2026-09-07,20:00,20:30,0,1.0
SEC_C02_07,2026-09-07,20:30,21:00,0,1.0
SEC_C02_07,2026-09-07,21:00,21:30,1,0.8
SEC_C02_07,2026-09-07,21:30,22:00,1,0.8
SEC_C02_07,2026-09-07,22:00,22:30,0,1.0
SEC_C02_07,2026-09-07,22:30,23:00,0,1.0
SEC_C02_07,2026-09-07,23:00,23:30,0,1.0
SEC_C02_07,2026-09-07,23:30,00:00,0,1.0
SEC_C02_08,2026-09-07,00:00,00:30,0,1.0
SEC_C02_08,2026-09-07,00:30,01:00,0,1.0
SEC_C02_08,2026-09-07,01:00,01:30,0,1.0
SEC_C02_08,2026-09-07,01:30,02:00,1,0.8
SEC_C02_08,2026-09-07,02:00,02:30,1,0.8
SEC_C02_08,2026-09-07,02:30,03:00,0,1.0
SEC_C02_08,2026-09-07,03:00,03:30,0,1.0
SEC_C02_08,2026-09-07,03:30,04:00,0,1.0
SEC_C02_08,2026-09-07,04:00,04:30,0,1.0
SEC_C02_08,2026-09-07,04:30,05:00,0,1.0
SEC_C02_08,2026-09-07,05:00,05:30,0,1.0
SEC_C02_08,2026-09-07,05:30,06:00,0,1.0
SEC_C02_08,2026-09-07,06:00,06:30,0,1.0
SEC_C02_08,2026-09-07,06:30,07:00,0,1.0
SEC_C02_08,2026-09-07,07:00,07:30,0,1.0
SEC_C02_08,2026-09-07,07:30,08:00,0,1.0
SEC_C02_08,2026-09-07,08:00,08:30,1,0.8
SEC_C02_08,2026-09-07,08:30,09:00,1,0.8
SEC_C02_08,2026-09-07,09:00,09:30,0,1.0
SEC_C02_08,2026-09-07,09:30,10:00,0,1.0
SEC_C02_08,2026-09-07,10:00,10:30,0,1.0
SEC_C02_08,2026-09-07,10:30,11:00,0,1.0
SEC_C02_08,2026-09-07,11:00,11:30,0,1.0
SEC_C02_08,2026-09-07,11:30,12:00,0,1.0
SEC_C02_08,2026-09-07,12:00,12:30,0,1.0
SEC_C02_08,2026-09-07,12:30,13:00,0,1.0
SEC_C02_08,2026-09-07,13:00,13:30,0,1.0
SEC_C02_08,2026-09-07,13:30,14:00,0,1.0
SEC_C02_08,2026-09-07,14:00,14:30,0,1.0
SEC_C02_08,2026-09-07,14:30,15:00,0,1.0
SEC_C02_08,2026-09-07,15:00,15:30,0,1.0
SEC_C02_08,2026-09-07,15:30,16:00,0,1.0
SEC_C02_08,2026-09-07,16:00,16:30,0,1.0
SEC_C02_08,2026-09-07,16:30,17:00,0,1.0
SEC_C02_08,2026-09-07,17:00,17:30,0,1.0
SEC_C02_08,2026-09-07,17:30,18:00,0,1.0
SEC_C02_08,2026-09-07,18:00,18:30,0,1.0
SEC_C02_08,2026-09-07,18:30,19:00,0,1.0
SEC_C02_08,2026-09-07,19:00,19:30,0,1.0
SEC_C02_08,2026-09-07,19:30,20:00,0,1.0
SEC_C02_08,2026-09-07,20:00,20:30,0,1.0
SEC_C02_08,2026-09-07,20:30,21:00,0,1.0
SEC_C02_08,2026-09-07,21:00,21:30,0,1.0
SEC_C02_08,2026-09-07,21:30,22:00,1,0.8
SEC_C02_08,2026-09-07,22:00,22:30,1,0.8
SEC_C02_08,2026-09-07,22:30,23:00,1,0.8
SEC_C02_08,2026-09-07,23:00,23:30,0,1.0
SEC_C02_08,2026-09-07,23:30,00:00,0,1.0
SEC_C02_09,2026-09-07,00:00,00:30,0,1.0
SEC_C02_09,2026-09-07,00:30,01:00,0,1.0
SEC_C02_09,2026-09-07,01:00,01:30,0,1.0
SEC_C02_09,2026-09-07,01:30,02:00,0,1.0
SEC_C02_09,2026-09-07,02:00,02:30,0,1.0
SEC_C02_09,2026-09-07,02:30,03:00,0,1.0
SEC_C02_09,2026-09-07,03:00,03:30,0,1.0
SEC_C02_09,2026-09-07,03:30,04:00,0,1.0
SEC_C02_09,2026-09-07,04:00,04:30,1,0.8
SEC_C02_09,2026-09-07,04:30,05:00,1,0.8
SEC_C02_09,2026-09-07,05:00,05:30,0,1.0
SEC_C02_09,2026-09-07,05:30,06:00,0,1.0
SEC_C02_09,2026-09-07,06:00,06:30,0,1.0
SEC_C02_09,2026-09-07,06:30,07:00,0,1.0
SEC_C02_09,2026-09-07,07:00,07:30,1,0.8
SEC_C02_09,2026-09-07,07:30,08:00,1,0.8
SEC_C02_09,2026-09-07,08:00,08:30,0,1.0
SEC_C02_09,2026-09-07,08:30,09:00,0,1.0
SEC_C02_09,2026-09-07,09:00,09:30,1,0.8
SEC_C02_09,2026-09-07,09:30,10:00,1,0.8
SEC_C02_09,2026-09-07,10:00,10:30,0,1.0
SEC_C02_09,2026-09-07,10:30,11:00,0,1.0
SEC_C02_09,2026-09-07,11:00,11:30,0,1.0
SEC_C02_09,2026-09-07,11:30,12:00,0,1.0
SEC_C02_09,2026-09-07,12:00,12:30,0,1.0
SEC_C02_09,2026-09-07,12:30,13:00,0,1.0
SEC_C02_09,2026-09-07,13:00,13:30,0,1.0
SEC_C02_09,2026-09-07,13:30,14:00,0,1.0
SEC_C02_09,2026-09-07,14:00,14:30,0,1.0
SEC_C02_09,2026-09-07,14:30,15:00,1,0.8
SEC_C02_09,2026-09-07,15:00,15:30,1,0.8
SEC_C02_09,2026-09-07,15:30,16:00,0,1.0
SEC_C02_09,2026-09-07,16:00,16:30,0,1.0
SEC_C02_09,2026-09-07,16:30,17:00,0,1.0
SEC_C02_09,2026-09-07,17:00,17:30,1,0.8
SEC_C02_09,2026-09-07,17:30,18:00,1,0.8
SEC_C02_09,2026-09-07,18:00,18:30,0,1.0
SEC_C02_09,2026-09-07,18:30,19:00,0,1.0
SEC_C02_09,2026-09-07,19:00,19:30,0,1.0
SEC_C02_09,2026-09-07,19:30,20:00,0,1.0
SEC_C02_09,2026-09-07,20:00,20:30,0,1.0
SEC_C02_09,2026-09-07,20:30,21:00,0,1.0
SEC_C02_09,2026-09-07,21:00,21:30,0,1.0
SEC_C02_09,2026-09-07,21:30,22:00,0,1.0
SEC_C02_09,2026-09-07,22:00,22:30,0,1.0
SEC_C02_09,2026-09-07,22:30,23:00,0,1.0
SEC_C02_09,2026-09-07,23:00,23:30,0,1.0
SEC_C02_09,2026-09-07,23:30,00:00,0,1.0
SEC_C02_10,2026-09-07,00:00,00:30,0,1.0
SEC_C02_10,2026-09-07,00:30,01:00,0,1.0
SEC_C02_10,2026-09-07,01:00,01:30,0,1.0
SEC_C02_10,2026-09-07,01:30,02:00,0,1.0
SEC_C02_10,2026-09-07,02:00,02:30,0,1.0
SEC_C02_10,2026-09-07,02:30,03:00,0,1.0
SEC_C02_10,2026-09-07,03:00,03:30,0,1.0
SEC_C02_10,2026-09-07,03:30,04:00,0,1.0
SEC_C02_10,2026-09-07,04:00,04:30,0,1.0
SEC_C02_10,2026-09-07,04:30,05:00,0,1.0
SEC_C02_10,2026-09-07,05:00,05:30,0,1.0
SEC_C02_10,2026-09-07,05:30,06:00,0,1.0
SEC_C02_10,2026-09-07,06:00,06:30,0,1.0
SEC_C02_10,2026-09-07,06:30,07:00,0,1.0
SEC_C02_10,2026-09-07,07:00,07:30,0,1.0
SEC_C02_10,2026-09-07,07:30,08:00,0,1.0
SEC_C02_10,2026-09-07,08:00,08:30,0,1.0
SEC_C02_10,2026-09-07,08:30,09:00,0,1.0
SEC_C02_10,2026-09-07,09:00,09:30,1,0.8
SEC_C02_10,2026-09-07,09:30,10:00,1,0.8
SEC_C02_10,2026-09-07,10:00,10:30,0,1.0
SEC_C02_10,2026-09-07,10:30,11:00,0,1.0
SEC_C02_10,2026-09-07,11:00,11:30,0,1.0
SEC_C02_10,2026-09-07,11:30,12:00,0,1.0
SEC_C02_10,2026-09-07,12:00,12:30,0,1.0
SEC_C02_10,2026-09-07,12:30,13:00,0,1.0
SEC_C02_10,2026-09-07,13:00,13:30,0,1.0
SEC_C02_10,2026-09-07,13:30,14:00,0,1.0
SEC_C02_10,2026-09-07,14:00,14:30,0,1.0
SEC_C02_10,2026-09-07,14:30,15:00,1,0.8
SEC_C02_10,2026-09-07,15:00,15:30,1,0.8
SEC_C02_10,2026-09-07,15:30,16:00,0,1.0
SEC_C02_10,2026-09-07,16:00,16:30,0,1.0
SEC_C02_10,2026-09-07,16:30,17:00,0,1.0
SEC_C02_10,2026-09-07,17:00,17:30,0,1.0
SEC_C02_10,2026-09-07,17:30,18:00,0,1.0
SEC_C02_10,2026-09-07,18:00,18:30,0,1.0
SEC_C02_10,2026-09-07,18:30,19:00,1,0.8
SEC_C02_10,2026-09-07,19:00,19:30,1,0.8
SEC_C02_10,2026-09-07,19:30,20:00,0,1.0
SEC_C02_10,2026-09-07,20:00,20:30,0,1.0
SEC_C02_10,2026-09-07,20:30,21:00,1,0.8
SEC_C02_10,2026-09-07,21:00,21:30,1,0.8
SEC_C02_10,2026-09-07,21:30,22:00,0,1.0
SEC_C02_10,2026-09-07,22:00,22:30,0,1.0
SEC_C02_10,2026-09-07,22:30,23:00,0,1.0
SEC_C02_10,2026-09-07,23:00,23:30,0,1.0
SEC_C02_10,2026-09-07,23:30,00:00,0,1.0
SEC_C03_01,2026-09-07,00:00,00:30,0,1.0
SEC_C03_01,2026-09-07,00:30,01:00,0,1.0
SEC_C03_01,2026-09-07,01:00,01:30,0,1.0
SEC_C03_01,2026-09-07,01:30,02:00,0,1.0
SEC_C03_01,2026-09-07,02:00,02:30,0,1.0
SEC_C03_01,2026-09-07,02:30,03:00,0,1.0
SEC_C03_01,2026-09-07,03:00,03:30,0,1.0
SEC_C03_01,2026-09-07,03:30,04:00,0,1.0
SEC_C03_01,2026-09-07,04:00,04:30,0,1.0
SEC_C03_01,2026-09-07,04:30,05:00,0,1.0
SEC_C03_01,2026-09-07,05:00,05:30,0,1.0
SEC_C03_01,2026-09-07,05:30,06:00,0,1.0
SEC_C03_01,2026-09-07,06:00,06:30,0,1.0
SEC_C03_01,2026-09-07,06:30,07:00,0,1.0
SEC_C03_01,2026-09-07,07:00,07:30,0,1.0
SEC_C03_01,2026-09-07,07:30,08:00,0,1.0
SEC_C03_01,2026-09-07,08:00,08:30,0,1.0
SEC_C03_01,2026-09-07,08:30,09:00,0,1.0
SEC_C03_01,2026-09-07,09:00,09:30,0,1.0
SEC_C03_01,2026-09-07,09:30,10:00,2,0.5
SEC_C03_01,2026-09-07,10:00,10:30,2,0.5
SEC_C03_01,2026-09-07,10:30,11:00,1,0.8
SEC_C03_01,2026-09-07,11:00,11:30,0,1.0
SEC_C03_01,2026-09-07,11:30,12:00,0,1.0
SEC_C03_01,2026-09-07,12:00,12:30,0,1.0
SEC_C03_01,2026-09-07,12:30,13:00,0,1.0
SEC_C03_01,2026-09-07,13:00,13:30,0,1.0
SEC_C03_01,2026-09-07,13:30,14:00,0,1.0
SEC_C03_01,2026-09-07,14:00,14:30,0,1.0
SEC_C03_01,2026-09-07,14:30,15:00,0,1.0
SEC_C03_01,2026-09-07,15:00,15:30,1,0.8
SEC_C03_01,2026-09-07,15:30,16:00,1,0.8
SEC_C03_01,2026-09-07,16:00,16:30,0,1.0
SEC_C03_01,2026-09-07,16:30,17:00,0,1.0
SEC_C03_01,2026-09-07,17:00,17:30,0,1.0
SEC_C03_01,2026-09-07,17:30,18:00,0,1.0
SEC_C03_01,2026-09-07,18:00,18:30,0,1.0
SEC_C03_01,2026-09-07,18:30,19:00,0,1.0
SEC_C03_01,2026-09-07,19:00,19:30,0,1.0
SEC_C03_01,2026-09-07,19:30,20:00,0,1.0
SEC_C03_01,2026-09-07,20:00,20:30,0,1.0
SEC_C03_01,2026-09-07,20:30,21:00,0,1.0
SEC_C03_01,2026-09-07,21:00,21:30,0,1.0
SEC_C03_01,2026-09-07,21:30,22:00,0,1.0
SEC_C03_01,2026-09-07,22:00,22:30,0,1.0
SEC_C03_01,2026-09-07,22:30,23:00,0,1.0
SEC_C03_01,2026-09-07,23:00,23:30,0,1.0
SEC_C03_01,2026-09-07,23:30,00:00,0,1.0
SEC_C03_02,2026-09-07,00:00,00:30,0,1.0
SEC_C03_02,2026-09-07,00:30,01:00,0,1.0
SEC_C03_02,2026-09-07,01:00,01:30,0,1.0
SEC_C03_02,2026-09-07,01:30,02:00,0,1.0
SEC_C03_02,2026-09-07,02:00,02:30,0,1.0
SEC_C03_02,2026-09-07,02:30,03:00,0,1.0
SEC_C03_02,2026-09-07,03:00,03:30,0,1.0
SEC_C03_02,2026-09-07,03:30,04:00,0,1.0
SEC_C03_02,2026-09-07,04:00,04:30,0,1.0
SEC_C03_02,2026-09-07,04:30,05:00,0,1.0
SEC_C03_02,2026-09-07,05:00,05:30,0,1.0
SEC_C03_02,2026-09-07,05:30,06:00,0,1.0
SEC_C03_02,2026-09-07,06:00,06:30,0,1.0
SEC_C03_02,2026-09-07,06:30,07:00,0,1.0
SEC_C03_02,2026-09-07,07:00,07:30,0,1.0
SEC_C03_02,2026-09-07,07:30,08:00,0,1.0
SEC_C03_02,2026-09-07,08:00,08:30,0,1.0
SEC_C03_02,2026-09-07,08:30,09:00,0,1.0
SEC_C03_02,2026-09-07,09:00,09:30,1,0.8
SEC_C03_02,2026-09-07,09:30,10:00,1,0.8
SEC_C03_02,2026-09-07,10:00,10:30,0,1.0
SEC_C03_02,2026-09-07,10:30,11:00,0,1.0
SEC_C03_02,2026-09-07,11:00,11:30,1,0.5
SEC_C03_02,2026-09-07,11:30,12:00,1,0.5
SEC_C03_02,2026-09-07,12:00,12:30,0,1.0
SEC_C03_02,2026-09-07,12:30,13:00,0,1.0
SEC_C03_02,2026-09-07,13:00,13:30,0,1.0
SEC_C03_02,2026-09-07,13:30,14:00,0,1.0
SEC_C03_02,2026-09-07,14:00,14:30,0,1.0
SEC_C03_02,2026-09-07,14:30,15:00,0,1.0
SEC_C03_02,2026-09-07,15:00,15:30,0,1.0
SEC_C03_02,2026-09-07,15:30,16:00,0,1.0
SEC_C03_02,2026-09-07,16:00,16:30,0,1.0
SEC_C03_02,2026-09-07,16:30,17:00,0,1.0
SEC_C03_02,2026-09-07,17:00,17:30,0,1.0
SEC_C03_02,2026-09-07,17:30,18:00,0,1.0
SEC_C03_02,2026-09-07,18:00,18:30,1,0.8
SEC_C03_02,2026-09-07,18:30,19:00,1,0.8
SEC_C03_02,2026-09-07,19:00,19:30,0,1.0
SEC_C03_02,2026-09-07,19:30,20:00,0,1.0
SEC_C03_02,2026-09-07,20:00,20:30,0,1.0
SEC_C03_02,2026-09-07,20:30,21:00,0,1.0
SEC_C03_02,2026-09-07,21:00,21:30,0,1.0
SEC_C03_02,2026-09-07,21:30,22:00,0,1.0
SEC_C03_02,2026-09-07,22:00,22:30,0,1.0
SEC_C03_02,2026-09-07,22:30,23:00,0,1.0
SEC_C03_02,2026-09-07,23:00,23:30,0,1.0
SEC_C03_02,2026-09-07,23:30,00:00,0,1.0
SEC_C03_03,2026-09-07,00:00,00:30,0,1.0
SEC_C03_03,2026-09-07,00:30,01:00,0,1.0
SEC_C03_03,2026-09-07,01:00,01:30,0,1.0
SEC_C03_03,2026-09-07,01:30,02:00,0,1.0
SEC_C03_03,2026-09-07,02:00,02:30,0,1.0
SEC_C03_03,2026-09-07,02:30,03:00,0,1.0
SEC_C03_03,2026-09-07,03:00,03:30,0,1.0
SEC_C03_03,2026-09-07,03:30,04:00,0,1.0
SEC_C03_03,2026-09-07,04:00,04:30,0,1.0
SEC_C03_03,2026-09-07,04:30,05:00,0,1.0
SEC_C03_03,2026-09-07,05:00,05:30,0,1.0
SEC_C03_03,2026-09-07,05:30,06:00,0,1.0
SEC_C03_03,2026-09-07,06:00,06:30,1,0.5
SEC_C03_03,2026-09-07,06:30,07:00,2,0.2
SEC_C03_03,2026-09-07,07:00,07:30,1,0.5
SEC_C03_03,2026-09-07,07:30,08:00,0,1.0
SEC_C03_03,2026-09-07,08:00,08:30,0,1.0
SEC_C03_03,2026-09-07,08:30,09:00,0,1.0
SEC_C03_03,2026-09-07,09:00,09:30,0,1.0
SEC_C03_03,2026-09-07,09:30,10:00,0,1.0
SEC_C03_03,2026-09-07,10:00,10:30,0,1.0
SEC_C03_03,2026-09-07,10:30,11:00,0,1.0
SEC_C03_03,2026-09-07,11:00,11:30,0,1.0
SEC_C03_03,2026-09-07,11:30,12:00,0,1.0
SEC_C03_03,2026-09-07,12:00,12:30,0,1.0
SEC_C03_03,2026-09-07,12:30,13:00,0,1.0
SEC_C03_03,2026-09-07,13:00,13:30,0,1.0
SEC_C03_03,2026-09-07,13:30,14:00,0,1.0
SEC_C03_03,2026-09-07,14:00,14:30,0,1.0
SEC_C03_03,2026-09-07,14:30,15:00,0,1.0
SEC_C03_03,2026-09-07,15:00,15:30,0,1.0
SEC_C03_03,2026-09-07,15:30,16:00,0,1.0
SEC_C03_03,2026-09-07,16:00,16:30,0,1.0
SEC_C03_03,2026-09-07,16:30,17:00,0,1.0
SEC_C03_03,2026-09-07,17:00,17:30,0,1.0
SEC_C03_03,2026-09-07,17:30,18:00,0,1.0
SEC_C03_03,2026-09-07,18:00,18:30,0,1.0
SEC_C03_03,2026-09-07,18:30,19:00,0,1.0
SEC_C03_03,2026-09-07,19:00,19:30,0,1.0
SEC_C03_03,2026-09-07,19:30,20:00,0,1.0
SEC_C03_03,2026-09-07,20:00,20:30,0,1.0
SEC_C03_03,2026-09-07,20:30,21:00,0,1.0
SEC_C03_03,2026-09-07,21:00,21:30,0,1.0
SEC_C03_03,2026-09-07,21:30,22:00,0,1.0
SEC_C03_03,2026-09-07,22:00,22:30,0,1.0
SEC_C03_03,2026-09-07,22:30,23:00,0,1.0
SEC_C03_03,2026-09-07,23:00,23:30,0,1.0
SEC_C03_03,2026-09-07,23:30,00:00,0,1.0
SEC_C03_04,2026-09-07,00:00,00:30,0,1.0
SEC_C03_04,2026-09-07,00:30,01:00,0,1.0
SEC_C03_04,2026-09-07,01:00,01:30,0,1.0
SEC_C03_04,2026-09-07,01:30,02:00,0,1.0
SEC_C03_04,2026-09-07,02:00,02:30,0,1.0
SEC_C03_04,2026-09-07,02:30,03:00,0,1.0
SEC_C03_04,2026-09-07,03:00,03:30,0,1.0
SEC_C03_04,2026-09-07,03:30,04:00,0,1.0
SEC_C03_04,2026-09-07,04:00,04:30,0,1.0
SEC_C03_04,2026-09-07,04:30,05:00,0,1.0
SEC_C03_04,2026-09-07,05:00,05:30,0,1.0
SEC_C03_04,2026-09-07,05:30,06:00,0,1.0
SEC_C03_04,2026-09-07,06:00,06:30,0,1.0
SEC_C03_04,2026-09-07,06:30,07:00,0,1.0
SEC_C03_04,2026-09-07,07:00,07:30,0,1.0
SEC_C03_04,2026-09-07,07:30,08:00,0,1.0
SEC_C03_04,2026-09-07,08:00,08:30,0,1.0
SEC_C03_04,2026-09-07,08:30,09:00,0,1.0
SEC_C03_04,2026-09-07,09:00,09:30,0,1.0
SEC_C03_04,2026-09-07,09:30,10:00,0,1.0
SEC_C03_04,2026-09-07,10:00,10:30,0,1.0
SEC_C03_04,2026-09-07,10:30,11:00,0,1.0
SEC_C03_04,2026-09-07,11:00,11:30,0,1.0
SEC_C03_04,2026-09-07,11:30,12:00,0,1.0
SEC_C03_04,2026-09-07,12:00,12:30,1,0.8
SEC_C03_04,2026-09-07,12:30,13:00,1,0.8
SEC_C03_04,2026-09-07,13:00,13:30,0,1.0
SEC_C03_04,2026-09-07,13:30,14:00,1,0.8
SEC_C03_04,2026-09-07,14:00,14:30,1,0.8
SEC_C03_04,2026-09-07,14:30,15:00,0,1.0
SEC_C03_04,2026-09-07,15:00,15:30,0,1.0
SEC_C03_04,2026-09-07,15:30,16:00,1,0.8
SEC_C03_04,2026-09-07,16:00,16:30,0,1.0
SEC_C03_04,2026-09-07,16:30,17:00,0,1.0
SEC_C03_04,2026-09-07,17:00,17:30,2,0.5
SEC_C03_04,2026-09-07,17:30,18:00,2,0.5
SEC_C03_04,2026-09-07,18:00,18:30,1,0.8
SEC_C03_04,2026-09-07,18:30,19:00,0,1.0
SEC_C03_04,2026-09-07,19:00,19:30,0,1.0
SEC_C03_04,2026-09-07,19:30,20:00,0,1.0
SEC_C03_04,2026-09-07,20:00,20:30,0,1.0
SEC_C03_04,2026-09-07,20:30,21:00,0,1.0
SEC_C03_04,2026-09-07,21:00,21:30,0,1.0
SEC_C03_04,2026-09-07,21:30,22:00,0,1.0
SEC_C03_04,2026-09-07,22:00,22:30,0,1.0
SEC_C03_04,2026-09-07,22:30,23:00,0,1.0
SEC_C03_04,2026-09-07,23:00,23:30,0,1.0
SEC_C03_04,2026-09-07,23:30,00:00,0,1.0
SEC_C03_05,2026-09-07,00:00,00:30,0,1.0
SEC_C03_05,2026-09-07,00:30,01:00,0,1.0
SEC_C03_05,2026-09-07,01:00,01:30,0,1.0
SEC_C03_05,2026-09-07,01:30,02:00,0,1.0
SEC_C03_05,2026-09-07,02:00,02:30,0,1.0
SEC_C03_05,2026-09-07,02:30,03:00,0,1.0
SEC_C03_05,2026-09-07,03:00,03:30,0,1.0
SEC_C03_05,2026-09-07,03:30,04:00,0,1.0
SEC_C03_05,2026-09-07,04:00,04:30,0,1.0
SEC_C03_05,2026-09-07,04:30,05:00,0,1.0
SEC_C03_05,2026-09-07,05:00,05:30,0,1.0
SEC_C03_05,2026-09-07,05:30,06:00,0,1.0
SEC_C03_05,2026-09-07,06:00,06:30,0,1.0
SEC_C03_05,2026-09-07,06:30,07:00,0,1.0
SEC_C03_05,2026-09-07,07:00,07:30,0,1.0
SEC_C03_05,2026-09-07,07:30,08:00,0,1.0
SEC_C03_05,2026-09-07,08:00,08:30,0,1.0
SEC_C03_05,2026-09-07,08:30,09:00,2,0.5
SEC_C03_05,2026-09-07,09:00,09:30,2,0.5
SEC_C03_05,2026-09-07,09:30,10:00,1,0.8
SEC_C03_05,2026-09-07,10:00,10:30,0,1.0
SEC_C03_05,2026-09-07,10:30,11:00,0,1.0
SEC_C03_05,2026-09-07,11:00,11:30,0,1.0
SEC_C03_05,2026-09-07,11:30,12:00,0,1.0
SEC_C03_05,2026-09-07,12:00,12:30,0,1.0
SEC_C03_05,2026-09-07,12:30,13:00,0,1.0
SEC_C03_05,2026-09-07,13:00,13:30,1,0.8
SEC_C03_05,2026-09-07,13:30,14:00,1,0.8
SEC_C03_05,2026-09-07,14:00,14:30,1,0.8
SEC_C03_05,2026-09-07,14:30,15:00,0,1.0
SEC_C03_05,2026-09-07,15:00,15:30,0,1.0
SEC_C03_05,2026-09-07,15:30,16:00,0,1.0
SEC_C03_05,2026-09-07,16:00,16:30,0,1.0
SEC_C03_05,2026-09-07,16:30,17:00,0,1.0
SEC_C03_05,2026-09-07,17:00,17:30,0,1.0
SEC_C03_05,2026-09-07,17:30,18:00,0,1.0
SEC_C03_05,2026-09-07,18:00,18:30,0,1.0
SEC_C03_05,2026-09-07,18:30,19:00,0,1.0
SEC_C03_05,2026-09-07,19:00,19:30,0,1.0
SEC_C03_05,2026-09-07,19:30,20:00,0,1.0
SEC_C03_05,2026-09-07,20:00,20:30,0,1.0
SEC_C03_05,2026-09-07,20:30,21:00,0,1.0
SEC_C03_05,2026-09-07,21:00,21:30,0,1.0
SEC_C03_05,2026-09-07,21:30,22:00,0,1.0
SEC_C03_05,2026-09-07,22:00,22:30,0,1.0
SEC_C03_05,2026-09-07,22:30,23:00,0,1.0
SEC_C03_05,2026-09-07,23:00,23:30,0,1.0
SEC_C03_05,2026-09-07,23:30,00:00,0,1.0
SEC_C03_06,2026-09-07,00:00,00:30,0,1.0
SEC_C03_06,2026-09-07,00:30,01:00,0,1.0
SEC_C03_06,2026-09-07,01:00,01:30,0,1.0
SEC_C03_06,2026-09-07,01:30,02:00,0,1.0
SEC_C03_06,2026-09-07,02:00,02:30,0,1.0
SEC_C03_06,2026-09-07,02:30,03:00,0,1.0
SEC_C03_06,2026-09-07,03:00,03:30,0,1.0
SEC_C03_06,2026-09-07,03:30,04:00,0,1.0
SEC_C03_06,2026-09-07,04:00,04:30,0,1.0
SEC_C03_06,2026-09-07,04:30,05:00,0,1.0
SEC_C03_06,2026-09-07,05:00,05:30,0,1.0
SEC_C03_06,2026-09-07,05:30,06:00,0,1.0
SEC_C03_06,2026-09-07,06:00,06:30,0,1.0
SEC_C03_06,2026-09-07,06:30,07:00,0,1.0
SEC_C03_06,2026-09-07,07:00,07:30,0,1.0
SEC_C03_06,2026-09-07,07:30,08:00,0,1.0
SEC_C03_06,2026-09-07,08:00,08:30,0,1.0
SEC_C03_06,2026-09-07,08:30,09:00,1,0.8
SEC_C03_06,2026-09-07,09:00,09:30,1,0.8
SEC_C03_06,2026-09-07,09:30,10:00,0,1.0
SEC_C03_06,2026-09-07,10:00,10:30,0,1.0
SEC_C03_06,2026-09-07,10:30,11:00,0,1.0
SEC_C03_06,2026-09-07,11:00,11:30,0,1.0
SEC_C03_06,2026-09-07,11:30,12:00,0,1.0
SEC_C03_06,2026-09-07,12:00,12:30,0,1.0
SEC_C03_06,2026-09-07,12:30,13:00,1,0.8
SEC_C03_06,2026-09-07,13:00,13:30,1,0.8
SEC_C03_06,2026-09-07,13:30,14:00,0,1.0
SEC_C03_06,2026-09-07,14:00,14:30,0,1.0
SEC_C03_06,2026-09-07,14:30,15:00,0,1.0
SEC_C03_06,2026-09-07,15:00,15:30,0,1.0
SEC_C03_06,2026-09-07,15:30,16:00,0,1.0
SEC_C03_06,2026-09-07,16:00,16:30,0,1.0
SEC_C03_06,2026-09-07,16:30,17:00,0,1.0
SEC_C03_06,2026-09-07,17:00,17:30,0,1.0
SEC_C03_06,2026-09-07,17:30,18:00,1,0.8
SEC_C03_06,2026-09-07,18:00,18:30,1,0.8
SEC_C03_06,2026-09-07,18:30,19:00,0,1.0
SEC_C03_06,2026-09-07,19:00,19:30,0,1.0
SEC_C03_06,2026-09-07,19:30,20:00,0,1.0
SEC_C03_06,2026-09-07,20:00,20:30,0,1.0
SEC_C03_06,2026-09-07,20:30,21:00,0,1.0
SEC_C03_06,2026-09-07,21:00,21:30,0,1.0
SEC_C03_06,2026-09-07,21:30,22:00,0,1.0
SEC_C03_06,2026-09-07,22:00,22:30,0,1.0
SEC_C03_06,2026-09-07,22:30,23:00,0,1.0
SEC_C03_06,2026-09-07,23:00,23:30,0,1.0
SEC_C03_06,2026-09-07,23:30,00:00,0,1.0
SEC_C04_01,2026-09-07,00:00,00:30,0,1.0
SEC_C04_01,2026-09-07,00:30,01:00,0,1.0
SEC_C04_01,2026-09-07,01:00,01:30,0,1.0
SEC_C04_01,2026-09-07,01:30,02:00,0,1.0
SEC_C04_01,2026-09-07,02:00,02:30,0,1.0
SEC_C04_01,2026-09-07,02:30,03:00,0,1.0
SEC_C04_01,2026-09-07,03:00,03:30,0,1.0
SEC_C04_01,2026-09-07,03:30,04:00,0,1.0
SEC_C04_01,2026-09-07,04:00,04:30,0,1.0
SEC_C04_01,2026-09-07,04:30,05:00,1,0.8
SEC_C04_01,2026-09-07,05:00,05:30,1,0.8
SEC_C04_01,2026-09-07,05:30,06:00,0,1.0
SEC_C04_01,2026-09-07,06:00,06:30,0,1.0
SEC_C04_01,2026-09-07,06:30,07:00,0,1.0
SEC_C04_01,2026-09-07,07:00,07:30,0,1.0
SEC_C04_01,2026-09-07,07:30,08:00,0,1.0
SEC_C04_01,2026-09-07,08:00,08:30,0,1.0
SEC_C04_01,2026-09-07,08:30,09:00,0,1.0
SEC_C04_01,2026-09-07,09:00,09:30,0,1.0
SEC_C04_01,2026-09-07,09:30,10:00,0,1.0
SEC_C04_01,2026-09-07,10:00,10:30,0,1.0
SEC_C04_01,2026-09-07,10:30,11:00,0,1.0
SEC_C04_01,2026-09-07,11:00,11:30,0,1.0
SEC_C04_01,2026-09-07,11:30,12:00,0,1.0
SEC_C04_01,2026-09-07,12:00,12:30,0,1.0
SEC_C04_01,2026-09-07,12:30,13:00,0,1.0
SEC_C04_01,2026-09-07,13:00,13:30,0,1.0
SEC_C04_01,2026-09-07,13:30,14:00,0,1.0
SEC_C04_01,2026-09-07,14:00,14:30,0,1.0
SEC_C04_01,2026-09-07,14:30,15:00,0,1.0
SEC_C04_01,2026-09-07,15:00,15:30,0,1.0
SEC_C04_01,2026-09-07,15:30,16:00,0,1.0
SEC_C04_01,2026-09-07,16:00,16:30,0,1.0
SEC_C04_01,2026-09-07,16:30,17:00,0,1.0
SEC_C04_01,2026-09-07,17:00,17:30,0,1.0
SEC_C04_01,2026-09-07,17:30,18:00,0,1.0
SEC_C04_01,2026-09-07,18:00,18:30,0,1.0
SEC_C04_01,2026-09-07,18:30,19:00,0,1.0
SEC_C04_01,2026-09-07,19:00,19:30,0,1.0
SEC_C04_01,2026-09-07,19:30,20:00,0,1.0
SEC_C04_01,2026-09-07,20:00,20:30,0,1.0
SEC_C04_01,2026-09-07,20:30,21:00,0,1.0
SEC_C04_01,2026-09-07,21:00,21:30,0,1.0
SEC_C04_01,2026-09-07,21:30,22:00,0,1.0
SEC_C04_01,2026-09-07,22:00,22:30,0,1.0
SEC_C04_01,2026-09-07,22:30,23:00,0,1.0
SEC_C04_01,2026-09-07,23:00,23:30,0,1.0
SEC_C04_01,2026-09-07,23:30,00:00,0,1.0
SEC_C04_02,2026-09-07,00:00,00:30,0,1.0
SEC_C04_02,2026-09-07,00:30,01:00,0,1.0
SEC_C04_02,2026-09-07,01:00,01:30,0,1.0
SEC_C04_02,2026-09-07,01:30,02:00,0,1.0
SEC_C04_02,2026-09-07,02:00,02:30,0,1.0
SEC_C04_02,2026-09-07,02:30,03:00,0,1.0
SEC_C04_02,2026-09-07,03:00,03:30,0,1.0
SEC_C04_02,2026-09-07,03:30,04:00,0,1.0
SEC_C04_02,2026-09-07,04:00,04:30,0,1.0
SEC_C04_02,2026-09-07,04:30,05:00,0,1.0
SEC_C04_02,2026-09-07,05:00,05:30,0,1.0
SEC_C04_02,2026-09-07,05:30,06:00,0,1.0
SEC_C04_02,2026-09-07,06:00,06:30,0,1.0
SEC_C04_02,2026-09-07,06:30,07:00,0,1.0
SEC_C04_02,2026-09-07,07:00,07:30,0,1.0
SEC_C04_02,2026-09-07,07:30,08:00,0,1.0
SEC_C04_02,2026-09-07,08:00,08:30,0,1.0
SEC_C04_02,2026-09-07,08:30,09:00,0,1.0
SEC_C04_02,2026-09-07,09:00,09:30,1,0.8
SEC_C04_02,2026-09-07,09:30,10:00,1,0.8
SEC_C04_02,2026-09-07,10:00,10:30,0,1.0
SEC_C04_02,2026-09-07,10:30,11:00,0,1.0
SEC_C04_02,2026-09-07,11:00,11:30,0,1.0
SEC_C04_02,2026-09-07,11:30,12:00,0,1.0
SEC_C04_02,2026-09-07,12:00,12:30,0,1.0
SEC_C04_02,2026-09-07,12:30,13:00,0,1.0
SEC_C04_02,2026-09-07,13:00,13:30,0,1.0
SEC_C04_02,2026-09-07,13:30,14:00,0,1.0
SEC_C04_02,2026-09-07,14:00,14:30,0,1.0
SEC_C04_02,2026-09-07,14:30,15:00,0,1.0
SEC_C04_02,2026-09-07,15:00,15:30,1,0.5
SEC_C04_02,2026-09-07,15:30,16:00,0,1.0
SEC_C04_02,2026-09-07,16:00,16:30,0,1.0
SEC_C04_02,2026-09-07,16:30,17:00,0,1.0
SEC_C04_02,2026-09-07,17:00,17:30,0,1.0
SEC_C04_02,2026-09-07,17:30,18:00,0,1.0
SEC_C04_02,2026-09-07,18:00,18:30,0,1.0
SEC_C04_02,2026-09-07,18:30,19:00,0,1.0
SEC_C04_02,2026-09-07,19:00,19:30,0,1.0
SEC_C04_02,2026-09-07,19:30,20:00,0,1.0
SEC_C04_02,2026-09-07,20:00,20:30,1,0.8
SEC_C04_02,2026-09-07,20:30,21:00,1,0.8
SEC_C04_02,2026-09-07,21:00,21:30,0,1.0
SEC_C04_02,2026-09-07,21:30,22:00,0,1.0
SEC_C04_02,2026-09-07,22:00,22:30,0,1.0
SEC_C04_02,2026-09-07,22:30,23:00,0,1.0
SEC_C04_02,2026-09-07,23:00,23:30,0,1.0
SEC_C04_02,2026-09-07,23:30,00:00,0,1.0
SEC_C04_03,2026-09-07,00:00,00:30,0,1.0
SEC_C04_03,2026-09-07,00:30,01:00,0,1.0
SEC_C04_03,2026-09-07,01:00,01:30,0,1.0
SEC_C04_03,2026-09-07,01:30,02:00,0,1.0
SEC_C04_03,2026-09-07,02:00,02:30,0,1.0
SEC_C04_03,2026-09-07,02:30,03:00,1,0.8
SEC_C04_03,2026-09-07,03:00,03:30,1,0.8
SEC_C04_03,2026-09-07,03:30,04:00,0,1.0
SEC_C04_03,2026-09-07,04:00,04:30,0,1.0
SEC_C04_03,2026-09-07,04:30,05:00,0,1.0
SEC_C04_03,2026-09-07,05:00,05:30,0,1.0
SEC_C04_03,2026-09-07,05:30,06:00,0,1.0
SEC_C04_03,2026-09-07,06:00,06:30,0,1.0
SEC_C04_03,2026-09-07,06:30,07:00,0,1.0
SEC_C04_03,2026-09-07,07:00,07:30,0,1.0
SEC_C04_03,2026-09-07,07:30,08:00,0,1.0
SEC_C04_03,2026-09-07,08:00,08:30,0,1.0
SEC_C04_03,2026-09-07,08:30,09:00,0,1.0
SEC_C04_03,2026-09-07,09:00,09:30,0,1.0
SEC_C04_03,2026-09-07,09:30,10:00,0,1.0
SEC_C04_03,2026-09-07,10:00,10:30,0,1.0
SEC_C04_03,2026-09-07,10:30,11:00,0,1.0
SEC_C04_03,2026-09-07,11:00,11:30,0,1.0
SEC_C04_03,2026-09-07,11:30,12:00,0,1.0
SEC_C04_03,2026-09-07,12:00,12:30,0,1.0
SEC_C04_03,2026-09-07,12:30,13:00,0,1.0
SEC_C04_03,2026-09-07,13:00,13:30,0,1.0
SEC_C04_03,2026-09-07,13:30,14:00,0,1.0
SEC_C04_03,2026-09-07,14:00,14:30,0,1.0
SEC_C04_03,2026-09-07,14:30,15:00,0,1.0
SEC_C04_03,2026-09-07,15:00,15:30,0,1.0
SEC_C04_03,2026-09-07,15:30,16:00,0,1.0
SEC_C04_03,2026-09-07,16:00,16:30,0,1.0
SEC_C04_03,2026-09-07,16:30,17:00,0,1.0
SEC_C04_03,2026-09-07,17:00,17:30,0,1.0
SEC_C04_03,2026-09-07,17:30,18:00,0,1.0
SEC_C04_03,2026-09-07,18:00,18:30,0,1.0
SEC_C04_03,2026-09-07,18:30,19:00,0,1.0
SEC_C04_03,2026-09-07,19:00,19:30,0,1.0
SEC_C04_03,2026-09-07,19:30,20:00,0,1.0
SEC_C04_03,2026-09-07,20:00,20:30,0,1.0
SEC_C04_03,2026-09-07,20:30,21:00,0,1.0
SEC_C04_03,2026-09-07,21:00,21:30,0,1.0
SEC_C04_03,2026-09-07,21:30,22:00,0,1.0
SEC_C04_03,2026-09-07,22:00,22:30,0,1.0
SEC_C04_03,2026-09-07,22:30,23:00,0,1.0
SEC_C04_03,2026-09-07,23:00,23:30,0,1.0
SEC_C04_03,2026-09-07,23:30,00:00,0,1.0
SEC_C04_04,2026-09-07,00:00,00:30,0,1.0
SEC_C04_04,2026-09-07,00:30,01:00,0,1.0
SEC_C04_04,2026-09-07,01:00,01:30,0,1.0
SEC_C04_04,2026-09-07,01:30,02:00,0,1.0
SEC_C04_04,2026-09-07,02:00,02:30,0,1.0
SEC_C04_04,2026-09-07,02:30,03:00,0,1.0
SEC_C04_04,2026-09-07,03:00,03:30,0,1.0
SEC_C04_04,2026-09-07,03:30,04:00,0,1.0
SEC_C04_04,2026-09-07,04:00,04:30,0,1.0
SEC_C04_04,2026-09-07,04:30,05:00,0,1.0
SEC_C04_04,2026-09-07,05:00,05:30,0,1.0
SEC_C04_04,2026-09-07,05:30,06:00,0,1.0
SEC_C04_04,2026-09-07,06:00,06:30,0,1.0
SEC_C04_04,2026-09-07,06:30,07:00,0,1.0
SEC_C04_04,2026-09-07,07:00,07:30,0,1.0
SEC_C04_04,2026-09-07,07:30,08:00,0,1.0
SEC_C04_04,2026-09-07,08:00,08:30,0,1.0
SEC_C04_04,2026-09-07,08:30,09:00,2,0.5
SEC_C04_04,2026-09-07,09:00,09:30,2,0.5
SEC_C04_04,2026-09-07,09:30,10:00,1,0.5
SEC_C04_04,2026-09-07,10:00,10:30,1,0.5
SEC_C04_04,2026-09-07,10:30,11:00,0,1.0
SEC_C04_04,2026-09-07,11:00,11:30,0,1.0
SEC_C04_04,2026-09-07,11:30,12:00,0,1.0
SEC_C04_04,2026-09-07,12:00,12:30,0,1.0
SEC_C04_04,2026-09-07,12:30,13:00,0,1.0
SEC_C04_04,2026-09-07,13:00,13:30,0,1.0
SEC_C04_04,2026-09-07,13:30,14:00,0,1.0
SEC_C04_04,2026-09-07,14:00,14:30,0,1.0
SEC_C04_04,2026-09-07,14:30,15:00,0,1.0
SEC_C04_04,2026-09-07,15:00,15:30,0,1.0
SEC_C04_04,2026-09-07,15:30,16:00,0,1.0
SEC_C04_04,2026-09-07,16:00,16:30,0,1.0
SEC_C04_04,2026-09-07,16:30,17:00,0,1.0
SEC_C04_04,2026-09-07,17:00,17:30,0,1.0
SEC_C04_04,2026-09-07,17:30,18:00,0,1.0
SEC_C04_04,2026-09-07,18:00,18:30,0,1.0
SEC_C04_04,2026-09-07,18:30,19:00,0,1.0
SEC_C04_04,2026-09-07,19:00,19:30,0,1.0
SEC_C04_04,2026-09-07,19:30,20:00,0,1.0
SEC_C04_04,2026-09-07,20:00,20:30,0,1.0
SEC_C04_04,2026-09-07,20:30,21:00,0,1.0
SEC_C04_04,2026-09-07,21:00,21:30,0,1.0
SEC_C04_04,2026-09-07,21:30,22:00,0,1.0
SEC_C04_04,2026-09-07,22:00,22:30,0,1.0
SEC_C04_04,2026-09-07,22:30,23:00,0,1.0
SEC_C04_04,2026-09-07,23:00,23:30,0,1.0
SEC_C04_04,2026-09-07,23:30,00:00,0,1.0
SEC_C04_05,2026-09-07,00:00,00:30,0,1.0
SEC_C04_05,2026-09-07,00:30,01:00,0,1.0
SEC_C04_05,2026-09-07,01:00,01:30,0,1.0
SEC_C04_05,2026-09-07,01:30,02:00,0,1.0
SEC_C04_05,2026-09-07,02:00,02:30,0,1.0
SEC_C04_05,2026-09-07,02:30,03:00,0,1.0
SEC_C04_05,2026-09-07,03:00,03:30,0,1.0
SEC_C04_05,2026-09-07,03:30,04:00,0,1.0
SEC_C04_05,2026-09-07,04:00,04:30,0,1.0
SEC_C04_05,2026-09-07,04:30,05:00,0,1.0
SEC_C04_05,2026-09-07,05:00,05:30,0,1.0
SEC_C04_05,2026-09-07,05:30,06:00,0,1.0
SEC_C04_05,2026-09-07,06:00,06:30,0,1.0
SEC_C04_05,2026-09-07,06:30,07:00,1,0.8
SEC_C04_05,2026-09-07,07:00,07:30,1,0.8
SEC_C04_05,2026-09-07,07:30,08:00,1,0.8
SEC_C04_05,2026-09-07,08:00,08:30,0,1.0
SEC_C04_05,2026-09-07,08:30,09:00,0,1.0
SEC_C04_05,2026-09-07,09:00,09:30,0,1.0
SEC_C04_05,2026-09-07,09:30,10:00,0,1.0
SEC_C04_05,2026-09-07,10:00,10:30,0,1.0
SEC_C04_05,2026-09-07,10:30,11:00,0,1.0
SEC_C04_05,2026-09-07,11:00,11:30,0,1.0
SEC_C04_05,2026-09-07,11:30,12:00,0,1.0
SEC_C04_05,2026-09-07,12:00,12:30,0,1.0
SEC_C04_05,2026-09-07,12:30,13:00,0,1.0
SEC_C04_05,2026-09-07,13:00,13:30,0,1.0
SEC_C04_05,2026-09-07,13:30,14:00,0,1.0
SEC_C04_05,2026-09-07,14:00,14:30,0,1.0
SEC_C04_05,2026-09-07,14:30,15:00,1,0.8
SEC_C04_05,2026-09-07,15:00,15:30,0,1.0
SEC_C04_05,2026-09-07,15:30,16:00,0,1.0
SEC_C04_05,2026-09-07,16:00,16:30,0,1.0
SEC_C04_05,2026-09-07,16:30,17:00,0,1.0
SEC_C04_05,2026-09-07,17:00,17:30,0,1.0
SEC_C04_05,2026-09-07,17:30,18:00,0,1.0
SEC_C04_05,2026-09-07,18:00,18:30,0,1.0
SEC_C04_05,2026-09-07,18:30,19:00,0,1.0
SEC_C04_05,2026-09-07,19:00,19:30,0,1.0
SEC_C04_05,2026-09-07,19:30,20:00,0,1.0
SEC_C04_05,2026-09-07,20:00,20:30,0,1.0
SEC_C04_05,2026-09-07,20:30,21:00,1,0.8
SEC_C04_05,2026-09-07,21:00,21:30,2,0.2
SEC_C04_05,2026-09-07,21:30,22:00,1,0.5
SEC_C04_05,2026-09-07,22:00,22:30,0,1.0
SEC_C04_05,2026-09-07,22:30,23:00,0,1.0
SEC_C04_05,2026-09-07,23:00,23:30,0,1.0
SEC_C04_05,2026-09-07,23:30,00:00,0,1.0
SEC_C04_06,2026-09-07,00:00,00:30,0,1.0
SEC_C04_06,2026-09-07,00:30,01:00,0,1.0
SEC_C04_06,2026-09-07,01:00,01:30,0,1.0
SEC_C04_06,2026-09-07,01:30,02:00,0,1.0
SEC_C04_06,2026-09-07,02:00,02:30,0,1.0
SEC_C04_06,2026-09-07,02:30,03:00,0,1.0
SEC_C04_06,2026-09-07,03:00,03:30,0,1.0
SEC_C04_06,2026-09-07,03:30,04:00,0,1.0
SEC_C04_06,2026-09-07,04:00,04:30,0,1.0
SEC_C04_06,2026-09-07,04:30,05:00,0,1.0
SEC_C04_06,2026-09-07,05:00,05:30,0,1.0
SEC_C04_06,2026-09-07,05:30,06:00,0,1.0
SEC_C04_06,2026-09-07,06:00,06:30,0,1.0
SEC_C04_06,2026-09-07,06:30,07:00,0,1.0
SEC_C04_06,2026-09-07,07:00,07:30,0,1.0
SEC_C04_06,2026-09-07,07:30,08:00,0,1.0
SEC_C04_06,2026-09-07,08:00,08:30,0,1.0
SEC_C04_06,2026-09-07,08:30,09:00,0,1.0
SEC_C04_06,2026-09-07,09:00,09:30,0,1.0
SEC_C04_06,2026-09-07,09:30,10:00,0,1.0
SEC_C04_06,2026-09-07,10:00,10:30,0,1.0
SEC_C04_06,2026-09-07,10:30,11:00,0,1.0
SEC_C04_06,2026-09-07,11:00,11:30,0,1.0
SEC_C04_06,2026-09-07,11:30,12:00,0,1.0
SEC_C04_06,2026-09-07,12:00,12:30,0,1.0
SEC_C04_06,2026-09-07,12:30,13:00,0,1.0
SEC_C04_06,2026-09-07,13:00,13:30,0,1.0
SEC_C04_06,2026-09-07,13:30,14:00,0,1.0
SEC_C04_06,2026-09-07,14:00,14:30,1,0.8
SEC_C04_06,2026-09-07,14:30,15:00,1,0.8
SEC_C04_06,2026-09-07,15:00,15:30,0,1.0
SEC_C04_06,2026-09-07,15:30,16:00,0,1.0
SEC_C04_06,2026-09-07,16:00,16:30,0,1.0
SEC_C04_06,2026-09-07,16:30,17:00,0,1.0
SEC_C04_06,2026-09-07,17:00,17:30,0,1.0
SEC_C04_06,2026-09-07,17:30,18:00,1,0.8
SEC_C04_06,2026-09-07,18:00,18:30,1,0.8
SEC_C04_06,2026-09-07,18:30,19:00,0,1.0
SEC_C04_06,2026-09-07,19:00,19:30,0,1.0
SEC_C04_06,2026-09-07,19:30,20:00,0,1.0
SEC_C04_06,2026-09-07,20:00,20:30,0,1.0
SEC_C04_06,2026-09-07,20:30,21:00,1,0.5
SEC_C04_06,2026-09-07,21:00,21:30,1,0.5
SEC_C04_06,2026-09-07,21:30,22:00,0,1.0
SEC_C04_06,2026-09-07,22:00,22:30,0,1.0
SEC_C04_06,2026-09-07,22:30,23:00,0,1.0
SEC_C04_06,2026-09-07,23:00,23:30,0,1.0
SEC_C04_06,2026-09-07,23:30,00:00,0,1.0
SEC_C04_07,2026-09-07,00:00,00:30,0,1.0
SEC_C04_07,2026-09-07,00:30,01:00,0,1.0
SEC_C04_07,2026-09-07,01:00,01:30,0,1.0
SEC_C04_07,2026-09-07,01:30,02:00,0,1.0
SEC_C04_07,2026-09-07,02:00,02:30,0,1.0
SEC_C04_07,2026-09-07,02:30,03:00,0,1.0
SEC_C04_07,2026-09-07,03:00,03:30,0,1.0
SEC_C04_07,2026-09-07,03:30,04:00,0,1.0
SEC_C04_07,2026-09-07,04:00,04:30,0,1.0
SEC_C04_07,2026-09-07,04:30,05:00,0,1.0
SEC_C04_07,2026-09-07,05:00,05:30,0,1.0
SEC_C04_07,2026-09-07,05:30,06:00,0,1.0
SEC_C04_07,2026-09-07,06:00,06:30,0,1.0
SEC_C04_07,2026-09-07,06:30,07:00,0,1.0
SEC_C04_07,2026-09-07,07:00,07:30,1,0.8
SEC_C04_07,2026-09-07,07:30,08:00,2,0.5
SEC_C04_07,2026-09-07,08:00,08:30,1,0.8
SEC_C04_07,2026-09-07,08:30,09:00,0,1.0
SEC_C04_07,2026-09-07,09:00,09:30,0,1.0
SEC_C04_07,2026-09-07,09:30,10:00,0,1.0
SEC_C04_07,2026-09-07,10:00,10:30,0,1.0
SEC_C04_07,2026-09-07,10:30,11:00,0,1.0
SEC_C04_07,2026-09-07,11:00,11:30,0,1.0
SEC_C04_07,2026-09-07,11:30,12:00,0,1.0
SEC_C04_07,2026-09-07,12:00,12:30,0,1.0
SEC_C04_07,2026-09-07,12:30,13:00,0,1.0
SEC_C04_07,2026-09-07,13:00,13:30,0,1.0
SEC_C04_07,2026-09-07,13:30,14:00,0,1.0
SEC_C04_07,2026-09-07,14:00,14:30,0,1.0
SEC_C04_07,2026-09-07,14:30,15:00,0,1.0
SEC_C04_07,2026-09-07,15:00,15:30,0,1.0
SEC_C04_07,2026-09-07,15:30,16:00,0,1.0
SEC_C04_07,2026-09-07,16:00,16:30,0,1.0
SEC_C04_07,2026-09-07,16:30,17:00,0,1.0
SEC_C04_07,2026-09-07,17:00,17:30,0,1.0
SEC_C04_07,2026-09-07,17:30,18:00,0,1.0
SEC_C04_07,2026-09-07,18:00,18:30,0,1.0
SEC_C04_07,2026-09-07,18:30,19:00,0,1.0
SEC_C04_07,2026-09-07,19:00,19:30,0,1.0
SEC_C04_07,2026-09-07,19:30,20:00,0,1.0
SEC_C04_07,2026-09-07,20:00,20:30,0,1.0
SEC_C04_07,2026-09-07,20:30,21:00,1,0.8
SEC_C04_07,2026-09-07,21:00,21:30,1,0.8
SEC_C04_07,2026-09-07,21:30,22:00,0,1.0
SEC_C04_07,2026-09-07,22:00,22:30,0,1.0
SEC_C04_07,2026-09-07,22:30,23:00,0,1.0
SEC_C04_07,2026-09-07,23:00,23:30,0,1.0
SEC_C04_07,2026-09-07,23:30,00:00,0,1.0
SEC_C04_08,2026-09-07,00:00,00:30,0,1.0
SEC_C04_08,2026-09-07,00:30,01:00,0,1.0
SEC_C04_08,2026-09-07,01:00,01:30,0,1.0
SEC_C04_08,2026-09-07,01:30,02:00,0,1.0
SEC_C04_08,2026-09-07,02:00,02:30,0,1.0
SEC_C04_08,2026-09-07,02:30,03:00,0,1.0
SEC_C04_08,2026-09-07,03:00,03:30,0,1.0
SEC_C04_08,2026-09-07,03:30,04:00,0,1.0
SEC_C04_08,2026-09-07,04:00,04:30,0,1.0
SEC_C04_08,2026-09-07,04:30,05:00,0,1.0
SEC_C04_08,2026-09-07,05:00,05:30,0,1.0
SEC_C04_08,2026-09-07,05:30,06:00,0,1.0
SEC_C04_08,2026-09-07,06:00,06:30,0,1.0
SEC_C04_08,2026-09-07,06:30,07:00,0,1.0
SEC_C04_08,2026-09-07,07:00,07:30,1,0.8
SEC_C04_08,2026-09-07,07:30,08:00,1,0.8
SEC_C04_08,2026-09-07,08:00,08:30,0,1.0
SEC_C04_08,2026-09-07,08:30,09:00,0,1.0
SEC_C04_08,2026-09-07,09:00,09:30,0,1.0
SEC_C04_08,2026-09-07,09:30,10:00,0,1.0
SEC_C04_08,2026-09-07,10:00,10:30,0,1.0
SEC_C04_08,2026-09-07,10:30,11:00,0,1.0
SEC_C04_08,2026-09-07,11:00,11:30,0,1.0
SEC_C04_08,2026-09-07,11:30,12:00,0,1.0
SEC_C04_08,2026-09-07,12:00,12:30,0,1.0
SEC_C04_08,2026-09-07,12:30,13:00,0,1.0
SEC_C04_08,2026-09-07,13:00,13:30,0,1.0
SEC_C04_08,2026-09-07,13:30,14:00,1,0.8
SEC_C04_08,2026-09-07,14:00,14:30,1,0.8
SEC_C04_08,2026-09-07,14:30,15:00,0,1.0
SEC_C04_08,2026-09-07,15:00,15:30,0,1.0
SEC_C04_08,2026-09-07,15:30,16:00,0,1.0
SEC_C04_08,2026-09-07,16:00,16:30,0,1.0
SEC_C04_08,2026-09-07,16:30,17:00,0,1.0
SEC_C04_08,2026-09-07,17:00,17:30,0,1.0
SEC_C04_08,2026-09-07,17:30,18:00,0,1.0
SEC_C04_08,2026-09-07,18:00,18:30,0,1.0
SEC_C04_08,2026-09-07,18:30,19:00,0,1.0
SEC_C04_08,2026-09-07,19:00,19:30,0,1.0
SEC_C04_08,2026-09-07,19:30,20:00,0,1.0
SEC_C04_08,2026-09-07,20:00,20:30,1,0.8
SEC_C04_08,2026-09-07,20:30,21:00,1,0.8
SEC_C04_08,2026-09-07,21:00,21:30,0,1.0
SEC_C04_08,2026-09-07,21:30,22:00,0,1.0
SEC_C04_08,2026-09-07,22:00,22:30,0,1.0
SEC_C04_08,2026-09-07,22:30,23:00,0,1.0
SEC_C04_08,2026-09-07,23:00,23:30,0,1.0
SEC_C04_08,2026-09-07,23:30,00:00,0,1.0
SEC_C01_01,2026-09-08,00:00,00:30,0,1.0
SEC_C01_01,2026-09-08,00:30,01:00,0,1.0
SEC_C01_01,2026-09-08,01:00,01:30,0,1.0
SEC_C01_01,2026-09-08,01:30,02:00,0,1.0
SEC_C01_01,2026-09-08,02:00,02:30,0,1.0
SEC_C01_01,2026-09-08,02:30,03:00,0,1.0
SEC_C01_01,2026-09-08,03:00,03:30,0,1.0
SEC_C01_01,2026-09-08,03:30,04:00,0,1.0
SEC_C01_01,2026-09-08,04:00,04:30,0,1.0
SEC_C01_01,2026-09-08,04:30,05:00,0,1.0
SEC_C01_01,2026-09-08,05:00,05:30,0,1.0
SEC_C01_01,2026-09-08,05:30,06:00,0,1.0
SEC_C01_01,2026-09-08,06:00,06:30,0,1.0
SEC_C01_01,2026-09-08,06:30,07:00,0,1.0
SEC_C01_01,2026-09-08,07:00,07:30,1,0.8
SEC_C01_01,2026-09-08,07:30,08:00,1,0.8
SEC_C01_01,2026-09-08,08:00,08:30,0,1.0
SEC_C01_01,2026-09-08,08:30,09:00,0,1.0
SEC_C01_01,2026-09-08,09:00,09:30,0,1.0
SEC_C01_01,2026-09-08,09:30,10:00,0,1.0
SEC_C01_01,2026-09-08,10:00,10:30,0,1.0
SEC_C01_01,2026-09-08,10:30,11:00,0,1.0
SEC_C01_01,2026-09-08,11:00,11:30,0,1.0
SEC_C01_01,2026-09-08,11:30,12:00,0,1.0
SEC_C01_01,2026-09-08,12:00,12:30,0,1.0
SEC_C01_01,2026-09-08,12:30,13:00,0,1.0
SEC_C01_01,2026-09-08,13:00,13:30,0,1.0
SEC_C01_01,2026-09-08,13:30,14:00,0,1.0
SEC_C01_01,2026-09-08,14:00,14:30,0,1.0
SEC_C01_01,2026-09-08,14:30,15:00,0,1.0
SEC_C01_01,2026-09-08,15:00,15:30,0,1.0
SEC_C01_01,2026-09-08,15:30,16:00,0,1.0
SEC_C01_01,2026-09-08,16:00,16:30,0,1.0
SEC_C01_01,2026-09-08,16:30,17:00,0,1.0
SEC_C01_01,2026-09-08,17:00,17:30,0,1.0
SEC_C01_01,2026-09-08,17:30,18:00,0,1.0
SEC_C01_01,2026-09-08,18:00,18:30,1,0.8
SEC_C01_01,2026-09-08,18:30,19:00,2,0.5
SEC_C01_01,2026-09-08,19:00,19:30,1,0.8
SEC_C01_01,2026-09-08,19:30,20:00,0,1.0
SEC_C01_01,2026-09-08,20:00,20:30,0,1.0
SEC_C01_01,2026-09-08,20:30,21:00,0,1.0
SEC_C01_01,2026-09-08,21:00,21:30,1,0.8
SEC_C01_01,2026-09-08,21:30,22:00,1,0.8
SEC_C01_01,2026-09-08,22:00,22:30,0,1.0
SEC_C01_01,2026-09-08,22:30,23:00,0,1.0
SEC_C01_01,2026-09-08,23:00,23:30,0,1.0
SEC_C01_01,2026-09-08,23:30,00:00,0,1.0
SEC_C01_02,2026-09-08,00:00,00:30,0,1.0
SEC_C01_02,2026-09-08,00:30,01:00,0,1.0
SEC_C01_02,2026-09-08,01:00,01:30,0,1.0
SEC_C01_02,2026-09-08,01:30,02:00,0,1.0
SEC_C01_02,2026-09-08,02:00,02:30,0,1.0
SEC_C01_02,2026-09-08,02:30,03:00,0,1.0
SEC_C01_02,2026-09-08,03:00,03:30,0,1.0
SEC_C01_02,2026-09-08,03:30,04:00,0,1.0
SEC_C01_02,2026-09-08,04:00,04:30,0,1.0
SEC_C01_02,2026-09-08,04:30,05:00,0,1.0
SEC_C01_02,2026-09-08,05:00,05:30,0,1.0
SEC_C01_02,2026-09-08,05:30,06:00,0,1.0
SEC_C01_02,2026-09-08,06:00,06:30,0,1.0
SEC_C01_02,2026-09-08,06:30,07:00,0,1.0
SEC_C01_02,2026-09-08,07:00,07:30,0,1.0
SEC_C01_02,2026-09-08,07:30,08:00,0,1.0
SEC_C01_02,2026-09-08,08:00,08:30,0,1.0
SEC_C01_02,2026-09-08,08:30,09:00,0,1.0
SEC_C01_02,2026-09-08,09:00,09:30,0,1.0
SEC_C01_02,2026-09-08,09:30,10:00,0,1.0
SEC_C01_02,2026-09-08,10:00,10:30,0,1.0
SEC_C01_02,2026-09-08,10:30,11:00,0,1.0
SEC_C01_02,2026-09-08,11:00,11:30,0,1.0
SEC_C01_02,2026-09-08,11:30,12:00,1,0.8
SEC_C01_02,2026-09-08,12:00,12:30,1,0.8
SEC_C01_02,2026-09-08,12:30,13:00,0,1.0
SEC_C01_02,2026-09-08,13:00,13:30,0,1.0
SEC_C01_02,2026-09-08,13:30,14:00,1,0.8
SEC_C01_02,2026-09-08,14:00,14:30,1,0.8
SEC_C01_02,2026-09-08,14:30,15:00,0,1.0
SEC_C01_02,2026-09-08,15:00,15:30,0,1.0
SEC_C01_02,2026-09-08,15:30,16:00,0,1.0
SEC_C01_02,2026-09-08,16:00,16:30,0,1.0
SEC_C01_02,2026-09-08,16:30,17:00,0,1.0
SEC_C01_02,2026-09-08,17:00,17:30,0,1.0
SEC_C01_02,2026-09-08,17:30,18:00,0,1.0
SEC_C01_02,2026-09-08,18:00,18:30,0,1.0
SEC_C01_02,2026-09-08,18:30,19:00,0,1.0
SEC_C01_02,2026-09-08,19:00,19:30,2,0.2
SEC_C01_02,2026-09-08,19:30,20:00,2,0.2
SEC_C01_02,2026-09-08,20:00,20:30,1,0.8
SEC_C01_02,2026-09-08,20:30,21:00,0,1.0
SEC_C01_02,2026-09-08,21:00,21:30,0,1.0
SEC_C01_02,2026-09-08,21:30,22:00,0,1.0
SEC_C01_02,2026-09-08,22:00,22:30,0,1.0
SEC_C01_02,2026-09-08,22:30,23:00,0,1.0
SEC_C01_02,2026-09-08,23:00,23:30,0,1.0
SEC_C01_02,2026-09-08,23:30,00:00,0,1.0
SEC_C01_03,2026-09-08,00:00,00:30,0,1.0
SEC_C01_03,2026-09-08,00:30,01:00,0,1.0
SEC_C01_03,2026-09-08,01:00,01:30,0,1.0
SEC_C01_03,2026-09-08,01:30,02:00,0,1.0
SEC_C01_03,2026-09-08,02:00,02:30,0,1.0
SEC_C01_03,2026-09-08,02:30,03:00,0,1.0
SEC_C01_03,2026-09-08,03:00,03:30,0,1.0
SEC_C01_03,2026-09-08,03:30,04:00,0,1.0
SEC_C01_03,2026-09-08,04:00,04:30,0,1.0
SEC_C01_03,2026-09-08,04:30,05:00,0,1.0
SEC_C01_03,2026-09-08,05:00,05:30,0,1.0
SEC_C01_03,2026-09-08,05:30,06:00,0,1.0
SEC_C01_03,2026-09-08,06:00,06:30,0,1.0
SEC_C01_03,2026-09-08,06:30,07:00,0,1.0
SEC_C01_03,2026-09-08,07:00,07:30,0,1.0
SEC_C01_03,2026-09-08,07:30,08:00,0,1.0
SEC_C01_03,2026-09-08,08:00,08:30,1,0.8
SEC_C01_03,2026-09-08,08:30,09:00,1,0.8
SEC_C01_03,2026-09-08,09:00,09:30,0,1.0
SEC_C01_03,2026-09-08,09:30,10:00,0,1.0
SEC_C01_03,2026-09-08,10:00,10:30,0,1.0
SEC_C01_03,2026-09-08,10:30,11:00,0,1.0
SEC_C01_03,2026-09-08,11:00,11:30,0,1.0
SEC_C01_03,2026-09-08,11:30,12:00,0,1.0
SEC_C01_03,2026-09-08,12:00,12:30,0,1.0
SEC_C01_03,2026-09-08,12:30,13:00,0,1.0
SEC_C01_03,2026-09-08,13:00,13:30,0,1.0
SEC_C01_03,2026-09-08,13:30,14:00,0,1.0
SEC_C01_03,2026-09-08,14:00,14:30,0,1.0
SEC_C01_03,2026-09-08,14:30,15:00,1,0.8
SEC_C01_03,2026-09-08,15:00,15:30,0,1.0
SEC_C01_03,2026-09-08,15:30,16:00,0,1.0
SEC_C01_03,2026-09-08,16:00,16:30,0,1.0
SEC_C01_03,2026-09-08,16:30,17:00,0,1.0
SEC_C01_03,2026-09-08,17:00,17:30,0,1.0
SEC_C01_03,2026-09-08,17:30,18:00,0,1.0
SEC_C01_03,2026-09-08,18:00,18:30,0,1.0
SEC_C01_03,2026-09-08,18:30,19:00,1,0.8
SEC_C01_03,2026-09-08,19:00,19:30,1,0.8
SEC_C01_03,2026-09-08,19:30,20:00,0,1.0
SEC_C01_03,2026-09-08,20:00,20:30,0,1.0
SEC_C01_03,2026-09-08,20:30,21:00,0,1.0
SEC_C01_03,2026-09-08,21:00,21:30,0,1.0
SEC_C01_03,2026-09-08,21:30,22:00,0,1.0
SEC_C01_03,2026-09-08,22:00,22:30,0,1.0
SEC_C01_03,2026-09-08,22:30,23:00,0,1.0
SEC_C01_03,2026-09-08,23:00,23:30,0,1.0
SEC_C01_03,2026-09-08,23:30,00:00,0,1.0
SEC_C01_04,2026-09-08,00:00,00:30,0,1.0
SEC_C01_04,2026-09-08,00:30,01:00,0,1.0
SEC_C01_04,2026-09-08,01:00,01:30,0,1.0
SEC_C01_04,2026-09-08,01:30,02:00,0,1.0
SEC_C01_04,2026-09-08,02:00,02:30,0,1.0
SEC_C01_04,2026-09-08,02:30,03:00,0,1.0
SEC_C01_04,2026-09-08,03:00,03:30,0,1.0
SEC_C01_04,2026-09-08,03:30,04:00,0,1.0
SEC_C01_04,2026-09-08,04:00,04:30,0,1.0
SEC_C01_04,2026-09-08,04:30,05:00,0,1.0
SEC_C01_04,2026-09-08,05:00,05:30,0,1.0
SEC_C01_04,2026-09-08,05:30,06:00,0,1.0
SEC_C01_04,2026-09-08,06:00,06:30,0,1.0
SEC_C01_04,2026-09-08,06:30,07:00,0,1.0
SEC_C01_04,2026-09-08,07:00,07:30,0,1.0
SEC_C01_04,2026-09-08,07:30,08:00,0,1.0
SEC_C01_04,2026-09-08,08:00,08:30,0,1.0
SEC_C01_04,2026-09-08,08:30,09:00,0,1.0
SEC_C01_04,2026-09-08,09:00,09:30,0,1.0
SEC_C01_04,2026-09-08,09:30,10:00,0,1.0
SEC_C01_04,2026-09-08,10:00,10:30,0,1.0
SEC_C01_04,2026-09-08,10:30,11:00,0,1.0
SEC_C01_04,2026-09-08,11:00,11:30,0,1.0
SEC_C01_04,2026-09-08,11:30,12:00,0,1.0
SEC_C01_04,2026-09-08,12:00,12:30,0,1.0
SEC_C01_04,2026-09-08,12:30,13:00,0,1.0
SEC_C01_04,2026-09-08,13:00,13:30,0,1.0
SEC_C01_04,2026-09-08,13:30,14:00,0,1.0
SEC_C01_04,2026-09-08,14:00,14:30,0,1.0
SEC_C01_04,2026-09-08,14:30,15:00,0,1.0
SEC_C01_04,2026-09-08,15:00,15:30,0,1.0
SEC_C01_04,2026-09-08,15:30,16:00,0,1.0
SEC_C01_04,2026-09-08,16:00,16:30,0,1.0
SEC_C01_04,2026-09-08,16:30,17:00,0,1.0
SEC_C01_04,2026-09-08,17:00,17:30,1,0.8
SEC_C01_04,2026-09-08,17:30,18:00,1,0.8
SEC_C01_04,2026-09-08,18:00,18:30,0,1.0
SEC_C01_04,2026-09-08,18:30,19:00,0,1.0
SEC_C01_04,2026-09-08,19:00,19:30,0,1.0
SEC_C01_04,2026-09-08,19:30,20:00,0,1.0
SEC_C01_04,2026-09-08,20:00,20:30,1,0.8
SEC_C01_04,2026-09-08,20:30,21:00,1,0.8
SEC_C01_04,2026-09-08,21:00,21:30,0,1.0
SEC_C01_04,2026-09-08,21:30,22:00,0,1.0
SEC_C01_04,2026-09-08,22:00,22:30,0,1.0
SEC_C01_04,2026-09-08,22:30,23:00,0,1.0
SEC_C01_04,2026-09-08,23:00,23:30,0,1.0
SEC_C01_04,2026-09-08,23:30,00:00,0,1.0
SEC_C01_05,2026-09-08,00:00,00:30,0,1.0
SEC_C01_05,2026-09-08,00:30,01:00,0,1.0
SEC_C01_05,2026-09-08,01:00,01:30,0,1.0
SEC_C01_05,2026-09-08,01:30,02:00,0,1.0
SEC_C01_05,2026-09-08,02:00,02:30,1,0.8
SEC_C01_05,2026-09-08,02:30,03:00,1,0.8
SEC_C01_05,2026-09-08,03:00,03:30,0,1.0
SEC_C01_05,2026-09-08,03:30,04:00,0,1.0
SEC_C01_05,2026-09-08,04:00,04:30,0,1.0
SEC_C01_05,2026-09-08,04:30,05:00,0,1.0
SEC_C01_05,2026-09-08,05:00,05:30,0,1.0
SEC_C01_05,2026-09-08,05:30,06:00,0,1.0
SEC_C01_05,2026-09-08,06:00,06:30,0,1.0
SEC_C01_05,2026-09-08,06:30,07:00,0,1.0
SEC_C01_05,2026-09-08,07:00,07:30,1,0.8
SEC_C01_05,2026-09-08,07:30,08:00,1,0.8
SEC_C01_05,2026-09-08,08:00,08:30,0,1.0
SEC_C01_05,2026-09-08,08:30,09:00,1,0.8
SEC_C01_05,2026-09-08,09:00,09:30,1,0.8
SEC_C01_05,2026-09-08,09:30,10:00,0,1.0
SEC_C01_05,2026-09-08,10:00,10:30,0,1.0
SEC_C01_05,2026-09-08,10:30,11:00,0,1.0
SEC_C01_05,2026-09-08,11:00,11:30,0,1.0
SEC_C01_05,2026-09-08,11:30,12:00,1,0.8
SEC_C01_05,2026-09-08,12:00,12:30,1,0.8
SEC_C01_05,2026-09-08,12:30,13:00,0,1.0
SEC_C01_05,2026-09-08,13:00,13:30,0,1.0
SEC_C01_05,2026-09-08,13:30,14:00,0,1.0
SEC_C01_05,2026-09-08,14:00,14:30,0,1.0
SEC_C01_05,2026-09-08,14:30,15:00,0,1.0
SEC_C01_05,2026-09-08,15:00,15:30,0,1.0
SEC_C01_05,2026-09-08,15:30,16:00,0,1.0
SEC_C01_05,2026-09-08,16:00,16:30,0,1.0
SEC_C01_05,2026-09-08,16:30,17:00,0,1.0
SEC_C01_05,2026-09-08,17:00,17:30,0,1.0
SEC_C01_05,2026-09-08,17:30,18:00,0,1.0
SEC_C01_05,2026-09-08,18:00,18:30,0,1.0
SEC_C01_05,2026-09-08,18:30,19:00,0,1.0
SEC_C01_05,2026-09-08,19:00,19:30,0,1.0
SEC_C01_05,2026-09-08,19:30,20:00,0,1.0
SEC_C01_05,2026-09-08,20:00,20:30,0,1.0
SEC_C01_05,2026-09-08,20:30,21:00,0,1.0
SEC_C01_05,2026-09-08,21:00,21:30,0,1.0
SEC_C01_05,2026-09-08,21:30,22:00,0,1.0
SEC_C01_05,2026-09-08,22:00,22:30,0,1.0
SEC_C01_05,2026-09-08,22:30,23:00,0,1.0
SEC_C01_05,2026-09-08,23:00,23:30,0,1.0
SEC_C01_05,2026-09-08,23:30,00:00,0,1.0
SEC_C01_06,2026-09-08,00:00,00:30,0,1.0
SEC_C01_06,2026-09-08,00:30,01:00,0,1.0
SEC_C01_06,2026-09-08,01:00,01:30,0,1.0
SEC_C01_06,2026-09-08,01:30,02:00,0,1.0
SEC_C01_06,2026-09-08,02:00,02:30,0,1.0
SEC_C01_06,2026-09-08,02:30,03:00,0,1.0
SEC_C01_06,2026-09-08,03:00,03:30,0,1.0
SEC_C01_06,2026-09-08,03:30,04:00,0,1.0
SEC_C01_06,2026-09-08,04:00,04:30,1,0.8
SEC_C01_06,2026-09-08,04:30,05:00,1,0.8
SEC_C01_06,2026-09-08,05:00,05:30,0,1.0
SEC_C01_06,2026-09-08,05:30,06:00,0,1.0
SEC_C01_06,2026-09-08,06:00,06:30,0,1.0
SEC_C01_06,2026-09-08,06:30,07:00,0,1.0
SEC_C01_06,2026-09-08,07:00,07:30,0,1.0
SEC_C01_06,2026-09-08,07:30,08:00,0,1.0
SEC_C01_06,2026-09-08,08:00,08:30,0,1.0
SEC_C01_06,2026-09-08,08:30,09:00,1,0.8
SEC_C01_06,2026-09-08,09:00,09:30,1,0.8
SEC_C01_06,2026-09-08,09:30,10:00,0,1.0
SEC_C01_06,2026-09-08,10:00,10:30,0,1.0
SEC_C01_06,2026-09-08,10:30,11:00,0,1.0
SEC_C01_06,2026-09-08,11:00,11:30,0,1.0
SEC_C01_06,2026-09-08,11:30,12:00,0,1.0
SEC_C01_06,2026-09-08,12:00,12:30,0,1.0
SEC_C01_06,2026-09-08,12:30,13:00,0,1.0
SEC_C01_06,2026-09-08,13:00,13:30,0,1.0
SEC_C01_06,2026-09-08,13:30,14:00,0,1.0
SEC_C01_06,2026-09-08,14:00,14:30,0,1.0
SEC_C01_06,2026-09-08,14:30,15:00,0,1.0
SEC_C01_06,2026-09-08,15:00,15:30,0,1.0
SEC_C01_06,2026-09-08,15:30,16:00,0,1.0
SEC_C01_06,2026-09-08,16:00,16:30,0,1.0
SEC_C01_06,2026-09-08,16:30,17:00,0,1.0
SEC_C01_06,2026-09-08,17:00,17:30,0,1.0
SEC_C01_06,2026-09-08,17:30,18:00,0,1.0
SEC_C01_06,2026-09-08,18:00,18:30,0,1.0
SEC_C01_06,2026-09-08,18:30,19:00,0,1.0
SEC_C01_06,2026-09-08,19:00,19:30,0,1.0
SEC_C01_06,2026-09-08,19:30,20:00,0,1.0
SEC_C01_06,2026-09-08,20:00,20:30,0,1.0
SEC_C01_06,2026-09-08,20:30,21:00,0,1.0
SEC_C01_06,2026-09-08,21:00,21:30,0,1.0
SEC_C01_06,2026-09-08,21:30,22:00,0,1.0
SEC_C01_06,2026-09-08,22:00,22:30,0,1.0
SEC_C01_06,2026-09-08,22:30,23:00,0,1.0
SEC_C01_06,2026-09-08,23:00,23:30,0,1.0
SEC_C01_06,2026-09-08,23:30,00:00,0,1.0
SEC_C01_07,2026-09-08,00:00,00:30,0,1.0
SEC_C01_07,2026-09-08,00:30,01:00,0,1.0
SEC_C01_07,2026-09-08,01:00,01:30,0,1.0
SEC_C01_07,2026-09-08,01:30,02:00,0,1.0
SEC_C01_07,2026-09-08,02:00,02:30,0,1.0
SEC_C01_07,2026-09-08,02:30,03:00,0,1.0
SEC_C01_07,2026-09-08,03:00,03:30,0,1.0
SEC_C01_07,2026-09-08,03:30,04:00,0,1.0
SEC_C01_07,2026-09-08,04:00,04:30,0,1.0
SEC_C01_07,2026-09-08,04:30,05:00,0,1.0
SEC_C01_07,2026-09-08,05:00,05:30,0,1.0
SEC_C01_07,2026-09-08,05:30,06:00,0,1.0
SEC_C01_07,2026-09-08,06:00,06:30,0,1.0
SEC_C01_07,2026-09-08,06:30,07:00,1,0.8
SEC_C01_07,2026-09-08,07:00,07:30,0,1.0
SEC_C01_07,2026-09-08,07:30,08:00,0,1.0
SEC_C01_07,2026-09-08,08:00,08:30,0,1.0
SEC_C01_07,2026-09-08,08:30,09:00,1,0.8
SEC_C01_07,2026-09-08,09:00,09:30,1,0.8
SEC_C01_07,2026-09-08,09:30,10:00,1,0.8
SEC_C01_07,2026-09-08,10:00,10:30,0,1.0
SEC_C01_07,2026-09-08,10:30,11:00,0,1.0
SEC_C01_07,2026-09-08,11:00,11:30,0,1.0
SEC_C01_07,2026-09-08,11:30,12:00,0,1.0
SEC_C01_07,2026-09-08,12:00,12:30,0,1.0
SEC_C01_07,2026-09-08,12:30,13:00,0,1.0
SEC_C01_07,2026-09-08,13:00,13:30,0,1.0
SEC_C01_07,2026-09-08,13:30,14:00,0,1.0
SEC_C01_07,2026-09-08,14:00,14:30,0,1.0
SEC_C01_07,2026-09-08,14:30,15:00,0,1.0
SEC_C01_07,2026-09-08,15:00,15:30,0,1.0
SEC_C01_07,2026-09-08,15:30,16:00,0,1.0
SEC_C01_07,2026-09-08,16:00,16:30,0,1.0
SEC_C01_07,2026-09-08,16:30,17:00,0,1.0
SEC_C01_07,2026-09-08,17:00,17:30,1,0.5
SEC_C01_07,2026-09-08,17:30,18:00,1,0.5
SEC_C01_07,2026-09-08,18:00,18:30,0,1.0
SEC_C01_07,2026-09-08,18:30,19:00,0,1.0
SEC_C01_07,2026-09-08,19:00,19:30,0,1.0
SEC_C01_07,2026-09-08,19:30,20:00,0,1.0
SEC_C01_07,2026-09-08,20:00,20:30,0,1.0
SEC_C01_07,2026-09-08,20:30,21:00,0,1.0
SEC_C01_07,2026-09-08,21:00,21:30,0,1.0
SEC_C01_07,2026-09-08,21:30,22:00,0,1.0
SEC_C01_07,2026-09-08,22:00,22:30,0,1.0
SEC_C01_07,2026-09-08,22:30,23:00,0,1.0
SEC_C01_07,2026-09-08,23:00,23:30,0,1.0
SEC_C01_07,2026-09-08,23:30,00:00,0,1.0
SEC_C01_08,2026-09-08,00:00,00:30,0,1.0
SEC_C01_08,2026-09-08,00:30,01:00,0,1.0
SEC_C01_08,2026-09-08,01:00,01:30,0,1.0
SEC_C01_08,2026-09-08,01:30,02:00,0,1.0
SEC_C01_08,2026-09-08,02:00,02:30,0,1.0
SEC_C01_08,2026-09-08,02:30,03:00,0,1.0
SEC_C01_08,2026-09-08,03:00,03:30,0,1.0
SEC_C01_08,2026-09-08,03:30,04:00,0,1.0
SEC_C01_08,2026-09-08,04:00,04:30,0,1.0
SEC_C01_08,2026-09-08,04:30,05:00,0,1.0
SEC_C01_08,2026-09-08,05:00,05:30,0,1.0
SEC_C01_08,2026-09-08,05:30,06:00,0,1.0
SEC_C01_08,2026-09-08,06:00,06:30,1,0.8
SEC_C01_08,2026-09-08,06:30,07:00,2,0.5
SEC_C01_08,2026-09-08,07:00,07:30,1,0.8
SEC_C01_08,2026-09-08,07:30,08:00,0,1.0
SEC_C01_08,2026-09-08,08:00,08:30,0,1.0
SEC_C01_08,2026-09-08,08:30,09:00,0,1.0
SEC_C01_08,2026-09-08,09:00,09:30,0,1.0
SEC_C01_08,2026-09-08,09:30,10:00,0,1.0
SEC_C01_08,2026-09-08,10:00,10:30,0,1.0
SEC_C01_08,2026-09-08,10:30,11:00,0,1.0
SEC_C01_08,2026-09-08,11:00,11:30,1,0.8
SEC_C01_08,2026-09-08,11:30,12:00,0,1.0
SEC_C01_08,2026-09-08,12:00,12:30,0,1.0
SEC_C01_08,2026-09-08,12:30,13:00,0,1.0
SEC_C01_08,2026-09-08,13:00,13:30,0,1.0
SEC_C01_08,2026-09-08,13:30,14:00,0,1.0
SEC_C01_08,2026-09-08,14:00,14:30,0,1.0
SEC_C01_08,2026-09-08,14:30,15:00,0,1.0
SEC_C01_08,2026-09-08,15:00,15:30,0,1.0
SEC_C01_08,2026-09-08,15:30,16:00,0,1.0
SEC_C01_08,2026-09-08,16:00,16:30,0,1.0
SEC_C01_08,2026-09-08,16:30,17:00,0,1.0
SEC_C01_08,2026-09-08,17:00,17:30,0,1.0
SEC_C01_08,2026-09-08,17:30,18:00,0,1.0
SEC_C01_08,2026-09-08,18:00,18:30,0,1.0
SEC_C01_08,2026-09-08,18:30,19:00,0,1.0
SEC_C01_08,2026-09-08,19:00,19:30,0,1.0
SEC_C01_08,2026-09-08,19:30,20:00,0,1.0
SEC_C01_08,2026-09-08,20:00,20:30,0,1.0
SEC_C01_08,2026-09-08,20:30,21:00,0,1.0
SEC_C01_08,2026-09-08,21:00,21:30,0,1.0
SEC_C01_08,2026-09-08,21:30,22:00,0,1.0
SEC_C01_08,2026-09-08,22:00,22:30,0,1.0
SEC_C01_08,2026-09-08,22:30,23:00,0,1.0
SEC_C01_08,2026-09-08,23:00,23:30,0,1.0
SEC_C01_08,2026-09-08,23:30,00:00,0,1.0
SEC_C02_01,2026-09-08,00:00,00:30,0,1.0
SEC_C02_01,2026-09-08,00:30,01:00,0,1.0
SEC_C02_01,2026-09-08,01:00,01:30,0,1.0
SEC_C02_01,2026-09-08,01:30,02:00,0,1.0
SEC_C02_01,2026-09-08,02:00,02:30,0,1.0
SEC_C02_01,2026-09-08,02:30,03:00,0,1.0
SEC_C02_01,2026-09-08,03:00,03:30,0,1.0
SEC_C02_01,2026-09-08,03:30,04:00,0,1.0
SEC_C02_01,2026-09-08,04:00,04:30,0,1.0
SEC_C02_01,2026-09-08,04:30,05:00,0,1.0
SEC_C02_01,2026-09-08,05:00,05:30,0,1.0
SEC_C02_01,2026-09-08,05:30,06:00,0,1.0
SEC_C02_01,2026-09-08,06:00,06:30,1,0.8
SEC_C02_01,2026-09-08,06:30,07:00,2,0.5
SEC_C02_01,2026-09-08,07:00,07:30,1,0.8
SEC_C02_01,2026-09-08,07:30,08:00,0,1.0
SEC_C02_01,2026-09-08,08:00,08:30,0,1.0
SEC_C02_01,2026-09-08,08:30,09:00,0,1.0
SEC_C02_01,2026-09-08,09:00,09:30,0,1.0
SEC_C02_01,2026-09-08,09:30,10:00,0,1.0
SEC_C02_01,2026-09-08,10:00,10:30,0,1.0
SEC_C02_01,2026-09-08,10:30,11:00,0,1.0
SEC_C02_01,2026-09-08,11:00,11:30,0,1.0
SEC_C02_01,2026-09-08,11:30,12:00,0,1.0
SEC_C02_01,2026-09-08,12:00,12:30,0,1.0
SEC_C02_01,2026-09-08,12:30,13:00,0,1.0
SEC_C02_01,2026-09-08,13:00,13:30,0,1.0
SEC_C02_01,2026-09-08,13:30,14:00,0,1.0
SEC_C02_01,2026-09-08,14:00,14:30,0,1.0
SEC_C02_01,2026-09-08,14:30,15:00,0,1.0
SEC_C02_01,2026-09-08,15:00,15:30,0,1.0
SEC_C02_01,2026-09-08,15:30,16:00,1,0.8
SEC_C02_01,2026-09-08,16:00,16:30,1,0.8
SEC_C02_01,2026-09-08,16:30,17:00,0,1.0
SEC_C02_01,2026-09-08,17:00,17:30,0,1.0
SEC_C02_01,2026-09-08,17:30,18:00,0,1.0
SEC_C02_01,2026-09-08,18:00,18:30,0,1.0
SEC_C02_01,2026-09-08,18:30,19:00,0,1.0
SEC_C02_01,2026-09-08,19:00,19:30,0,1.0
SEC_C02_01,2026-09-08,19:30,20:00,0,1.0
SEC_C02_01,2026-09-08,20:00,20:30,0,1.0
SEC_C02_01,2026-09-08,20:30,21:00,0,1.0
SEC_C02_01,2026-09-08,21:00,21:30,1,0.8
SEC_C02_01,2026-09-08,21:30,22:00,0,1.0
SEC_C02_01,2026-09-08,22:00,22:30,0,1.0
SEC_C02_01,2026-09-08,22:30,23:00,0,1.0
SEC_C02_01,2026-09-08,23:00,23:30,0,1.0
SEC_C02_01,2026-09-08,23:30,00:00,0,1.0
SEC_C02_02,2026-09-08,00:00,00:30,0,1.0
SEC_C02_02,2026-09-08,00:30,01:00,0,1.0
SEC_C02_02,2026-09-08,01:00,01:30,0,1.0
SEC_C02_02,2026-09-08,01:30,02:00,0,1.0
SEC_C02_02,2026-09-08,02:00,02:30,0,1.0
SEC_C02_02,2026-09-08,02:30,03:00,0,1.0
SEC_C02_02,2026-09-08,03:00,03:30,0,1.0
SEC_C02_02,2026-09-08,03:30,04:00,0,1.0
SEC_C02_02,2026-09-08,04:00,04:30,0,1.0
SEC_C02_02,2026-09-08,04:30,05:00,0,1.0
SEC_C02_02,2026-09-08,05:00,05:30,0,1.0
SEC_C02_02,2026-09-08,05:30,06:00,0,1.0
SEC_C02_02,2026-09-08,06:00,06:30,0,1.0
SEC_C02_02,2026-09-08,06:30,07:00,0,1.0
SEC_C02_02,2026-09-08,07:00,07:30,0,1.0
SEC_C02_02,2026-09-08,07:30,08:00,0,1.0
SEC_C02_02,2026-09-08,08:00,08:30,1,0.8
SEC_C02_02,2026-09-08,08:30,09:00,1,0.8
SEC_C02_02,2026-09-08,09:00,09:30,1,0.8
SEC_C02_02,2026-09-08,09:30,10:00,1,0.8
SEC_C02_02,2026-09-08,10:00,10:30,0,1.0
SEC_C02_02,2026-09-08,10:30,11:00,0,1.0
SEC_C02_02,2026-09-08,11:00,11:30,0,1.0
SEC_C02_02,2026-09-08,11:30,12:00,0,1.0
SEC_C02_02,2026-09-08,12:00,12:30,0,1.0
SEC_C02_02,2026-09-08,12:30,13:00,0,1.0
SEC_C02_02,2026-09-08,13:00,13:30,0,1.0
SEC_C02_02,2026-09-08,13:30,14:00,0,1.0
SEC_C02_02,2026-09-08,14:00,14:30,0,1.0
SEC_C02_02,2026-09-08,14:30,15:00,0,1.0
SEC_C02_02,2026-09-08,15:00,15:30,0,1.0
SEC_C02_02,2026-09-08,15:30,16:00,0,1.0
SEC_C02_02,2026-09-08,16:00,16:30,0,1.0
SEC_C02_02,2026-09-08,16:30,17:00,0,1.0
SEC_C02_02,2026-09-08,17:00,17:30,0,1.0
SEC_C02_02,2026-09-08,17:30,18:00,0,1.0
SEC_C02_02,2026-09-08,18:00,18:30,0,1.0
SEC_C02_02,2026-09-08,18:30,19:00,0,1.0
SEC_C02_02,2026-09-08,19:00,19:30,0,1.0
SEC_C02_02,2026-09-08,19:30,20:00,0,1.0
SEC_C02_02,2026-09-08,20:00,20:30,0,1.0
SEC_C02_02,2026-09-08,20:30,21:00,0,1.0
SEC_C02_02,2026-09-08,21:00,21:30,0,1.0
SEC_C02_02,2026-09-08,21:30,22:00,0,1.0
SEC_C02_02,2026-09-08,22:00,22:30,0,1.0
SEC_C02_02,2026-09-08,22:30,23:00,0,1.0
SEC_C02_02,2026-09-08,23:00,23:30,0,1.0
SEC_C02_02,2026-09-08,23:30,00:00,0,1.0
SEC_C02_03,2026-09-08,00:00,00:30,0,1.0
SEC_C02_03,2026-09-08,00:30,01:00,0,1.0
SEC_C02_03,2026-09-08,01:00,01:30,0,1.0
SEC_C02_03,2026-09-08,01:30,02:00,0,1.0
SEC_C02_03,2026-09-08,02:00,02:30,0,1.0
SEC_C02_03,2026-09-08,02:30,03:00,0,1.0
SEC_C02_03,2026-09-08,03:00,03:30,0,1.0
SEC_C02_03,2026-09-08,03:30,04:00,0,1.0
SEC_C02_03,2026-09-08,04:00,04:30,0,1.0
SEC_C02_03,2026-09-08,04:30,05:00,0,1.0
SEC_C02_03,2026-09-08,05:00,05:30,0,1.0
SEC_C02_03,2026-09-08,05:30,06:00,0,1.0
SEC_C02_03,2026-09-08,06:00,06:30,1,0.8
SEC_C02_03,2026-09-08,06:30,07:00,1,0.8
SEC_C02_03,2026-09-08,07:00,07:30,0,1.0
SEC_C02_03,2026-09-08,07:30,08:00,0,1.0
SEC_C02_03,2026-09-08,08:00,08:30,0,1.0
SEC_C02_03,2026-09-08,08:30,09:00,0,1.0
SEC_C02_03,2026-09-08,09:00,09:30,0,1.0
SEC_C02_03,2026-09-08,09:30,10:00,1,0.8
SEC_C02_03,2026-09-08,10:00,10:30,1,0.8
SEC_C02_03,2026-09-08,10:30,11:00,0,1.0
SEC_C02_03,2026-09-08,11:00,11:30,0,1.0
SEC_C02_03,2026-09-08,11:30,12:00,0,1.0
SEC_C02_03,2026-09-08,12:00,12:30,0,1.0
SEC_C02_03,2026-09-08,12:30,13:00,0,1.0
SEC_C02_03,2026-09-08,13:00,13:30,0,1.0
SEC_C02_03,2026-09-08,13:30,14:00,0,1.0
SEC_C02_03,2026-09-08,14:00,14:30,0,1.0
SEC_C02_03,2026-09-08,14:30,15:00,0,1.0
SEC_C02_03,2026-09-08,15:00,15:30,1,0.5
SEC_C02_03,2026-09-08,15:30,16:00,0,1.0
SEC_C02_03,2026-09-08,16:00,16:30,0,1.0
SEC_C02_03,2026-09-08,16:30,17:00,0,1.0
SEC_C02_03,2026-09-08,17:00,17:30,0,1.0
SEC_C02_03,2026-09-08,17:30,18:00,0,1.0
SEC_C02_03,2026-09-08,18:00,18:30,0,1.0
SEC_C02_03,2026-09-08,18:30,19:00,0,1.0
SEC_C02_03,2026-09-08,19:00,19:30,1,0.5
SEC_C02_03,2026-09-08,19:30,20:00,1,0.5
SEC_C02_03,2026-09-08,20:00,20:30,0,1.0
SEC_C02_03,2026-09-08,20:30,21:00,0,1.0
SEC_C02_03,2026-09-08,21:00,21:30,0,1.0
SEC_C02_03,2026-09-08,21:30,22:00,0,1.0
SEC_C02_03,2026-09-08,22:00,22:30,0,1.0
SEC_C02_03,2026-09-08,22:30,23:00,0,1.0
SEC_C02_03,2026-09-08,23:00,23:30,0,1.0
SEC_C02_03,2026-09-08,23:30,00:00,0,1.0
SEC_C02_04,2026-09-08,00:00,00:30,0,1.0
SEC_C02_04,2026-09-08,00:30,01:00,0,1.0
SEC_C02_04,2026-09-08,01:00,01:30,0,1.0
SEC_C02_04,2026-09-08,01:30,02:00,0,1.0
SEC_C02_04,2026-09-08,02:00,02:30,0,1.0
SEC_C02_04,2026-09-08,02:30,03:00,0,1.0
SEC_C02_04,2026-09-08,03:00,03:30,0,1.0
SEC_C02_04,2026-09-08,03:30,04:00,0,1.0
SEC_C02_04,2026-09-08,04:00,04:30,0,1.0
SEC_C02_04,2026-09-08,04:30,05:00,0,1.0
SEC_C02_04,2026-09-08,05:00,05:30,0,1.0
SEC_C02_04,2026-09-08,05:30,06:00,0,1.0
SEC_C02_04,2026-09-08,06:00,06:30,0,1.0
SEC_C02_04,2026-09-08,06:30,07:00,0,1.0
SEC_C02_04,2026-09-08,07:00,07:30,1,0.5
SEC_C02_04,2026-09-08,07:30,08:00,1,0.5
SEC_C02_04,2026-09-08,08:00,08:30,1,0.8
SEC_C02_04,2026-09-08,08:30,09:00,1,0.8
SEC_C02_04,2026-09-08,09:00,09:30,0,1.0
SEC_C02_04,2026-09-08,09:30,10:00,0,1.0
SEC_C02_04,2026-09-08,10:00,10:30,0,1.0
SEC_C02_04,2026-09-08,10:30,11:00,0,1.0
SEC_C02_04,2026-09-08,11:00,11:30,0,1.0
SEC_C02_04,2026-09-08,11:30,12:00,0,1.0
SEC_C02_04,2026-09-08,12:00,12:30,0,1.0
SEC_C02_04,2026-09-08,12:30,13:00,0,1.0
SEC_C02_04,2026-09-08,13:00,13:30,0,1.0
SEC_C02_04,2026-09-08,13:30,14:00,0,1.0
SEC_C02_04,2026-09-08,14:00,14:30,0,1.0
SEC_C02_04,2026-09-08,14:30,15:00,0,1.0
SEC_C02_04,2026-09-08,15:00,15:30,0,1.0
SEC_C02_04,2026-09-08,15:30,16:00,0,1.0
SEC_C02_04,2026-09-08,16:00,16:30,0,1.0
SEC_C02_04,2026-09-08,16:30,17:00,0,1.0
SEC_C02_04,2026-09-08,17:00,17:30,0,1.0
SEC_C02_04,2026-09-08,17:30,18:00,0,1.0
SEC_C02_04,2026-09-08,18:00,18:30,0,1.0
SEC_C02_04,2026-09-08,18:30,19:00,0,1.0
SEC_C02_04,2026-09-08,19:00,19:30,0,1.0
SEC_C02_04,2026-09-08,19:30,20:00,0,1.0
SEC_C02_04,2026-09-08,20:00,20:30,0,1.0
SEC_C02_04,2026-09-08,20:30,21:00,0,1.0
SEC_C02_04,2026-09-08,21:00,21:30,0,1.0
SEC_C02_04,2026-09-08,21:30,22:00,0,1.0
SEC_C02_04,2026-09-08,22:00,22:30,0,1.0
SEC_C02_04,2026-09-08,22:30,23:00,0,1.0
SEC_C02_04,2026-09-08,23:00,23:30,0,1.0
SEC_C02_04,2026-09-08,23:30,00:00,0,1.0
SEC_C02_05,2026-09-08,00:00,00:30,0,1.0
SEC_C02_05,2026-09-08,00:30,01:00,0,1.0
SEC_C02_05,2026-09-08,01:00,01:30,0,1.0
SEC_C02_05,2026-09-08,01:30,02:00,0,1.0
SEC_C02_05,2026-09-08,02:00,02:30,0,1.0
SEC_C02_05,2026-09-08,02:30,03:00,0,1.0
SEC_C02_05,2026-09-08,03:00,03:30,1,0.8
SEC_C02_05,2026-09-08,03:30,04:00,1,0.8
SEC_C02_05,2026-09-08,04:00,04:30,0,1.0
SEC_C02_05,2026-09-08,04:30,05:00,0,1.0
SEC_C02_05,2026-09-08,05:00,05:30,0,1.0
SEC_C02_05,2026-09-08,05:30,06:00,0,1.0
SEC_C02_05,2026-09-08,06:00,06:30,0,1.0
SEC_C02_05,2026-09-08,06:30,07:00,0,1.0
SEC_C02_05,2026-09-08,07:00,07:30,0,1.0
SEC_C02_05,2026-09-08,07:30,08:00,0,1.0
SEC_C02_05,2026-09-08,08:00,08:30,0,1.0
SEC_C02_05,2026-09-08,08:30,09:00,0,1.0
SEC_C02_05,2026-09-08,09:00,09:30,1,0.8
SEC_C02_05,2026-09-08,09:30,10:00,1,0.8
SEC_C02_05,2026-09-08,10:00,10:30,1,0.8
SEC_C02_05,2026-09-08,10:30,11:00,0,1.0
SEC_C02_05,2026-09-08,11:00,11:30,0,1.0
SEC_C02_05,2026-09-08,11:30,12:00,0,1.0
SEC_C02_05,2026-09-08,12:00,12:30,0,1.0
SEC_C02_05,2026-09-08,12:30,13:00,0,1.0
SEC_C02_05,2026-09-08,13:00,13:30,0,1.0
SEC_C02_05,2026-09-08,13:30,14:00,0,1.0
SEC_C02_05,2026-09-08,14:00,14:30,0,1.0
SEC_C02_05,2026-09-08,14:30,15:00,0,1.0
SEC_C02_05,2026-09-08,15:00,15:30,0,1.0
SEC_C02_05,2026-09-08,15:30,16:00,0,1.0
SEC_C02_05,2026-09-08,16:00,16:30,0,1.0
SEC_C02_05,2026-09-08,16:30,17:00,0,1.0
SEC_C02_05,2026-09-08,17:00,17:30,0,1.0
SEC_C02_05,2026-09-08,17:30,18:00,1,0.8
SEC_C02_05,2026-09-08,18:00,18:30,1,0.8
SEC_C02_05,2026-09-08,18:30,19:00,0,1.0
SEC_C02_05,2026-09-08,19:00,19:30,0,1.0
SEC_C02_05,2026-09-08,19:30,20:00,0,1.0
SEC_C02_05,2026-09-08,20:00,20:30,0,1.0
SEC_C02_05,2026-09-08,20:30,21:00,0,1.0
SEC_C02_05,2026-09-08,21:00,21:30,0,1.0
SEC_C02_05,2026-09-08,21:30,22:00,0,1.0
SEC_C02_05,2026-09-08,22:00,22:30,0,1.0
SEC_C02_05,2026-09-08,22:30,23:00,0,1.0
SEC_C02_05,2026-09-08,23:00,23:30,0,1.0
SEC_C02_05,2026-09-08,23:30,00:00,0,1.0
SEC_C02_06,2026-09-08,00:00,00:30,0,1.0
SEC_C02_06,2026-09-08,00:30,01:00,0,1.0
SEC_C02_06,2026-09-08,01:00,01:30,0,1.0
SEC_C02_06,2026-09-08,01:30,02:00,0,1.0
SEC_C02_06,2026-09-08,02:00,02:30,0,1.0
SEC_C02_06,2026-09-08,02:30,03:00,0,1.0
SEC_C02_06,2026-09-08,03:00,03:30,0,1.0
SEC_C02_06,2026-09-08,03:30,04:00,0,1.0
SEC_C02_06,2026-09-08,04:00,04:30,0,1.0
SEC_C02_06,2026-09-08,04:30,05:00,1,0.8
SEC_C02_06,2026-09-08,05:00,05:30,1,0.8
SEC_C02_06,2026-09-08,05:30,06:00,0,1.0
SEC_C02_06,2026-09-08,06:00,06:30,0,1.0
SEC_C02_06,2026-09-08,06:30,07:00,2,0.5
SEC_C02_06,2026-09-08,07:00,07:30,3,0.25
SEC_C02_06,2026-09-08,07:30,08:00,1,0.8
SEC_C02_06,2026-09-08,08:00,08:30,0,1.0
SEC_C02_06,2026-09-08,08:30,09:00,0,1.0
SEC_C02_06,2026-09-08,09:00,09:30,0,1.0
SEC_C02_06,2026-09-08,09:30,10:00,0,1.0
SEC_C02_06,2026-09-08,10:00,10:30,0,1.0
SEC_C02_06,2026-09-08,10:30,11:00,0,1.0
SEC_C02_06,2026-09-08,11:00,11:30,0,1.0
SEC_C02_06,2026-09-08,11:30,12:00,0,1.0
SEC_C02_06,2026-09-08,12:00,12:30,0,1.0
SEC_C02_06,2026-09-08,12:30,13:00,0,1.0
SEC_C02_06,2026-09-08,13:00,13:30,0,1.0
SEC_C02_06,2026-09-08,13:30,14:00,0,1.0
SEC_C02_06,2026-09-08,14:00,14:30,0,1.0
SEC_C02_06,2026-09-08,14:30,15:00,0,1.0
SEC_C02_06,2026-09-08,15:00,15:30,0,1.0
SEC_C02_06,2026-09-08,15:30,16:00,0,1.0
SEC_C02_06,2026-09-08,16:00,16:30,0,1.0
SEC_C02_06,2026-09-08,16:30,17:00,0,1.0
SEC_C02_06,2026-09-08,17:00,17:30,0,1.0
SEC_C02_06,2026-09-08,17:30,18:00,0,1.0
SEC_C02_06,2026-09-08,18:00,18:30,0,1.0
SEC_C02_06,2026-09-08,18:30,19:00,0,1.0
SEC_C02_06,2026-09-08,19:00,19:30,1,0.5
SEC_C02_06,2026-09-08,19:30,20:00,1,0.5
SEC_C02_06,2026-09-08,20:00,20:30,0,1.0
SEC_C02_06,2026-09-08,20:30,21:00,0,1.0
SEC_C02_06,2026-09-08,21:00,21:30,0,1.0
SEC_C02_06,2026-09-08,21:30,22:00,0,1.0
SEC_C02_06,2026-09-08,22:00,22:30,0,1.0
SEC_C02_06,2026-09-08,22:30,23:00,0,1.0
SEC_C02_06,2026-09-08,23:00,23:30,0,1.0
SEC_C02_06,2026-09-08,23:30,00:00,0,1.0
SEC_C02_07,2026-09-08,00:00,00:30,0,1.0
SEC_C02_07,2026-09-08,00:30,01:00,0,1.0
SEC_C02_07,2026-09-08,01:00,01:30,0,1.0
SEC_C02_07,2026-09-08,01:30,02:00,0,1.0
SEC_C02_07,2026-09-08,02:00,02:30,0,1.0
SEC_C02_07,2026-09-08,02:30,03:00,0,1.0
SEC_C02_07,2026-09-08,03:00,03:30,0,1.0
SEC_C02_07,2026-09-08,03:30,04:00,0,1.0
SEC_C02_07,2026-09-08,04:00,04:30,0,1.0
SEC_C02_07,2026-09-08,04:30,05:00,1,0.8
SEC_C02_07,2026-09-08,05:00,05:30,1,0.8
SEC_C02_07,2026-09-08,05:30,06:00,0,1.0
SEC_C02_07,2026-09-08,06:00,06:30,0,1.0
SEC_C02_07,2026-09-08,06:30,07:00,0,1.0
SEC_C02_07,2026-09-08,07:00,07:30,0,1.0
SEC_C02_07,2026-09-08,07:30,08:00,0,1.0
SEC_C02_07,2026-09-08,08:00,08:30,0,1.0
SEC_C02_07,2026-09-08,08:30,09:00,0,1.0
SEC_C02_07,2026-09-08,09:00,09:30,1,0.8
SEC_C02_07,2026-09-08,09:30,10:00,2,0.5
SEC_C02_07,2026-09-08,10:00,10:30,1,0.8
SEC_C02_07,2026-09-08,10:30,11:00,0,1.0
SEC_C02_07,2026-09-08,11:00,11:30,0,1.0
SEC_C02_07,2026-09-08,11:30,12:00,0,1.0
SEC_C02_07,2026-09-08,12:00,12:30,0,1.0
SEC_C02_07,2026-09-08,12:30,13:00,0,1.0
SEC_C02_07,2026-09-08,13:00,13:30,0,1.0
SEC_C02_07,2026-09-08,13:30,14:00,1,0.8
SEC_C02_07,2026-09-08,14:00,14:30,1,0.8
SEC_C02_07,2026-09-08,14:30,15:00,0,1.0
SEC_C02_07,2026-09-08,15:00,15:30,0,1.0
SEC_C02_07,2026-09-08,15:30,16:00,0,1.0
SEC_C02_07,2026-09-08,16:00,16:30,0,1.0
SEC_C02_07,2026-09-08,16:30,17:00,0,1.0
SEC_C02_07,2026-09-08,17:00,17:30,0,1.0
SEC_C02_07,2026-09-08,17:30,18:00,0,1.0
SEC_C02_07,2026-09-08,18:00,18:30,0,1.0
SEC_C02_07,2026-09-08,18:30,19:00,0,1.0
SEC_C02_07,2026-09-08,19:00,19:30,0,1.0
SEC_C02_07,2026-09-08,19:30,20:00,0,1.0
SEC_C02_07,2026-09-08,20:00,20:30,0,1.0
SEC_C02_07,2026-09-08,20:30,21:00,0,1.0
SEC_C02_07,2026-09-08,21:00,21:30,1,0.8
SEC_C02_07,2026-09-08,21:30,22:00,1,0.8
SEC_C02_07,2026-09-08,22:00,22:30,0,1.0
SEC_C02_07,2026-09-08,22:30,23:00,0,1.0
SEC_C02_07,2026-09-08,23:00,23:30,0,1.0
SEC_C02_07,2026-09-08,23:30,00:00,0,1.0
SEC_C02_08,2026-09-08,00:00,00:30,0,1.0
SEC_C02_08,2026-09-08,00:30,01:00,0,1.0
SEC_C02_08,2026-09-08,01:00,01:30,0,1.0
SEC_C02_08,2026-09-08,01:30,02:00,1,0.8
SEC_C02_08,2026-09-08,02:00,02:30,1,0.8
SEC_C02_08,2026-09-08,02:30,03:00,0,1.0
SEC_C02_08,2026-09-08,03:00,03:30,0,1.0
SEC_C02_08,2026-09-08,03:30,04:00,0,1.0
SEC_C02_08,2026-09-08,04:00,04:30,0,1.0
SEC_C02_08,2026-09-08,04:30,05:00,0,1.0
SEC_C02_08,2026-09-08,05:00,05:30,0,1.0
SEC_C02_08,2026-09-08,05:30,06:00,0,1.0
SEC_C02_08,2026-09-08,06:00,06:30,0,1.0
SEC_C02_08,2026-09-08,06:30,07:00,0,1.0
SEC_C02_08,2026-09-08,07:00,07:30,0,1.0
SEC_C02_08,2026-09-08,07:30,08:00,0,1.0
SEC_C02_08,2026-09-08,08:00,08:30,1,0.8
SEC_C02_08,2026-09-08,08:30,09:00,1,0.8
SEC_C02_08,2026-09-08,09:00,09:30,0,1.0
SEC_C02_08,2026-09-08,09:30,10:00,1,0.5
SEC_C02_08,2026-09-08,10:00,10:30,1,0.5
SEC_C02_08,2026-09-08,10:30,11:00,0,1.0
SEC_C02_08,2026-09-08,11:00,11:30,0,1.0
SEC_C02_08,2026-09-08,11:30,12:00,0,1.0
SEC_C02_08,2026-09-08,12:00,12:30,0,1.0
SEC_C02_08,2026-09-08,12:30,13:00,0,1.0
SEC_C02_08,2026-09-08,13:00,13:30,1,0.8
SEC_C02_08,2026-09-08,13:30,14:00,1,0.8
SEC_C02_08,2026-09-08,14:00,14:30,0,1.0
SEC_C02_08,2026-09-08,14:30,15:00,0,1.0
SEC_C02_08,2026-09-08,15:00,15:30,0,1.0
SEC_C02_08,2026-09-08,15:30,16:00,0,1.0
SEC_C02_08,2026-09-08,16:00,16:30,0,1.0
SEC_C02_08,2026-09-08,16:30,17:00,0,1.0
SEC_C02_08,2026-09-08,17:00,17:30,0,1.0
SEC_C02_08,2026-09-08,17:30,18:00,0,1.0
SEC_C02_08,2026-09-08,18:00,18:30,0,1.0
SEC_C02_08,2026-09-08,18:30,19:00,0,1.0
SEC_C02_08,2026-09-08,19:00,19:30,0,1.0
SEC_C02_08,2026-09-08,19:30,20:00,0,1.0
SEC_C02_08,2026-09-08,20:00,20:30,0,1.0
SEC_C02_08,2026-09-08,20:30,21:00,0,1.0
SEC_C02_08,2026-09-08,21:00,21:30,0,1.0
SEC_C02_08,2026-09-08,21:30,22:00,1,0.8
SEC_C02_08,2026-09-08,22:00,22:30,1,0.8
SEC_C02_08,2026-09-08,22:30,23:00,1,0.8
SEC_C02_08,2026-09-08,23:00,23:30,0,1.0
SEC_C02_08,2026-09-08,23:30,00:00,0,1.0
SEC_C02_09,2026-09-08,00:00,00:30,0,1.0
SEC_C02_09,2026-09-08,00:30,01:00,0,1.0
SEC_C02_09,2026-09-08,01:00,01:30,0,1.0
SEC_C02_09,2026-09-08,01:30,02:00,0,1.0
SEC_C02_09,2026-09-08,02:00,02:30,0,1.0
SEC_C02_09,2026-09-08,02:30,03:00,0,1.0
SEC_C02_09,2026-09-08,03:00,03:30,0,1.0
SEC_C02_09,2026-09-08,03:30,04:00,0,1.0
SEC_C02_09,2026-09-08,04:00,04:30,0,1.0
SEC_C02_09,2026-09-08,04:30,05:00,0,1.0
SEC_C02_09,2026-09-08,05:00,05:30,0,1.0
SEC_C02_09,2026-09-08,05:30,06:00,0,1.0
SEC_C02_09,2026-09-08,06:00,06:30,0,1.0
SEC_C02_09,2026-09-08,06:30,07:00,0,1.0
SEC_C02_09,2026-09-08,07:00,07:30,1,0.8
SEC_C02_09,2026-09-08,07:30,08:00,1,0.8
SEC_C02_09,2026-09-08,08:00,08:30,0,1.0
SEC_C02_09,2026-09-08,08:30,09:00,0,1.0
SEC_C02_09,2026-09-08,09:00,09:30,0,1.0
SEC_C02_09,2026-09-08,09:30,10:00,0,1.0
SEC_C02_09,2026-09-08,10:00,10:30,0,1.0
SEC_C02_09,2026-09-08,10:30,11:00,0,1.0
SEC_C02_09,2026-09-08,11:00,11:30,0,1.0
SEC_C02_09,2026-09-08,11:30,12:00,0,1.0
SEC_C02_09,2026-09-08,12:00,12:30,0,1.0
SEC_C02_09,2026-09-08,12:30,13:00,0,1.0
SEC_C02_09,2026-09-08,13:00,13:30,0,1.0
SEC_C02_09,2026-09-08,13:30,14:00,0,1.0
SEC_C02_09,2026-09-08,14:00,14:30,0,1.0
SEC_C02_09,2026-09-08,14:30,15:00,1,0.8
SEC_C02_09,2026-09-08,15:00,15:30,1,0.8
SEC_C02_09,2026-09-08,15:30,16:00,0,1.0
SEC_C02_09,2026-09-08,16:00,16:30,0,1.0
SEC_C02_09,2026-09-08,16:30,17:00,0,1.0
SEC_C02_09,2026-09-08,17:00,17:30,0,1.0
SEC_C02_09,2026-09-08,17:30,18:00,0,1.0
SEC_C02_09,2026-09-08,18:00,18:30,0,1.0
SEC_C02_09,2026-09-08,18:30,19:00,0,1.0
SEC_C02_09,2026-09-08,19:00,19:30,0,1.0
SEC_C02_09,2026-09-08,19:30,20:00,0,1.0
SEC_C02_09,2026-09-08,20:00,20:30,0,1.0
SEC_C02_09,2026-09-08,20:30,21:00,0,1.0
SEC_C02_09,2026-09-08,21:00,21:30,0,1.0
SEC_C02_09,2026-09-08,21:30,22:00,0,1.0
SEC_C02_09,2026-09-08,22:00,22:30,0,1.0
SEC_C02_09,2026-09-08,22:30,23:00,0,1.0
SEC_C02_09,2026-09-08,23:00,23:30,0,1.0
SEC_C02_09,2026-09-08,23:30,00:00,0,1.0
SEC_C02_10,2026-09-08,00:00,00:30,0,1.0
SEC_C02_10,2026-09-08,00:30,01:00,0,1.0
SEC_C02_10,2026-09-08,01:00,01:30,0,1.0
SEC_C02_10,2026-09-08,01:30,02:00,0,1.0
SEC_C02_10,2026-09-08,02:00,02:30,0,1.0
SEC_C02_10,2026-09-08,02:30,03:00,0,1.0
SEC_C02_10,2026-09-08,03:00,03:30,0,1.0
SEC_C02_10,2026-09-08,03:30,04:00,0,1.0
SEC_C02_10,2026-09-08,04:00,04:30,0,1.0
SEC_C02_10,2026-09-08,04:30,05:00,0,1.0
SEC_C02_10,2026-09-08,05:00,05:30,0,1.0
SEC_C02_10,2026-09-08,05:30,06:00,0,1.0
SEC_C02_10,2026-09-08,06:00,06:30,0,1.0
SEC_C02_10,2026-09-08,06:30,07:00,0,1.0
SEC_C02_10,2026-09-08,07:00,07:30,0,1.0
SEC_C02_10,2026-09-08,07:30,08:00,0,1.0
SEC_C02_10,2026-09-08,08:00,08:30,0,1.0
SEC_C02_10,2026-09-08,08:30,09:00,0,1.0
SEC_C02_10,2026-09-08,09:00,09:30,1,0.8
SEC_C02_10,2026-09-08,09:30,10:00,1,0.8
SEC_C02_10,2026-09-08,10:00,10:30,0,1.0
SEC_C02_10,2026-09-08,10:30,11:00,0,1.0
SEC_C02_10,2026-09-08,11:00,11:30,0,1.0
SEC_C02_10,2026-09-08,11:30,12:00,0,1.0
SEC_C02_10,2026-09-08,12:00,12:30,0,1.0
SEC_C02_10,2026-09-08,12:30,13:00,0,1.0
SEC_C02_10,2026-09-08,13:00,13:30,0,1.0
SEC_C02_10,2026-09-08,13:30,14:00,0,1.0
SEC_C02_10,2026-09-08,14:00,14:30,0,1.0
SEC_C02_10,2026-09-08,14:30,15:00,1,0.8
SEC_C02_10,2026-09-08,15:00,15:30,1,0.8
SEC_C02_10,2026-09-08,15:30,16:00,0,1.0
SEC_C02_10,2026-09-08,16:00,16:30,0,1.0
SEC_C02_10,2026-09-08,16:30,17:00,0,1.0
SEC_C02_10,2026-09-08,17:00,17:30,0,1.0
SEC_C02_10,2026-09-08,17:30,18:00,0,1.0
SEC_C02_10,2026-09-08,18:00,18:30,0,1.0
SEC_C02_10,2026-09-08,18:30,19:00,1,0.8
SEC_C02_10,2026-09-08,19:00,19:30,1,0.8
SEC_C02_10,2026-09-08,19:30,20:00,0,1.0
SEC_C02_10,2026-09-08,20:00,20:30,0,1.0
SEC_C02_10,2026-09-08,20:30,21:00,0,1.0
SEC_C02_10,2026-09-08,21:00,21:30,0,1.0
SEC_C02_10,2026-09-08,21:30,22:00,0,1.0
SEC_C02_10,2026-09-08,22:00,22:30,0,1.0
SEC_C02_10,2026-09-08,22:30,23:00,0,1.0
SEC_C02_10,2026-09-08,23:00,23:30,0,1.0
SEC_C02_10,2026-09-08,23:30,00:00,0,1.0
SEC_C03_01,2026-09-08,00:00,00:30,0,1.0
SEC_C03_01,2026-09-08,00:30,01:00,0,1.0
SEC_C03_01,2026-09-08,01:00,01:30,0,1.0
SEC_C03_01,2026-09-08,01:30,02:00,0,1.0
SEC_C03_01,2026-09-08,02:00,02:30,0,1.0
SEC_C03_01,2026-09-08,02:30,03:00,0,1.0
SEC_C03_01,2026-09-08,03:00,03:30,0,1.0
SEC_C03_01,2026-09-08,03:30,04:00,0,1.0
SEC_C03_01,2026-09-08,04:00,04:30,0,1.0
SEC_C03_01,2026-09-08,04:30,05:00,0,1.0
SEC_C03_01,2026-09-08,05:00,05:30,0,1.0
SEC_C03_01,2026-09-08,05:30,06:00,0,1.0
SEC_C03_01,2026-09-08,06:00,06:30,0,1.0
SEC_C03_01,2026-09-08,06:30,07:00,0,1.0
SEC_C03_01,2026-09-08,07:00,07:30,0,1.0
SEC_C03_01,2026-09-08,07:30,08:00,0,1.0
SEC_C03_01,2026-09-08,08:00,08:30,0,1.0
SEC_C03_01,2026-09-08,08:30,09:00,0,1.0
SEC_C03_01,2026-09-08,09:00,09:30,0,1.0
SEC_C03_01,2026-09-08,09:30,10:00,2,0.5
SEC_C03_01,2026-09-08,10:00,10:30,2,0.5
SEC_C03_01,2026-09-08,10:30,11:00,1,0.8
SEC_C03_01,2026-09-08,11:00,11:30,0,1.0
SEC_C03_01,2026-09-08,11:30,12:00,0,1.0
SEC_C03_01,2026-09-08,12:00,12:30,0,1.0
SEC_C03_01,2026-09-08,12:30,13:00,0,1.0
SEC_C03_01,2026-09-08,13:00,13:30,0,1.0
SEC_C03_01,2026-09-08,13:30,14:00,0,1.0
SEC_C03_01,2026-09-08,14:00,14:30,0,1.0
SEC_C03_01,2026-09-08,14:30,15:00,0,1.0
SEC_C03_01,2026-09-08,15:00,15:30,1,0.8
SEC_C03_01,2026-09-08,15:30,16:00,1,0.8
SEC_C03_01,2026-09-08,16:00,16:30,0,1.0
SEC_C03_01,2026-09-08,16:30,17:00,0,1.0
SEC_C03_01,2026-09-08,17:00,17:30,0,1.0
SEC_C03_01,2026-09-08,17:30,18:00,0,1.0
SEC_C03_01,2026-09-08,18:00,18:30,0,1.0
SEC_C03_01,2026-09-08,18:30,19:00,0,1.0
SEC_C03_01,2026-09-08,19:00,19:30,0,1.0
SEC_C03_01,2026-09-08,19:30,20:00,0,1.0
SEC_C03_01,2026-09-08,20:00,20:30,0,1.0
SEC_C03_01,2026-09-08,20:30,21:00,0,1.0
SEC_C03_01,2026-09-08,21:00,21:30,0,1.0
SEC_C03_01,2026-09-08,21:30,22:00,0,1.0
SEC_C03_01,2026-09-08,22:00,22:30,0,1.0
SEC_C03_01,2026-09-08,22:30,23:00,0,1.0
SEC_C03_01,2026-09-08,23:00,23:30,0,1.0
SEC_C03_01,2026-09-08,23:30,00:00,0,1.0
SEC_C03_02,2026-09-08,00:00,00:30,0,1.0
SEC_C03_02,2026-09-08,00:30,01:00,0,1.0
SEC_C03_02,2026-09-08,01:00,01:30,0,1.0
SEC_C03_02,2026-09-08,01:30,02:00,0,1.0
SEC_C03_02,2026-09-08,02:00,02:30,0,1.0
SEC_C03_02,2026-09-08,02:30,03:00,0,1.0
SEC_C03_02,2026-09-08,03:00,03:30,0,1.0
SEC_C03_02,2026-09-08,03:30,04:00,0,1.0
SEC_C03_02,2026-09-08,04:00,04:30,0,1.0
SEC_C03_02,2026-09-08,04:30,05:00,0,1.0
SEC_C03_02,2026-09-08,05:00,05:30,0,1.0
SEC_C03_02,2026-09-08,05:30,06:00,0,1.0
SEC_C03_02,2026-09-08,06:00,06:30,0,1.0
SEC_C03_02,2026-09-08,06:30,07:00,0,1.0
SEC_C03_02,2026-09-08,07:00,07:30,0,1.0
SEC_C03_02,2026-09-08,07:30,08:00,0,1.0
SEC_C03_02,2026-09-08,08:00,08:30,0,1.0
SEC_C03_02,2026-09-08,08:30,09:00,1,0.8
SEC_C03_02,2026-09-08,09:00,09:30,2,0.5
SEC_C03_02,2026-09-08,09:30,10:00,1,0.8
SEC_C03_02,2026-09-08,10:00,10:30,0,1.0
SEC_C03_02,2026-09-08,10:30,11:00,0,1.0
SEC_C03_02,2026-09-08,11:00,11:30,1,0.5
SEC_C03_02,2026-09-08,11:30,12:00,2,0.2
SEC_C03_02,2026-09-08,12:00,12:30,1,0.8
SEC_C03_02,2026-09-08,12:30,13:00,0,1.0
SEC_C03_02,2026-09-08,13:00,13:30,0,1.0
SEC_C03_02,2026-09-08,13:30,14:00,0,1.0
SEC_C03_02,2026-09-08,14:00,14:30,0,1.0
SEC_C03_02,2026-09-08,14:30,15:00,0,1.0
SEC_C03_02,2026-09-08,15:00,15:30,0,1.0
SEC_C03_02,2026-09-08,15:30,16:00,0,1.0
SEC_C03_02,2026-09-08,16:00,16:30,0,1.0
SEC_C03_02,2026-09-08,16:30,17:00,0,1.0
SEC_C03_02,2026-09-08,17:00,17:30,0,1.0
SEC_C03_02,2026-09-08,17:30,18:00,0,1.0
SEC_C03_02,2026-09-08,18:00,18:30,0,1.0
SEC_C03_02,2026-09-08,18:30,19:00,0,1.0
SEC_C03_02,2026-09-08,19:00,19:30,0,1.0
SEC_C03_02,2026-09-08,19:30,20:00,0,1.0
SEC_C03_02,2026-09-08,20:00,20:30,0,1.0
SEC_C03_02,2026-09-08,20:30,21:00,0,1.0
SEC_C03_02,2026-09-08,21:00,21:30,0,1.0
SEC_C03_02,2026-09-08,21:30,22:00,0,1.0
SEC_C03_02,2026-09-08,22:00,22:30,0,1.0
SEC_C03_02,2026-09-08,22:30,23:00,0,1.0
SEC_C03_02,2026-09-08,23:00,23:30,0,1.0
SEC_C03_02,2026-09-08,23:30,00:00,0,1.0
SEC_C03_03,2026-09-08,00:00,00:30,0,1.0
SEC_C03_03,2026-09-08,00:30,01:00,0,1.0
SEC_C03_03,2026-09-08,01:00,01:30,0,1.0
SEC_C03_03,2026-09-08,01:30,02:00,0,1.0
SEC_C03_03,2026-09-08,02:00,02:30,0,1.0
SEC_C03_03,2026-09-08,02:30,03:00,0,1.0
SEC_C03_03,2026-09-08,03:00,03:30,0,1.0
SEC_C03_03,2026-09-08,03:30,04:00,0,1.0
SEC_C03_03,2026-09-08,04:00,04:30,0,1.0
SEC_C03_03,2026-09-08,04:30,05:00,0,1.0
SEC_C03_03,2026-09-08,05:00,05:30,0,1.0
SEC_C03_03,2026-09-08,05:30,06:00,0,1.0
SEC_C03_03,2026-09-08,06:00,06:30,1,0.5
SEC_C03_03,2026-09-08,06:30,07:00,2,0.2
SEC_C03_03,2026-09-08,07:00,07:30,1,0.5
SEC_C03_03,2026-09-08,07:30,08:00,0,1.0
SEC_C03_03,2026-09-08,08:00,08:30,0,1.0
SEC_C03_03,2026-09-08,08:30,09:00,0,1.0
SEC_C03_03,2026-09-08,09:00,09:30,0,1.0
SEC_C03_03,2026-09-08,09:30,10:00,0,1.0
SEC_C03_03,2026-09-08,10:00,10:30,0,1.0
SEC_C03_03,2026-09-08,10:30,11:00,0,1.0
SEC_C03_03,2026-09-08,11:00,11:30,0,1.0
SEC_C03_03,2026-09-08,11:30,12:00,0,1.0
SEC_C03_03,2026-09-08,12:00,12:30,0,1.0
SEC_C03_03,2026-09-08,12:30,13:00,0,1.0
SEC_C03_03,2026-09-08,13:00,13:30,0,1.0
SEC_C03_03,2026-09-08,13:30,14:00,0,1.0
SEC_C03_03,2026-09-08,14:00,14:30,0,1.0
SEC_C03_03,2026-09-08,14:30,15:00,0,1.0
SEC_C03_03,2026-09-08,15:00,15:30,0,1.0
SEC_C03_03,2026-09-08,15:30,16:00,0,1.0
SEC_C03_03,2026-09-08,16:00,16:30,0,1.0
SEC_C03_03,2026-09-08,16:30,17:00,0,1.0
SEC_C03_03,2026-09-08,17:00,17:30,0,1.0
SEC_C03_03,2026-09-08,17:30,18:00,0,1.0
SEC_C03_03,2026-09-08,18:00,18:30,0,1.0
SEC_C03_03,2026-09-08,18:30,19:00,0,1.0
SEC_C03_03,2026-09-08,19:00,19:30,0,1.0
SEC_C03_03,2026-09-08,19:30,20:00,0,1.0
SEC_C03_03,2026-09-08,20:00,20:30,0,1.0
SEC_C03_03,2026-09-08,20:30,21:00,1,0.8
SEC_C03_03,2026-09-08,21:00,21:30,1,0.8
SEC_C03_03,2026-09-08,21:30,22:00,0,1.0
SEC_C03_03,2026-09-08,22:00,22:30,0,1.0
SEC_C03_03,2026-09-08,22:30,23:00,0,1.0
SEC_C03_03,2026-09-08,23:00,23:30,0,1.0
SEC_C03_03,2026-09-08,23:30,00:00,0,1.0
SEC_C03_04,2026-09-08,00:00,00:30,0,1.0
SEC_C03_04,2026-09-08,00:30,01:00,0,1.0
SEC_C03_04,2026-09-08,01:00,01:30,0,1.0
SEC_C03_04,2026-09-08,01:30,02:00,0,1.0
SEC_C03_04,2026-09-08,02:00,02:30,0,1.0
SEC_C03_04,2026-09-08,02:30,03:00,0,1.0
SEC_C03_04,2026-09-08,03:00,03:30,0,1.0
SEC_C03_04,2026-09-08,03:30,04:00,0,1.0
SEC_C03_04,2026-09-08,04:00,04:30,0,1.0
SEC_C03_04,2026-09-08,04:30,05:00,0,1.0
SEC_C03_04,2026-09-08,05:00,05:30,0,1.0
SEC_C03_04,2026-09-08,05:30,06:00,0,1.0
SEC_C03_04,2026-09-08,06:00,06:30,0,1.0
SEC_C03_04,2026-09-08,06:30,07:00,0,1.0
SEC_C03_04,2026-09-08,07:00,07:30,0,1.0
SEC_C03_04,2026-09-08,07:30,08:00,0,1.0
SEC_C03_04,2026-09-08,08:00,08:30,0,1.0
SEC_C03_04,2026-09-08,08:30,09:00,0,1.0
SEC_C03_04,2026-09-08,09:00,09:30,0,1.0
SEC_C03_04,2026-09-08,09:30,10:00,0,1.0
SEC_C03_04,2026-09-08,10:00,10:30,0,1.0
SEC_C03_04,2026-09-08,10:30,11:00,0,1.0
SEC_C03_04,2026-09-08,11:00,11:30,0,1.0
SEC_C03_04,2026-09-08,11:30,12:00,0,1.0
SEC_C03_04,2026-09-08,12:00,12:30,1,0.8
SEC_C03_04,2026-09-08,12:30,13:00,1,0.8
SEC_C03_04,2026-09-08,13:00,13:30,0,1.0
SEC_C03_04,2026-09-08,13:30,14:00,1,0.8
SEC_C03_04,2026-09-08,14:00,14:30,1,0.8
SEC_C03_04,2026-09-08,14:30,15:00,0,1.0
SEC_C03_04,2026-09-08,15:00,15:30,0,1.0
SEC_C03_04,2026-09-08,15:30,16:00,1,0.8
SEC_C03_04,2026-09-08,16:00,16:30,0,1.0
SEC_C03_04,2026-09-08,16:30,17:00,0,1.0
SEC_C03_04,2026-09-08,17:00,17:30,1,0.8
SEC_C03_04,2026-09-08,17:30,18:00,1,0.8
SEC_C03_04,2026-09-08,18:00,18:30,0,1.0
SEC_C03_04,2026-09-08,18:30,19:00,0,1.0
SEC_C03_04,2026-09-08,19:00,19:30,0,1.0
SEC_C03_04,2026-09-08,19:30,20:00,0,1.0
SEC_C03_04,2026-09-08,20:00,20:30,0,1.0
SEC_C03_04,2026-09-08,20:30,21:00,0,1.0
SEC_C03_04,2026-09-08,21:00,21:30,0,1.0
SEC_C03_04,2026-09-08,21:30,22:00,0,1.0
SEC_C03_04,2026-09-08,22:00,22:30,0,1.0
SEC_C03_04,2026-09-08,22:30,23:00,0,1.0
SEC_C03_04,2026-09-08,23:00,23:30,0,1.0
SEC_C03_04,2026-09-08,23:30,00:00,0,1.0
SEC_C03_05,2026-09-08,00:00,00:30,0,1.0
SEC_C03_05,2026-09-08,00:30,01:00,0,1.0
SEC_C03_05,2026-09-08,01:00,01:30,0,1.0
SEC_C03_05,2026-09-08,01:30,02:00,0,1.0
SEC_C03_05,2026-09-08,02:00,02:30,0,1.0
SEC_C03_05,2026-09-08,02:30,03:00,0,1.0
SEC_C03_05,2026-09-08,03:00,03:30,0,1.0
SEC_C03_05,2026-09-08,03:30,04:00,0,1.0
SEC_C03_05,2026-09-08,04:00,04:30,0,1.0
SEC_C03_05,2026-09-08,04:30,05:00,0,1.0
SEC_C03_05,2026-09-08,05:00,05:30,0,1.0
SEC_C03_05,2026-09-08,05:30,06:00,0,1.0
SEC_C03_05,2026-09-08,06:00,06:30,0,1.0
SEC_C03_05,2026-09-08,06:30,07:00,0,1.0
SEC_C03_05,2026-09-08,07:00,07:30,0,1.0
SEC_C03_05,2026-09-08,07:30,08:00,0,1.0
SEC_C03_05,2026-09-08,08:00,08:30,1,0.8
SEC_C03_05,2026-09-08,08:30,09:00,3,0.25
SEC_C03_05,2026-09-08,09:00,09:30,2,0.5
SEC_C03_05,2026-09-08,09:30,10:00,1,0.8
SEC_C03_05,2026-09-08,10:00,10:30,0,1.0
SEC_C03_05,2026-09-08,10:30,11:00,0,1.0
SEC_C03_05,2026-09-08,11:00,11:30,0,1.0
SEC_C03_05,2026-09-08,11:30,12:00,0,1.0
SEC_C03_05,2026-09-08,12:00,12:30,0,1.0
SEC_C03_05,2026-09-08,12:30,13:00,0,1.0
SEC_C03_05,2026-09-08,13:00,13:30,1,0.8
SEC_C03_05,2026-09-08,13:30,14:00,1,0.8
SEC_C03_05,2026-09-08,14:00,14:30,1,0.8
SEC_C03_05,2026-09-08,14:30,15:00,0,1.0
SEC_C03_05,2026-09-08,15:00,15:30,0,1.0
SEC_C03_05,2026-09-08,15:30,16:00,0,1.0
SEC_C03_05,2026-09-08,16:00,16:30,0,1.0
SEC_C03_05,2026-09-08,16:30,17:00,0,1.0
SEC_C03_05,2026-09-08,17:00,17:30,0,1.0
SEC_C03_05,2026-09-08,17:30,18:00,0,1.0
SEC_C03_05,2026-09-08,18:00,18:30,0,1.0
SEC_C03_05,2026-09-08,18:30,19:00,1,0.5
SEC_C03_05,2026-09-08,19:00,19:30,1,0.5
SEC_C03_05,2026-09-08,19:30,20:00,0,1.0
SEC_C03_05,2026-09-08,20:00,20:30,0,1.0
SEC_C03_05,2026-09-08,20:30,21:00,0,1.0
SEC_C03_05,2026-09-08,21:00,21:30,0,1.0
SEC_C03_05,2026-09-08,21:30,22:00,0,1.0
SEC_C03_05,2026-09-08,22:00,22:30,0,1.0
SEC_C03_05,2026-09-08,22:30,23:00,0,1.0
SEC_C03_05,2026-09-08,23:00,23:30,0,1.0
SEC_C03_05,2026-09-08,23:30,00:00,0,1.0
SEC_C03_06,2026-09-08,00:00,00:30,0,1.0
SEC_C03_06,2026-09-08,00:30,01:00,0,1.0
SEC_C03_06,2026-09-08,01:00,01:30,0,1.0
SEC_C03_06,2026-09-08,01:30,02:00,0,1.0
SEC_C03_06,2026-09-08,02:00,02:30,0,1.0
SEC_C03_06,2026-09-08,02:30,03:00,0,1.0
SEC_C03_06,2026-09-08,03:00,03:30,0,1.0
SEC_C03_06,2026-09-08,03:30,04:00,0,1.0
SEC_C03_06,2026-09-08,04:00,04:30,0,1.0
SEC_C03_06,2026-09-08,04:30,05:00,0,1.0
SEC_C03_06,2026-09-08,05:00,05:30,0,1.0
SEC_C03_06,2026-09-08,05:30,06:00,0,1.0
SEC_C03_06,2026-09-08,06:00,06:30,0,1.0
SEC_C03_06,2026-09-08,06:30,07:00,0,1.0
SEC_C03_06,2026-09-08,07:00,07:30,0,1.0
SEC_C03_06,2026-09-08,07:30,08:00,0,1.0
SEC_C03_06,2026-09-08,08:00,08:30,0,1.0
SEC_C03_06,2026-09-08,08:30,09:00,1,0.8
SEC_C03_06,2026-09-08,09:00,09:30,1,0.8
SEC_C03_06,2026-09-08,09:30,10:00,0,1.0
SEC_C03_06,2026-09-08,10:00,10:30,0,1.0
SEC_C03_06,2026-09-08,10:30,11:00,0,1.0
SEC_C03_06,2026-09-08,11:00,11:30,0,1.0
SEC_C03_06,2026-09-08,11:30,12:00,0,1.0
SEC_C03_06,2026-09-08,12:00,12:30,0,1.0
SEC_C03_06,2026-09-08,12:30,13:00,1,0.8
SEC_C03_06,2026-09-08,13:00,13:30,1,0.8
SEC_C03_06,2026-09-08,13:30,14:00,0,1.0
SEC_C03_06,2026-09-08,14:00,14:30,0,1.0
SEC_C03_06,2026-09-08,14:30,15:00,0,1.0
SEC_C03_06,2026-09-08,15:00,15:30,0,1.0
SEC_C03_06,2026-09-08,15:30,16:00,0,1.0
SEC_C03_06,2026-09-08,16:00,16:30,0,1.0
SEC_C03_06,2026-09-08,16:30,17:00,0,1.0
SEC_C03_06,2026-09-08,17:00,17:30,0,1.0
SEC_C03_06,2026-09-08,17:30,18:00,1,0.8
SEC_C03_06,2026-09-08,18:00,18:30,1,0.8
SEC_C03_06,2026-09-08,18:30,19:00,0,1.0
SEC_C03_06,2026-09-08,19:00,19:30,0,1.0
SEC_C03_06,2026-09-08,19:30,20:00,1,0.8
SEC_C03_06,2026-09-08,20:00,20:30,1,0.8
SEC_C03_06,2026-09-08,20:30,21:00,0,1.0
SEC_C03_06,2026-09-08,21:00,21:30,0,1.0
SEC_C03_06,2026-09-08,21:30,22:00,0,1.0
SEC_C03_06,2026-09-08,22:00,22:30,0,1.0
SEC_C03_06,2026-09-08,22:30,23:00,0,1.0
SEC_C03_06,2026-09-08,23:00,23:30,0,1.0
SEC_C03_06,2026-09-08,23:30,00:00,0,1.0
SEC_C04_01,2026-09-08,00:00,00:30,0,1.0
SEC_C04_01,2026-09-08,00:30,01:00,0,1.0
SEC_C04_01,2026-09-08,01:00,01:30,0,1.0
SEC_C04_01,2026-09-08,01:30,02:00,0,1.0
SEC_C04_01,2026-09-08,02:00,02:30,0,1.0
SEC_C04_01,2026-09-08,02:30,03:00,0,1.0
SEC_C04_01,2026-09-08,03:00,03:30,0,1.0
SEC_C04_01,2026-09-08,03:30,04:00,0,1.0
SEC_C04_01,2026-09-08,04:00,04:30,0,1.0
SEC_C04_01,2026-09-08,04:30,05:00,1,0.8
SEC_C04_01,2026-09-08,05:00,05:30,1,0.8
SEC_C04_01,2026-09-08,05:30,06:00,0,1.0
SEC_C04_01,2026-09-08,06:00,06:30,0,1.0
SEC_C04_01,2026-09-08,06:30,07:00,0,1.0
SEC_C04_01,2026-09-08,07:00,07:30,2,0.5
SEC_C04_01,2026-09-08,07:30,08:00,3,0.25
SEC_C04_01,2026-09-08,08:00,08:30,0,1.0
SEC_C04_01,2026-09-08,08:30,09:00,0,1.0
SEC_C04_01,2026-09-08,09:00,09:30,0,1.0
SEC_C04_01,2026-09-08,09:30,10:00,0,1.0
SEC_C04_01,2026-09-08,10:00,10:30,0,1.0
SEC_C04_01,2026-09-08,10:30,11:00,0,1.0
SEC_C04_01,2026-09-08,11:00,11:30,0,1.0
SEC_C04_01,2026-09-08,11:30,12:00,0,1.0
SEC_C04_01,2026-09-08,12:00,12:30,0,1.0
SEC_C04_01,2026-09-08,12:30,13:00,0,1.0
SEC_C04_01,2026-09-08,13:00,13:30,0,1.0
SEC_C04_01,2026-09-08,13:30,14:00,0,1.0
SEC_C04_01,2026-09-08,14:00,14:30,0,1.0
SEC_C04_01,2026-09-08,14:30,15:00,0,1.0
SEC_C04_01,2026-09-08,15:00,15:30,0,1.0
SEC_C04_01,2026-09-08,15:30,16:00,0,1.0
SEC_C04_01,2026-09-08,16:00,16:30,0,1.0
SEC_C04_01,2026-09-08,16:30,17:00,0,1.0
SEC_C04_01,2026-09-08,17:00,17:30,0,1.0
SEC_C04_01,2026-09-08,17:30,18:00,0,1.0
SEC_C04_01,2026-09-08,18:00,18:30,0,1.0
SEC_C04_01,2026-09-08,18:30,19:00,0,1.0
SEC_C04_01,2026-09-08,19:00,19:30,0,1.0
SEC_C04_01,2026-09-08,19:30,20:00,0,1.0
SEC_C04_01,2026-09-08,20:00,20:30,0,1.0
SEC_C04_01,2026-09-08,20:30,21:00,0,1.0
SEC_C04_01,2026-09-08,21:00,21:30,0,1.0
SEC_C04_01,2026-09-08,21:30,22:00,1,0.8
SEC_C04_01,2026-09-08,22:00,22:30,0,1.0
SEC_C04_01,2026-09-08,22:30,23:00,0,1.0
SEC_C04_01,2026-09-08,23:00,23:30,0,1.0
SEC_C04_01,2026-09-08,23:30,00:00,0,1.0
SEC_C04_02,2026-09-08,00:00,00:30,0,1.0
SEC_C04_02,2026-09-08,00:30,01:00,0,1.0
SEC_C04_02,2026-09-08,01:00,01:30,0,1.0
SEC_C04_02,2026-09-08,01:30,02:00,0,1.0
SEC_C04_02,2026-09-08,02:00,02:30,0,1.0
SEC_C04_02,2026-09-08,02:30,03:00,0,1.0
SEC_C04_02,2026-09-08,03:00,03:30,0,1.0
SEC_C04_02,2026-09-08,03:30,04:00,0,1.0
SEC_C04_02,2026-09-08,04:00,04:30,0,1.0
SEC_C04_02,2026-09-08,04:30,05:00,0,1.0
SEC_C04_02,2026-09-08,05:00,05:30,0,1.0
SEC_C04_02,2026-09-08,05:30,06:00,0,1.0
SEC_C04_02,2026-09-08,06:00,06:30,0,1.0
SEC_C04_02,2026-09-08,06:30,07:00,1,0.8
SEC_C04_02,2026-09-08,07:00,07:30,1,0.8
SEC_C04_02,2026-09-08,07:30,08:00,0,1.0
SEC_C04_02,2026-09-08,08:00,08:30,0,1.0
SEC_C04_02,2026-09-08,08:30,09:00,0,1.0
SEC_C04_02,2026-09-08,09:00,09:30,1,0.8
SEC_C04_02,2026-09-08,09:30,10:00,1,0.8
SEC_C04_02,2026-09-08,10:00,10:30,0,1.0
SEC_C04_02,2026-09-08,10:30,11:00,0,1.0
SEC_C04_02,2026-09-08,11:00,11:30,0,1.0
SEC_C04_02,2026-09-08,11:30,12:00,0,1.0
SEC_C04_02,2026-09-08,12:00,12:30,0,1.0
SEC_C04_02,2026-09-08,12:30,13:00,0,1.0
SEC_C04_02,2026-09-08,13:00,13:30,0,1.0
SEC_C04_02,2026-09-08,13:30,14:00,0,1.0
SEC_C04_02,2026-09-08,14:00,14:30,0,1.0
SEC_C04_02,2026-09-08,14:30,15:00,0,1.0
SEC_C04_02,2026-09-08,15:00,15:30,1,0.5
SEC_C04_02,2026-09-08,15:30,16:00,0,1.0
SEC_C04_02,2026-09-08,16:00,16:30,0,1.0
SEC_C04_02,2026-09-08,16:30,17:00,0,1.0
SEC_C04_02,2026-09-08,17:00,17:30,0,1.0
SEC_C04_02,2026-09-08,17:30,18:00,0,1.0
SEC_C04_02,2026-09-08,18:00,18:30,0,1.0
SEC_C04_02,2026-09-08,18:30,19:00,0,1.0
SEC_C04_02,2026-09-08,19:00,19:30,0,1.0
SEC_C04_02,2026-09-08,19:30,20:00,0,1.0
SEC_C04_02,2026-09-08,20:00,20:30,1,0.8
SEC_C04_02,2026-09-08,20:30,21:00,1,0.8
SEC_C04_02,2026-09-08,21:00,21:30,0,1.0
SEC_C04_02,2026-09-08,21:30,22:00,0,1.0
SEC_C04_02,2026-09-08,22:00,22:30,0,1.0
SEC_C04_02,2026-09-08,22:30,23:00,0,1.0
SEC_C04_02,2026-09-08,23:00,23:30,0,1.0
SEC_C04_02,2026-09-08,23:30,00:00,0,1.0
SEC_C04_03,2026-09-08,00:00,00:30,0,1.0
SEC_C04_03,2026-09-08,00:30,01:00,0,1.0
SEC_C04_03,2026-09-08,01:00,01:30,0,1.0
SEC_C04_03,2026-09-08,01:30,02:00,0,1.0
SEC_C04_03,2026-09-08,02:00,02:30,0,1.0
SEC_C04_03,2026-09-08,02:30,03:00,1,0.8
SEC_C04_03,2026-09-08,03:00,03:30,1,0.8
SEC_C04_03,2026-09-08,03:30,04:00,0,1.0
SEC_C04_03,2026-09-08,04:00,04:30,0,1.0
SEC_C04_03,2026-09-08,04:30,05:00,0,1.0
SEC_C04_03,2026-09-08,05:00,05:30,0,1.0
SEC_C04_03,2026-09-08,05:30,06:00,0,1.0
SEC_C04_03,2026-09-08,06:00,06:30,0,1.0
SEC_C04_03,2026-09-08,06:30,07:00,0,1.0
SEC_C04_03,2026-09-08,07:00,07:30,0,1.0
SEC_C04_03,2026-09-08,07:30,08:00,0,1.0
SEC_C04_03,2026-09-08,08:00,08:30,0,1.0
SEC_C04_03,2026-09-08,08:30,09:00,0,1.0
SEC_C04_03,2026-09-08,09:00,09:30,0,1.0
SEC_C04_03,2026-09-08,09:30,10:00,0,1.0
SEC_C04_03,2026-09-08,10:00,10:30,0,1.0
SEC_C04_03,2026-09-08,10:30,11:00,0,1.0
SEC_C04_03,2026-09-08,11:00,11:30,0,1.0
SEC_C04_03,2026-09-08,11:30,12:00,0,1.0
SEC_C04_03,2026-09-08,12:00,12:30,0,1.0
SEC_C04_03,2026-09-08,12:30,13:00,0,1.0
SEC_C04_03,2026-09-08,13:00,13:30,0,1.0
SEC_C04_03,2026-09-08,13:30,14:00,0,1.0
SEC_C04_03,2026-09-08,14:00,14:30,0,1.0
SEC_C04_03,2026-09-08,14:30,15:00,0,1.0
SEC_C04_03,2026-09-08,15:00,15:30,0,1.0
SEC_C04_03,2026-09-08,15:30,16:00,0,1.0
SEC_C04_03,2026-09-08,16:00,16:30,0,1.0
SEC_C04_03,2026-09-08,16:30,17:00,0,1.0
SEC_C04_03,2026-09-08,17:00,17:30,0,1.0
SEC_C04_03,2026-09-08,17:30,18:00,0,1.0
SEC_C04_03,2026-09-08,18:00,18:30,1,0.8
SEC_C04_03,2026-09-08,18:30,19:00,1,0.8
SEC_C04_03,2026-09-08,19:00,19:30,0,1.0
SEC_C04_03,2026-09-08,19:30,20:00,0,1.0
SEC_C04_03,2026-09-08,20:00,20:30,0,1.0
SEC_C04_03,2026-09-08,20:30,21:00,0,1.0
SEC_C04_03,2026-09-08,21:00,21:30,0,1.0
SEC_C04_03,2026-09-08,21:30,22:00,0,1.0
SEC_C04_03,2026-09-08,22:00,22:30,0,1.0
SEC_C04_03,2026-09-08,22:30,23:00,0,1.0
SEC_C04_03,2026-09-08,23:00,23:30,0,1.0
SEC_C04_03,2026-09-08,23:30,00:00,0,1.0
SEC_C04_04,2026-09-08,00:00,00:30,0,1.0
SEC_C04_04,2026-09-08,00:30,01:00,0,1.0
SEC_C04_04,2026-09-08,01:00,01:30,0,1.0
SEC_C04_04,2026-09-08,01:30,02:00,0,1.0
SEC_C04_04,2026-09-08,02:00,02:30,0,1.0
SEC_C04_04,2026-09-08,02:30,03:00,0,1.0
SEC_C04_04,2026-09-08,03:00,03:30,0,1.0
SEC_C04_04,2026-09-08,03:30,04:00,0,1.0
SEC_C04_04,2026-09-08,04:00,04:30,0,1.0
SEC_C04_04,2026-09-08,04:30,05:00,0,1.0
SEC_C04_04,2026-09-08,05:00,05:30,0,1.0
SEC_C04_04,2026-09-08,05:30,06:00,0,1.0
SEC_C04_04,2026-09-08,06:00,06:30,0,1.0
SEC_C04_04,2026-09-08,06:30,07:00,0,1.0
SEC_C04_04,2026-09-08,07:00,07:30,0,1.0
SEC_C04_04,2026-09-08,07:30,08:00,0,1.0
SEC_C04_04,2026-09-08,08:00,08:30,0,1.0
SEC_C04_04,2026-09-08,08:30,09:00,1,0.8
SEC_C04_04,2026-09-08,09:00,09:30,1,0.8
SEC_C04_04,2026-09-08,09:30,10:00,0,1.0
SEC_C04_04,2026-09-08,10:00,10:30,0,1.0
SEC_C04_04,2026-09-08,10:30,11:00,0,1.0
SEC_C04_04,2026-09-08,11:00,11:30,0,1.0
SEC_C04_04,2026-09-08,11:30,12:00,0,1.0
SEC_C04_04,2026-09-08,12:00,12:30,0,1.0
SEC_C04_04,2026-09-08,12:30,13:00,0,1.0
SEC_C04_04,2026-09-08,13:00,13:30,0,1.0
SEC_C04_04,2026-09-08,13:30,14:00,0,1.0
SEC_C04_04,2026-09-08,14:00,14:30,0,1.0
SEC_C04_04,2026-09-08,14:30,15:00,0,1.0
SEC_C04_04,2026-09-08,15:00,15:30,0,1.0
SEC_C04_04,2026-09-08,15:30,16:00,0,1.0
SEC_C04_04,2026-09-08,16:00,16:30,0,1.0
SEC_C04_04,2026-09-08,16:30,17:00,0,1.0
SEC_C04_04,2026-09-08,17:00,17:30,0,1.0
SEC_C04_04,2026-09-08,17:30,18:00,0,1.0
SEC_C04_04,2026-09-08,18:00,18:30,0,1.0
SEC_C04_04,2026-09-08,18:30,19:00,0,1.0
SEC_C04_04,2026-09-08,19:00,19:30,0,1.0
SEC_C04_04,2026-09-08,19:30,20:00,0,1.0
SEC_C04_04,2026-09-08,20:00,20:30,0,1.0
SEC_C04_04,2026-09-08,20:30,21:00,0,1.0
SEC_C04_04,2026-09-08,21:00,21:30,1,0.8
SEC_C04_04,2026-09-08,21:30,22:00,1,0.8
SEC_C04_04,2026-09-08,22:00,22:30,0,1.0
SEC_C04_04,2026-09-08,22:30,23:00,0,1.0
SEC_C04_04,2026-09-08,23:00,23:30,0,1.0
SEC_C04_04,2026-09-08,23:30,00:00,0,1.0
SEC_C04_05,2026-09-08,00:00,00:30,0,1.0
SEC_C04_05,2026-09-08,00:30,01:00,0,1.0
SEC_C04_05,2026-09-08,01:00,01:30,0,1.0
SEC_C04_05,2026-09-08,01:30,02:00,0,1.0
SEC_C04_05,2026-09-08,02:00,02:30,0,1.0
SEC_C04_05,2026-09-08,02:30,03:00,0,1.0
SEC_C04_05,2026-09-08,03:00,03:30,0,1.0
SEC_C04_05,2026-09-08,03:30,04:00,0,1.0
SEC_C04_05,2026-09-08,04:00,04:30,0,1.0
SEC_C04_05,2026-09-08,04:30,05:00,0,1.0
SEC_C04_05,2026-09-08,05:00,05:30,0,1.0
SEC_C04_05,2026-09-08,05:30,06:00,0,1.0
SEC_C04_05,2026-09-08,06:00,06:30,0,1.0
SEC_C04_05,2026-09-08,06:30,07:00,1,0.8
SEC_C04_05,2026-09-08,07:00,07:30,1,0.8
SEC_C04_05,2026-09-08,07:30,08:00,1,0.8
SEC_C04_05,2026-09-08,08:00,08:30,0,1.0
SEC_C04_05,2026-09-08,08:30,09:00,0,1.0
SEC_C04_05,2026-09-08,09:00,09:30,0,1.0
SEC_C04_05,2026-09-08,09:30,10:00,0,1.0
SEC_C04_05,2026-09-08,10:00,10:30,0,1.0
SEC_C04_05,2026-09-08,10:30,11:00,0,1.0
SEC_C04_05,2026-09-08,11:00,11:30,0,1.0
SEC_C04_05,2026-09-08,11:30,12:00,0,1.0
SEC_C04_05,2026-09-08,12:00,12:30,0,1.0
SEC_C04_05,2026-09-08,12:30,13:00,0,1.0
SEC_C04_05,2026-09-08,13:00,13:30,0,1.0
SEC_C04_05,2026-09-08,13:30,14:00,0,1.0
SEC_C04_05,2026-09-08,14:00,14:30,0,1.0
SEC_C04_05,2026-09-08,14:30,15:00,1,0.8
SEC_C04_05,2026-09-08,15:00,15:30,0,1.0
SEC_C04_05,2026-09-08,15:30,16:00,0,1.0
SEC_C04_05,2026-09-08,16:00,16:30,0,1.0
SEC_C04_05,2026-09-08,16:30,17:00,0,1.0
SEC_C04_05,2026-09-08,17:00,17:30,0,1.0
SEC_C04_05,2026-09-08,17:30,18:00,0,1.0
SEC_C04_05,2026-09-08,18:00,18:30,0,1.0
SEC_C04_05,2026-09-08,18:30,19:00,0,1.0
SEC_C04_05,2026-09-08,19:00,19:30,0,1.0
SEC_C04_05,2026-09-08,19:30,20:00,0,1.0
SEC_C04_05,2026-09-08,20:00,20:30,0,1.0
SEC_C04_05,2026-09-08,20:30,21:00,1,0.8
SEC_C04_05,2026-09-08,21:00,21:30,2,0.2
SEC_C04_05,2026-09-08,21:30,22:00,1,0.5
SEC_C04_05,2026-09-08,22:00,22:30,0,1.0
SEC_C04_05,2026-09-08,22:30,23:00,0,1.0
SEC_C04_05,2026-09-08,23:00,23:30,0,1.0
SEC_C04_05,2026-09-08,23:30,00:00,0,1.0
SEC_C04_06,2026-09-08,00:00,00:30,0,1.0
SEC_C04_06,2026-09-08,00:30,01:00,0,1.0
SEC_C04_06,2026-09-08,01:00,01:30,0,1.0
SEC_C04_06,2026-09-08,01:30,02:00,0,1.0
SEC_C04_06,2026-09-08,02:00,02:30,0,1.0
SEC_C04_06,2026-09-08,02:30,03:00,0,1.0
SEC_C04_06,2026-09-08,03:00,03:30,0,1.0
SEC_C04_06,2026-09-08,03:30,04:00,0,1.0
SEC_C04_06,2026-09-08,04:00,04:30,0,1.0
SEC_C04_06,2026-09-08,04:30,05:00,0,1.0
SEC_C04_06,2026-09-08,05:00,05:30,0,1.0
SEC_C04_06,2026-09-08,05:30,06:00,0,1.0
SEC_C04_06,2026-09-08,06:00,06:30,1,0.8
SEC_C04_06,2026-09-08,06:30,07:00,2,0.2
SEC_C04_06,2026-09-08,07:00,07:30,1,0.5
SEC_C04_06,2026-09-08,07:30,08:00,1,0.5
SEC_C04_06,2026-09-08,08:00,08:30,0,1.0
SEC_C04_06,2026-09-08,08:30,09:00,0,1.0
SEC_C04_06,2026-09-08,09:00,09:30,0,1.0
SEC_C04_06,2026-09-08,09:30,10:00,0,1.0
SEC_C04_06,2026-09-08,10:00,10:30,0,1.0
SEC_C04_06,2026-09-08,10:30,11:00,0,1.0
SEC_C04_06,2026-09-08,11:00,11:30,0,1.0
SEC_C04_06,2026-09-08,11:30,12:00,0,1.0
SEC_C04_06,2026-09-08,12:00,12:30,0,1.0
SEC_C04_06,2026-09-08,12:30,13:00,0,1.0
SEC_C04_06,2026-09-08,13:00,13:30,0,1.0
SEC_C04_06,2026-09-08,13:30,14:00,0,1.0
SEC_C04_06,2026-09-08,14:00,14:30,1,0.8
SEC_C04_06,2026-09-08,14:30,15:00,1,0.8
SEC_C04_06,2026-09-08,15:00,15:30,0,1.0
SEC_C04_06,2026-09-08,15:30,16:00,0,1.0
SEC_C04_06,2026-09-08,16:00,16:30,0,1.0
SEC_C04_06,2026-09-08,16:30,17:00,0,1.0
SEC_C04_06,2026-09-08,17:00,17:30,0,1.0
SEC_C04_06,2026-09-08,17:30,18:00,1,0.8
SEC_C04_06,2026-09-08,18:00,18:30,1,0.8
SEC_C04_06,2026-09-08,18:30,19:00,0,1.0
SEC_C04_06,2026-09-08,19:00,19:30,0,1.0
SEC_C04_06,2026-09-08,19:30,20:00,0,1.0
SEC_C04_06,2026-09-08,20:00,20:30,0,1.0
SEC_C04_06,2026-09-08,20:30,21:00,1,0.5
SEC_C04_06,2026-09-08,21:00,21:30,1,0.5
SEC_C04_06,2026-09-08,21:30,22:00,0,1.0
SEC_C04_06,2026-09-08,22:00,22:30,0,1.0
SEC_C04_06,2026-09-08,22:30,23:00,0,1.0
SEC_C04_06,2026-09-08,23:00,23:30,0,1.0
SEC_C04_06,2026-09-08,23:30,00:00,0,1.0
SEC_C04_07,2026-09-08,00:00,00:30,0,1.0
SEC_C04_07,2026-09-08,00:30,01:00,0,1.0
SEC_C04_07,2026-09-08,01:00,01:30,0,1.0
SEC_C04_07,2026-09-08,01:30,02:00,0,1.0
SEC_C04_07,2026-09-08,02:00,02:30,0,1.0
SEC_C04_07,2026-09-08,02:30,03:00,0,1.0
SEC_C04_07,2026-09-08,03:00,03:30,0,1.0
SEC_C04_07,2026-09-08,03:30,04:00,0,1.0
SEC_C04_07,2026-09-08,04:00,04:30,0,1.0
SEC_C04_07,2026-09-08,04:30,05:00,0,1.0
SEC_C04_07,2026-09-08,05:00,05:30,0,1.0
SEC_C04_07,2026-09-08,05:30,06:00,0,1.0
SEC_C04_07,2026-09-08,06:00,06:30,0,1.0
SEC_C04_07,2026-09-08,06:30,07:00,0,1.0
SEC_C04_07,2026-09-08,07:00,07:30,1,0.8
SEC_C04_07,2026-09-08,07:30,08:00,1,0.8
SEC_C04_07,2026-09-08,08:00,08:30,0,1.0
SEC_C04_07,2026-09-08,08:30,09:00,0,1.0
SEC_C04_07,2026-09-08,09:00,09:30,0,1.0
SEC_C04_07,2026-09-08,09:30,10:00,0,1.0
SEC_C04_07,2026-09-08,10:00,10:30,0,1.0
SEC_C04_07,2026-09-08,10:30,11:00,0,1.0
SEC_C04_07,2026-09-08,11:00,11:30,0,1.0
SEC_C04_07,2026-09-08,11:30,12:00,0,1.0
SEC_C04_07,2026-09-08,12:00,12:30,0,1.0
SEC_C04_07,2026-09-08,12:30,13:00,0,1.0
SEC_C04_07,2026-09-08,13:00,13:30,0,1.0
SEC_C04_07,2026-09-08,13:30,14:00,0,1.0
SEC_C04_07,2026-09-08,14:00,14:30,0,1.0
SEC_C04_07,2026-09-08,14:30,15:00,0,1.0
SEC_C04_07,2026-09-08,15:00,15:30,0,1.0
SEC_C04_07,2026-09-08,15:30,16:00,0,1.0
SEC_C04_07,2026-09-08,16:00,16:30,0,1.0
SEC_C04_07,2026-09-08,16:30,17:00,0,1.0
SEC_C04_07,2026-09-08,17:00,17:30,0,1.0
SEC_C04_07,2026-09-08,17:30,18:00,0,1.0
SEC_C04_07,2026-09-08,18:00,18:30,0,1.0
SEC_C04_07,2026-09-08,18:30,19:00,0,1.0
SEC_C04_07,2026-09-08,19:00,19:30,0,1.0
SEC_C04_07,2026-09-08,19:30,20:00,0,1.0
SEC_C04_07,2026-09-08,20:00,20:30,0,1.0
SEC_C04_07,2026-09-08,20:30,21:00,1,0.8
SEC_C04_07,2026-09-08,21:00,21:30,1,0.8
SEC_C04_07,2026-09-08,21:30,22:00,0,1.0
SEC_C04_07,2026-09-08,22:00,22:30,0,1.0
SEC_C04_07,2026-09-08,22:30,23:00,0,1.0
SEC_C04_07,2026-09-08,23:00,23:30,0,1.0
SEC_C04_07,2026-09-08,23:30,00:00,0,1.0
SEC_C04_08,2026-09-08,00:00,00:30,0,1.0
SEC_C04_08,2026-09-08,00:30,01:00,0,1.0
SEC_C04_08,2026-09-08,01:00,01:30,0,1.0
SEC_C04_08,2026-09-08,01:30,02:00,0,1.0
SEC_C04_08,2026-09-08,02:00,02:30,0,1.0
SEC_C04_08,2026-09-08,02:30,03:00,0,1.0
SEC_C04_08,2026-09-08,03:00,03:30,0,1.0
SEC_C04_08,2026-09-08,03:30,04:00,0,1.0
SEC_C04_08,2026-09-08,04:00,04:30,0,1.0
SEC_C04_08,2026-09-08,04:30,05:00,1,0.8
SEC_C04_08,2026-09-08,05:00,05:30,1,0.8
SEC_C04_08,2026-09-08,05:30,06:00,0,1.0
SEC_C04_08,2026-09-08,06:00,06:30,0,1.0
SEC_C04_08,2026-09-08,06:30,07:00,0,1.0
SEC_C04_08,2026-09-08,07:00,07:30,1,0.8
SEC_C04_08,2026-09-08,07:30,08:00,1,0.8
SEC_C04_08,2026-09-08,08:00,08:30,0,1.0
SEC_C04_08,2026-09-08,08:30,09:00,0,1.0
SEC_C04_08,2026-09-08,09:00,09:30,0,1.0
SEC_C04_08,2026-09-08,09:30,10:00,0,1.0
SEC_C04_08,2026-09-08,10:00,10:30,0,1.0
SEC_C04_08,2026-09-08,10:30,11:00,0,1.0
SEC_C04_08,2026-09-08,11:00,11:30,0,1.0
SEC_C04_08,2026-09-08,11:30,12:00,0,1.0
SEC_C04_08,2026-09-08,12:00,12:30,0,1.0
SEC_C04_08,2026-09-08,12:30,13:00,0,1.0
SEC_C04_08,2026-09-08,13:00,13:30,0,1.0
SEC_C04_08,2026-09-08,13:30,14:00,1,0.8
SEC_C04_08,2026-09-08,14:00,14:30,1,0.8
SEC_C04_08,2026-09-08,14:30,15:00,0,1.0
SEC_C04_08,2026-09-08,15:00,15:30,0,1.0
SEC_C04_08,2026-09-08,15:30,16:00,0,1.0
SEC_C04_08,2026-09-08,16:00,16:30,0,1.0
SEC_C04_08,2026-09-08,16:30,17:00,0,1.0
SEC_C04_08,2026-09-08,17:00,17:30,0,1.0
SEC_C04_08,2026-09-08,17:30,18:00,0,1.0
SEC_C04_08,2026-09-08,18:00,18:30,0,1.0
SEC_C04_08,2026-09-08,18:30,19:00,0,1.0
SEC_C04_08,2026-09-08,19:00,19:30,0,1.0
SEC_C04_08,2026-09-08,19:30,20:00,0,1.0
SEC_C04_08,2026-09-08,20:00,20:30,1,0.8
SEC_C04_08,2026-09-08,20:30,21:00,1,0.8
SEC_C04_08,2026-09-08,21:00,21:30,0,1.0
SEC_C04_08,2026-09-08,21:30,22:00,1,0.5
SEC_C04_08,2026-09-08,22:00,22:30,1,0.5
SEC_C04_08,2026-09-08,22:30,23:00,1,0.5
SEC_C04_08,2026-09-08,23:00,23:30,0,1.0
SEC_C04_08,2026-09-08,23:30,00:00,0,1.0
SEC_C01_01,2026-09-09,00:00,00:30,0,1.0
SEC_C01_01,2026-09-09,00:30,01:00,0,1.0
SEC_C01_01,2026-09-09,01:00,01:30,0,1.0
SEC_C01_01,2026-09-09,01:30,02:00,0,1.0
SEC_C01_01,2026-09-09,02:00,02:30,0,1.0
SEC_C01_01,2026-09-09,02:30,03:00,0,1.0
SEC_C01_01,2026-09-09,03:00,03:30,0,1.0
SEC_C01_01,2026-09-09,03:30,04:00,0,1.0
SEC_C01_01,2026-09-09,04:00,04:30,0,1.0
SEC_C01_01,2026-09-09,04:30,05:00,0,1.0
SEC_C01_01,2026-09-09,05:00,05:30,0,1.0
SEC_C01_01,2026-09-09,05:30,06:00,0,1.0
SEC_C01_01,2026-09-09,06:00,06:30,0,1.0
SEC_C01_01,2026-09-09,06:30,07:00,0,1.0
SEC_C01_01,2026-09-09,07:00,07:30,1,0.8
SEC_C01_01,2026-09-09,07:30,08:00,1,0.8
SEC_C01_01,2026-09-09,08:00,08:30,0,1.0
SEC_C01_01,2026-09-09,08:30,09:00,0,1.0
SEC_C01_01,2026-09-09,09:00,09:30,0,1.0
SEC_C01_01,2026-09-09,09:30,10:00,0,1.0
SEC_C01_01,2026-09-09,10:00,10:30,0,1.0
SEC_C01_01,2026-09-09,10:30,11:00,0,1.0
SEC_C01_01,2026-09-09,11:00,11:30,0,1.0
SEC_C01_01,2026-09-09,11:30,12:00,0,1.0
SEC_C01_01,2026-09-09,12:00,12:30,0,1.0
SEC_C01_01,2026-09-09,12:30,13:00,0,1.0
SEC_C01_01,2026-09-09,13:00,13:30,0,1.0
SEC_C01_01,2026-09-09,13:30,14:00,0,1.0
SEC_C01_01,2026-09-09,14:00,14:30,0,1.0
SEC_C01_01,2026-09-09,14:30,15:00,0,1.0
SEC_C01_01,2026-09-09,15:00,15:30,0,1.0
SEC_C01_01,2026-09-09,15:30,16:00,0,1.0
SEC_C01_01,2026-09-09,16:00,16:30,0,1.0
SEC_C01_01,2026-09-09,16:30,17:00,0,1.0
SEC_C01_01,2026-09-09,17:00,17:30,0,1.0
SEC_C01_01,2026-09-09,17:30,18:00,0,1.0
SEC_C01_01,2026-09-09,18:00,18:30,1,0.8
SEC_C01_01,2026-09-09,18:30,19:00,2,0.5
SEC_C01_01,2026-09-09,19:00,19:30,1,0.8
SEC_C01_01,2026-09-09,19:30,20:00,0,1.0
SEC_C01_01,2026-09-09,20:00,20:30,0,1.0
SEC_C01_01,2026-09-09,20:30,21:00,0,1.0
SEC_C01_01,2026-09-09,21:00,21:30,0,1.0
SEC_C01_01,2026-09-09,21:30,22:00,0,1.0
SEC_C01_01,2026-09-09,22:00,22:30,0,1.0
SEC_C01_01,2026-09-09,22:30,23:00,0,1.0
SEC_C01_01,2026-09-09,23:00,23:30,0,1.0
SEC_C01_01,2026-09-09,23:30,00:00,0,1.0
SEC_C01_02,2026-09-09,00:00,00:30,0,1.0
SEC_C01_02,2026-09-09,00:30,01:00,0,1.0
SEC_C01_02,2026-09-09,01:00,01:30,0,1.0
SEC_C01_02,2026-09-09,01:30,02:00,0,1.0
SEC_C01_02,2026-09-09,02:00,02:30,0,1.0
SEC_C01_02,2026-09-09,02:30,03:00,0,1.0
SEC_C01_02,2026-09-09,03:00,03:30,0,1.0
SEC_C01_02,2026-09-09,03:30,04:00,0,1.0
SEC_C01_02,2026-09-09,04:00,04:30,0,1.0
SEC_C01_02,2026-09-09,04:30,05:00,0,1.0
SEC_C01_02,2026-09-09,05:00,05:30,0,1.0
SEC_C01_02,2026-09-09,05:30,06:00,0,1.0
SEC_C01_02,2026-09-09,06:00,06:30,0,1.0
SEC_C01_02,2026-09-09,06:30,07:00,0,1.0
SEC_C01_02,2026-09-09,07:00,07:30,0,1.0
SEC_C01_02,2026-09-09,07:30,08:00,0,1.0
SEC_C01_02,2026-09-09,08:00,08:30,1,0.8
SEC_C01_02,2026-09-09,08:30,09:00,0,1.0
SEC_C01_02,2026-09-09,09:00,09:30,0,1.0
SEC_C01_02,2026-09-09,09:30,10:00,0,1.0
SEC_C01_02,2026-09-09,10:00,10:30,0,1.0
SEC_C01_02,2026-09-09,10:30,11:00,0,1.0
SEC_C01_02,2026-09-09,11:00,11:30,0,1.0
SEC_C01_02,2026-09-09,11:30,12:00,0,1.0
SEC_C01_02,2026-09-09,12:00,12:30,0,1.0
SEC_C01_02,2026-09-09,12:30,13:00,0,1.0
SEC_C01_02,2026-09-09,13:00,13:30,0,1.0
SEC_C01_02,2026-09-09,13:30,14:00,1,0.8
SEC_C01_02,2026-09-09,14:00,14:30,1,0.8
SEC_C01_02,2026-09-09,14:30,15:00,0,1.0
SEC_C01_02,2026-09-09,15:00,15:30,0,1.0
SEC_C01_02,2026-09-09,15:30,16:00,0,1.0
SEC_C01_02,2026-09-09,16:00,16:30,0,1.0
SEC_C01_02,2026-09-09,16:30,17:00,0,1.0
SEC_C01_02,2026-09-09,17:00,17:30,0,1.0
SEC_C01_02,2026-09-09,17:30,18:00,0,1.0
SEC_C01_02,2026-09-09,18:00,18:30,0,1.0
SEC_C01_02,2026-09-09,18:30,19:00,0,1.0
SEC_C01_02,2026-09-09,19:00,19:30,1,0.5
SEC_C01_02,2026-09-09,19:30,20:00,1,0.5
SEC_C01_02,2026-09-09,20:00,20:30,0,1.0
SEC_C01_02,2026-09-09,20:30,21:00,0,1.0
SEC_C01_02,2026-09-09,21:00,21:30,0,1.0
SEC_C01_02,2026-09-09,21:30,22:00,0,1.0
SEC_C01_02,2026-09-09,22:00,22:30,0,1.0
SEC_C01_02,2026-09-09,22:30,23:00,0,1.0
SEC_C01_02,2026-09-09,23:00,23:30,0,1.0
SEC_C01_02,2026-09-09,23:30,00:00,0,1.0
SEC_C01_03,2026-09-09,00:00,00:30,0,1.0
SEC_C01_03,2026-09-09,00:30,01:00,0,1.0
SEC_C01_03,2026-09-09,01:00,01:30,0,1.0
SEC_C01_03,2026-09-09,01:30,02:00,0,1.0
SEC_C01_03,2026-09-09,02:00,02:30,0,1.0
SEC_C01_03,2026-09-09,02:30,03:00,0,1.0
SEC_C01_03,2026-09-09,03:00,03:30,0,1.0
SEC_C01_03,2026-09-09,03:30,04:00,0,1.0
SEC_C01_03,2026-09-09,04:00,04:30,0,1.0
SEC_C01_03,2026-09-09,04:30,05:00,0,1.0
SEC_C01_03,2026-09-09,05:00,05:30,0,1.0
SEC_C01_03,2026-09-09,05:30,06:00,0,1.0
SEC_C01_03,2026-09-09,06:00,06:30,0,1.0
SEC_C01_03,2026-09-09,06:30,07:00,0,1.0
SEC_C01_03,2026-09-09,07:00,07:30,0,1.0
SEC_C01_03,2026-09-09,07:30,08:00,0,1.0
SEC_C01_03,2026-09-09,08:00,08:30,0,1.0
SEC_C01_03,2026-09-09,08:30,09:00,0,1.0
SEC_C01_03,2026-09-09,09:00,09:30,0,1.0
SEC_C01_03,2026-09-09,09:30,10:00,0,1.0
SEC_C01_03,2026-09-09,10:00,10:30,0,1.0
SEC_C01_03,2026-09-09,10:30,11:00,0,1.0
SEC_C01_03,2026-09-09,11:00,11:30,0,1.0
SEC_C01_03,2026-09-09,11:30,12:00,0,1.0
SEC_C01_03,2026-09-09,12:00,12:30,0,1.0
SEC_C01_03,2026-09-09,12:30,13:00,0,1.0
SEC_C01_03,2026-09-09,13:00,13:30,0,1.0
SEC_C01_03,2026-09-09,13:30,14:00,0,1.0
SEC_C01_03,2026-09-09,14:00,14:30,0,1.0
SEC_C01_03,2026-09-09,14:30,15:00,1,0.8
SEC_C01_03,2026-09-09,15:00,15:30,0,1.0
SEC_C01_03,2026-09-09,15:30,16:00,0,1.0
SEC_C01_03,2026-09-09,16:00,16:30,0,1.0
SEC_C01_03,2026-09-09,16:30,17:00,0,1.0
SEC_C01_03,2026-09-09,17:00,17:30,0,1.0
SEC_C01_03,2026-09-09,17:30,18:00,0,1.0
SEC_C01_03,2026-09-09,18:00,18:30,0,1.0
SEC_C01_03,2026-09-09,18:30,19:00,0,1.0
SEC_C01_03,2026-09-09,19:00,19:30,0,1.0
SEC_C01_03,2026-09-09,19:30,20:00,1,0.8
SEC_C01_03,2026-09-09,20:00,20:30,1,0.8
SEC_C01_03,2026-09-09,20:30,21:00,0,1.0
SEC_C01_03,2026-09-09,21:00,21:30,0,1.0
SEC_C01_03,2026-09-09,21:30,22:00,0,1.0
SEC_C01_03,2026-09-09,22:00,22:30,0,1.0
SEC_C01_03,2026-09-09,22:30,23:00,0,1.0
SEC_C01_03,2026-09-09,23:00,23:30,0,1.0
SEC_C01_03,2026-09-09,23:30,00:00,0,1.0
SEC_C01_04,2026-09-09,00:00,00:30,0,1.0
SEC_C01_04,2026-09-09,00:30,01:00,0,1.0
SEC_C01_04,2026-09-09,01:00,01:30,0,1.0
SEC_C01_04,2026-09-09,01:30,02:00,0,1.0
SEC_C01_04,2026-09-09,02:00,02:30,0,1.0
SEC_C01_04,2026-09-09,02:30,03:00,0,1.0
SEC_C01_04,2026-09-09,03:00,03:30,0,1.0
SEC_C01_04,2026-09-09,03:30,04:00,0,1.0
SEC_C01_04,2026-09-09,04:00,04:30,0,1.0
SEC_C01_04,2026-09-09,04:30,05:00,1,0.5
SEC_C01_04,2026-09-09,05:00,05:30,1,0.5
SEC_C01_04,2026-09-09,05:30,06:00,0,1.0
SEC_C01_04,2026-09-09,06:00,06:30,0,1.0
SEC_C01_04,2026-09-09,06:30,07:00,0,1.0
SEC_C01_04,2026-09-09,07:00,07:30,0,1.0
SEC_C01_04,2026-09-09,07:30,08:00,0,1.0
SEC_C01_04,2026-09-09,08:00,08:30,0,1.0
SEC_C01_04,2026-09-09,08:30,09:00,0,1.0
SEC_C01_04,2026-09-09,09:00,09:30,0,1.0
SEC_C01_04,2026-09-09,09:30,10:00,0,1.0
SEC_C01_04,2026-09-09,10:00,10:30,0,1.0
SEC_C01_04,2026-09-09,10:30,11:00,0,1.0
SEC_C01_04,2026-09-09,11:00,11:30,0,1.0
SEC_C01_04,2026-09-09,11:30,12:00,0,1.0
SEC_C01_04,2026-09-09,12:00,12:30,0,1.0
SEC_C01_04,2026-09-09,12:30,13:00,0,1.0
SEC_C01_04,2026-09-09,13:00,13:30,0,1.0
SEC_C01_04,2026-09-09,13:30,14:00,0,1.0
SEC_C01_04,2026-09-09,14:00,14:30,0,1.0
SEC_C01_04,2026-09-09,14:30,15:00,0,1.0
SEC_C01_04,2026-09-09,15:00,15:30,0,1.0
SEC_C01_04,2026-09-09,15:30,16:00,0,1.0
SEC_C01_04,2026-09-09,16:00,16:30,0,1.0
SEC_C01_04,2026-09-09,16:30,17:00,0,1.0
SEC_C01_04,2026-09-09,17:00,17:30,1,0.8
SEC_C01_04,2026-09-09,17:30,18:00,1,0.8
SEC_C01_04,2026-09-09,18:00,18:30,0,1.0
SEC_C01_04,2026-09-09,18:30,19:00,0,1.0
SEC_C01_04,2026-09-09,19:00,19:30,0,1.0
SEC_C01_04,2026-09-09,19:30,20:00,0,1.0
SEC_C01_04,2026-09-09,20:00,20:30,1,0.8
SEC_C01_04,2026-09-09,20:30,21:00,1,0.8
SEC_C01_04,2026-09-09,21:00,21:30,0,1.0
SEC_C01_04,2026-09-09,21:30,22:00,1,0.8
SEC_C01_04,2026-09-09,22:00,22:30,1,0.8
SEC_C01_04,2026-09-09,22:30,23:00,0,1.0
SEC_C01_04,2026-09-09,23:00,23:30,0,1.0
SEC_C01_04,2026-09-09,23:30,00:00,0,1.0
SEC_C01_05,2026-09-09,00:00,00:30,0,1.0
SEC_C01_05,2026-09-09,00:30,01:00,0,1.0
SEC_C01_05,2026-09-09,01:00,01:30,0,1.0
SEC_C01_05,2026-09-09,01:30,02:00,0,1.0
SEC_C01_05,2026-09-09,02:00,02:30,1,0.8
SEC_C01_05,2026-09-09,02:30,03:00,1,0.8
SEC_C01_05,2026-09-09,03:00,03:30,0,1.0
SEC_C01_05,2026-09-09,03:30,04:00,0,1.0
SEC_C01_05,2026-09-09,04:00,04:30,0,1.0
SEC_C01_05,2026-09-09,04:30,05:00,0,1.0
SEC_C01_05,2026-09-09,05:00,05:30,0,1.0
SEC_C01_05,2026-09-09,05:30,06:00,0,1.0
SEC_C01_05,2026-09-09,06:00,06:30,0,1.0
SEC_C01_05,2026-09-09,06:30,07:00,0,1.0
SEC_C01_05,2026-09-09,07:00,07:30,0,1.0
SEC_C01_05,2026-09-09,07:30,08:00,0,1.0
SEC_C01_05,2026-09-09,08:00,08:30,0,1.0
SEC_C01_05,2026-09-09,08:30,09:00,0,1.0
SEC_C01_05,2026-09-09,09:00,09:30,0,1.0
SEC_C01_05,2026-09-09,09:30,10:00,0,1.0
SEC_C01_05,2026-09-09,10:00,10:30,0,1.0
SEC_C01_05,2026-09-09,10:30,11:00,0,1.0
SEC_C01_05,2026-09-09,11:00,11:30,0,1.0
SEC_C01_05,2026-09-09,11:30,12:00,0,1.0
SEC_C01_05,2026-09-09,12:00,12:30,0,1.0
SEC_C01_05,2026-09-09,12:30,13:00,0,1.0
SEC_C01_05,2026-09-09,13:00,13:30,0,1.0
SEC_C01_05,2026-09-09,13:30,14:00,0,1.0
SEC_C01_05,2026-09-09,14:00,14:30,0,1.0
SEC_C01_05,2026-09-09,14:30,15:00,0,1.0
SEC_C01_05,2026-09-09,15:00,15:30,0,1.0
SEC_C01_05,2026-09-09,15:30,16:00,0,1.0
SEC_C01_05,2026-09-09,16:00,16:30,0,1.0
SEC_C01_05,2026-09-09,16:30,17:00,0,1.0
SEC_C01_05,2026-09-09,17:00,17:30,0,1.0
SEC_C01_05,2026-09-09,17:30,18:00,0,1.0
SEC_C01_05,2026-09-09,18:00,18:30,0,1.0
SEC_C01_05,2026-09-09,18:30,19:00,0,1.0
SEC_C01_05,2026-09-09,19:00,19:30,0,1.0
SEC_C01_05,2026-09-09,19:30,20:00,0,1.0
SEC_C01_05,2026-09-09,20:00,20:30,0,1.0
SEC_C01_05,2026-09-09,20:30,21:00,0,1.0
SEC_C01_05,2026-09-09,21:00,21:30,0,1.0
SEC_C01_05,2026-09-09,21:30,22:00,0,1.0
SEC_C01_05,2026-09-09,22:00,22:30,0,1.0
SEC_C01_05,2026-09-09,22:30,23:00,0,1.0
SEC_C01_05,2026-09-09,23:00,23:30,0,1.0
SEC_C01_05,2026-09-09,23:30,00:00,0,1.0
SEC_C01_06,2026-09-09,00:00,00:30,0,1.0
SEC_C01_06,2026-09-09,00:30,01:00,0,1.0
SEC_C01_06,2026-09-09,01:00,01:30,0,1.0
SEC_C01_06,2026-09-09,01:30,02:00,0,1.0
SEC_C01_06,2026-09-09,02:00,02:30,0,1.0
SEC_C01_06,2026-09-09,02:30,03:00,0,1.0
SEC_C01_06,2026-09-09,03:00,03:30,0,1.0
SEC_C01_06,2026-09-09,03:30,04:00,0,1.0
SEC_C01_06,2026-09-09,04:00,04:30,1,0.8
SEC_C01_06,2026-09-09,04:30,05:00,1,0.8
SEC_C01_06,2026-09-09,05:00,05:30,0,1.0
SEC_C01_06,2026-09-09,05:30,06:00,0,1.0
SEC_C01_06,2026-09-09,06:00,06:30,0,1.0
SEC_C01_06,2026-09-09,06:30,07:00,0,1.0
SEC_C01_06,2026-09-09,07:00,07:30,0,1.0
SEC_C01_06,2026-09-09,07:30,08:00,0,1.0
SEC_C01_06,2026-09-09,08:00,08:30,0,1.0
SEC_C01_06,2026-09-09,08:30,09:00,1,0.8
SEC_C01_06,2026-09-09,09:00,09:30,1,0.8
SEC_C01_06,2026-09-09,09:30,10:00,0,1.0
SEC_C01_06,2026-09-09,10:00,10:30,0,1.0
SEC_C01_06,2026-09-09,10:30,11:00,0,1.0
SEC_C01_06,2026-09-09,11:00,11:30,0,1.0
SEC_C01_06,2026-09-09,11:30,12:00,0,1.0
SEC_C01_06,2026-09-09,12:00,12:30,0,1.0
SEC_C01_06,2026-09-09,12:30,13:00,0,1.0
SEC_C01_06,2026-09-09,13:00,13:30,0,1.0
SEC_C01_06,2026-09-09,13:30,14:00,0,1.0
SEC_C01_06,2026-09-09,14:00,14:30,0,1.0
SEC_C01_06,2026-09-09,14:30,15:00,0,1.0
SEC_C01_06,2026-09-09,15:00,15:30,0,1.0
SEC_C01_06,2026-09-09,15:30,16:00,0,1.0
SEC_C01_06,2026-09-09,16:00,16:30,0,1.0
SEC_C01_06,2026-09-09,16:30,17:00,0,1.0
SEC_C01_06,2026-09-09,17:00,17:30,1,0.8
SEC_C01_06,2026-09-09,17:30,18:00,1,0.8
SEC_C01_06,2026-09-09,18:00,18:30,0,1.0
SEC_C01_06,2026-09-09,18:30,19:00,0,1.0
SEC_C01_06,2026-09-09,19:00,19:30,0,1.0
SEC_C01_06,2026-09-09,19:30,20:00,0,1.0
SEC_C01_06,2026-09-09,20:00,20:30,0,1.0
SEC_C01_06,2026-09-09,20:30,21:00,0,1.0
SEC_C01_06,2026-09-09,21:00,21:30,0,1.0
SEC_C01_06,2026-09-09,21:30,22:00,0,1.0
SEC_C01_06,2026-09-09,22:00,22:30,0,1.0
SEC_C01_06,2026-09-09,22:30,23:00,0,1.0
SEC_C01_06,2026-09-09,23:00,23:30,0,1.0
SEC_C01_06,2026-09-09,23:30,00:00,0,1.0
SEC_C01_07,2026-09-09,00:00,00:30,0,1.0
SEC_C01_07,2026-09-09,00:30,01:00,0,1.0
SEC_C01_07,2026-09-09,01:00,01:30,0,1.0
SEC_C01_07,2026-09-09,01:30,02:00,0,1.0
SEC_C01_07,2026-09-09,02:00,02:30,0,1.0
SEC_C01_07,2026-09-09,02:30,03:00,0,1.0
SEC_C01_07,2026-09-09,03:00,03:30,0,1.0
SEC_C01_07,2026-09-09,03:30,04:00,0,1.0
SEC_C01_07,2026-09-09,04:00,04:30,0,1.0
SEC_C01_07,2026-09-09,04:30,05:00,0,1.0
SEC_C01_07,2026-09-09,05:00,05:30,0,1.0
SEC_C01_07,2026-09-09,05:30,06:00,0,1.0
SEC_C01_07,2026-09-09,06:00,06:30,0,1.0
SEC_C01_07,2026-09-09,06:30,07:00,1,0.8
SEC_C01_07,2026-09-09,07:00,07:30,0,1.0
SEC_C01_07,2026-09-09,07:30,08:00,0,1.0
SEC_C01_07,2026-09-09,08:00,08:30,0,1.0
SEC_C01_07,2026-09-09,08:30,09:00,0,1.0
SEC_C01_07,2026-09-09,09:00,09:30,0,1.0
SEC_C01_07,2026-09-09,09:30,10:00,0,1.0
SEC_C01_07,2026-09-09,10:00,10:30,0,1.0
SEC_C01_07,2026-09-09,10:30,11:00,0,1.0
SEC_C01_07,2026-09-09,11:00,11:30,0,1.0
SEC_C01_07,2026-09-09,11:30,12:00,0,1.0
SEC_C01_07,2026-09-09,12:00,12:30,0,1.0
SEC_C01_07,2026-09-09,12:30,13:00,0,1.0
SEC_C01_07,2026-09-09,13:00,13:30,0,1.0
SEC_C01_07,2026-09-09,13:30,14:00,0,1.0
SEC_C01_07,2026-09-09,14:00,14:30,0,1.0
SEC_C01_07,2026-09-09,14:30,15:00,0,1.0
SEC_C01_07,2026-09-09,15:00,15:30,0,1.0
SEC_C01_07,2026-09-09,15:30,16:00,1,0.8
SEC_C01_07,2026-09-09,16:00,16:30,1,0.8
SEC_C01_07,2026-09-09,16:30,17:00,0,1.0
SEC_C01_07,2026-09-09,17:00,17:30,1,0.5
SEC_C01_07,2026-09-09,17:30,18:00,1,0.5
SEC_C01_07,2026-09-09,18:00,18:30,0,1.0
SEC_C01_07,2026-09-09,18:30,19:00,0,1.0
SEC_C01_07,2026-09-09,19:00,19:30,0,1.0
SEC_C01_07,2026-09-09,19:30,20:00,0,1.0
SEC_C01_07,2026-09-09,20:00,20:30,0,1.0
SEC_C01_07,2026-09-09,20:30,21:00,0,1.0
SEC_C01_07,2026-09-09,21:00,21:30,0,1.0
SEC_C01_07,2026-09-09,21:30,22:00,0,1.0
SEC_C01_07,2026-09-09,22:00,22:30,0,1.0
SEC_C01_07,2026-09-09,22:30,23:00,0,1.0
SEC_C01_07,2026-09-09,23:00,23:30,0,1.0
SEC_C01_07,2026-09-09,23:30,00:00,0,1.0
SEC_C01_08,2026-09-09,00:00,00:30,0,1.0
SEC_C01_08,2026-09-09,00:30,01:00,0,1.0
SEC_C01_08,2026-09-09,01:00,01:30,0,1.0
SEC_C01_08,2026-09-09,01:30,02:00,0,1.0
SEC_C01_08,2026-09-09,02:00,02:30,0,1.0
SEC_C01_08,2026-09-09,02:30,03:00,0,1.0
SEC_C01_08,2026-09-09,03:00,03:30,0,1.0
SEC_C01_08,2026-09-09,03:30,04:00,0,1.0
SEC_C01_08,2026-09-09,04:00,04:30,0,1.0
SEC_C01_08,2026-09-09,04:30,05:00,0,1.0
SEC_C01_08,2026-09-09,05:00,05:30,0,1.0
SEC_C01_08,2026-09-09,05:30,06:00,0,1.0
SEC_C01_08,2026-09-09,06:00,06:30,0,1.0
SEC_C01_08,2026-09-09,06:30,07:00,1,0.8
SEC_C01_08,2026-09-09,07:00,07:30,1,0.8
SEC_C01_08,2026-09-09,07:30,08:00,0,1.0
SEC_C01_08,2026-09-09,08:00,08:30,0,1.0
SEC_C01_08,2026-09-09,08:30,09:00,0,1.0
SEC_C01_08,2026-09-09,09:00,09:30,0,1.0
SEC_C01_08,2026-09-09,09:30,10:00,0,1.0
SEC_C01_08,2026-09-09,10:00,10:30,0,1.0
SEC_C01_08,2026-09-09,10:30,11:00,0,1.0
SEC_C01_08,2026-09-09,11:00,11:30,1,0.8
SEC_C01_08,2026-09-09,11:30,12:00,0,1.0
SEC_C01_08,2026-09-09,12:00,12:30,0,1.0
SEC_C01_08,2026-09-09,12:30,13:00,0,1.0
SEC_C01_08,2026-09-09,13:00,13:30,0,1.0
SEC_C01_08,2026-09-09,13:30,14:00,0,1.0
SEC_C01_08,2026-09-09,14:00,14:30,0,1.0
SEC_C01_08,2026-09-09,14:30,15:00,0,1.0
SEC_C01_08,2026-09-09,15:00,15:30,0,1.0
SEC_C01_08,2026-09-09,15:30,16:00,0,1.0
SEC_C01_08,2026-09-09,16:00,16:30,0,1.0
SEC_C01_08,2026-09-09,16:30,17:00,0,1.0
SEC_C01_08,2026-09-09,17:00,17:30,0,1.0
SEC_C01_08,2026-09-09,17:30,18:00,1,0.8
SEC_C01_08,2026-09-09,18:00,18:30,1,0.8
SEC_C01_08,2026-09-09,18:30,19:00,1,0.8
SEC_C01_08,2026-09-09,19:00,19:30,0,1.0
SEC_C01_08,2026-09-09,19:30,20:00,0,1.0
SEC_C01_08,2026-09-09,20:00,20:30,0,1.0
SEC_C01_08,2026-09-09,20:30,21:00,0,1.0
SEC_C01_08,2026-09-09,21:00,21:30,0,1.0
SEC_C01_08,2026-09-09,21:30,22:00,0,1.0
SEC_C01_08,2026-09-09,22:00,22:30,0,1.0
SEC_C01_08,2026-09-09,22:30,23:00,0,1.0
SEC_C01_08,2026-09-09,23:00,23:30,0,1.0
SEC_C01_08,2026-09-09,23:30,00:00,0,1.0
SEC_C02_01,2026-09-09,00:00,00:30,0,1.0
SEC_C02_01,2026-09-09,00:30,01:00,0,1.0
SEC_C02_01,2026-09-09,01:00,01:30,0,1.0
SEC_C02_01,2026-09-09,01:30,02:00,0,1.0
SEC_C02_01,2026-09-09,02:00,02:30,0,1.0
SEC_C02_01,2026-09-09,02:30,03:00,0,1.0
SEC_C02_01,2026-09-09,03:00,03:30,0,1.0
SEC_C02_01,2026-09-09,03:30,04:00,0,1.0
SEC_C02_01,2026-09-09,04:00,04:30,0,1.0
SEC_C02_01,2026-09-09,04:30,05:00,0,1.0
SEC_C02_01,2026-09-09,05:00,05:30,0,1.0
SEC_C02_01,2026-09-09,05:30,06:00,0,1.0
SEC_C02_01,2026-09-09,06:00,06:30,0,1.0
SEC_C02_01,2026-09-09,06:30,07:00,1,0.8
SEC_C02_01,2026-09-09,07:00,07:30,1,0.8
SEC_C02_01,2026-09-09,07:30,08:00,0,1.0
SEC_C02_01,2026-09-09,08:00,08:30,0,1.0
SEC_C02_01,2026-09-09,08:30,09:00,0,1.0
SEC_C02_01,2026-09-09,09:00,09:30,0,1.0
SEC_C02_01,2026-09-09,09:30,10:00,0,1.0
SEC_C02_01,2026-09-09,10:00,10:30,0,1.0
SEC_C02_01,2026-09-09,10:30,11:00,0,1.0
SEC_C02_01,2026-09-09,11:00,11:30,0,1.0
SEC_C02_01,2026-09-09,11:30,12:00,0,1.0
SEC_C02_01,2026-09-09,12:00,12:30,0,1.0
SEC_C02_01,2026-09-09,12:30,13:00,0,1.0
SEC_C02_01,2026-09-09,13:00,13:30,0,1.0
SEC_C02_01,2026-09-09,13:30,14:00,0,1.0
SEC_C02_01,2026-09-09,14:00,14:30,1,0.8
SEC_C02_01,2026-09-09,14:30,15:00,1,0.8
SEC_C02_01,2026-09-09,15:00,15:30,1,0.8
SEC_C02_01,2026-09-09,15:30,16:00,0,1.0
SEC_C02_01,2026-09-09,16:00,16:30,0,1.0
SEC_C02_01,2026-09-09,16:30,17:00,0,1.0
SEC_C02_01,2026-09-09,17:00,17:30,0,1.0
SEC_C02_01,2026-09-09,17:30,18:00,0,1.0
SEC_C02_01,2026-09-09,18:00,18:30,0,1.0
SEC_C02_01,2026-09-09,18:30,19:00,0,1.0
SEC_C02_01,2026-09-09,19:00,19:30,0,1.0
SEC_C02_01,2026-09-09,19:30,20:00,0,1.0
SEC_C02_01,2026-09-09,20:00,20:30,0,1.0
SEC_C02_01,2026-09-09,20:30,21:00,0,1.0
SEC_C02_01,2026-09-09,21:00,21:30,1,0.8
SEC_C02_01,2026-09-09,21:30,22:00,0,1.0
SEC_C02_01,2026-09-09,22:00,22:30,0,1.0
SEC_C02_01,2026-09-09,22:30,23:00,0,1.0
SEC_C02_01,2026-09-09,23:00,23:30,0,1.0
SEC_C02_01,2026-09-09,23:30,00:00,0,1.0
SEC_C02_02,2026-09-09,00:00,00:30,0,1.0
SEC_C02_02,2026-09-09,00:30,01:00,0,1.0
SEC_C02_02,2026-09-09,01:00,01:30,0,1.0
SEC_C02_02,2026-09-09,01:30,02:00,0,1.0
SEC_C02_02,2026-09-09,02:00,02:30,0,1.0
SEC_C02_02,2026-09-09,02:30,03:00,0,1.0
SEC_C02_02,2026-09-09,03:00,03:30,0,1.0
SEC_C02_02,2026-09-09,03:30,04:00,0,1.0
SEC_C02_02,2026-09-09,04:00,04:30,0,1.0
SEC_C02_02,2026-09-09,04:30,05:00,0,1.0
SEC_C02_02,2026-09-09,05:00,05:30,0,1.0
SEC_C02_02,2026-09-09,05:30,06:00,0,1.0
SEC_C02_02,2026-09-09,06:00,06:30,1,0.5
SEC_C02_02,2026-09-09,06:30,07:00,1,0.5
SEC_C02_02,2026-09-09,07:00,07:30,0,1.0
SEC_C02_02,2026-09-09,07:30,08:00,0,1.0
SEC_C02_02,2026-09-09,08:00,08:30,0,1.0
SEC_C02_02,2026-09-09,08:30,09:00,0,1.0
SEC_C02_02,2026-09-09,09:00,09:30,1,0.8
SEC_C02_02,2026-09-09,09:30,10:00,1,0.8
SEC_C02_02,2026-09-09,10:00,10:30,0,1.0
SEC_C02_02,2026-09-09,10:30,11:00,0,1.0
SEC_C02_02,2026-09-09,11:00,11:30,0,1.0
SEC_C02_02,2026-09-09,11:30,12:00,0,1.0
SEC_C02_02,2026-09-09,12:00,12:30,0,1.0
SEC_C02_02,2026-09-09,12:30,13:00,0,1.0
SEC_C02_02,2026-09-09,13:00,13:30,0,1.0
SEC_C02_02,2026-09-09,13:30,14:00,0,1.0
SEC_C02_02,2026-09-09,14:00,14:30,0,1.0
SEC_C02_02,2026-09-09,14:30,15:00,0,1.0
SEC_C02_02,2026-09-09,15:00,15:30,0,1.0
SEC_C02_02,2026-09-09,15:30,16:00,0,1.0
SEC_C02_02,2026-09-09,16:00,16:30,0,1.0
SEC_C02_02,2026-09-09,16:30,17:00,0,1.0
SEC_C02_02,2026-09-09,17:00,17:30,0,1.0
SEC_C02_02,2026-09-09,17:30,18:00,0,1.0
SEC_C02_02,2026-09-09,18:00,18:30,0,1.0
SEC_C02_02,2026-09-09,18:30,19:00,0,1.0
SEC_C02_02,2026-09-09,19:00,19:30,0,1.0
SEC_C02_02,2026-09-09,19:30,20:00,1,0.8
SEC_C02_02,2026-09-09,20:00,20:30,1,0.8
SEC_C02_02,2026-09-09,20:30,21:00,0,1.0
SEC_C02_02,2026-09-09,21:00,21:30,0,1.0
SEC_C02_02,2026-09-09,21:30,22:00,0,1.0
SEC_C02_02,2026-09-09,22:00,22:30,0,1.0
SEC_C02_02,2026-09-09,22:30,23:00,0,1.0
SEC_C02_02,2026-09-09,23:00,23:30,0,1.0
SEC_C02_02,2026-09-09,23:30,00:00,0,1.0
SEC_C02_03,2026-09-09,00:00,00:30,0,1.0
SEC_C02_03,2026-09-09,00:30,01:00,0,1.0
SEC_C02_03,2026-09-09,01:00,01:30,0,1.0
SEC_C02_03,2026-09-09,01:30,02:00,0,1.0
SEC_C02_03,2026-09-09,02:00,02:30,0,1.0
SEC_C02_03,2026-09-09,02:30,03:00,0,1.0
SEC_C02_03,2026-09-09,03:00,03:30,0,1.0
SEC_C02_03,2026-09-09,03:30,04:00,0,1.0
SEC_C02_03,2026-09-09,04:00,04:30,0,1.0
SEC_C02_03,2026-09-09,04:30,05:00,0,1.0
SEC_C02_03,2026-09-09,05:00,05:30,0,1.0
SEC_C02_03,2026-09-09,05:30,06:00,0,1.0
SEC_C02_03,2026-09-09,06:00,06:30,0,1.0
SEC_C02_03,2026-09-09,06:30,07:00,0,1.0
SEC_C02_03,2026-09-09,07:00,07:30,0,1.0
SEC_C02_03,2026-09-09,07:30,08:00,0,1.0
SEC_C02_03,2026-09-09,08:00,08:30,0,1.0
SEC_C02_03,2026-09-09,08:30,09:00,0,1.0
SEC_C02_03,2026-09-09,09:00,09:30,0,1.0
SEC_C02_03,2026-09-09,09:30,10:00,0,1.0
SEC_C02_03,2026-09-09,10:00,10:30,0,1.0
SEC_C02_03,2026-09-09,10:30,11:00,0,1.0
SEC_C02_03,2026-09-09,11:00,11:30,0,1.0
SEC_C02_03,2026-09-09,11:30,12:00,0,1.0
SEC_C02_03,2026-09-09,12:00,12:30,0,1.0
SEC_C02_03,2026-09-09,12:30,13:00,0,1.0
SEC_C02_03,2026-09-09,13:00,13:30,0,1.0
SEC_C02_03,2026-09-09,13:30,14:00,0,1.0
SEC_C02_03,2026-09-09,14:00,14:30,0,1.0
SEC_C02_03,2026-09-09,14:30,15:00,0,1.0
SEC_C02_03,2026-09-09,15:00,15:30,1,0.5
SEC_C02_03,2026-09-09,15:30,16:00,0,1.0
SEC_C02_03,2026-09-09,16:00,16:30,0,1.0
SEC_C02_03,2026-09-09,16:30,17:00,0,1.0
SEC_C02_03,2026-09-09,17:00,17:30,0,1.0
SEC_C02_03,2026-09-09,17:30,18:00,0,1.0
SEC_C02_03,2026-09-09,18:00,18:30,0,1.0
SEC_C02_03,2026-09-09,18:30,19:00,0,1.0
SEC_C02_03,2026-09-09,19:00,19:30,0,1.0
SEC_C02_03,2026-09-09,19:30,20:00,0,1.0
SEC_C02_03,2026-09-09,20:00,20:30,0,1.0
SEC_C02_03,2026-09-09,20:30,21:00,0,1.0
SEC_C02_03,2026-09-09,21:00,21:30,0,1.0
SEC_C02_03,2026-09-09,21:30,22:00,0,1.0
SEC_C02_03,2026-09-09,22:00,22:30,0,1.0
SEC_C02_03,2026-09-09,22:30,23:00,0,1.0
SEC_C02_03,2026-09-09,23:00,23:30,0,1.0
SEC_C02_03,2026-09-09,23:30,00:00,0,1.0
SEC_C02_04,2026-09-09,00:00,00:30,0,1.0
SEC_C02_04,2026-09-09,00:30,01:00,0,1.0
SEC_C02_04,2026-09-09,01:00,01:30,0,1.0
SEC_C02_04,2026-09-09,01:30,02:00,0,1.0
SEC_C02_04,2026-09-09,02:00,02:30,0,1.0
SEC_C02_04,2026-09-09,02:30,03:00,0,1.0
SEC_C02_04,2026-09-09,03:00,03:30,0,1.0
SEC_C02_04,2026-09-09,03:30,04:00,0,1.0
SEC_C02_04,2026-09-09,04:00,04:30,0,1.0
SEC_C02_04,2026-09-09,04:30,05:00,0,1.0
SEC_C02_04,2026-09-09,05:00,05:30,0,1.0
SEC_C02_04,2026-09-09,05:30,06:00,0,1.0
SEC_C02_04,2026-09-09,06:00,06:30,0,1.0
SEC_C02_04,2026-09-09,06:30,07:00,0,1.0
SEC_C02_04,2026-09-09,07:00,07:30,1,0.5
SEC_C02_04,2026-09-09,07:30,08:00,1,0.5
SEC_C02_04,2026-09-09,08:00,08:30,0,1.0
SEC_C02_04,2026-09-09,08:30,09:00,0,1.0
SEC_C02_04,2026-09-09,09:00,09:30,0,1.0
SEC_C02_04,2026-09-09,09:30,10:00,0,1.0
SEC_C02_04,2026-09-09,10:00,10:30,0,1.0
SEC_C02_04,2026-09-09,10:30,11:00,0,1.0
SEC_C02_04,2026-09-09,11:00,11:30,0,1.0
SEC_C02_04,2026-09-09,11:30,12:00,0,1.0
SEC_C02_04,2026-09-09,12:00,12:30,0,1.0
SEC_C02_04,2026-09-09,12:30,13:00,0,1.0
SEC_C02_04,2026-09-09,13:00,13:30,0,1.0
SEC_C02_04,2026-09-09,13:30,14:00,0,1.0
SEC_C02_04,2026-09-09,14:00,14:30,0,1.0
SEC_C02_04,2026-09-09,14:30,15:00,0,1.0
SEC_C02_04,2026-09-09,15:00,15:30,0,1.0
SEC_C02_04,2026-09-09,15:30,16:00,0,1.0
SEC_C02_04,2026-09-09,16:00,16:30,0,1.0
SEC_C02_04,2026-09-09,16:30,17:00,0,1.0
SEC_C02_04,2026-09-09,17:00,17:30,0,1.0
SEC_C02_04,2026-09-09,17:30,18:00,0,1.0
SEC_C02_04,2026-09-09,18:00,18:30,0,1.0
SEC_C02_04,2026-09-09,18:30,19:00,0,1.0
SEC_C02_04,2026-09-09,19:00,19:30,0,1.0
SEC_C02_04,2026-09-09,19:30,20:00,0,1.0
SEC_C02_04,2026-09-09,20:00,20:30,0,1.0
SEC_C02_04,2026-09-09,20:30,21:00,0,1.0
SEC_C02_04,2026-09-09,21:00,21:30,0,1.0
SEC_C02_04,2026-09-09,21:30,22:00,1,0.8
SEC_C02_04,2026-09-09,22:00,22:30,1,0.8
SEC_C02_04,2026-09-09,22:30,23:00,0,1.0
SEC_C02_04,2026-09-09,23:00,23:30,0,1.0
SEC_C02_04,2026-09-09,23:30,00:00,0,1.0
SEC_C02_05,2026-09-09,00:00,00:30,0,1.0
SEC_C02_05,2026-09-09,00:30,01:00,0,1.0
SEC_C02_05,2026-09-09,01:00,01:30,0,1.0
SEC_C02_05,2026-09-09,01:30,02:00,1,0.8
SEC_C02_05,2026-09-09,02:00,02:30,1,0.8
SEC_C02_05,2026-09-09,02:30,03:00,0,1.0
SEC_C02_05,2026-09-09,03:00,03:30,0,1.0
SEC_C02_05,2026-09-09,03:30,04:00,0,1.0
SEC_C02_05,2026-09-09,04:00,04:30,0,1.0
SEC_C02_05,2026-09-09,04:30,05:00,0,1.0
SEC_C02_05,2026-09-09,05:00,05:30,0,1.0
SEC_C02_05,2026-09-09,05:30,06:00,0,1.0
SEC_C02_05,2026-09-09,06:00,06:30,0,1.0
SEC_C02_05,2026-09-09,06:30,07:00,0,1.0
SEC_C02_05,2026-09-09,07:00,07:30,0,1.0
SEC_C02_05,2026-09-09,07:30,08:00,0,1.0
SEC_C02_05,2026-09-09,08:00,08:30,0,1.0
SEC_C02_05,2026-09-09,08:30,09:00,0,1.0
SEC_C02_05,2026-09-09,09:00,09:30,0,1.0
SEC_C02_05,2026-09-09,09:30,10:00,0,1.0
SEC_C02_05,2026-09-09,10:00,10:30,0,1.0
SEC_C02_05,2026-09-09,10:30,11:00,0,1.0
SEC_C02_05,2026-09-09,11:00,11:30,0,1.0
SEC_C02_05,2026-09-09,11:30,12:00,0,1.0
SEC_C02_05,2026-09-09,12:00,12:30,0,1.0
SEC_C02_05,2026-09-09,12:30,13:00,0,1.0
SEC_C02_05,2026-09-09,13:00,13:30,0,1.0
SEC_C02_05,2026-09-09,13:30,14:00,0,1.0
SEC_C02_05,2026-09-09,14:00,14:30,0,1.0
SEC_C02_05,2026-09-09,14:30,15:00,0,1.0
SEC_C02_05,2026-09-09,15:00,15:30,0,1.0
SEC_C02_05,2026-09-09,15:30,16:00,0,1.0
SEC_C02_05,2026-09-09,16:00,16:30,0,1.0
SEC_C02_05,2026-09-09,16:30,17:00,0,1.0
SEC_C02_05,2026-09-09,17:00,17:30,0,1.0
SEC_C02_05,2026-09-09,17:30,18:00,0,1.0
SEC_C02_05,2026-09-09,18:00,18:30,0,1.0
SEC_C02_05,2026-09-09,18:30,19:00,0,1.0
SEC_C02_05,2026-09-09,19:00,19:30,0,1.0
SEC_C02_05,2026-09-09,19:30,20:00,0,1.0
SEC_C02_05,2026-09-09,20:00,20:30,0,1.0
SEC_C02_05,2026-09-09,20:30,21:00,0,1.0
SEC_C02_05,2026-09-09,21:00,21:30,0,1.0
SEC_C02_05,2026-09-09,21:30,22:00,0,1.0
SEC_C02_05,2026-09-09,22:00,22:30,0,1.0
SEC_C02_05,2026-09-09,22:30,23:00,0,1.0
SEC_C02_05,2026-09-09,23:00,23:30,0,1.0
SEC_C02_05,2026-09-09,23:30,00:00,0,1.0
SEC_C02_06,2026-09-09,00:00,00:30,0,1.0
SEC_C02_06,2026-09-09,00:30,01:00,0,1.0
SEC_C02_06,2026-09-09,01:00,01:30,0,1.0
SEC_C02_06,2026-09-09,01:30,02:00,0,1.0
SEC_C02_06,2026-09-09,02:00,02:30,0,1.0
SEC_C02_06,2026-09-09,02:30,03:00,0,1.0
SEC_C02_06,2026-09-09,03:00,03:30,0,1.0
SEC_C02_06,2026-09-09,03:30,04:00,0,1.0
SEC_C02_06,2026-09-09,04:00,04:30,0,1.0
SEC_C02_06,2026-09-09,04:30,05:00,0,1.0
SEC_C02_06,2026-09-09,05:00,05:30,0,1.0
SEC_C02_06,2026-09-09,05:30,06:00,0,1.0
SEC_C02_06,2026-09-09,06:00,06:30,0,1.0
SEC_C02_06,2026-09-09,06:30,07:00,1,0.8
SEC_C02_06,2026-09-09,07:00,07:30,2,0.5
SEC_C02_06,2026-09-09,07:30,08:00,1,0.8
SEC_C02_06,2026-09-09,08:00,08:30,0,1.0
SEC_C02_06,2026-09-09,08:30,09:00,0,1.0
SEC_C02_06,2026-09-09,09:00,09:30,0,1.0
SEC_C02_06,2026-09-09,09:30,10:00,0,1.0
SEC_C02_06,2026-09-09,10:00,10:30,0,1.0
SEC_C02_06,2026-09-09,10:30,11:00,0,1.0
SEC_C02_06,2026-09-09,11:00,11:30,0,1.0
SEC_C02_06,2026-09-09,11:30,12:00,0,1.0
SEC_C02_06,2026-09-09,12:00,12:30,0,1.0
SEC_C02_06,2026-09-09,12:30,13:00,0,1.0
SEC_C02_06,2026-09-09,13:00,13:30,0,1.0
SEC_C02_06,2026-09-09,13:30,14:00,0,1.0
SEC_C02_06,2026-09-09,14:00,14:30,0,1.0
SEC_C02_06,2026-09-09,14:30,15:00,0,1.0
SEC_C02_06,2026-09-09,15:00,15:30,0,1.0
SEC_C02_06,2026-09-09,15:30,16:00,0,1.0
SEC_C02_06,2026-09-09,16:00,16:30,0,1.0
SEC_C02_06,2026-09-09,16:30,17:00,0,1.0
SEC_C02_06,2026-09-09,17:00,17:30,0,1.0
SEC_C02_06,2026-09-09,17:30,18:00,0,1.0
SEC_C02_06,2026-09-09,18:00,18:30,0,1.0
SEC_C02_06,2026-09-09,18:30,19:00,0,1.0
SEC_C02_06,2026-09-09,19:00,19:30,1,0.5
SEC_C02_06,2026-09-09,19:30,20:00,1,0.5
SEC_C02_06,2026-09-09,20:00,20:30,0,1.0
SEC_C02_06,2026-09-09,20:30,21:00,0,1.0
SEC_C02_06,2026-09-09,21:00,21:30,0,1.0
SEC_C02_06,2026-09-09,21:30,22:00,0,1.0
SEC_C02_06,2026-09-09,22:00,22:30,0,1.0
SEC_C02_06,2026-09-09,22:30,23:00,0,1.0
SEC_C02_06,2026-09-09,23:00,23:30,0,1.0
SEC_C02_06,2026-09-09,23:30,00:00,0,1.0
SEC_C02_07,2026-09-09,00:00,00:30,0,1.0
SEC_C02_07,2026-09-09,00:30,01:00,0,1.0
SEC_C02_07,2026-09-09,01:00,01:30,0,1.0
SEC_C02_07,2026-09-09,01:30,02:00,0,1.0
SEC_C02_07,2026-09-09,02:00,02:30,0,1.0
SEC_C02_07,2026-09-09,02:30,03:00,0,1.0
SEC_C02_07,2026-09-09,03:00,03:30,0,1.0
SEC_C02_07,2026-09-09,03:30,04:00,0,1.0
SEC_C02_07,2026-09-09,04:00,04:30,0,1.0
SEC_C02_07,2026-09-09,04:30,05:00,0,1.0
SEC_C02_07,2026-09-09,05:00,05:30,0,1.0
SEC_C02_07,2026-09-09,05:30,06:00,0,1.0
SEC_C02_07,2026-09-09,06:00,06:30,0,1.0
SEC_C02_07,2026-09-09,06:30,07:00,0,1.0
SEC_C02_07,2026-09-09,07:00,07:30,0,1.0
SEC_C02_07,2026-09-09,07:30,08:00,0,1.0
SEC_C02_07,2026-09-09,08:00,08:30,0,1.0
SEC_C02_07,2026-09-09,08:30,09:00,0,1.0
SEC_C02_07,2026-09-09,09:00,09:30,0,1.0
SEC_C02_07,2026-09-09,09:30,10:00,1,0.8
SEC_C02_07,2026-09-09,10:00,10:30,1,0.8
SEC_C02_07,2026-09-09,10:30,11:00,0,1.0
SEC_C02_07,2026-09-09,11:00,11:30,0,1.0
SEC_C02_07,2026-09-09,11:30,12:00,0,1.0
SEC_C02_07,2026-09-09,12:00,12:30,0,1.0
SEC_C02_07,2026-09-09,12:30,13:00,0,1.0
SEC_C02_07,2026-09-09,13:00,13:30,0,1.0
SEC_C02_07,2026-09-09,13:30,14:00,0,1.0
SEC_C02_07,2026-09-09,14:00,14:30,0,1.0
SEC_C02_07,2026-09-09,14:30,15:00,0,1.0
SEC_C02_07,2026-09-09,15:00,15:30,0,1.0
SEC_C02_07,2026-09-09,15:30,16:00,0,1.0
SEC_C02_07,2026-09-09,16:00,16:30,0,1.0
SEC_C02_07,2026-09-09,16:30,17:00,0,1.0
SEC_C02_07,2026-09-09,17:00,17:30,0,1.0
SEC_C02_07,2026-09-09,17:30,18:00,0,1.0
SEC_C02_07,2026-09-09,18:00,18:30,0,1.0
SEC_C02_07,2026-09-09,18:30,19:00,0,1.0
SEC_C02_07,2026-09-09,19:00,19:30,0,1.0
SEC_C02_07,2026-09-09,19:30,20:00,0,1.0
SEC_C02_07,2026-09-09,20:00,20:30,0,1.0
SEC_C02_07,2026-09-09,20:30,21:00,0,1.0
SEC_C02_07,2026-09-09,21:00,21:30,1,0.8
SEC_C02_07,2026-09-09,21:30,22:00,1,0.8
SEC_C02_07,2026-09-09,22:00,22:30,0,1.0
SEC_C02_07,2026-09-09,22:30,23:00,0,1.0
SEC_C02_07,2026-09-09,23:00,23:30,0,1.0
SEC_C02_07,2026-09-09,23:30,00:00,0,1.0
SEC_C02_08,2026-09-09,00:00,00:30,0,1.0
SEC_C02_08,2026-09-09,00:30,01:00,0,1.0
SEC_C02_08,2026-09-09,01:00,01:30,0,1.0
SEC_C02_08,2026-09-09,01:30,02:00,0,1.0
SEC_C02_08,2026-09-09,02:00,02:30,0,1.0
SEC_C02_08,2026-09-09,02:30,03:00,0,1.0
SEC_C02_08,2026-09-09,03:00,03:30,0,1.0
SEC_C02_08,2026-09-09,03:30,04:00,0,1.0
SEC_C02_08,2026-09-09,04:00,04:30,0,1.0
SEC_C02_08,2026-09-09,04:30,05:00,0,1.0
SEC_C02_08,2026-09-09,05:00,05:30,0,1.0
SEC_C02_08,2026-09-09,05:30,06:00,0,1.0
SEC_C02_08,2026-09-09,06:00,06:30,0,1.0
SEC_C02_08,2026-09-09,06:30,07:00,0,1.0
SEC_C02_08,2026-09-09,07:00,07:30,0,1.0
SEC_C02_08,2026-09-09,07:30,08:00,0,1.0
SEC_C02_08,2026-09-09,08:00,08:30,0,1.0
SEC_C02_08,2026-09-09,08:30,09:00,0,1.0
SEC_C02_08,2026-09-09,09:00,09:30,0,1.0
SEC_C02_08,2026-09-09,09:30,10:00,0,1.0
SEC_C02_08,2026-09-09,10:00,10:30,0,1.0
SEC_C02_08,2026-09-09,10:30,11:00,0,1.0
SEC_C02_08,2026-09-09,11:00,11:30,0,1.0
SEC_C02_08,2026-09-09,11:30,12:00,0,1.0
SEC_C02_08,2026-09-09,12:00,12:30,0,1.0
SEC_C02_08,2026-09-09,12:30,13:00,0,1.0
SEC_C02_08,2026-09-09,13:00,13:30,0,1.0
SEC_C02_08,2026-09-09,13:30,14:00,0,1.0
SEC_C02_08,2026-09-09,14:00,14:30,0,1.0
SEC_C02_08,2026-09-09,14:30,15:00,0,1.0
SEC_C02_08,2026-09-09,15:00,15:30,0,1.0
SEC_C02_08,2026-09-09,15:30,16:00,0,1.0
SEC_C02_08,2026-09-09,16:00,16:30,0,1.0
SEC_C02_08,2026-09-09,16:30,17:00,0,1.0
SEC_C02_08,2026-09-09,17:00,17:30,0,1.0
SEC_C02_08,2026-09-09,17:30,18:00,0,1.0
SEC_C02_08,2026-09-09,18:00,18:30,0,1.0
SEC_C02_08,2026-09-09,18:30,19:00,0,1.0
SEC_C02_08,2026-09-09,19:00,19:30,0,1.0
SEC_C02_08,2026-09-09,19:30,20:00,0,1.0
SEC_C02_08,2026-09-09,20:00,20:30,0,1.0
SEC_C02_08,2026-09-09,20:30,21:00,0,1.0
SEC_C02_08,2026-09-09,21:00,21:30,0,1.0
SEC_C02_08,2026-09-09,21:30,22:00,1,0.8
SEC_C02_08,2026-09-09,22:00,22:30,1,0.8
SEC_C02_08,2026-09-09,22:30,23:00,1,0.8
SEC_C02_08,2026-09-09,23:00,23:30,0,1.0
SEC_C02_08,2026-09-09,23:30,00:00,0,1.0
SEC_C02_09,2026-09-09,00:00,00:30,0,1.0
SEC_C02_09,2026-09-09,00:30,01:00,0,1.0
SEC_C02_09,2026-09-09,01:00,01:30,0,1.0
SEC_C02_09,2026-09-09,01:30,02:00,0,1.0
SEC_C02_09,2026-09-09,02:00,02:30,0,1.0
SEC_C02_09,2026-09-09,02:30,03:00,0,1.0
SEC_C02_09,2026-09-09,03:00,03:30,0,1.0
SEC_C02_09,2026-09-09,03:30,04:00,0,1.0
SEC_C02_09,2026-09-09,04:00,04:30,1,0.8
SEC_C02_09,2026-09-09,04:30,05:00,1,0.8
SEC_C02_09,2026-09-09,05:00,05:30,0,1.0
SEC_C02_09,2026-09-09,05:30,06:00,0,1.0
SEC_C02_09,2026-09-09,06:00,06:30,0,1.0
SEC_C02_09,2026-09-09,06:30,07:00,0,1.0
SEC_C02_09,2026-09-09,07:00,07:30,0,1.0
SEC_C02_09,2026-09-09,07:30,08:00,0,1.0
SEC_C02_09,2026-09-09,08:00,08:30,0,1.0
SEC_C02_09,2026-09-09,08:30,09:00,0,1.0
SEC_C02_09,2026-09-09,09:00,09:30,1,0.8
SEC_C02_09,2026-09-09,09:30,10:00,1,0.8
SEC_C02_09,2026-09-09,10:00,10:30,0,1.0
SEC_C02_09,2026-09-09,10:30,11:00,0,1.0
SEC_C02_09,2026-09-09,11:00,11:30,0,1.0
SEC_C02_09,2026-09-09,11:30,12:00,0,1.0
SEC_C02_09,2026-09-09,12:00,12:30,0,1.0
SEC_C02_09,2026-09-09,12:30,13:00,0,1.0
SEC_C02_09,2026-09-09,13:00,13:30,0,1.0
SEC_C02_09,2026-09-09,13:30,14:00,0,1.0
SEC_C02_09,2026-09-09,14:00,14:30,0,1.0
SEC_C02_09,2026-09-09,14:30,15:00,0,1.0
SEC_C02_09,2026-09-09,15:00,15:30,0,1.0
SEC_C02_09,2026-09-09,15:30,16:00,0,1.0
SEC_C02_09,2026-09-09,16:00,16:30,0,1.0
SEC_C02_09,2026-09-09,16:30,17:00,0,1.0
SEC_C02_09,2026-09-09,17:00,17:30,1,0.8
SEC_C02_09,2026-09-09,17:30,18:00,1,0.8
SEC_C02_09,2026-09-09,18:00,18:30,0,1.0
SEC_C02_09,2026-09-09,18:30,19:00,0,1.0
SEC_C02_09,2026-09-09,19:00,19:30,0,1.0
SEC_C02_09,2026-09-09,19:30,20:00,0,1.0
SEC_C02_09,2026-09-09,20:00,20:30,0,1.0
SEC_C02_09,2026-09-09,20:30,21:00,0,1.0
SEC_C02_09,2026-09-09,21:00,21:30,0,1.0
SEC_C02_09,2026-09-09,21:30,22:00,0,1.0
SEC_C02_09,2026-09-09,22:00,22:30,0,1.0
SEC_C02_09,2026-09-09,22:30,23:00,0,1.0
SEC_C02_09,2026-09-09,23:00,23:30,0,1.0
SEC_C02_09,2026-09-09,23:30,00:00,0,1.0
SEC_C02_10,2026-09-09,00:00,00:30,0,1.0
SEC_C02_10,2026-09-09,00:30,01:00,0,1.0
SEC_C02_10,2026-09-09,01:00,01:30,0,1.0
SEC_C02_10,2026-09-09,01:30,02:00,0,1.0
SEC_C02_10,2026-09-09,02:00,02:30,0,1.0
SEC_C02_10,2026-09-09,02:30,03:00,0,1.0
SEC_C02_10,2026-09-09,03:00,03:30,0,1.0
SEC_C02_10,2026-09-09,03:30,04:00,0,1.0
SEC_C02_10,2026-09-09,04:00,04:30,0,1.0
SEC_C02_10,2026-09-09,04:30,05:00,0,1.0
SEC_C02_10,2026-09-09,05:00,05:30,0,1.0
SEC_C02_10,2026-09-09,05:30,06:00,0,1.0
SEC_C02_10,2026-09-09,06:00,06:30,0,1.0
SEC_C02_10,2026-09-09,06:30,07:00,0,1.0
SEC_C02_10,2026-09-09,07:00,07:30,0,1.0
SEC_C02_10,2026-09-09,07:30,08:00,0,1.0
SEC_C02_10,2026-09-09,08:00,08:30,0,1.0
SEC_C02_10,2026-09-09,08:30,09:00,0,1.0
SEC_C02_10,2026-09-09,09:00,09:30,0,1.0
SEC_C02_10,2026-09-09,09:30,10:00,0,1.0
SEC_C02_10,2026-09-09,10:00,10:30,0,1.0
SEC_C02_10,2026-09-09,10:30,11:00,0,1.0
SEC_C02_10,2026-09-09,11:00,11:30,0,1.0
SEC_C02_10,2026-09-09,11:30,12:00,0,1.0
SEC_C02_10,2026-09-09,12:00,12:30,0,1.0
SEC_C02_10,2026-09-09,12:30,13:00,0,1.0
SEC_C02_10,2026-09-09,13:00,13:30,0,1.0
SEC_C02_10,2026-09-09,13:30,14:00,0,1.0
SEC_C02_10,2026-09-09,14:00,14:30,0,1.0
SEC_C02_10,2026-09-09,14:30,15:00,1,0.8
SEC_C02_10,2026-09-09,15:00,15:30,1,0.8
SEC_C02_10,2026-09-09,15:30,16:00,0,1.0
SEC_C02_10,2026-09-09,16:00,16:30,0,1.0
SEC_C02_10,2026-09-09,16:30,17:00,0,1.0
SEC_C02_10,2026-09-09,17:00,17:30,0,1.0
SEC_C02_10,2026-09-09,17:30,18:00,0,1.0
SEC_C02_10,2026-09-09,18:00,18:30,0,1.0
SEC_C02_10,2026-09-09,18:30,19:00,1,0.8
SEC_C02_10,2026-09-09,19:00,19:30,1,0.8
SEC_C02_10,2026-09-09,19:30,20:00,0,1.0
SEC_C02_10,2026-09-09,20:00,20:30,0,1.0
SEC_C02_10,2026-09-09,20:30,21:00,1,0.8
SEC_C02_10,2026-09-09,21:00,21:30,1,0.8
SEC_C02_10,2026-09-09,21:30,22:00,0,1.0
SEC_C02_10,2026-09-09,22:00,22:30,0,1.0
SEC_C02_10,2026-09-09,22:30,23:00,0,1.0
SEC_C02_10,2026-09-09,23:00,23:30,0,1.0
SEC_C02_10,2026-09-09,23:30,00:00,0,1.0
SEC_C03_01,2026-09-09,00:00,00:30,0,1.0
SEC_C03_01,2026-09-09,00:30,01:00,0,1.0
SEC_C03_01,2026-09-09,01:00,01:30,0,1.0
SEC_C03_01,2026-09-09,01:30,02:00,0,1.0
SEC_C03_01,2026-09-09,02:00,02:30,0,1.0
SEC_C03_01,2026-09-09,02:30,03:00,0,1.0
SEC_C03_01,2026-09-09,03:00,03:30,0,1.0
SEC_C03_01,2026-09-09,03:30,04:00,0,1.0
SEC_C03_01,2026-09-09,04:00,04:30,0,1.0
SEC_C03_01,2026-09-09,04:30,05:00,0,1.0
SEC_C03_01,2026-09-09,05:00,05:30,0,1.0
SEC_C03_01,2026-09-09,05:30,06:00,0,1.0
SEC_C03_01,2026-09-09,06:00,06:30,0,1.0
SEC_C03_01,2026-09-09,06:30,07:00,0,1.0
SEC_C03_01,2026-09-09,07:00,07:30,0,1.0
SEC_C03_01,2026-09-09,07:30,08:00,0,1.0
SEC_C03_01,2026-09-09,08:00,08:30,0,1.0
SEC_C03_01,2026-09-09,08:30,09:00,0,1.0
SEC_C03_01,2026-09-09,09:00,09:30,0,1.0
SEC_C03_01,2026-09-09,09:30,10:00,1,0.8
SEC_C03_01,2026-09-09,10:00,10:30,1,0.8
SEC_C03_01,2026-09-09,10:30,11:00,1,0.8
SEC_C03_01,2026-09-09,11:00,11:30,0,1.0
SEC_C03_01,2026-09-09,11:30,12:00,0,1.0
SEC_C03_01,2026-09-09,12:00,12:30,0,1.0
SEC_C03_01,2026-09-09,12:30,13:00,0,1.0
SEC_C03_01,2026-09-09,13:00,13:30,0,1.0
SEC_C03_01,2026-09-09,13:30,14:00,0,1.0
SEC_C03_01,2026-09-09,14:00,14:30,0,1.0
SEC_C03_01,2026-09-09,14:30,15:00,0,1.0
SEC_C03_01,2026-09-09,15:00,15:30,1,0.8
SEC_C03_01,2026-09-09,15:30,16:00,1,0.8
SEC_C03_01,2026-09-09,16:00,16:30,0,1.0
SEC_C03_01,2026-09-09,16:30,17:00,0,1.0
SEC_C03_01,2026-09-09,17:00,17:30,0,1.0
SEC_C03_01,2026-09-09,17:30,18:00,0,1.0
SEC_C03_01,2026-09-09,18:00,18:30,0,1.0
SEC_C03_01,2026-09-09,18:30,19:00,0,1.0
SEC_C03_01,2026-09-09,19:00,19:30,0,1.0
SEC_C03_01,2026-09-09,19:30,20:00,0,1.0
SEC_C03_01,2026-09-09,20:00,20:30,0,1.0
SEC_C03_01,2026-09-09,20:30,21:00,0,1.0
SEC_C03_01,2026-09-09,21:00,21:30,0,1.0
SEC_C03_01,2026-09-09,21:30,22:00,0,1.0
SEC_C03_01,2026-09-09,22:00,22:30,0,1.0
SEC_C03_01,2026-09-09,22:30,23:00,0,1.0
SEC_C03_01,2026-09-09,23:00,23:30,0,1.0
SEC_C03_01,2026-09-09,23:30,00:00,0,1.0
SEC_C03_02,2026-09-09,00:00,00:30,0,1.0
SEC_C03_02,2026-09-09,00:30,01:00,0,1.0
SEC_C03_02,2026-09-09,01:00,01:30,0,1.0
SEC_C03_02,2026-09-09,01:30,02:00,0,1.0
SEC_C03_02,2026-09-09,02:00,02:30,0,1.0
SEC_C03_02,2026-09-09,02:30,03:00,0,1.0
SEC_C03_02,2026-09-09,03:00,03:30,0,1.0
SEC_C03_02,2026-09-09,03:30,04:00,0,1.0
SEC_C03_02,2026-09-09,04:00,04:30,0,1.0
SEC_C03_02,2026-09-09,04:30,05:00,0,1.0
SEC_C03_02,2026-09-09,05:00,05:30,0,1.0
SEC_C03_02,2026-09-09,05:30,06:00,0,1.0
SEC_C03_02,2026-09-09,06:00,06:30,0,1.0
SEC_C03_02,2026-09-09,06:30,07:00,0,1.0
SEC_C03_02,2026-09-09,07:00,07:30,0,1.0
SEC_C03_02,2026-09-09,07:30,08:00,0,1.0
SEC_C03_02,2026-09-09,08:00,08:30,0,1.0
SEC_C03_02,2026-09-09,08:30,09:00,0,1.0
SEC_C03_02,2026-09-09,09:00,09:30,0,1.0
SEC_C03_02,2026-09-09,09:30,10:00,0,1.0
SEC_C03_02,2026-09-09,10:00,10:30,0,1.0
SEC_C03_02,2026-09-09,10:30,11:00,0,1.0
SEC_C03_02,2026-09-09,11:00,11:30,1,0.5
SEC_C03_02,2026-09-09,11:30,12:00,1,0.5
SEC_C03_02,2026-09-09,12:00,12:30,0,1.0
SEC_C03_02,2026-09-09,12:30,13:00,0,1.0
SEC_C03_02,2026-09-09,13:00,13:30,0,1.0
SEC_C03_02,2026-09-09,13:30,14:00,0,1.0
SEC_C03_02,2026-09-09,14:00,14:30,0,1.0
SEC_C03_02,2026-09-09,14:30,15:00,0,1.0
SEC_C03_02,2026-09-09,15:00,15:30,0,1.0
SEC_C03_02,2026-09-09,15:30,16:00,0,1.0
SEC_C03_02,2026-09-09,16:00,16:30,0,1.0
SEC_C03_02,2026-09-09,16:30,17:00,0,1.0
SEC_C03_02,2026-09-09,17:00,17:30,0,1.0
SEC_C03_02,2026-09-09,17:30,18:00,0,1.0
SEC_C03_02,2026-09-09,18:00,18:30,1,0.8
SEC_C03_02,2026-09-09,18:30,19:00,1,0.8
SEC_C03_02,2026-09-09,19:00,19:30,0,1.0
SEC_C03_02,2026-09-09,19:30,20:00,0,1.0
SEC_C03_02,2026-09-09,20:00,20:30,0,1.0
SEC_C03_02,2026-09-09,20:30,21:00,0,1.0
SEC_C03_02,2026-09-09,21:00,21:30,0,1.0
SEC_C03_02,2026-09-09,21:30,22:00,0,1.0
SEC_C03_02,2026-09-09,22:00,22:30,0,1.0
SEC_C03_02,2026-09-09,22:30,23:00,0,1.0
SEC_C03_02,2026-09-09,23:00,23:30,0,1.0
SEC_C03_02,2026-09-09,23:30,00:00,0,1.0
SEC_C03_03,2026-09-09,00:00,00:30,0,1.0
SEC_C03_03,2026-09-09,00:30,01:00,0,1.0
SEC_C03_03,2026-09-09,01:00,01:30,0,1.0
SEC_C03_03,2026-09-09,01:30,02:00,0,1.0
SEC_C03_03,2026-09-09,02:00,02:30,0,1.0
SEC_C03_03,2026-09-09,02:30,03:00,0,1.0
SEC_C03_03,2026-09-09,03:00,03:30,0,1.0
SEC_C03_03,2026-09-09,03:30,04:00,0,1.0
SEC_C03_03,2026-09-09,04:00,04:30,0,1.0
SEC_C03_03,2026-09-09,04:30,05:00,0,1.0
SEC_C03_03,2026-09-09,05:00,05:30,0,1.0
SEC_C03_03,2026-09-09,05:30,06:00,0,1.0
SEC_C03_03,2026-09-09,06:00,06:30,0,1.0
SEC_C03_03,2026-09-09,06:30,07:00,1,0.5
SEC_C03_03,2026-09-09,07:00,07:30,1,0.5
SEC_C03_03,2026-09-09,07:30,08:00,0,1.0
SEC_C03_03,2026-09-09,08:00,08:30,0,1.0
SEC_C03_03,2026-09-09,08:30,09:00,0,1.0
SEC_C03_03,2026-09-09,09:00,09:30,0,1.0
SEC_C03_03,2026-09-09,09:30,10:00,0,1.0
SEC_C03_03,2026-09-09,10:00,10:30,0,1.0
SEC_C03_03,2026-09-09,10:30,11:00,0,1.0
SEC_C03_03,2026-09-09,11:00,11:30,0,1.0
SEC_C03_03,2026-09-09,11:30,12:00,0,1.0
SEC_C03_03,2026-09-09,12:00,12:30,0,1.0
SEC_C03_03,2026-09-09,12:30,13:00,0,1.0
SEC_C03_03,2026-09-09,13:00,13:30,0,1.0
SEC_C03_03,2026-09-09,13:30,14:00,0,1.0
SEC_C03_03,2026-09-09,14:00,14:30,0,1.0
SEC_C03_03,2026-09-09,14:30,15:00,0,1.0
SEC_C03_03,2026-09-09,15:00,15:30,0,1.0
SEC_C03_03,2026-09-09,15:30,16:00,0,1.0
SEC_C03_03,2026-09-09,16:00,16:30,0,1.0
SEC_C03_03,2026-09-09,16:30,17:00,0,1.0
SEC_C03_03,2026-09-09,17:00,17:30,0,1.0
SEC_C03_03,2026-09-09,17:30,18:00,0,1.0
SEC_C03_03,2026-09-09,18:00,18:30,0,1.0
SEC_C03_03,2026-09-09,18:30,19:00,0,1.0
SEC_C03_03,2026-09-09,19:00,19:30,0,1.0
SEC_C03_03,2026-09-09,19:30,20:00,0,1.0
SEC_C03_03,2026-09-09,20:00,20:30,0,1.0
SEC_C03_03,2026-09-09,20:30,21:00,0,1.0
SEC_C03_03,2026-09-09,21:00,21:30,0,1.0
SEC_C03_03,2026-09-09,21:30,22:00,0,1.0
SEC_C03_03,2026-09-09,22:00,22:30,0,1.0
SEC_C03_03,2026-09-09,22:30,23:00,0,1.0
SEC_C03_03,2026-09-09,23:00,23:30,0,1.0
SEC_C03_03,2026-09-09,23:30,00:00,0,1.0
SEC_C03_04,2026-09-09,00:00,00:30,0,1.0
SEC_C03_04,2026-09-09,00:30,01:00,0,1.0
SEC_C03_04,2026-09-09,01:00,01:30,0,1.0
SEC_C03_04,2026-09-09,01:30,02:00,0,1.0
SEC_C03_04,2026-09-09,02:00,02:30,0,1.0
SEC_C03_04,2026-09-09,02:30,03:00,0,1.0
SEC_C03_04,2026-09-09,03:00,03:30,0,1.0
SEC_C03_04,2026-09-09,03:30,04:00,0,1.0
SEC_C03_04,2026-09-09,04:00,04:30,0,1.0
SEC_C03_04,2026-09-09,04:30,05:00,0,1.0
SEC_C03_04,2026-09-09,05:00,05:30,0,1.0
SEC_C03_04,2026-09-09,05:30,06:00,0,1.0
SEC_C03_04,2026-09-09,06:00,06:30,0,1.0
SEC_C03_04,2026-09-09,06:30,07:00,0,1.0
SEC_C03_04,2026-09-09,07:00,07:30,0,1.0
SEC_C03_04,2026-09-09,07:30,08:00,0,1.0
SEC_C03_04,2026-09-09,08:00,08:30,0,1.0
SEC_C03_04,2026-09-09,08:30,09:00,0,1.0
SEC_C03_04,2026-09-09,09:00,09:30,0,1.0
SEC_C03_04,2026-09-09,09:30,10:00,0,1.0
SEC_C03_04,2026-09-09,10:00,10:30,0,1.0
SEC_C03_04,2026-09-09,10:30,11:00,0,1.0
SEC_C03_04,2026-09-09,11:00,11:30,0,1.0
SEC_C03_04,2026-09-09,11:30,12:00,0,1.0
SEC_C03_04,2026-09-09,12:00,12:30,1,0.8
SEC_C03_04,2026-09-09,12:30,13:00,1,0.8
SEC_C03_04,2026-09-09,13:00,13:30,0,1.0
SEC_C03_04,2026-09-09,13:30,14:00,1,0.8
SEC_C03_04,2026-09-09,14:00,14:30,1,0.8
SEC_C03_04,2026-09-09,14:30,15:00,0,1.0
SEC_C03_04,2026-09-09,15:00,15:30,0,1.0
SEC_C03_04,2026-09-09,15:30,16:00,0,1.0
SEC_C03_04,2026-09-09,16:00,16:30,0,1.0
SEC_C03_04,2026-09-09,16:30,17:00,0,1.0
SEC_C03_04,2026-09-09,17:00,17:30,1,0.8
SEC_C03_04,2026-09-09,17:30,18:00,1,0.8
SEC_C03_04,2026-09-09,18:00,18:30,1,0.8
SEC_C03_04,2026-09-09,18:30,19:00,0,1.0
SEC_C03_04,2026-09-09,19:00,19:30,0,1.0
SEC_C03_04,2026-09-09,19:30,20:00,0,1.0
SEC_C03_04,2026-09-09,20:00,20:30,0,1.0
SEC_C03_04,2026-09-09,20:30,21:00,0,1.0
SEC_C03_04,2026-09-09,21:00,21:30,0,1.0
SEC_C03_04,2026-09-09,21:30,22:00,0,1.0
SEC_C03_04,2026-09-09,22:00,22:30,0,1.0
SEC_C03_04,2026-09-09,22:30,23:00,0,1.0
SEC_C03_04,2026-09-09,23:00,23:30,0,1.0
SEC_C03_04,2026-09-09,23:30,00:00,0,1.0
SEC_C03_05,2026-09-09,00:00,00:30,0,1.0
SEC_C03_05,2026-09-09,00:30,01:00,0,1.0
SEC_C03_05,2026-09-09,01:00,01:30,0,1.0
SEC_C03_05,2026-09-09,01:30,02:00,0,1.0
SEC_C03_05,2026-09-09,02:00,02:30,0,1.0
SEC_C03_05,2026-09-09,02:30,03:00,0,1.0
SEC_C03_05,2026-09-09,03:00,03:30,0,1.0
SEC_C03_05,2026-09-09,03:30,04:00,0,1.0
SEC_C03_05,2026-09-09,04:00,04:30,0,1.0
SEC_C03_05,2026-09-09,04:30,05:00,0,1.0
SEC_C03_05,2026-09-09,05:00,05:30,0,1.0
SEC_C03_05,2026-09-09,05:30,06:00,0,1.0
SEC_C03_05,2026-09-09,06:00,06:30,0,1.0
SEC_C03_05,2026-09-09,06:30,07:00,0,1.0
SEC_C03_05,2026-09-09,07:00,07:30,0,1.0
SEC_C03_05,2026-09-09,07:30,08:00,0,1.0
SEC_C03_05,2026-09-09,08:00,08:30,0,1.0
SEC_C03_05,2026-09-09,08:30,09:00,2,0.5
SEC_C03_05,2026-09-09,09:00,09:30,2,0.5
SEC_C03_05,2026-09-09,09:30,10:00,1,0.8
SEC_C03_05,2026-09-09,10:00,10:30,0,1.0
SEC_C03_05,2026-09-09,10:30,11:00,0,1.0
SEC_C03_05,2026-09-09,11:00,11:30,0,1.0
SEC_C03_05,2026-09-09,11:30,12:00,0,1.0
SEC_C03_05,2026-09-09,12:00,12:30,0,1.0
SEC_C03_05,2026-09-09,12:30,13:00,0,1.0
SEC_C03_05,2026-09-09,13:00,13:30,0,1.0
SEC_C03_05,2026-09-09,13:30,14:00,0,1.0
SEC_C03_05,2026-09-09,14:00,14:30,0,1.0
SEC_C03_05,2026-09-09,14:30,15:00,0,1.0
SEC_C03_05,2026-09-09,15:00,15:30,0,1.0
SEC_C03_05,2026-09-09,15:30,16:00,0,1.0
SEC_C03_05,2026-09-09,16:00,16:30,0,1.0
SEC_C03_05,2026-09-09,16:30,17:00,0,1.0
SEC_C03_05,2026-09-09,17:00,17:30,0,1.0
SEC_C03_05,2026-09-09,17:30,18:00,0,1.0
SEC_C03_05,2026-09-09,18:00,18:30,0,1.0
SEC_C03_05,2026-09-09,18:30,19:00,0,1.0
SEC_C03_05,2026-09-09,19:00,19:30,0,1.0
SEC_C03_05,2026-09-09,19:30,20:00,0,1.0
SEC_C03_05,2026-09-09,20:00,20:30,0,1.0
SEC_C03_05,2026-09-09,20:30,21:00,0,1.0
SEC_C03_05,2026-09-09,21:00,21:30,0,1.0
SEC_C03_05,2026-09-09,21:30,22:00,0,1.0
SEC_C03_05,2026-09-09,22:00,22:30,0,1.0
SEC_C03_05,2026-09-09,22:30,23:00,0,1.0
SEC_C03_05,2026-09-09,23:00,23:30,0,1.0
SEC_C03_05,2026-09-09,23:30,00:00,0,1.0
SEC_C03_06,2026-09-09,00:00,00:30,0,1.0
SEC_C03_06,2026-09-09,00:30,01:00,0,1.0
SEC_C03_06,2026-09-09,01:00,01:30,0,1.0
SEC_C03_06,2026-09-09,01:30,02:00,0,1.0
SEC_C03_06,2026-09-09,02:00,02:30,0,1.0
SEC_C03_06,2026-09-09,02:30,03:00,0,1.0
SEC_C03_06,2026-09-09,03:00,03:30,0,1.0
SEC_C03_06,2026-09-09,03:30,04:00,0,1.0
SEC_C03_06,2026-09-09,04:00,04:30,0,1.0
SEC_C03_06,2026-09-09,04:30,05:00,0,1.0
SEC_C03_06,2026-09-09,05:00,05:30,0,1.0
SEC_C03_06,2026-09-09,05:30,06:00,0,1.0
SEC_C03_06,2026-09-09,06:00,06:30,0,1.0
SEC_C03_06,2026-09-09,06:30,07:00,0,1.0
SEC_C03_06,2026-09-09,07:00,07:30,0,1.0
SEC_C03_06,2026-09-09,07:30,08:00,0,1.0
SEC_C03_06,2026-09-09,08:00,08:30,0,1.0
SEC_C03_06,2026-09-09,08:30,09:00,0,1.0
SEC_C03_06,2026-09-09,09:00,09:30,0,1.0
SEC_C03_06,2026-09-09,09:30,10:00,0,1.0
SEC_C03_06,2026-09-09,10:00,10:30,0,1.0
SEC_C03_06,2026-09-09,10:30,11:00,0,1.0
SEC_C03_06,2026-09-09,11:00,11:30,0,1.0
SEC_C03_06,2026-09-09,11:30,12:00,0,1.0
SEC_C03_06,2026-09-09,12:00,12:30,0,1.0
SEC_C03_06,2026-09-09,12:30,13:00,1,0.8
SEC_C03_06,2026-09-09,13:00,13:30,1,0.8
SEC_C03_06,2026-09-09,13:30,14:00,0,1.0
SEC_C03_06,2026-09-09,14:00,14:30,0,1.0
SEC_C03_06,2026-09-09,14:30,15:00,0,1.0
SEC_C03_06,2026-09-09,15:00,15:30,0,1.0
SEC_C03_06,2026-09-09,15:30,16:00,0,1.0
SEC_C03_06,2026-09-09,16:00,16:30,0,1.0
SEC_C03_06,2026-09-09,16:30,17:00,0,1.0
SEC_C03_06,2026-09-09,17:00,17:30,0,1.0
SEC_C03_06,2026-09-09,17:30,18:00,1,0.8
SEC_C03_06,2026-09-09,18:00,18:30,1,0.8
SEC_C03_06,2026-09-09,18:30,19:00,0,1.0
SEC_C03_06,2026-09-09,19:00,19:30,0,1.0
SEC_C03_06,2026-09-09,19:30,20:00,0,1.0
SEC_C03_06,2026-09-09,20:00,20:30,0,1.0
SEC_C03_06,2026-09-09,20:30,21:00,0,1.0
SEC_C03_06,2026-09-09,21:00,21:30,0,1.0
SEC_C03_06,2026-09-09,21:30,22:00,0,1.0
SEC_C03_06,2026-09-09,22:00,22:30,0,1.0
SEC_C03_06,2026-09-09,22:30,23:00,0,1.0
SEC_C03_06,2026-09-09,23:00,23:30,0,1.0
SEC_C03_06,2026-09-09,23:30,00:00,0,1.0
SEC_C04_01,2026-09-09,00:00,00:30,0,1.0
SEC_C04_01,2026-09-09,00:30,01:00,0,1.0
SEC_C04_01,2026-09-09,01:00,01:30,0,1.0
SEC_C04_01,2026-09-09,01:30,02:00,0,1.0
SEC_C04_01,2026-09-09,02:00,02:30,0,1.0
SEC_C04_01,2026-09-09,02:30,03:00,0,1.0
SEC_C04_01,2026-09-09,03:00,03:30,0,1.0
SEC_C04_01,2026-09-09,03:30,04:00,0,1.0
SEC_C04_01,2026-09-09,04:00,04:30,0,1.0
SEC_C04_01,2026-09-09,04:30,05:00,1,0.8
SEC_C04_01,2026-09-09,05:00,05:30,1,0.8
SEC_C04_01,2026-09-09,05:30,06:00,0,1.0
SEC_C04_01,2026-09-09,06:00,06:30,0,1.0
SEC_C04_01,2026-09-09,06:30,07:00,0,1.0
SEC_C04_01,2026-09-09,07:00,07:30,0,1.0
SEC_C04_01,2026-09-09,07:30,08:00,0,1.0
SEC_C04_01,2026-09-09,08:00,08:30,0,1.0
SEC_C04_01,2026-09-09,08:30,09:00,0,1.0
SEC_C04_01,2026-09-09,09:00,09:30,0,1.0
SEC_C04_01,2026-09-09,09:30,10:00,0,1.0
SEC_C04_01,2026-09-09,10:00,10:30,0,1.0
SEC_C04_01,2026-09-09,10:30,11:00,0,1.0
SEC_C04_01,2026-09-09,11:00,11:30,0,1.0
SEC_C04_01,2026-09-09,11:30,12:00,0,1.0
SEC_C04_01,2026-09-09,12:00,12:30,0,1.0
SEC_C04_01,2026-09-09,12:30,13:00,0,1.0
SEC_C04_01,2026-09-09,13:00,13:30,0,1.0
SEC_C04_01,2026-09-09,13:30,14:00,0,1.0
SEC_C04_01,2026-09-09,14:00,14:30,0,1.0
SEC_C04_01,2026-09-09,14:30,15:00,0,1.0
SEC_C04_01,2026-09-09,15:00,15:30,0,1.0
SEC_C04_01,2026-09-09,15:30,16:00,0,1.0
SEC_C04_01,2026-09-09,16:00,16:30,0,1.0
SEC_C04_01,2026-09-09,16:30,17:00,0,1.0
SEC_C04_01,2026-09-09,17:00,17:30,0,1.0
SEC_C04_01,2026-09-09,17:30,18:00,0,1.0
SEC_C04_01,2026-09-09,18:00,18:30,0,1.0
SEC_C04_01,2026-09-09,18:30,19:00,0,1.0
SEC_C04_01,2026-09-09,19:00,19:30,0,1.0
SEC_C04_01,2026-09-09,19:30,20:00,0,1.0
SEC_C04_01,2026-09-09,20:00,20:30,0,1.0
SEC_C04_01,2026-09-09,20:30,21:00,0,1.0
SEC_C04_01,2026-09-09,21:00,21:30,0,1.0
SEC_C04_01,2026-09-09,21:30,22:00,0,1.0
SEC_C04_01,2026-09-09,22:00,22:30,0,1.0
SEC_C04_01,2026-09-09,22:30,23:00,0,1.0
SEC_C04_01,2026-09-09,23:00,23:30,0,1.0
SEC_C04_01,2026-09-09,23:30,00:00,0,1.0
SEC_C04_02,2026-09-09,00:00,00:30,0,1.0
SEC_C04_02,2026-09-09,00:30,01:00,0,1.0
SEC_C04_02,2026-09-09,01:00,01:30,0,1.0
SEC_C04_02,2026-09-09,01:30,02:00,0,1.0
SEC_C04_02,2026-09-09,02:00,02:30,0,1.0
SEC_C04_02,2026-09-09,02:30,03:00,0,1.0
SEC_C04_02,2026-09-09,03:00,03:30,0,1.0
SEC_C04_02,2026-09-09,03:30,04:00,0,1.0
SEC_C04_02,2026-09-09,04:00,04:30,0,1.0
SEC_C04_02,2026-09-09,04:30,05:00,0,1.0
SEC_C04_02,2026-09-09,05:00,05:30,0,1.0
SEC_C04_02,2026-09-09,05:30,06:00,0,1.0
SEC_C04_02,2026-09-09,06:00,06:30,0,1.0
SEC_C04_02,2026-09-09,06:30,07:00,0,1.0
SEC_C04_02,2026-09-09,07:00,07:30,0,1.0
SEC_C04_02,2026-09-09,07:30,08:00,0,1.0
SEC_C04_02,2026-09-09,08:00,08:30,0,1.0
SEC_C04_02,2026-09-09,08:30,09:00,0,1.0
SEC_C04_02,2026-09-09,09:00,09:30,1,0.8
SEC_C04_02,2026-09-09,09:30,10:00,1,0.8
SEC_C04_02,2026-09-09,10:00,10:30,0,1.0
SEC_C04_02,2026-09-09,10:30,11:00,0,1.0
SEC_C04_02,2026-09-09,11:00,11:30,0,1.0
SEC_C04_02,2026-09-09,11:30,12:00,0,1.0
SEC_C04_02,2026-09-09,12:00,12:30,0,1.0
SEC_C04_02,2026-09-09,12:30,13:00,0,1.0
SEC_C04_02,2026-09-09,13:00,13:30,0,1.0
SEC_C04_02,2026-09-09,13:30,14:00,0,1.0
SEC_C04_02,2026-09-09,14:00,14:30,0,1.0
SEC_C04_02,2026-09-09,14:30,15:00,0,1.0
SEC_C04_02,2026-09-09,15:00,15:30,1,0.5
SEC_C04_02,2026-09-09,15:30,16:00,0,1.0
SEC_C04_02,2026-09-09,16:00,16:30,0,1.0
SEC_C04_02,2026-09-09,16:30,17:00,0,1.0
SEC_C04_02,2026-09-09,17:00,17:30,0,1.0
SEC_C04_02,2026-09-09,17:30,18:00,0,1.0
SEC_C04_02,2026-09-09,18:00,18:30,0,1.0
SEC_C04_02,2026-09-09,18:30,19:00,0,1.0
SEC_C04_02,2026-09-09,19:00,19:30,0,1.0
SEC_C04_02,2026-09-09,19:30,20:00,0,1.0
SEC_C04_02,2026-09-09,20:00,20:30,0,1.0
SEC_C04_02,2026-09-09,20:30,21:00,0,1.0
SEC_C04_02,2026-09-09,21:00,21:30,0,1.0
SEC_C04_02,2026-09-09,21:30,22:00,0,1.0
SEC_C04_02,2026-09-09,22:00,22:30,0,1.0
SEC_C04_02,2026-09-09,22:30,23:00,0,1.0
SEC_C04_02,2026-09-09,23:00,23:30,0,1.0
SEC_C04_02,2026-09-09,23:30,00:00,0,1.0
SEC_C04_03,2026-09-09,00:00,00:30,0,1.0
SEC_C04_03,2026-09-09,00:30,01:00,0,1.0
SEC_C04_03,2026-09-09,01:00,01:30,0,1.0
SEC_C04_03,2026-09-09,01:30,02:00,0,1.0
SEC_C04_03,2026-09-09,02:00,02:30,0,1.0
SEC_C04_03,2026-09-09,02:30,03:00,1,0.8
SEC_C04_03,2026-09-09,03:00,03:30,1,0.8
SEC_C04_03,2026-09-09,03:30,04:00,0,1.0
SEC_C04_03,2026-09-09,04:00,04:30,0,1.0
SEC_C04_03,2026-09-09,04:30,05:00,0,1.0
SEC_C04_03,2026-09-09,05:00,05:30,0,1.0
SEC_C04_03,2026-09-09,05:30,06:00,0,1.0
SEC_C04_03,2026-09-09,06:00,06:30,0,1.0
SEC_C04_03,2026-09-09,06:30,07:00,0,1.0
SEC_C04_03,2026-09-09,07:00,07:30,0,1.0
SEC_C04_03,2026-09-09,07:30,08:00,0,1.0
SEC_C04_03,2026-09-09,08:00,08:30,0,1.0
SEC_C04_03,2026-09-09,08:30,09:00,0,1.0
SEC_C04_03,2026-09-09,09:00,09:30,0,1.0
SEC_C04_03,2026-09-09,09:30,10:00,0,1.0
SEC_C04_03,2026-09-09,10:00,10:30,0,1.0
SEC_C04_03,2026-09-09,10:30,11:00,0,1.0
SEC_C04_03,2026-09-09,11:00,11:30,0,1.0
SEC_C04_03,2026-09-09,11:30,12:00,0,1.0
SEC_C04_03,2026-09-09,12:00,12:30,0,1.0
SEC_C04_03,2026-09-09,12:30,13:00,0,1.0
SEC_C04_03,2026-09-09,13:00,13:30,0,1.0
SEC_C04_03,2026-09-09,13:30,14:00,0,1.0
SEC_C04_03,2026-09-09,14:00,14:30,0,1.0
SEC_C04_03,2026-09-09,14:30,15:00,0,1.0
SEC_C04_03,2026-09-09,15:00,15:30,0,1.0
SEC_C04_03,2026-09-09,15:30,16:00,0,1.0
SEC_C04_03,2026-09-09,16:00,16:30,0,1.0
SEC_C04_03,2026-09-09,16:30,17:00,0,1.0
SEC_C04_03,2026-09-09,17:00,17:30,0,1.0
SEC_C04_03,2026-09-09,17:30,18:00,0,1.0
SEC_C04_03,2026-09-09,18:00,18:30,0,1.0
SEC_C04_03,2026-09-09,18:30,19:00,0,1.0
SEC_C04_03,2026-09-09,19:00,19:30,0,1.0
SEC_C04_03,2026-09-09,19:30,20:00,0,1.0
SEC_C04_03,2026-09-09,20:00,20:30,0,1.0
SEC_C04_03,2026-09-09,20:30,21:00,0,1.0
SEC_C04_03,2026-09-09,21:00,21:30,0,1.0
SEC_C04_03,2026-09-09,21:30,22:00,0,1.0
SEC_C04_03,2026-09-09,22:00,22:30,0,1.0
SEC_C04_03,2026-09-09,22:30,23:00,0,1.0
SEC_C04_03,2026-09-09,23:00,23:30,0,1.0
SEC_C04_03,2026-09-09,23:30,00:00,0,1.0
SEC_C04_04,2026-09-09,00:00,00:30,0,1.0
SEC_C04_04,2026-09-09,00:30,01:00,0,1.0
SEC_C04_04,2026-09-09,01:00,01:30,0,1.0
SEC_C04_04,2026-09-09,01:30,02:00,0,1.0
SEC_C04_04,2026-09-09,02:00,02:30,0,1.0
SEC_C04_04,2026-09-09,02:30,03:00,0,1.0
SEC_C04_04,2026-09-09,03:00,03:30,0,1.0
SEC_C04_04,2026-09-09,03:30,04:00,0,1.0
SEC_C04_04,2026-09-09,04:00,04:30,0,1.0
SEC_C04_04,2026-09-09,04:30,05:00,0,1.0
SEC_C04_04,2026-09-09,05:00,05:30,0,1.0
SEC_C04_04,2026-09-09,05:30,06:00,0,1.0
SEC_C04_04,2026-09-09,06:00,06:30,0,1.0
SEC_C04_04,2026-09-09,06:30,07:00,0,1.0
SEC_C04_04,2026-09-09,07:00,07:30,0,1.0
SEC_C04_04,2026-09-09,07:30,08:00,0,1.0
SEC_C04_04,2026-09-09,08:00,08:30,0,1.0
SEC_C04_04,2026-09-09,08:30,09:00,2,0.5
SEC_C04_04,2026-09-09,09:00,09:30,2,0.5
SEC_C04_04,2026-09-09,09:30,10:00,1,0.5
SEC_C04_04,2026-09-09,10:00,10:30,1,0.5
SEC_C04_04,2026-09-09,10:30,11:00,0,1.0
SEC_C04_04,2026-09-09,11:00,11:30,0,1.0
SEC_C04_04,2026-09-09,11:30,12:00,0,1.0
SEC_C04_04,2026-09-09,12:00,12:30,0,1.0
SEC_C04_04,2026-09-09,12:30,13:00,0,1.0
SEC_C04_04,2026-09-09,13:00,13:30,0,1.0
SEC_C04_04,2026-09-09,13:30,14:00,0,1.0
SEC_C04_04,2026-09-09,14:00,14:30,0,1.0
SEC_C04_04,2026-09-09,14:30,15:00,0,1.0
SEC_C04_04,2026-09-09,15:00,15:30,0,1.0
SEC_C04_04,2026-09-09,15:30,16:00,0,1.0
SEC_C04_04,2026-09-09,16:00,16:30,0,1.0
SEC_C04_04,2026-09-09,16:30,17:00,0,1.0
SEC_C04_04,2026-09-09,17:00,17:30,0,1.0
SEC_C04_04,2026-09-09,17:30,18:00,0,1.0
SEC_C04_04,2026-09-09,18:00,18:30,0,1.0
SEC_C04_04,2026-09-09,18:30,19:00,0,1.0
SEC_C04_04,2026-09-09,19:00,19:30,0,1.0
SEC_C04_04,2026-09-09,19:30,20:00,0,1.0
SEC_C04_04,2026-09-09,20:00,20:30,0,1.0
SEC_C04_04,2026-09-09,20:30,21:00,0,1.0
SEC_C04_04,2026-09-09,21:00,21:30,0,1.0
SEC_C04_04,2026-09-09,21:30,22:00,0,1.0
SEC_C04_04,2026-09-09,22:00,22:30,0,1.0
SEC_C04_04,2026-09-09,22:30,23:00,0,1.0
SEC_C04_04,2026-09-09,23:00,23:30,0,1.0
SEC_C04_04,2026-09-09,23:30,00:00,0,1.0
SEC_C04_05,2026-09-09,00:00,00:30,0,1.0
SEC_C04_05,2026-09-09,00:30,01:00,0,1.0
SEC_C04_05,2026-09-09,01:00,01:30,0,1.0
SEC_C04_05,2026-09-09,01:30,02:00,0,1.0
SEC_C04_05,2026-09-09,02:00,02:30,0,1.0
SEC_C04_05,2026-09-09,02:30,03:00,0,1.0
SEC_C04_05,2026-09-09,03:00,03:30,0,1.0
SEC_C04_05,2026-09-09,03:30,04:00,0,1.0
SEC_C04_05,2026-09-09,04:00,04:30,0,1.0
SEC_C04_05,2026-09-09,04:30,05:00,0,1.0
SEC_C04_05,2026-09-09,05:00,05:30,0,1.0
SEC_C04_05,2026-09-09,05:30,06:00,0,1.0
SEC_C04_05,2026-09-09,06:00,06:30,0,1.0
SEC_C04_05,2026-09-09,06:30,07:00,1,0.8
SEC_C04_05,2026-09-09,07:00,07:30,1,0.8
SEC_C04_05,2026-09-09,07:30,08:00,1,0.8
SEC_C04_05,2026-09-09,08:00,08:30,0,1.0
SEC_C04_05,2026-09-09,08:30,09:00,0,1.0
SEC_C04_05,2026-09-09,09:00,09:30,0,1.0
SEC_C04_05,2026-09-09,09:30,10:00,0,1.0
SEC_C04_05,2026-09-09,10:00,10:30,0,1.0
SEC_C04_05,2026-09-09,10:30,11:00,0,1.0
SEC_C04_05,2026-09-09,11:00,11:30,0,1.0
SEC_C04_05,2026-09-09,11:30,12:00,0,1.0
SEC_C04_05,2026-09-09,12:00,12:30,0,1.0
SEC_C04_05,2026-09-09,12:30,13:00,0,1.0
SEC_C04_05,2026-09-09,13:00,13:30,0,1.0
SEC_C04_05,2026-09-09,13:30,14:00,0,1.0
SEC_C04_05,2026-09-09,14:00,14:30,0,1.0
SEC_C04_05,2026-09-09,14:30,15:00,1,0.8
SEC_C04_05,2026-09-09,15:00,15:30,0,1.0
SEC_C04_05,2026-09-09,15:30,16:00,0,1.0
SEC_C04_05,2026-09-09,16:00,16:30,0,1.0
SEC_C04_05,2026-09-09,16:30,17:00,0,1.0
SEC_C04_05,2026-09-09,17:00,17:30,0,1.0
SEC_C04_05,2026-09-09,17:30,18:00,0,1.0
SEC_C04_05,2026-09-09,18:00,18:30,0,1.0
SEC_C04_05,2026-09-09,18:30,19:00,0,1.0
SEC_C04_05,2026-09-09,19:00,19:30,0,1.0
SEC_C04_05,2026-09-09,19:30,20:00,0,1.0
SEC_C04_05,2026-09-09,20:00,20:30,0,1.0
SEC_C04_05,2026-09-09,20:30,21:00,1,0.8
SEC_C04_05,2026-09-09,21:00,21:30,1,0.8
SEC_C04_05,2026-09-09,21:30,22:00,0,1.0
SEC_C04_05,2026-09-09,22:00,22:30,0,1.0
SEC_C04_05,2026-09-09,22:30,23:00,0,1.0
SEC_C04_05,2026-09-09,23:00,23:30,0,1.0
SEC_C04_05,2026-09-09,23:30,00:00,0,1.0
SEC_C04_06,2026-09-09,00:00,00:30,0,1.0
SEC_C04_06,2026-09-09,00:30,01:00,0,1.0
SEC_C04_06,2026-09-09,01:00,01:30,0,1.0
SEC_C04_06,2026-09-09,01:30,02:00,0,1.0
SEC_C04_06,2026-09-09,02:00,02:30,0,1.0
SEC_C04_06,2026-09-09,02:30,03:00,0,1.0
SEC_C04_06,2026-09-09,03:00,03:30,0,1.0
SEC_C04_06,2026-09-09,03:30,04:00,0,1.0
SEC_C04_06,2026-09-09,04:00,04:30,0,1.0
SEC_C04_06,2026-09-09,04:30,05:00,0,1.0
SEC_C04_06,2026-09-09,05:00,05:30,0,1.0
SEC_C04_06,2026-09-09,05:30,06:00,0,1.0
SEC_C04_06,2026-09-09,06:00,06:30,0,1.0
SEC_C04_06,2026-09-09,06:30,07:00,0,1.0
SEC_C04_06,2026-09-09,07:00,07:30,0,1.0
SEC_C04_06,2026-09-09,07:30,08:00,0,1.0
SEC_C04_06,2026-09-09,08:00,08:30,0,1.0
SEC_C04_06,2026-09-09,08:30,09:00,0,1.0
SEC_C04_06,2026-09-09,09:00,09:30,0,1.0
SEC_C04_06,2026-09-09,09:30,10:00,0,1.0
SEC_C04_06,2026-09-09,10:00,10:30,0,1.0
SEC_C04_06,2026-09-09,10:30,11:00,0,1.0
SEC_C04_06,2026-09-09,11:00,11:30,0,1.0
SEC_C04_06,2026-09-09,11:30,12:00,0,1.0
SEC_C04_06,2026-09-09,12:00,12:30,0,1.0
SEC_C04_06,2026-09-09,12:30,13:00,0,1.0
SEC_C04_06,2026-09-09,13:00,13:30,0,1.0
SEC_C04_06,2026-09-09,13:30,14:00,0,1.0
SEC_C04_06,2026-09-09,14:00,14:30,0,1.0
SEC_C04_06,2026-09-09,14:30,15:00,0,1.0
SEC_C04_06,2026-09-09,15:00,15:30,0,1.0
SEC_C04_06,2026-09-09,15:30,16:00,0,1.0
SEC_C04_06,2026-09-09,16:00,16:30,0,1.0
SEC_C04_06,2026-09-09,16:30,17:00,0,1.0
SEC_C04_06,2026-09-09,17:00,17:30,0,1.0
SEC_C04_06,2026-09-09,17:30,18:00,0,1.0
SEC_C04_06,2026-09-09,18:00,18:30,0,1.0
SEC_C04_06,2026-09-09,18:30,19:00,0,1.0
SEC_C04_06,2026-09-09,19:00,19:30,0,1.0
SEC_C04_06,2026-09-09,19:30,20:00,0,1.0
SEC_C04_06,2026-09-09,20:00,20:30,0,1.0
SEC_C04_06,2026-09-09,20:30,21:00,0,1.0
SEC_C04_06,2026-09-09,21:00,21:30,0,1.0
SEC_C04_06,2026-09-09,21:30,22:00,0,1.0
SEC_C04_06,2026-09-09,22:00,22:30,0,1.0
SEC_C04_06,2026-09-09,22:30,23:00,0,1.0
SEC_C04_06,2026-09-09,23:00,23:30,0,1.0
SEC_C04_06,2026-09-09,23:30,00:00,0,1.0
SEC_C04_07,2026-09-09,00:00,00:30,0,1.0
SEC_C04_07,2026-09-09,00:30,01:00,0,1.0
SEC_C04_07,2026-09-09,01:00,01:30,0,1.0
SEC_C04_07,2026-09-09,01:30,02:00,0,1.0
SEC_C04_07,2026-09-09,02:00,02:30,0,1.0
SEC_C04_07,2026-09-09,02:30,03:00,0,1.0
SEC_C04_07,2026-09-09,03:00,03:30,0,1.0
SEC_C04_07,2026-09-09,03:30,04:00,0,1.0
SEC_C04_07,2026-09-09,04:00,04:30,0,1.0
SEC_C04_07,2026-09-09,04:30,05:00,0,1.0
SEC_C04_07,2026-09-09,05:00,05:30,0,1.0
SEC_C04_07,2026-09-09,05:30,06:00,0,1.0
SEC_C04_07,2026-09-09,06:00,06:30,0,1.0
SEC_C04_07,2026-09-09,06:30,07:00,0,1.0
SEC_C04_07,2026-09-09,07:00,07:30,1,0.8
SEC_C04_07,2026-09-09,07:30,08:00,2,0.5
SEC_C04_07,2026-09-09,08:00,08:30,1,0.8
SEC_C04_07,2026-09-09,08:30,09:00,0,1.0
SEC_C04_07,2026-09-09,09:00,09:30,0,1.0
SEC_C04_07,2026-09-09,09:30,10:00,0,1.0
SEC_C04_07,2026-09-09,10:00,10:30,0,1.0
SEC_C04_07,2026-09-09,10:30,11:00,0,1.0
SEC_C04_07,2026-09-09,11:00,11:30,0,1.0
SEC_C04_07,2026-09-09,11:30,12:00,0,1.0
SEC_C04_07,2026-09-09,12:00,12:30,0,1.0
SEC_C04_07,2026-09-09,12:30,13:00,0,1.0
SEC_C04_07,2026-09-09,13:00,13:30,0,1.0
SEC_C04_07,2026-09-09,13:30,14:00,0,1.0
SEC_C04_07,2026-09-09,14:00,14:30,0,1.0
SEC_C04_07,2026-09-09,14:30,15:00,0,1.0
SEC_C04_07,2026-09-09,15:00,15:30,0,1.0
SEC_C04_07,2026-09-09,15:30,16:00,0,1.0
SEC_C04_07,2026-09-09,16:00,16:30,0,1.0
SEC_C04_07,2026-09-09,16:30,17:00,0,1.0
SEC_C04_07,2026-09-09,17:00,17:30,0,1.0
SEC_C04_07,2026-09-09,17:30,18:00,0,1.0
SEC_C04_07,2026-09-09,18:00,18:30,0,1.0
SEC_C04_07,2026-09-09,18:30,19:00,0,1.0
SEC_C04_07,2026-09-09,19:00,19:30,0,1.0
SEC_C04_07,2026-09-09,19:30,20:00,0,1.0
SEC_C04_07,2026-09-09,20:00,20:30,0,1.0
SEC_C04_07,2026-09-09,20:30,21:00,0,1.0
SEC_C04_07,2026-09-09,21:00,21:30,0,1.0
SEC_C04_07,2026-09-09,21:30,22:00,0,1.0
SEC_C04_07,2026-09-09,22:00,22:30,0,1.0
SEC_C04_07,2026-09-09,22:30,23:00,0,1.0
SEC_C04_07,2026-09-09,23:00,23:30,0,1.0
SEC_C04_07,2026-09-09,23:30,00:00,0,1.0
SEC_C04_08,2026-09-09,00:00,00:30,0,1.0
SEC_C04_08,2026-09-09,00:30,01:00,0,1.0
SEC_C04_08,2026-09-09,01:00,01:30,0,1.0
SEC_C04_08,2026-09-09,01:30,02:00,0,1.0
SEC_C04_08,2026-09-09,02:00,02:30,0,1.0
SEC_C04_08,2026-09-09,02:30,03:00,0,1.0
SEC_C04_08,2026-09-09,03:00,03:30,0,1.0
SEC_C04_08,2026-09-09,03:30,04:00,0,1.0
SEC_C04_08,2026-09-09,04:00,04:30,0,1.0
SEC_C04_08,2026-09-09,04:30,05:00,0,1.0
SEC_C04_08,2026-09-09,05:00,05:30,0,1.0
SEC_C04_08,2026-09-09,05:30,06:00,0,1.0
SEC_C04_08,2026-09-09,06:00,06:30,0,1.0
SEC_C04_08,2026-09-09,06:30,07:00,0,1.0
SEC_C04_08,2026-09-09,07:00,07:30,1,0.8
SEC_C04_08,2026-09-09,07:30,08:00,1,0.8
SEC_C04_08,2026-09-09,08:00,08:30,0,1.0
SEC_C04_08,2026-09-09,08:30,09:00,0,1.0
SEC_C04_08,2026-09-09,09:00,09:30,0,1.0
SEC_C04_08,2026-09-09,09:30,10:00,0,1.0
SEC_C04_08,2026-09-09,10:00,10:30,0,1.0
SEC_C04_08,2026-09-09,10:30,11:00,0,1.0
SEC_C04_08,2026-09-09,11:00,11:30,0,1.0
SEC_C04_08,2026-09-09,11:30,12:00,0,1.0
SEC_C04_08,2026-09-09,12:00,12:30,0,1.0
SEC_C04_08,2026-09-09,12:30,13:00,0,1.0
SEC_C04_08,2026-09-09,13:00,13:30,0,1.0
SEC_C04_08,2026-09-09,13:30,14:00,1,0.8
SEC_C04_08,2026-09-09,14:00,14:30,1,0.8
SEC_C04_08,2026-09-09,14:30,15:00,0,1.0
SEC_C04_08,2026-09-09,15:00,15:30,0,1.0
SEC_C04_08,2026-09-09,15:30,16:00,0,1.0
SEC_C04_08,2026-09-09,16:00,16:30,0,1.0
SEC_C04_08,2026-09-09,16:30,17:00,0,1.0
SEC_C04_08,2026-09-09,17:00,17:30,0,1.0
SEC_C04_08,2026-09-09,17:30,18:00,0,1.0
SEC_C04_08,2026-09-09,18:00,18:30,0,1.0
SEC_C04_08,2026-09-09,18:30,19:00,0,1.0
SEC_C04_08,2026-09-09,19:00,19:30,0,1.0
SEC_C04_08,2026-09-09,19:30,20:00,0,1.0
SEC_C04_08,2026-09-09,20:00,20:30,1,0.8
SEC_C04_08,2026-09-09,20:30,21:00,1,0.8
SEC_C04_08,2026-09-09,21:00,21:30,0,1.0
SEC_C04_08,2026-09-09,21:30,22:00,0,1.0
SEC_C04_08,2026-09-09,22:00,22:30,0,1.0
SEC_C04_08,2026-09-09,22:30,23:00,0,1.0
SEC_C04_08,2026-09-09,23:00,23:30,0,1.0
SEC_C04_08,2026-09-09,23:30,00:00,0,1.0
SEC_C01_01,2026-09-10,00:00,00:30,0,1.0
SEC_C01_01,2026-09-10,00:30,01:00,0,1.0
SEC_C01_01,2026-09-10,01:00,01:30,0,1.0
SEC_C01_01,2026-09-10,01:30,02:00,0,1.0
SEC_C01_01,2026-09-10,02:00,02:30,0,1.0
SEC_C01_01,2026-09-10,02:30,03:00,0,1.0
SEC_C01_01,2026-09-10,03:00,03:30,0,1.0
SEC_C01_01,2026-09-10,03:30,04:00,0,1.0
SEC_C01_01,2026-09-10,04:00,04:30,0,1.0
SEC_C01_01,2026-09-10,04:30,05:00,0,1.0
SEC_C01_01,2026-09-10,05:00,05:30,0,1.0
SEC_C01_01,2026-09-10,05:30,06:00,0,1.0
SEC_C01_01,2026-09-10,06:00,06:30,0,1.0
SEC_C01_01,2026-09-10,06:30,07:00,0,1.0
SEC_C01_01,2026-09-10,07:00,07:30,1,0.8
SEC_C01_01,2026-09-10,07:30,08:00,1,0.8
SEC_C01_01,2026-09-10,08:00,08:30,0,1.0
SEC_C01_01,2026-09-10,08:30,09:00,0,1.0
SEC_C01_01,2026-09-10,09:00,09:30,0,1.0
SEC_C01_01,2026-09-10,09:30,10:00,0,1.0
SEC_C01_01,2026-09-10,10:00,10:30,0,1.0
SEC_C01_01,2026-09-10,10:30,11:00,0,1.0
SEC_C01_01,2026-09-10,11:00,11:30,0,1.0
SEC_C01_01,2026-09-10,11:30,12:00,0,1.0
SEC_C01_01,2026-09-10,12:00,12:30,0,1.0
SEC_C01_01,2026-09-10,12:30,13:00,0,1.0
SEC_C01_01,2026-09-10,13:00,13:30,0,1.0
SEC_C01_01,2026-09-10,13:30,14:00,0,1.0
SEC_C01_01,2026-09-10,14:00,14:30,0,1.0
SEC_C01_01,2026-09-10,14:30,15:00,0,1.0
SEC_C01_01,2026-09-10,15:00,15:30,0,1.0
SEC_C01_01,2026-09-10,15:30,16:00,0,1.0
SEC_C01_01,2026-09-10,16:00,16:30,0,1.0
SEC_C01_01,2026-09-10,16:30,17:00,0,1.0
SEC_C01_01,2026-09-10,17:00,17:30,0,1.0
SEC_C01_01,2026-09-10,17:30,18:00,0,1.0
SEC_C01_01,2026-09-10,18:00,18:30,1,0.8
SEC_C01_01,2026-09-10,18:30,19:00,2,0.5
SEC_C01_01,2026-09-10,19:00,19:30,1,0.8
SEC_C01_01,2026-09-10,19:30,20:00,0,1.0
SEC_C01_01,2026-09-10,20:00,20:30,0,1.0
SEC_C01_01,2026-09-10,20:30,21:00,0,1.0
SEC_C01_01,2026-09-10,21:00,21:30,1,0.8
SEC_C01_01,2026-09-10,21:30,22:00,1,0.8
SEC_C01_01,2026-09-10,22:00,22:30,0,1.0
SEC_C01_01,2026-09-10,22:30,23:00,0,1.0
SEC_C01_01,2026-09-10,23:00,23:30,0,1.0
SEC_C01_01,2026-09-10,23:30,00:00,0,1.0
SEC_C01_02,2026-09-10,00:00,00:30,0,1.0
SEC_C01_02,2026-09-10,00:30,01:00,0,1.0
SEC_C01_02,2026-09-10,01:00,01:30,0,1.0
SEC_C01_02,2026-09-10,01:30,02:00,0,1.0
SEC_C01_02,2026-09-10,02:00,02:30,0,1.0
SEC_C01_02,2026-09-10,02:30,03:00,0,1.0
SEC_C01_02,2026-09-10,03:00,03:30,0,1.0
SEC_C01_02,2026-09-10,03:30,04:00,0,1.0
SEC_C01_02,2026-09-10,04:00,04:30,0,1.0
SEC_C01_02,2026-09-10,04:30,05:00,0,1.0
SEC_C01_02,2026-09-10,05:00,05:30,0,1.0
SEC_C01_02,2026-09-10,05:30,06:00,0,1.0
SEC_C01_02,2026-09-10,06:00,06:30,0,1.0
SEC_C01_02,2026-09-10,06:30,07:00,0,1.0
SEC_C01_02,2026-09-10,07:00,07:30,0,1.0
SEC_C01_02,2026-09-10,07:30,08:00,0,1.0
SEC_C01_02,2026-09-10,08:00,08:30,0,1.0
SEC_C01_02,2026-09-10,08:30,09:00,0,1.0
SEC_C01_02,2026-09-10,09:00,09:30,0,1.0
SEC_C01_02,2026-09-10,09:30,10:00,0,1.0
SEC_C01_02,2026-09-10,10:00,10:30,0,1.0
SEC_C01_02,2026-09-10,10:30,11:00,0,1.0
SEC_C01_02,2026-09-10,11:00,11:30,0,1.0
SEC_C01_02,2026-09-10,11:30,12:00,1,0.8
SEC_C01_02,2026-09-10,12:00,12:30,1,0.8
SEC_C01_02,2026-09-10,12:30,13:00,0,1.0
SEC_C01_02,2026-09-10,13:00,13:30,0,1.0
SEC_C01_02,2026-09-10,13:30,14:00,1,0.8
SEC_C01_02,2026-09-10,14:00,14:30,1,0.8
SEC_C01_02,2026-09-10,14:30,15:00,0,1.0
SEC_C01_02,2026-09-10,15:00,15:30,0,1.0
SEC_C01_02,2026-09-10,15:30,16:00,0,1.0
SEC_C01_02,2026-09-10,16:00,16:30,0,1.0
SEC_C01_02,2026-09-10,16:30,17:00,0,1.0
SEC_C01_02,2026-09-10,17:00,17:30,0,1.0
SEC_C01_02,2026-09-10,17:30,18:00,0,1.0
SEC_C01_02,2026-09-10,18:00,18:30,0,1.0
SEC_C01_02,2026-09-10,18:30,19:00,0,1.0
SEC_C01_02,2026-09-10,19:00,19:30,2,0.2
SEC_C01_02,2026-09-10,19:30,20:00,2,0.2
SEC_C01_02,2026-09-10,20:00,20:30,1,0.8
SEC_C01_02,2026-09-10,20:30,21:00,0,1.0
SEC_C01_02,2026-09-10,21:00,21:30,0,1.0
SEC_C01_02,2026-09-10,21:30,22:00,0,1.0
SEC_C01_02,2026-09-10,22:00,22:30,0,1.0
SEC_C01_02,2026-09-10,22:30,23:00,0,1.0
SEC_C01_02,2026-09-10,23:00,23:30,0,1.0
SEC_C01_02,2026-09-10,23:30,00:00,0,1.0
SEC_C01_03,2026-09-10,00:00,00:30,0,1.0
SEC_C01_03,2026-09-10,00:30,01:00,0,1.0
SEC_C01_03,2026-09-10,01:00,01:30,0,1.0
SEC_C01_03,2026-09-10,01:30,02:00,0,1.0
SEC_C01_03,2026-09-10,02:00,02:30,0,1.0
SEC_C01_03,2026-09-10,02:30,03:00,0,1.0
SEC_C01_03,2026-09-10,03:00,03:30,0,1.0
SEC_C01_03,2026-09-10,03:30,04:00,0,1.0
SEC_C01_03,2026-09-10,04:00,04:30,0,1.0
SEC_C01_03,2026-09-10,04:30,05:00,0,1.0
SEC_C01_03,2026-09-10,05:00,05:30,0,1.0
SEC_C01_03,2026-09-10,05:30,06:00,0,1.0
SEC_C01_03,2026-09-10,06:00,06:30,0,1.0
SEC_C01_03,2026-09-10,06:30,07:00,0,1.0
SEC_C01_03,2026-09-10,07:00,07:30,0,1.0
SEC_C01_03,2026-09-10,07:30,08:00,0,1.0
SEC_C01_03,2026-09-10,08:00,08:30,1,0.8
SEC_C01_03,2026-09-10,08:30,09:00,1,0.8
SEC_C01_03,2026-09-10,09:00,09:30,0,1.0
SEC_C01_03,2026-09-10,09:30,10:00,0,1.0
SEC_C01_03,2026-09-10,10:00,10:30,0,1.0
SEC_C01_03,2026-09-10,10:30,11:00,0,1.0
SEC_C01_03,2026-09-10,11:00,11:30,0,1.0
SEC_C01_03,2026-09-10,11:30,12:00,0,1.0
SEC_C01_03,2026-09-10,12:00,12:30,0,1.0
SEC_C01_03,2026-09-10,12:30,13:00,0,1.0
SEC_C01_03,2026-09-10,13:00,13:30,0,1.0
SEC_C01_03,2026-09-10,13:30,14:00,0,1.0
SEC_C01_03,2026-09-10,14:00,14:30,0,1.0
SEC_C01_03,2026-09-10,14:30,15:00,1,0.8
SEC_C01_03,2026-09-10,15:00,15:30,0,1.0
SEC_C01_03,2026-09-10,15:30,16:00,0,1.0
SEC_C01_03,2026-09-10,16:00,16:30,0,1.0
SEC_C01_03,2026-09-10,16:30,17:00,0,1.0
SEC_C01_03,2026-09-10,17:00,17:30,0,1.0
SEC_C01_03,2026-09-10,17:30,18:00,0,1.0
SEC_C01_03,2026-09-10,18:00,18:30,0,1.0
SEC_C01_03,2026-09-10,18:30,19:00,1,0.8
SEC_C01_03,2026-09-10,19:00,19:30,1,0.8
SEC_C01_03,2026-09-10,19:30,20:00,0,1.0
SEC_C01_03,2026-09-10,20:00,20:30,0,1.0
SEC_C01_03,2026-09-10,20:30,21:00,0,1.0
SEC_C01_03,2026-09-10,21:00,21:30,0,1.0
SEC_C01_03,2026-09-10,21:30,22:00,0,1.0
SEC_C01_03,2026-09-10,22:00,22:30,0,1.0
SEC_C01_03,2026-09-10,22:30,23:00,0,1.0
SEC_C01_03,2026-09-10,23:00,23:30,0,1.0
SEC_C01_03,2026-09-10,23:30,00:00,0,1.0
SEC_C01_04,2026-09-10,00:00,00:30,0,1.0
SEC_C01_04,2026-09-10,00:30,01:00,0,1.0
SEC_C01_04,2026-09-10,01:00,01:30,0,1.0
SEC_C01_04,2026-09-10,01:30,02:00,0,1.0
SEC_C01_04,2026-09-10,02:00,02:30,0,1.0
SEC_C01_04,2026-09-10,02:30,03:00,0,1.0
SEC_C01_04,2026-09-10,03:00,03:30,0,1.0
SEC_C01_04,2026-09-10,03:30,04:00,0,1.0
SEC_C01_04,2026-09-10,04:00,04:30,0,1.0
SEC_C01_04,2026-09-10,04:30,05:00,0,1.0
SEC_C01_04,2026-09-10,05:00,05:30,0,1.0
SEC_C01_04,2026-09-10,05:30,06:00,0,1.0
SEC_C01_04,2026-09-10,06:00,06:30,0,1.0
SEC_C01_04,2026-09-10,06:30,07:00,0,1.0
SEC_C01_04,2026-09-10,07:00,07:30,0,1.0
SEC_C01_04,2026-09-10,07:30,08:00,0,1.0
SEC_C01_04,2026-09-10,08:00,08:30,0,1.0
SEC_C01_04,2026-09-10,08:30,09:00,0,1.0
SEC_C01_04,2026-09-10,09:00,09:30,0,1.0
SEC_C01_04,2026-09-10,09:30,10:00,0,1.0
SEC_C01_04,2026-09-10,10:00,10:30,0,1.0
SEC_C01_04,2026-09-10,10:30,11:00,0,1.0
SEC_C01_04,2026-09-10,11:00,11:30,0,1.0
SEC_C01_04,2026-09-10,11:30,12:00,0,1.0
SEC_C01_04,2026-09-10,12:00,12:30,0,1.0
SEC_C01_04,2026-09-10,12:30,13:00,0,1.0
SEC_C01_04,2026-09-10,13:00,13:30,0,1.0
SEC_C01_04,2026-09-10,13:30,14:00,0,1.0
SEC_C01_04,2026-09-10,14:00,14:30,0,1.0
SEC_C01_04,2026-09-10,14:30,15:00,0,1.0
SEC_C01_04,2026-09-10,15:00,15:30,0,1.0
SEC_C01_04,2026-09-10,15:30,16:00,0,1.0
SEC_C01_04,2026-09-10,16:00,16:30,0,1.0
SEC_C01_04,2026-09-10,16:30,17:00,0,1.0
SEC_C01_04,2026-09-10,17:00,17:30,1,0.8
SEC_C01_04,2026-09-10,17:30,18:00,1,0.8
SEC_C01_04,2026-09-10,18:00,18:30,0,1.0
SEC_C01_04,2026-09-10,18:30,19:00,0,1.0
SEC_C01_04,2026-09-10,19:00,19:30,0,1.0
SEC_C01_04,2026-09-10,19:30,20:00,0,1.0
SEC_C01_04,2026-09-10,20:00,20:30,1,0.8
SEC_C01_04,2026-09-10,20:30,21:00,1,0.8
SEC_C01_04,2026-09-10,21:00,21:30,0,1.0
SEC_C01_04,2026-09-10,21:30,22:00,0,1.0
SEC_C01_04,2026-09-10,22:00,22:30,0,1.0
SEC_C01_04,2026-09-10,22:30,23:00,0,1.0
SEC_C01_04,2026-09-10,23:00,23:30,0,1.0
SEC_C01_04,2026-09-10,23:30,00:00,0,1.0
SEC_C01_05,2026-09-10,00:00,00:30,0,1.0
SEC_C01_05,2026-09-10,00:30,01:00,0,1.0
SEC_C01_05,2026-09-10,01:00,01:30,0,1.0
SEC_C01_05,2026-09-10,01:30,02:00,0,1.0
SEC_C01_05,2026-09-10,02:00,02:30,1,0.8
SEC_C01_05,2026-09-10,02:30,03:00,1,0.8
SEC_C01_05,2026-09-10,03:00,03:30,0,1.0
SEC_C01_05,2026-09-10,03:30,04:00,0,1.0
SEC_C01_05,2026-09-10,04:00,04:30,0,1.0
SEC_C01_05,2026-09-10,04:30,05:00,0,1.0
SEC_C01_05,2026-09-10,05:00,05:30,0,1.0
SEC_C01_05,2026-09-10,05:30,06:00,0,1.0
SEC_C01_05,2026-09-10,06:00,06:30,0,1.0
SEC_C01_05,2026-09-10,06:30,07:00,0,1.0
SEC_C01_05,2026-09-10,07:00,07:30,1,0.8
SEC_C01_05,2026-09-10,07:30,08:00,1,0.8
SEC_C01_05,2026-09-10,08:00,08:30,0,1.0
SEC_C01_05,2026-09-10,08:30,09:00,1,0.8
SEC_C01_05,2026-09-10,09:00,09:30,1,0.8
SEC_C01_05,2026-09-10,09:30,10:00,0,1.0
SEC_C01_05,2026-09-10,10:00,10:30,0,1.0
SEC_C01_05,2026-09-10,10:30,11:00,0,1.0
SEC_C01_05,2026-09-10,11:00,11:30,0,1.0
SEC_C01_05,2026-09-10,11:30,12:00,1,0.8
SEC_C01_05,2026-09-10,12:00,12:30,1,0.8
SEC_C01_05,2026-09-10,12:30,13:00,0,1.0
SEC_C01_05,2026-09-10,13:00,13:30,0,1.0
SEC_C01_05,2026-09-10,13:30,14:00,0,1.0
SEC_C01_05,2026-09-10,14:00,14:30,0,1.0
SEC_C01_05,2026-09-10,14:30,15:00,0,1.0
SEC_C01_05,2026-09-10,15:00,15:30,0,1.0
SEC_C01_05,2026-09-10,15:30,16:00,0,1.0
SEC_C01_05,2026-09-10,16:00,16:30,0,1.0
SEC_C01_05,2026-09-10,16:30,17:00,0,1.0
SEC_C01_05,2026-09-10,17:00,17:30,0,1.0
SEC_C01_05,2026-09-10,17:30,18:00,0,1.0
SEC_C01_05,2026-09-10,18:00,18:30,0,1.0
SEC_C01_05,2026-09-10,18:30,19:00,0,1.0
SEC_C01_05,2026-09-10,19:00,19:30,0,1.0
SEC_C01_05,2026-09-10,19:30,20:00,0,1.0
SEC_C01_05,2026-09-10,20:00,20:30,0,1.0
SEC_C01_05,2026-09-10,20:30,21:00,0,1.0
SEC_C01_05,2026-09-10,21:00,21:30,0,1.0
SEC_C01_05,2026-09-10,21:30,22:00,0,1.0
SEC_C01_05,2026-09-10,22:00,22:30,0,1.0
SEC_C01_05,2026-09-10,22:30,23:00,0,1.0
SEC_C01_05,2026-09-10,23:00,23:30,0,1.0
SEC_C01_05,2026-09-10,23:30,00:00,0,1.0
SEC_C01_06,2026-09-10,00:00,00:30,0,1.0
SEC_C01_06,2026-09-10,00:30,01:00,0,1.0
SEC_C01_06,2026-09-10,01:00,01:30,0,1.0
SEC_C01_06,2026-09-10,01:30,02:00,0,1.0
SEC_C01_06,2026-09-10,02:00,02:30,0,1.0
SEC_C01_06,2026-09-10,02:30,03:00,0,1.0
SEC_C01_06,2026-09-10,03:00,03:30,0,1.0
SEC_C01_06,2026-09-10,03:30,04:00,0,1.0
SEC_C01_06,2026-09-10,04:00,04:30,1,0.8
SEC_C01_06,2026-09-10,04:30,05:00,1,0.8
SEC_C01_06,2026-09-10,05:00,05:30,0,1.0
SEC_C01_06,2026-09-10,05:30,06:00,0,1.0
SEC_C01_06,2026-09-10,06:00,06:30,0,1.0
SEC_C01_06,2026-09-10,06:30,07:00,0,1.0
SEC_C01_06,2026-09-10,07:00,07:30,0,1.0
SEC_C01_06,2026-09-10,07:30,08:00,0,1.0
SEC_C01_06,2026-09-10,08:00,08:30,0,1.0
SEC_C01_06,2026-09-10,08:30,09:00,1,0.8
SEC_C01_06,2026-09-10,09:00,09:30,1,0.8
SEC_C01_06,2026-09-10,09:30,10:00,0,1.0
SEC_C01_06,2026-09-10,10:00,10:30,0,1.0
SEC_C01_06,2026-09-10,10:30,11:00,0,1.0
SEC_C01_06,2026-09-10,11:00,11:30,0,1.0
SEC_C01_06,2026-09-10,11:30,12:00,0,1.0
SEC_C01_06,2026-09-10,12:00,12:30,0,1.0
SEC_C01_06,2026-09-10,12:30,13:00,0,1.0
SEC_C01_06,2026-09-10,13:00,13:30,0,1.0
SEC_C01_06,2026-09-10,13:30,14:00,0,1.0
SEC_C01_06,2026-09-10,14:00,14:30,0,1.0
SEC_C01_06,2026-09-10,14:30,15:00,0,1.0
SEC_C01_06,2026-09-10,15:00,15:30,0,1.0
SEC_C01_06,2026-09-10,15:30,16:00,0,1.0
SEC_C01_06,2026-09-10,16:00,16:30,0,1.0
SEC_C01_06,2026-09-10,16:30,17:00,0,1.0
SEC_C01_06,2026-09-10,17:00,17:30,0,1.0
SEC_C01_06,2026-09-10,17:30,18:00,0,1.0
SEC_C01_06,2026-09-10,18:00,18:30,0,1.0
SEC_C01_06,2026-09-10,18:30,19:00,0,1.0
SEC_C01_06,2026-09-10,19:00,19:30,0,1.0
SEC_C01_06,2026-09-10,19:30,20:00,0,1.0
SEC_C01_06,2026-09-10,20:00,20:30,0,1.0
SEC_C01_06,2026-09-10,20:30,21:00,0,1.0
SEC_C01_06,2026-09-10,21:00,21:30,0,1.0
SEC_C01_06,2026-09-10,21:30,22:00,0,1.0
SEC_C01_06,2026-09-10,22:00,22:30,0,1.0
SEC_C01_06,2026-09-10,22:30,23:00,0,1.0
SEC_C01_06,2026-09-10,23:00,23:30,0,1.0
SEC_C01_06,2026-09-10,23:30,00:00,0,1.0
SEC_C01_07,2026-09-10,00:00,00:30,0,1.0
SEC_C01_07,2026-09-10,00:30,01:00,0,1.0
SEC_C01_07,2026-09-10,01:00,01:30,0,1.0
SEC_C01_07,2026-09-10,01:30,02:00,0,1.0
SEC_C01_07,2026-09-10,02:00,02:30,0,1.0
SEC_C01_07,2026-09-10,02:30,03:00,0,1.0
SEC_C01_07,2026-09-10,03:00,03:30,0,1.0
SEC_C01_07,2026-09-10,03:30,04:00,0,1.0
SEC_C01_07,2026-09-10,04:00,04:30,0,1.0
SEC_C01_07,2026-09-10,04:30,05:00,0,1.0
SEC_C01_07,2026-09-10,05:00,05:30,0,1.0
SEC_C01_07,2026-09-10,05:30,06:00,0,1.0
SEC_C01_07,2026-09-10,06:00,06:30,0,1.0
SEC_C01_07,2026-09-10,06:30,07:00,1,0.8
SEC_C01_07,2026-09-10,07:00,07:30,0,1.0
SEC_C01_07,2026-09-10,07:30,08:00,0,1.0
SEC_C01_07,2026-09-10,08:00,08:30,0,1.0
SEC_C01_07,2026-09-10,08:30,09:00,1,0.8
SEC_C01_07,2026-09-10,09:00,09:30,1,0.8
SEC_C01_07,2026-09-10,09:30,10:00,1,0.8
SEC_C01_07,2026-09-10,10:00,10:30,0,1.0
SEC_C01_07,2026-09-10,10:30,11:00,0,1.0
SEC_C01_07,2026-09-10,11:00,11:30,0,1.0
SEC_C01_07,2026-09-10,11:30,12:00,0,1.0
SEC_C01_07,2026-09-10,12:00,12:30,0,1.0
SEC_C01_07,2026-09-10,12:30,13:00,0,1.0
SEC_C01_07,2026-09-10,13:00,13:30,0,1.0
SEC_C01_07,2026-09-10,13:30,14:00,0,1.0
SEC_C01_07,2026-09-10,14:00,14:30,0,1.0
SEC_C01_07,2026-09-10,14:30,15:00,0,1.0
SEC_C01_07,2026-09-10,15:00,15:30,0,1.0
SEC_C01_07,2026-09-10,15:30,16:00,0,1.0
SEC_C01_07,2026-09-10,16:00,16:30,0,1.0
SEC_C01_07,2026-09-10,16:30,17:00,0,1.0
SEC_C01_07,2026-09-10,17:00,17:30,1,0.5
SEC_C01_07,2026-09-10,17:30,18:00,1,0.5
SEC_C01_07,2026-09-10,18:00,18:30,0,1.0
SEC_C01_07,2026-09-10,18:30,19:00,0,1.0
SEC_C01_07,2026-09-10,19:00,19:30,0,1.0
SEC_C01_07,2026-09-10,19:30,20:00,0,1.0
SEC_C01_07,2026-09-10,20:00,20:30,0,1.0
SEC_C01_07,2026-09-10,20:30,21:00,0,1.0
SEC_C01_07,2026-09-10,21:00,21:30,0,1.0
SEC_C01_07,2026-09-10,21:30,22:00,0,1.0
SEC_C01_07,2026-09-10,22:00,22:30,0,1.0
SEC_C01_07,2026-09-10,22:30,23:00,0,1.0
SEC_C01_07,2026-09-10,23:00,23:30,0,1.0
SEC_C01_07,2026-09-10,23:30,00:00,0,1.0
SEC_C01_08,2026-09-10,00:00,00:30,0,1.0
SEC_C01_08,2026-09-10,00:30,01:00,0,1.0
SEC_C01_08,2026-09-10,01:00,01:30,0,1.0
SEC_C01_08,2026-09-10,01:30,02:00,0,1.0
SEC_C01_08,2026-09-10,02:00,02:30,0,1.0
SEC_C01_08,2026-09-10,02:30,03:00,0,1.0
SEC_C01_08,2026-09-10,03:00,03:30,0,1.0
SEC_C01_08,2026-09-10,03:30,04:00,0,1.0
SEC_C01_08,2026-09-10,04:00,04:30,0,1.0
SEC_C01_08,2026-09-10,04:30,05:00,0,1.0
SEC_C01_08,2026-09-10,05:00,05:30,0,1.0
SEC_C01_08,2026-09-10,05:30,06:00,0,1.0
SEC_C01_08,2026-09-10,06:00,06:30,1,0.8
SEC_C01_08,2026-09-10,06:30,07:00,2,0.5
SEC_C01_08,2026-09-10,07:00,07:30,1,0.8
SEC_C01_08,2026-09-10,07:30,08:00,0,1.0
SEC_C01_08,2026-09-10,08:00,08:30,0,1.0
SEC_C01_08,2026-09-10,08:30,09:00,0,1.0
SEC_C01_08,2026-09-10,09:00,09:30,0,1.0
SEC_C01_08,2026-09-10,09:30,10:00,0,1.0
SEC_C01_08,2026-09-10,10:00,10:30,0,1.0
SEC_C01_08,2026-09-10,10:30,11:00,0,1.0
SEC_C01_08,2026-09-10,11:00,11:30,1,0.8
SEC_C01_08,2026-09-10,11:30,12:00,0,1.0
SEC_C01_08,2026-09-10,12:00,12:30,0,1.0
SEC_C01_08,2026-09-10,12:30,13:00,0,1.0
SEC_C01_08,2026-09-10,13:00,13:30,0,1.0
SEC_C01_08,2026-09-10,13:30,14:00,0,1.0
SEC_C01_08,2026-09-10,14:00,14:30,0,1.0
SEC_C01_08,2026-09-10,14:30,15:00,0,1.0
SEC_C01_08,2026-09-10,15:00,15:30,0,1.0
SEC_C01_08,2026-09-10,15:30,16:00,0,1.0
SEC_C01_08,2026-09-10,16:00,16:30,0,1.0
SEC_C01_08,2026-09-10,16:30,17:00,0,1.0
SEC_C01_08,2026-09-10,17:00,17:30,0,1.0
SEC_C01_08,2026-09-10,17:30,18:00,0,1.0
SEC_C01_08,2026-09-10,18:00,18:30,0,1.0
SEC_C01_08,2026-09-10,18:30,19:00,0,1.0
SEC_C01_08,2026-09-10,19:00,19:30,0,1.0
SEC_C01_08,2026-09-10,19:30,20:00,0,1.0
SEC_C01_08,2026-09-10,20:00,20:30,0,1.0
SEC_C01_08,2026-09-10,20:30,21:00,0,1.0
SEC_C01_08,2026-09-10,21:00,21:30,0,1.0
SEC_C01_08,2026-09-10,21:30,22:00,0,1.0
SEC_C01_08,2026-09-10,22:00,22:30,0,1.0
SEC_C01_08,2026-09-10,22:30,23:00,0,1.0
SEC_C01_08,2026-09-10,23:00,23:30,0,1.0
SEC_C01_08,2026-09-10,23:30,00:00,0,1.0
SEC_C02_01,2026-09-10,00:00,00:30,0,1.0
SEC_C02_01,2026-09-10,00:30,01:00,0,1.0
SEC_C02_01,2026-09-10,01:00,01:30,0,1.0
SEC_C02_01,2026-09-10,01:30,02:00,0,1.0
SEC_C02_01,2026-09-10,02:00,02:30,0,1.0
SEC_C02_01,2026-09-10,02:30,03:00,0,1.0
SEC_C02_01,2026-09-10,03:00,03:30,0,1.0
SEC_C02_01,2026-09-10,03:30,04:00,0,1.0
SEC_C02_01,2026-09-10,04:00,04:30,0,1.0
SEC_C02_01,2026-09-10,04:30,05:00,0,1.0
SEC_C02_01,2026-09-10,05:00,05:30,0,1.0
SEC_C02_01,2026-09-10,05:30,06:00,0,1.0
SEC_C02_01,2026-09-10,06:00,06:30,1,0.8
SEC_C02_01,2026-09-10,06:30,07:00,2,0.5
SEC_C02_01,2026-09-10,07:00,07:30,1,0.8
SEC_C02_01,2026-09-10,07:30,08:00,0,1.0
SEC_C02_01,2026-09-10,08:00,08:30,0,1.0
SEC_C02_01,2026-09-10,08:30,09:00,0,1.0
SEC_C02_01,2026-09-10,09:00,09:30,0,1.0
SEC_C02_01,2026-09-10,09:30,10:00,0,1.0
SEC_C02_01,2026-09-10,10:00,10:30,0,1.0
SEC_C02_01,2026-09-10,10:30,11:00,0,1.0
SEC_C02_01,2026-09-10,11:00,11:30,0,1.0
SEC_C02_01,2026-09-10,11:30,12:00,0,1.0
SEC_C02_01,2026-09-10,12:00,12:30,0,1.0
SEC_C02_01,2026-09-10,12:30,13:00,0,1.0
SEC_C02_01,2026-09-10,13:00,13:30,0,1.0
SEC_C02_01,2026-09-10,13:30,14:00,0,1.0
SEC_C02_01,2026-09-10,14:00,14:30,0,1.0
SEC_C02_01,2026-09-10,14:30,15:00,0,1.0
SEC_C02_01,2026-09-10,15:00,15:30,0,1.0
SEC_C02_01,2026-09-10,15:30,16:00,1,0.8
SEC_C02_01,2026-09-10,16:00,16:30,1,0.8
SEC_C02_01,2026-09-10,16:30,17:00,0,1.0
SEC_C02_01,2026-09-10,17:00,17:30,0,1.0
SEC_C02_01,2026-09-10,17:30,18:00,0,1.0
SEC_C02_01,2026-09-10,18:00,18:30,0,1.0
SEC_C02_01,2026-09-10,18:30,19:00,0,1.0
SEC_C02_01,2026-09-10,19:00,19:30,0,1.0
SEC_C02_01,2026-09-10,19:30,20:00,0,1.0
SEC_C02_01,2026-09-10,20:00,20:30,0,1.0
SEC_C02_01,2026-09-10,20:30,21:00,0,1.0
SEC_C02_01,2026-09-10,21:00,21:30,1,0.8
SEC_C02_01,2026-09-10,21:30,22:00,0,1.0
SEC_C02_01,2026-09-10,22:00,22:30,0,1.0
SEC_C02_01,2026-09-10,22:30,23:00,0,1.0
SEC_C02_01,2026-09-10,23:00,23:30,0,1.0
SEC_C02_01,2026-09-10,23:30,00:00,0,1.0
SEC_C02_02,2026-09-10,00:00,00:30,0,1.0
SEC_C02_02,2026-09-10,00:30,01:00,0,1.0
SEC_C02_02,2026-09-10,01:00,01:30,0,1.0
SEC_C02_02,2026-09-10,01:30,02:00,0,1.0
SEC_C02_02,2026-09-10,02:00,02:30,0,1.0
SEC_C02_02,2026-09-10,02:30,03:00,0,1.0
SEC_C02_02,2026-09-10,03:00,03:30,0,1.0
SEC_C02_02,2026-09-10,03:30,04:00,0,1.0
SEC_C02_02,2026-09-10,04:00,04:30,0,1.0
SEC_C02_02,2026-09-10,04:30,05:00,0,1.0
SEC_C02_02,2026-09-10,05:00,05:30,0,1.0
SEC_C02_02,2026-09-10,05:30,06:00,0,1.0
SEC_C02_02,2026-09-10,06:00,06:30,0,1.0
SEC_C02_02,2026-09-10,06:30,07:00,0,1.0
SEC_C02_02,2026-09-10,07:00,07:30,0,1.0
SEC_C02_02,2026-09-10,07:30,08:00,0,1.0
SEC_C02_02,2026-09-10,08:00,08:30,1,0.8
SEC_C02_02,2026-09-10,08:30,09:00,1,0.8
SEC_C02_02,2026-09-10,09:00,09:30,1,0.8
SEC_C02_02,2026-09-10,09:30,10:00,1,0.8
SEC_C02_02,2026-09-10,10:00,10:30,0,1.0
SEC_C02_02,2026-09-10,10:30,11:00,0,1.0
SEC_C02_02,2026-09-10,11:00,11:30,0,1.0
SEC_C02_02,2026-09-10,11:30,12:00,0,1.0
SEC_C02_02,2026-09-10,12:00,12:30,0,1.0
SEC_C02_02,2026-09-10,12:30,13:00,0,1.0
SEC_C02_02,2026-09-10,13:00,13:30,0,1.0
SEC_C02_02,2026-09-10,13:30,14:00,0,1.0
SEC_C02_02,2026-09-10,14:00,14:30,0,1.0
SEC_C02_02,2026-09-10,14:30,15:00,0,1.0
SEC_C02_02,2026-09-10,15:00,15:30,0,1.0
SEC_C02_02,2026-09-10,15:30,16:00,0,1.0
SEC_C02_02,2026-09-10,16:00,16:30,0,1.0
SEC_C02_02,2026-09-10,16:30,17:00,0,1.0
SEC_C02_02,2026-09-10,17:00,17:30,0,1.0
SEC_C02_02,2026-09-10,17:30,18:00,0,1.0
SEC_C02_02,2026-09-10,18:00,18:30,0,1.0
SEC_C02_02,2026-09-10,18:30,19:00,0,1.0
SEC_C02_02,2026-09-10,19:00,19:30,0,1.0
SEC_C02_02,2026-09-10,19:30,20:00,0,1.0
SEC_C02_02,2026-09-10,20:00,20:30,0,1.0
SEC_C02_02,2026-09-10,20:30,21:00,0,1.0
SEC_C02_02,2026-09-10,21:00,21:30,0,1.0
SEC_C02_02,2026-09-10,21:30,22:00,0,1.0
SEC_C02_02,2026-09-10,22:00,22:30,0,1.0
SEC_C02_02,2026-09-10,22:30,23:00,0,1.0
SEC_C02_02,2026-09-10,23:00,23:30,0,1.0
SEC_C02_02,2026-09-10,23:30,00:00,0,1.0
SEC_C02_03,2026-09-10,00:00,00:30,0,1.0
SEC_C02_03,2026-09-10,00:30,01:00,0,1.0
SEC_C02_03,2026-09-10,01:00,01:30,0,1.0
SEC_C02_03,2026-09-10,01:30,02:00,0,1.0
SEC_C02_03,2026-09-10,02:00,02:30,0,1.0
SEC_C02_03,2026-09-10,02:30,03:00,0,1.0
SEC_C02_03,2026-09-10,03:00,03:30,0,1.0
SEC_C02_03,2026-09-10,03:30,04:00,0,1.0
SEC_C02_03,2026-09-10,04:00,04:30,0,1.0
SEC_C02_03,2026-09-10,04:30,05:00,0,1.0
SEC_C02_03,2026-09-10,05:00,05:30,0,1.0
SEC_C02_03,2026-09-10,05:30,06:00,0,1.0
SEC_C02_03,2026-09-10,06:00,06:30,1,0.8
SEC_C02_03,2026-09-10,06:30,07:00,1,0.8
SEC_C02_03,2026-09-10,07:00,07:30,0,1.0
SEC_C02_03,2026-09-10,07:30,08:00,0,1.0
SEC_C02_03,2026-09-10,08:00,08:30,0,1.0
SEC_C02_03,2026-09-10,08:30,09:00,0,1.0
SEC_C02_03,2026-09-10,09:00,09:30,0,1.0
SEC_C02_03,2026-09-10,09:30,10:00,1,0.8
SEC_C02_03,2026-09-10,10:00,10:30,1,0.8
SEC_C02_03,2026-09-10,10:30,11:00,0,1.0
SEC_C02_03,2026-09-10,11:00,11:30,0,1.0
SEC_C02_03,2026-09-10,11:30,12:00,0,1.0
SEC_C02_03,2026-09-10,12:00,12:30,0,1.0
SEC_C02_03,2026-09-10,12:30,13:00,0,1.0
SEC_C02_03,2026-09-10,13:00,13:30,0,1.0
SEC_C02_03,2026-09-10,13:30,14:00,0,1.0
SEC_C02_03,2026-09-10,14:00,14:30,0,1.0
SEC_C02_03,2026-09-10,14:30,15:00,0,1.0
SEC_C02_03,2026-09-10,15:00,15:30,1,0.5
SEC_C02_03,2026-09-10,15:30,16:00,0,1.0
SEC_C02_03,2026-09-10,16:00,16:30,0,1.0
SEC_C02_03,2026-09-10,16:30,17:00,0,1.0
SEC_C02_03,2026-09-10,17:00,17:30,0,1.0
SEC_C02_03,2026-09-10,17:30,18:00,0,1.0
SEC_C02_03,2026-09-10,18:00,18:30,0,1.0
SEC_C02_03,2026-09-10,18:30,19:00,0,1.0
SEC_C02_03,2026-09-10,19:00,19:30,1,0.5
SEC_C02_03,2026-09-10,19:30,20:00,1,0.5
SEC_C02_03,2026-09-10,20:00,20:30,0,1.0
SEC_C02_03,2026-09-10,20:30,21:00,0,1.0
SEC_C02_03,2026-09-10,21:00,21:30,0,1.0
SEC_C02_03,2026-09-10,21:30,22:00,0,1.0
SEC_C02_03,2026-09-10,22:00,22:30,0,1.0
SEC_C02_03,2026-09-10,22:30,23:00,0,1.0
SEC_C02_03,2026-09-10,23:00,23:30,0,1.0
SEC_C02_03,2026-09-10,23:30,00:00,0,1.0
SEC_C02_04,2026-09-10,00:00,00:30,0,1.0
SEC_C02_04,2026-09-10,00:30,01:00,0,1.0
SEC_C02_04,2026-09-10,01:00,01:30,0,1.0
SEC_C02_04,2026-09-10,01:30,02:00,0,1.0
SEC_C02_04,2026-09-10,02:00,02:30,0,1.0
SEC_C02_04,2026-09-10,02:30,03:00,0,1.0
SEC_C02_04,2026-09-10,03:00,03:30,0,1.0
SEC_C02_04,2026-09-10,03:30,04:00,0,1.0
SEC_C02_04,2026-09-10,04:00,04:30,0,1.0
SEC_C02_04,2026-09-10,04:30,05:00,0,1.0
SEC_C02_04,2026-09-10,05:00,05:30,0,1.0
SEC_C02_04,2026-09-10,05:30,06:00,0,1.0
SEC_C02_04,2026-09-10,06:00,06:30,0,1.0
SEC_C02_04,2026-09-10,06:30,07:00,0,1.0
SEC_C02_04,2026-09-10,07:00,07:30,1,0.5
SEC_C02_04,2026-09-10,07:30,08:00,1,0.5
SEC_C02_04,2026-09-10,08:00,08:30,1,0.8
SEC_C02_04,2026-09-10,08:30,09:00,1,0.8
SEC_C02_04,2026-09-10,09:00,09:30,0,1.0
SEC_C02_04,2026-09-10,09:30,10:00,0,1.0
SEC_C02_04,2026-09-10,10:00,10:30,0,1.0
SEC_C02_04,2026-09-10,10:30,11:00,0,1.0
SEC_C02_04,2026-09-10,11:00,11:30,0,1.0
SEC_C02_04,2026-09-10,11:30,12:00,0,1.0
SEC_C02_04,2026-09-10,12:00,12:30,0,1.0
SEC_C02_04,2026-09-10,12:30,13:00,0,1.0
SEC_C02_04,2026-09-10,13:00,13:30,0,1.0
SEC_C02_04,2026-09-10,13:30,14:00,0,1.0
SEC_C02_04,2026-09-10,14:00,14:30,0,1.0
SEC_C02_04,2026-09-10,14:30,15:00,0,1.0
SEC_C02_04,2026-09-10,15:00,15:30,0,1.0
SEC_C02_04,2026-09-10,15:30,16:00,0,1.0
SEC_C02_04,2026-09-10,16:00,16:30,0,1.0
SEC_C02_04,2026-09-10,16:30,17:00,0,1.0
SEC_C02_04,2026-09-10,17:00,17:30,0,1.0
SEC_C02_04,2026-09-10,17:30,18:00,0,1.0
SEC_C02_04,2026-09-10,18:00,18:30,0,1.0
SEC_C02_04,2026-09-10,18:30,19:00,0,1.0
SEC_C02_04,2026-09-10,19:00,19:30,0,1.0
SEC_C02_04,2026-09-10,19:30,20:00,0,1.0
SEC_C02_04,2026-09-10,20:00,20:30,0,1.0
SEC_C02_04,2026-09-10,20:30,21:00,0,1.0
SEC_C02_04,2026-09-10,21:00,21:30,0,1.0
SEC_C02_04,2026-09-10,21:30,22:00,0,1.0
SEC_C02_04,2026-09-10,22:00,22:30,0,1.0
SEC_C02_04,2026-09-10,22:30,23:00,0,1.0
SEC_C02_04,2026-09-10,23:00,23:30,0,1.0
SEC_C02_04,2026-09-10,23:30,00:00,0,1.0
SEC_C02_05,2026-09-10,00:00,00:30,0,1.0
SEC_C02_05,2026-09-10,00:30,01:00,0,1.0
SEC_C02_05,2026-09-10,01:00,01:30,0,1.0
SEC_C02_05,2026-09-10,01:30,02:00,0,1.0
SEC_C02_05,2026-09-10,02:00,02:30,0,1.0
SEC_C02_05,2026-09-10,02:30,03:00,0,1.0
SEC_C02_05,2026-09-10,03:00,03:30,1,0.8
SEC_C02_05,2026-09-10,03:30,04:00,1,0.8
SEC_C02_05,2026-09-10,04:00,04:30,0,1.0
SEC_C02_05,2026-09-10,04:30,05:00,0,1.0
SEC_C02_05,2026-09-10,05:00,05:30,0,1.0
SEC_C02_05,2026-09-10,05:30,06:00,0,1.0
SEC_C02_05,2026-09-10,06:00,06:30,0,1.0
SEC_C02_05,2026-09-10,06:30,07:00,0,1.0
SEC_C02_05,2026-09-10,07:00,07:30,0,1.0
SEC_C02_05,2026-09-10,07:30,08:00,0,1.0
SEC_C02_05,2026-09-10,08:00,08:30,0,1.0
SEC_C02_05,2026-09-10,08:30,09:00,0,1.0
SEC_C02_05,2026-09-10,09:00,09:30,1,0.8
SEC_C02_05,2026-09-10,09:30,10:00,1,0.8
SEC_C02_05,2026-09-10,10:00,10:30,1,0.8
SEC_C02_05,2026-09-10,10:30,11:00,0,1.0
SEC_C02_05,2026-09-10,11:00,11:30,0,1.0
SEC_C02_05,2026-09-10,11:30,12:00,0,1.0
SEC_C02_05,2026-09-10,12:00,12:30,0,1.0
SEC_C02_05,2026-09-10,12:30,13:00,0,1.0
SEC_C02_05,2026-09-10,13:00,13:30,0,1.0
SEC_C02_05,2026-09-10,13:30,14:00,0,1.0
SEC_C02_05,2026-09-10,14:00,14:30,0,1.0
SEC_C02_05,2026-09-10,14:30,15:00,0,1.0
SEC_C02_05,2026-09-10,15:00,15:30,0,1.0
SEC_C02_05,2026-09-10,15:30,16:00,0,1.0
SEC_C02_05,2026-09-10,16:00,16:30,0,1.0
SEC_C02_05,2026-09-10,16:30,17:00,0,1.0
SEC_C02_05,2026-09-10,17:00,17:30,0,1.0
SEC_C02_05,2026-09-10,17:30,18:00,1,0.8
SEC_C02_05,2026-09-10,18:00,18:30,1,0.8
SEC_C02_05,2026-09-10,18:30,19:00,0,1.0
SEC_C02_05,2026-09-10,19:00,19:30,0,1.0
SEC_C02_05,2026-09-10,19:30,20:00,0,1.0
SEC_C02_05,2026-09-10,20:00,20:30,0,1.0
SEC_C02_05,2026-09-10,20:30,21:00,0,1.0
SEC_C02_05,2026-09-10,21:00,21:30,0,1.0
SEC_C02_05,2026-09-10,21:30,22:00,0,1.0
SEC_C02_05,2026-09-10,22:00,22:30,0,1.0
SEC_C02_05,2026-09-10,22:30,23:00,0,1.0
SEC_C02_05,2026-09-10,23:00,23:30,0,1.0
SEC_C02_05,2026-09-10,23:30,00:00,0,1.0
SEC_C02_06,2026-09-10,00:00,00:30,0,1.0
SEC_C02_06,2026-09-10,00:30,01:00,0,1.0
SEC_C02_06,2026-09-10,01:00,01:30,0,1.0
SEC_C02_06,2026-09-10,01:30,02:00,0,1.0
SEC_C02_06,2026-09-10,02:00,02:30,0,1.0
SEC_C02_06,2026-09-10,02:30,03:00,0,1.0
SEC_C02_06,2026-09-10,03:00,03:30,0,1.0
SEC_C02_06,2026-09-10,03:30,04:00,0,1.0
SEC_C02_06,2026-09-10,04:00,04:30,0,1.0
SEC_C02_06,2026-09-10,04:30,05:00,1,0.8
SEC_C02_06,2026-09-10,05:00,05:30,1,0.8
SEC_C02_06,2026-09-10,05:30,06:00,0,1.0
SEC_C02_06,2026-09-10,06:00,06:30,0,1.0
SEC_C02_06,2026-09-10,06:30,07:00,2,0.5
SEC_C02_06,2026-09-10,07:00,07:30,3,0.25
SEC_C02_06,2026-09-10,07:30,08:00,1,0.8
SEC_C02_06,2026-09-10,08:00,08:30,0,1.0
SEC_C02_06,2026-09-10,08:30,09:00,0,1.0
SEC_C02_06,2026-09-10,09:00,09:30,0,1.0
SEC_C02_06,2026-09-10,09:30,10:00,0,1.0
SEC_C02_06,2026-09-10,10:00,10:30,0,1.0
SEC_C02_06,2026-09-10,10:30,11:00,0,1.0
SEC_C02_06,2026-09-10,11:00,11:30,0,1.0
SEC_C02_06,2026-09-10,11:30,12:00,0,1.0
SEC_C02_06,2026-09-10,12:00,12:30,0,1.0
SEC_C02_06,2026-09-10,12:30,13:00,0,1.0
SEC_C02_06,2026-09-10,13:00,13:30,0,1.0
SEC_C02_06,2026-09-10,13:30,14:00,0,1.0
SEC_C02_06,2026-09-10,14:00,14:30,0,1.0
SEC_C02_06,2026-09-10,14:30,15:00,0,1.0
SEC_C02_06,2026-09-10,15:00,15:30,0,1.0
SEC_C02_06,2026-09-10,15:30,16:00,0,1.0
SEC_C02_06,2026-09-10,16:00,16:30,0,1.0
SEC_C02_06,2026-09-10,16:30,17:00,0,1.0
SEC_C02_06,2026-09-10,17:00,17:30,0,1.0
SEC_C02_06,2026-09-10,17:30,18:00,0,1.0
SEC_C02_06,2026-09-10,18:00,18:30,0,1.0
SEC_C02_06,2026-09-10,18:30,19:00,0,1.0
SEC_C02_06,2026-09-10,19:00,19:30,1,0.5
SEC_C02_06,2026-09-10,19:30,20:00,1,0.5
SEC_C02_06,2026-09-10,20:00,20:30,0,1.0
SEC_C02_06,2026-09-10,20:30,21:00,0,1.0
SEC_C02_06,2026-09-10,21:00,21:30,0,1.0
SEC_C02_06,2026-09-10,21:30,22:00,0,1.0
SEC_C02_06,2026-09-10,22:00,22:30,0,1.0
SEC_C02_06,2026-09-10,22:30,23:00,0,1.0
SEC_C02_06,2026-09-10,23:00,23:30,0,1.0
SEC_C02_06,2026-09-10,23:30,00:00,0,1.0
SEC_C02_07,2026-09-10,00:00,00:30,0,1.0
SEC_C02_07,2026-09-10,00:30,01:00,0,1.0
SEC_C02_07,2026-09-10,01:00,01:30,0,1.0
SEC_C02_07,2026-09-10,01:30,02:00,0,1.0
SEC_C02_07,2026-09-10,02:00,02:30,0,1.0
SEC_C02_07,2026-09-10,02:30,03:00,0,1.0
SEC_C02_07,2026-09-10,03:00,03:30,0,1.0
SEC_C02_07,2026-09-10,03:30,04:00,0,1.0
SEC_C02_07,2026-09-10,04:00,04:30,0,1.0
SEC_C02_07,2026-09-10,04:30,05:00,1,0.8
SEC_C02_07,2026-09-10,05:00,05:30,1,0.8
SEC_C02_07,2026-09-10,05:30,06:00,0,1.0
SEC_C02_07,2026-09-10,06:00,06:30,0,1.0
SEC_C02_07,2026-09-10,06:30,07:00,0,1.0
SEC_C02_07,2026-09-10,07:00,07:30,0,1.0
SEC_C02_07,2026-09-10,07:30,08:00,0,1.0
SEC_C02_07,2026-09-10,08:00,08:30,0,1.0
SEC_C02_07,2026-09-10,08:30,09:00,0,1.0
SEC_C02_07,2026-09-10,09:00,09:30,1,0.8
SEC_C02_07,2026-09-10,09:30,10:00,2,0.5
SEC_C02_07,2026-09-10,10:00,10:30,1,0.8
SEC_C02_07,2026-09-10,10:30,11:00,0,1.0
SEC_C02_07,2026-09-10,11:00,11:30,0,1.0
SEC_C02_07,2026-09-10,11:30,12:00,0,1.0
SEC_C02_07,2026-09-10,12:00,12:30,0,1.0
SEC_C02_07,2026-09-10,12:30,13:00,0,1.0
SEC_C02_07,2026-09-10,13:00,13:30,0,1.0
SEC_C02_07,2026-09-10,13:30,14:00,1,0.8
SEC_C02_07,2026-09-10,14:00,14:30,1,0.8
SEC_C02_07,2026-09-10,14:30,15:00,0,1.0
SEC_C02_07,2026-09-10,15:00,15:30,0,1.0
SEC_C02_07,2026-09-10,15:30,16:00,0,1.0
SEC_C02_07,2026-09-10,16:00,16:30,0,1.0
SEC_C02_07,2026-09-10,16:30,17:00,0,1.0
SEC_C02_07,2026-09-10,17:00,17:30,0,1.0
SEC_C02_07,2026-09-10,17:30,18:00,0,1.0
SEC_C02_07,2026-09-10,18:00,18:30,0,1.0
SEC_C02_07,2026-09-10,18:30,19:00,0,1.0
SEC_C02_07,2026-09-10,19:00,19:30,0,1.0
SEC_C02_07,2026-09-10,19:30,20:00,0,1.0
SEC_C02_07,2026-09-10,20:00,20:30,0,1.0
SEC_C02_07,2026-09-10,20:30,21:00,0,1.0
SEC_C02_07,2026-09-10,21:00,21:30,1,0.8
SEC_C02_07,2026-09-10,21:30,22:00,1,0.8
SEC_C02_07,2026-09-10,22:00,22:30,0,1.0
SEC_C02_07,2026-09-10,22:30,23:00,0,1.0
SEC_C02_07,2026-09-10,23:00,23:30,0,1.0
SEC_C02_07,2026-09-10,23:30,00:00,0,1.0
SEC_C02_08,2026-09-10,00:00,00:30,0,1.0
SEC_C02_08,2026-09-10,00:30,01:00,0,1.0
SEC_C02_08,2026-09-10,01:00,01:30,0,1.0
SEC_C02_08,2026-09-10,01:30,02:00,1,0.8
SEC_C02_08,2026-09-10,02:00,02:30,1,0.8
SEC_C02_08,2026-09-10,02:30,03:00,0,1.0
SEC_C02_08,2026-09-10,03:00,03:30,0,1.0
SEC_C02_08,2026-09-10,03:30,04:00,0,1.0
SEC_C02_08,2026-09-10,04:00,04:30,0,1.0
SEC_C02_08,2026-09-10,04:30,05:00,0,1.0
SEC_C02_08,2026-09-10,05:00,05:30,0,1.0
SEC_C02_08,2026-09-10,05:30,06:00,0,1.0
SEC_C02_08,2026-09-10,06:00,06:30,0,1.0
SEC_C02_08,2026-09-10,06:30,07:00,0,1.0
SEC_C02_08,2026-09-10,07:00,07:30,0,1.0
SEC_C02_08,2026-09-10,07:30,08:00,0,1.0
SEC_C02_08,2026-09-10,08:00,08:30,1,0.8
SEC_C02_08,2026-09-10,08:30,09:00,1,0.8
SEC_C02_08,2026-09-10,09:00,09:30,0,1.0
SEC_C02_08,2026-09-10,09:30,10:00,1,0.5
SEC_C02_08,2026-09-10,10:00,10:30,1,0.5
SEC_C02_08,2026-09-10,10:30,11:00,0,1.0
SEC_C02_08,2026-09-10,11:00,11:30,0,1.0
SEC_C02_08,2026-09-10,11:30,12:00,0,1.0
SEC_C02_08,2026-09-10,12:00,12:30,0,1.0
SEC_C02_08,2026-09-10,12:30,13:00,0,1.0
SEC_C02_08,2026-09-10,13:00,13:30,1,0.8
SEC_C02_08,2026-09-10,13:30,14:00,1,0.8
SEC_C02_08,2026-09-10,14:00,14:30,0,1.0
SEC_C02_08,2026-09-10,14:30,15:00,0,1.0
SEC_C02_08,2026-09-10,15:00,15:30,0,1.0
SEC_C02_08,2026-09-10,15:30,16:00,0,1.0
SEC_C02_08,2026-09-10,16:00,16:30,0,1.0
SEC_C02_08,2026-09-10,16:30,17:00,0,1.0
SEC_C02_08,2026-09-10,17:00,17:30,0,1.0
SEC_C02_08,2026-09-10,17:30,18:00,0,1.0
SEC_C02_08,2026-09-10,18:00,18:30,0,1.0
SEC_C02_08,2026-09-10,18:30,19:00,0,1.0
SEC_C02_08,2026-09-10,19:00,19:30,0,1.0
SEC_C02_08,2026-09-10,19:30,20:00,0,1.0
SEC_C02_08,2026-09-10,20:00,20:30,0,1.0
SEC_C02_08,2026-09-10,20:30,21:00,0,1.0
SEC_C02_08,2026-09-10,21:00,21:30,0,1.0
SEC_C02_08,2026-09-10,21:30,22:00,1,0.8
SEC_C02_08,2026-09-10,22:00,22:30,1,0.8
SEC_C02_08,2026-09-10,22:30,23:00,1,0.8
SEC_C02_08,2026-09-10,23:00,23:30,0,1.0
SEC_C02_08,2026-09-10,23:30,00:00,0,1.0
SEC_C02_09,2026-09-10,00:00,00:30,0,1.0
SEC_C02_09,2026-09-10,00:30,01:00,0,1.0
SEC_C02_09,2026-09-10,01:00,01:30,0,1.0
SEC_C02_09,2026-09-10,01:30,02:00,0,1.0
SEC_C02_09,2026-09-10,02:00,02:30,0,1.0
SEC_C02_09,2026-09-10,02:30,03:00,0,1.0
SEC_C02_09,2026-09-10,03:00,03:30,0,1.0
SEC_C02_09,2026-09-10,03:30,04:00,0,1.0
SEC_C02_09,2026-09-10,04:00,04:30,0,1.0
SEC_C02_09,2026-09-10,04:30,05:00,0,1.0
SEC_C02_09,2026-09-10,05:00,05:30,0,1.0
SEC_C02_09,2026-09-10,05:30,06:00,0,1.0
SEC_C02_09,2026-09-10,06:00,06:30,0,1.0
SEC_C02_09,2026-09-10,06:30,07:00,0,1.0
SEC_C02_09,2026-09-10,07:00,07:30,1,0.8
SEC_C02_09,2026-09-10,07:30,08:00,1,0.8
SEC_C02_09,2026-09-10,08:00,08:30,0,1.0
SEC_C02_09,2026-09-10,08:30,09:00,0,1.0
SEC_C02_09,2026-09-10,09:00,09:30,0,1.0
SEC_C02_09,2026-09-10,09:30,10:00,0,1.0
SEC_C02_09,2026-09-10,10:00,10:30,0,1.0
SEC_C02_09,2026-09-10,10:30,11:00,0,1.0
SEC_C02_09,2026-09-10,11:00,11:30,0,1.0
SEC_C02_09,2026-09-10,11:30,12:00,0,1.0
SEC_C02_09,2026-09-10,12:00,12:30,0,1.0
SEC_C02_09,2026-09-10,12:30,13:00,0,1.0
SEC_C02_09,2026-09-10,13:00,13:30,0,1.0
SEC_C02_09,2026-09-10,13:30,14:00,0,1.0
SEC_C02_09,2026-09-10,14:00,14:30,0,1.0
SEC_C02_09,2026-09-10,14:30,15:00,1,0.8
SEC_C02_09,2026-09-10,15:00,15:30,1,0.8
SEC_C02_09,2026-09-10,15:30,16:00,0,1.0
SEC_C02_09,2026-09-10,16:00,16:30,0,1.0
SEC_C02_09,2026-09-10,16:30,17:00,0,1.0
SEC_C02_09,2026-09-10,17:00,17:30,0,1.0
SEC_C02_09,2026-09-10,17:30,18:00,0,1.0
SEC_C02_09,2026-09-10,18:00,18:30,0,1.0
SEC_C02_09,2026-09-10,18:30,19:00,0,1.0
SEC_C02_09,2026-09-10,19:00,19:30,0,1.0
SEC_C02_09,2026-09-10,19:30,20:00,0,1.0
SEC_C02_09,2026-09-10,20:00,20:30,0,1.0
SEC_C02_09,2026-09-10,20:30,21:00,0,1.0
SEC_C02_09,2026-09-10,21:00,21:30,0,1.0
SEC_C02_09,2026-09-10,21:30,22:00,0,1.0
SEC_C02_09,2026-09-10,22:00,22:30,0,1.0
SEC_C02_09,2026-09-10,22:30,23:00,0,1.0
SEC_C02_09,2026-09-10,23:00,23:30,0,1.0
SEC_C02_09,2026-09-10,23:30,00:00,0,1.0
SEC_C02_10,2026-09-10,00:00,00:30,0,1.0
SEC_C02_10,2026-09-10,00:30,01:00,0,1.0
SEC_C02_10,2026-09-10,01:00,01:30,0,1.0
SEC_C02_10,2026-09-10,01:30,02:00,0,1.0
SEC_C02_10,2026-09-10,02:00,02:30,0,1.0
SEC_C02_10,2026-09-10,02:30,03:00,0,1.0
SEC_C02_10,2026-09-10,03:00,03:30,0,1.0
SEC_C02_10,2026-09-10,03:30,04:00,0,1.0
SEC_C02_10,2026-09-10,04:00,04:30,0,1.0
SEC_C02_10,2026-09-10,04:30,05:00,0,1.0
SEC_C02_10,2026-09-10,05:00,05:30,0,1.0
SEC_C02_10,2026-09-10,05:30,06:00,0,1.0
SEC_C02_10,2026-09-10,06:00,06:30,0,1.0
SEC_C02_10,2026-09-10,06:30,07:00,0,1.0
SEC_C02_10,2026-09-10,07:00,07:30,0,1.0
SEC_C02_10,2026-09-10,07:30,08:00,0,1.0
SEC_C02_10,2026-09-10,08:00,08:30,0,1.0
SEC_C02_10,2026-09-10,08:30,09:00,0,1.0
SEC_C02_10,2026-09-10,09:00,09:30,1,0.8
SEC_C02_10,2026-09-10,09:30,10:00,1,0.8
SEC_C02_10,2026-09-10,10:00,10:30,0,1.0
SEC_C02_10,2026-09-10,10:30,11:00,0,1.0
SEC_C02_10,2026-09-10,11:00,11:30,0,1.0
SEC_C02_10,2026-09-10,11:30,12:00,0,1.0
SEC_C02_10,2026-09-10,12:00,12:30,0,1.0
SEC_C02_10,2026-09-10,12:30,13:00,0,1.0
SEC_C02_10,2026-09-10,13:00,13:30,0,1.0
SEC_C02_10,2026-09-10,13:30,14:00,0,1.0
SEC_C02_10,2026-09-10,14:00,14:30,0,1.0
SEC_C02_10,2026-09-10,14:30,15:00,1,0.8
SEC_C02_10,2026-09-10,15:00,15:30,1,0.8
SEC_C02_10,2026-09-10,15:30,16:00,0,1.0
SEC_C02_10,2026-09-10,16:00,16:30,0,1.0
SEC_C02_10,2026-09-10,16:30,17:00,0,1.0
SEC_C02_10,2026-09-10,17:00,17:30,0,1.0
SEC_C02_10,2026-09-10,17:30,18:00,0,1.0
SEC_C02_10,2026-09-10,18:00,18:30,0,1.0
SEC_C02_10,2026-09-10,18:30,19:00,1,0.8
SEC_C02_10,2026-09-10,19:00,19:30,1,0.8
SEC_C02_10,2026-09-10,19:30,20:00,0,1.0
SEC_C02_10,2026-09-10,20:00,20:30,0,1.0
SEC_C02_10,2026-09-10,20:30,21:00,0,1.0
SEC_C02_10,2026-09-10,21:00,21:30,0,1.0
SEC_C02_10,2026-09-10,21:30,22:00,0,1.0
SEC_C02_10,2026-09-10,22:00,22:30,0,1.0
SEC_C02_10,2026-09-10,22:30,23:00,0,1.0
SEC_C02_10,2026-09-10,23:00,23:30,0,1.0
SEC_C02_10,2026-09-10,23:30,00:00,0,1.0
SEC_C03_01,2026-09-10,00:00,00:30,0,1.0
SEC_C03_01,2026-09-10,00:30,01:00,0,1.0
SEC_C03_01,2026-09-10,01:00,01:30,0,1.0
SEC_C03_01,2026-09-10,01:30,02:00,0,1.0
SEC_C03_01,2026-09-10,02:00,02:30,0,1.0
SEC_C03_01,2026-09-10,02:30,03:00,0,1.0
SEC_C03_01,2026-09-10,03:00,03:30,0,1.0
SEC_C03_01,2026-09-10,03:30,04:00,0,1.0
SEC_C03_01,2026-09-10,04:00,04:30,0,1.0
SEC_C03_01,2026-09-10,04:30,05:00,0,1.0
SEC_C03_01,2026-09-10,05:00,05:30,0,1.0
SEC_C03_01,2026-09-10,05:30,06:00,0,1.0
SEC_C03_01,2026-09-10,06:00,06:30,0,1.0
SEC_C03_01,2026-09-10,06:30,07:00,0,1.0
SEC_C03_01,2026-09-10,07:00,07:30,0,1.0
SEC_C03_01,2026-09-10,07:30,08:00,0,1.0
SEC_C03_01,2026-09-10,08:00,08:30,0,1.0
SEC_C03_01,2026-09-10,08:30,09:00,0,1.0
SEC_C03_01,2026-09-10,09:00,09:30,0,1.0
SEC_C03_01,2026-09-10,09:30,10:00,2,0.5
SEC_C03_01,2026-09-10,10:00,10:30,2,0.5
SEC_C03_01,2026-09-10,10:30,11:00,1,0.8
SEC_C03_01,2026-09-10,11:00,11:30,0,1.0
SEC_C03_01,2026-09-10,11:30,12:00,0,1.0
SEC_C03_01,2026-09-10,12:00,12:30,0,1.0
SEC_C03_01,2026-09-10,12:30,13:00,0,1.0
SEC_C03_01,2026-09-10,13:00,13:30,0,1.0
SEC_C03_01,2026-09-10,13:30,14:00,0,1.0
SEC_C03_01,2026-09-10,14:00,14:30,0,1.0
SEC_C03_01,2026-09-10,14:30,15:00,0,1.0
SEC_C03_01,2026-09-10,15:00,15:30,1,0.8
SEC_C03_01,2026-09-10,15:30,16:00,1,0.8
SEC_C03_01,2026-09-10,16:00,16:30,0,1.0
SEC_C03_01,2026-09-10,16:30,17:00,0,1.0
SEC_C03_01,2026-09-10,17:00,17:30,0,1.0
SEC_C03_01,2026-09-10,17:30,18:00,0,1.0
SEC_C03_01,2026-09-10,18:00,18:30,0,1.0
SEC_C03_01,2026-09-10,18:30,19:00,0,1.0
SEC_C03_01,2026-09-10,19:00,19:30,0,1.0
SEC_C03_01,2026-09-10,19:30,20:00,0,1.0
SEC_C03_01,2026-09-10,20:00,20:30,0,1.0
SEC_C03_01,2026-09-10,20:30,21:00,0,1.0
SEC_C03_01,2026-09-10,21:00,21:30,0,1.0
SEC_C03_01,2026-09-10,21:30,22:00,0,1.0
SEC_C03_01,2026-09-10,22:00,22:30,0,1.0
SEC_C03_01,2026-09-10,22:30,23:00,0,1.0
SEC_C03_01,2026-09-10,23:00,23:30,0,1.0
SEC_C03_01,2026-09-10,23:30,00:00,0,1.0
SEC_C03_02,2026-09-10,00:00,00:30,0,1.0
SEC_C03_02,2026-09-10,00:30,01:00,0,1.0
SEC_C03_02,2026-09-10,01:00,01:30,0,1.0
SEC_C03_02,2026-09-10,01:30,02:00,0,1.0
SEC_C03_02,2026-09-10,02:00,02:30,0,1.0
SEC_C03_02,2026-09-10,02:30,03:00,0,1.0
SEC_C03_02,2026-09-10,03:00,03:30,0,1.0
SEC_C03_02,2026-09-10,03:30,04:00,0,1.0
SEC_C03_02,2026-09-10,04:00,04:30,0,1.0
SEC_C03_02,2026-09-10,04:30,05:00,0,1.0
SEC_C03_02,2026-09-10,05:00,05:30,0,1.0
SEC_C03_02,2026-09-10,05:30,06:00,0,1.0
SEC_C03_02,2026-09-10,06:00,06:30,0,1.0
SEC_C03_02,2026-09-10,06:30,07:00,0,1.0
SEC_C03_02,2026-09-10,07:00,07:30,0,1.0
SEC_C03_02,2026-09-10,07:30,08:00,0,1.0
SEC_C03_02,2026-09-10,08:00,08:30,0,1.0
SEC_C03_02,2026-09-10,08:30,09:00,1,0.8
SEC_C03_02,2026-09-10,09:00,09:30,2,0.5
SEC_C03_02,2026-09-10,09:30,10:00,1,0.8
SEC_C03_02,2026-09-10,10:00,10:30,0,1.0
SEC_C03_02,2026-09-10,10:30,11:00,0,1.0
SEC_C03_02,2026-09-10,11:00,11:30,1,0.5
SEC_C03_02,2026-09-10,11:30,12:00,2,0.2
SEC_C03_02,2026-09-10,12:00,12:30,1,0.8
SEC_C03_02,2026-09-10,12:30,13:00,0,1.0
SEC_C03_02,2026-09-10,13:00,13:30,0,1.0
SEC_C03_02,2026-09-10,13:30,14:00,0,1.0
SEC_C03_02,2026-09-10,14:00,14:30,0,1.0
SEC_C03_02,2026-09-10,14:30,15:00,0,1.0
SEC_C03_02,2026-09-10,15:00,15:30,0,1.0
SEC_C03_02,2026-09-10,15:30,16:00,0,1.0
SEC_C03_02,2026-09-10,16:00,16:30,0,1.0
SEC_C03_02,2026-09-10,16:30,17:00,0,1.0
SEC_C03_02,2026-09-10,17:00,17:30,0,1.0
SEC_C03_02,2026-09-10,17:30,18:00,0,1.0
SEC_C03_02,2026-09-10,18:00,18:30,0,1.0
SEC_C03_02,2026-09-10,18:30,19:00,0,1.0
SEC_C03_02,2026-09-10,19:00,19:30,0,1.0
SEC_C03_02,2026-09-10,19:30,20:00,0,1.0
SEC_C03_02,2026-09-10,20:00,20:30,0,1.0
SEC_C03_02,2026-09-10,20:30,21:00,0,1.0
SEC_C03_02,2026-09-10,21:00,21:30,0,1.0
SEC_C03_02,2026-09-10,21:30,22:00,0,1.0
SEC_C03_02,2026-09-10,22:00,22:30,0,1.0
SEC_C03_02,2026-09-10,22:30,23:00,0,1.0
SEC_C03_02,2026-09-10,23:00,23:30,0,1.0
SEC_C03_02,2026-09-10,23:30,00:00,0,1.0
SEC_C03_03,2026-09-10,00:00,00:30,0,1.0
SEC_C03_03,2026-09-10,00:30,01:00,0,1.0
SEC_C03_03,2026-09-10,01:00,01:30,0,1.0
SEC_C03_03,2026-09-10,01:30,02:00,0,1.0
SEC_C03_03,2026-09-10,02:00,02:30,0,1.0
SEC_C03_03,2026-09-10,02:30,03:00,0,1.0
SEC_C03_03,2026-09-10,03:00,03:30,0,1.0
SEC_C03_03,2026-09-10,03:30,04:00,0,1.0
SEC_C03_03,2026-09-10,04:00,04:30,0,1.0
SEC_C03_03,2026-09-10,04:30,05:00,0,1.0
SEC_C03_03,2026-09-10,05:00,05:30,0,1.0
SEC_C03_03,2026-09-10,05:30,06:00,0,1.0
SEC_C03_03,2026-09-10,06:00,06:30,1,0.5
SEC_C03_03,2026-09-10,06:30,07:00,2,0.2
SEC_C03_03,2026-09-10,07:00,07:30,1,0.5
SEC_C03_03,2026-09-10,07:30,08:00,0,1.0
SEC_C03_03,2026-09-10,08:00,08:30,0,1.0
SEC_C03_03,2026-09-10,08:30,09:00,0,1.0
SEC_C03_03,2026-09-10,09:00,09:30,0,1.0
SEC_C03_03,2026-09-10,09:30,10:00,0,1.0
SEC_C03_03,2026-09-10,10:00,10:30,0,1.0
SEC_C03_03,2026-09-10,10:30,11:00,0,1.0
SEC_C03_03,2026-09-10,11:00,11:30,0,1.0
SEC_C03_03,2026-09-10,11:30,12:00,0,1.0
SEC_C03_03,2026-09-10,12:00,12:30,0,1.0
SEC_C03_03,2026-09-10,12:30,13:00,0,1.0
SEC_C03_03,2026-09-10,13:00,13:30,0,1.0
SEC_C03_03,2026-09-10,13:30,14:00,0,1.0
SEC_C03_03,2026-09-10,14:00,14:30,0,1.0
SEC_C03_03,2026-09-10,14:30,15:00,0,1.0
SEC_C03_03,2026-09-10,15:00,15:30,0,1.0
SEC_C03_03,2026-09-10,15:30,16:00,0,1.0
SEC_C03_03,2026-09-10,16:00,16:30,0,1.0
SEC_C03_03,2026-09-10,16:30,17:00,0,1.0
SEC_C03_03,2026-09-10,17:00,17:30,0,1.0
SEC_C03_03,2026-09-10,17:30,18:00,0,1.0
SEC_C03_03,2026-09-10,18:00,18:30,0,1.0
SEC_C03_03,2026-09-10,18:30,19:00,0,1.0
SEC_C03_03,2026-09-10,19:00,19:30,0,1.0
SEC_C03_03,2026-09-10,19:30,20:00,0,1.0
SEC_C03_03,2026-09-10,20:00,20:30,0,1.0
SEC_C03_03,2026-09-10,20:30,21:00,1,0.8
SEC_C03_03,2026-09-10,21:00,21:30,1,0.8
SEC_C03_03,2026-09-10,21:30,22:00,0,1.0
SEC_C03_03,2026-09-10,22:00,22:30,0,1.0
SEC_C03_03,2026-09-10,22:30,23:00,0,1.0
SEC_C03_03,2026-09-10,23:00,23:30,0,1.0
SEC_C03_03,2026-09-10,23:30,00:00,0,1.0
SEC_C03_04,2026-09-10,00:00,00:30,0,1.0
SEC_C03_04,2026-09-10,00:30,01:00,0,1.0
SEC_C03_04,2026-09-10,01:00,01:30,0,1.0
SEC_C03_04,2026-09-10,01:30,02:00,0,1.0
SEC_C03_04,2026-09-10,02:00,02:30,0,1.0
SEC_C03_04,2026-09-10,02:30,03:00,0,1.0
SEC_C03_04,2026-09-10,03:00,03:30,0,1.0
SEC_C03_04,2026-09-10,03:30,04:00,0,1.0
SEC_C03_04,2026-09-10,04:00,04:30,0,1.0
SEC_C03_04,2026-09-10,04:30,05:00,0,1.0
SEC_C03_04,2026-09-10,05:00,05:30,0,1.0
SEC_C03_04,2026-09-10,05:30,06:00,0,1.0
SEC_C03_04,2026-09-10,06:00,06:30,0,1.0
SEC_C03_04,2026-09-10,06:30,07:00,0,1.0
SEC_C03_04,2026-09-10,07:00,07:30,0,1.0
SEC_C03_04,2026-09-10,07:30,08:00,0,1.0
SEC_C03_04,2026-09-10,08:00,08:30,0,1.0
SEC_C03_04,2026-09-10,08:30,09:00,0,1.0
SEC_C03_04,2026-09-10,09:00,09:30,0,1.0
SEC_C03_04,2026-09-10,09:30,10:00,0,1.0
SEC_C03_04,2026-09-10,10:00,10:30,0,1.0
SEC_C03_04,2026-09-10,10:30,11:00,0,1.0
SEC_C03_04,2026-09-10,11:00,11:30,0,1.0
SEC_C03_04,2026-09-10,11:30,12:00,0,1.0
SEC_C03_04,2026-09-10,12:00,12:30,1,0.8
SEC_C03_04,2026-09-10,12:30,13:00,1,0.8
SEC_C03_04,2026-09-10,13:00,13:30,0,1.0
SEC_C03_04,2026-09-10,13:30,14:00,1,0.8
SEC_C03_04,2026-09-10,14:00,14:30,1,0.8
SEC_C03_04,2026-09-10,14:30,15:00,0,1.0
SEC_C03_04,2026-09-10,15:00,15:30,0,1.0
SEC_C03_04,2026-09-10,15:30,16:00,1,0.8
SEC_C03_04,2026-09-10,16:00,16:30,0,1.0
SEC_C03_04,2026-09-10,16:30,17:00,0,1.0
SEC_C03_04,2026-09-10,17:00,17:30,1,0.8
SEC_C03_04,2026-09-10,17:30,18:00,1,0.8
SEC_C03_04,2026-09-10,18:00,18:30,0,1.0
SEC_C03_04,2026-09-10,18:30,19:00,0,1.0
SEC_C03_04,2026-09-10,19:00,19:30,0,1.0
SEC_C03_04,2026-09-10,19:30,20:00,0,1.0
SEC_C03_04,2026-09-10,20:00,20:30,0,1.0
SEC_C03_04,2026-09-10,20:30,21:00,0,1.0
SEC_C03_04,2026-09-10,21:00,21:30,0,1.0
SEC_C03_04,2026-09-10,21:30,22:00,0,1.0
SEC_C03_04,2026-09-10,22:00,22:30,0,1.0
SEC_C03_04,2026-09-10,22:30,23:00,0,1.0
SEC_C03_04,2026-09-10,23:00,23:30,0,1.0
SEC_C03_04,2026-09-10,23:30,00:00,0,1.0
SEC_C03_05,2026-09-10,00:00,00:30,0,1.0
SEC_C03_05,2026-09-10,00:30,01:00,0,1.0
SEC_C03_05,2026-09-10,01:00,01:30,0,1.0
SEC_C03_05,2026-09-10,01:30,02:00,0,1.0
SEC_C03_05,2026-09-10,02:00,02:30,0,1.0
SEC_C03_05,2026-09-10,02:30,03:00,0,1.0
SEC_C03_05,2026-09-10,03:00,03:30,0,1.0
SEC_C03_05,2026-09-10,03:30,04:00,0,1.0
SEC_C03_05,2026-09-10,04:00,04:30,0,1.0
SEC_C03_05,2026-09-10,04:30,05:00,0,1.0
SEC_C03_05,2026-09-10,05:00,05:30,0,1.0
SEC_C03_05,2026-09-10,05:30,06:00,0,1.0
SEC_C03_05,2026-09-10,06:00,06:30,0,1.0
SEC_C03_05,2026-09-10,06:30,07:00,0,1.0
SEC_C03_05,2026-09-10,07:00,07:30,0,1.0
SEC_C03_05,2026-09-10,07:30,08:00,0,1.0
SEC_C03_05,2026-09-10,08:00,08:30,1,0.8
SEC_C03_05,2026-09-10,08:30,09:00,3,0.25
SEC_C03_05,2026-09-10,09:00,09:30,2,0.5
SEC_C03_05,2026-09-10,09:30,10:00,1,0.8
SEC_C03_05,2026-09-10,10:00,10:30,0,1.0
SEC_C03_05,2026-09-10,10:30,11:00,0,1.0
SEC_C03_05,2026-09-10,11:00,11:30,0,1.0
SEC_C03_05,2026-09-10,11:30,12:00,0,1.0
SEC_C03_05,2026-09-10,12:00,12:30,0,1.0
SEC_C03_05,2026-09-10,12:30,13:00,0,1.0
SEC_C03_05,2026-09-10,13:00,13:30,1,0.8
SEC_C03_05,2026-09-10,13:30,14:00,1,0.8
SEC_C03_05,2026-09-10,14:00,14:30,1,0.8
SEC_C03_05,2026-09-10,14:30,15:00,0,1.0
SEC_C03_05,2026-09-10,15:00,15:30,0,1.0
SEC_C03_05,2026-09-10,15:30,16:00,0,1.0
SEC_C03_05,2026-09-10,16:00,16:30,0,1.0
SEC_C03_05,2026-09-10,16:30,17:00,0,1.0
SEC_C03_05,2026-09-10,17:00,17:30,0,1.0
SEC_C03_05,2026-09-10,17:30,18:00,0,1.0
SEC_C03_05,2026-09-10,18:00,18:30,0,1.0
SEC_C03_05,2026-09-10,18:30,19:00,1,0.5
SEC_C03_05,2026-09-10,19:00,19:30,1,0.5
SEC_C03_05,2026-09-10,19:30,20:00,0,1.0
SEC_C03_05,2026-09-10,20:00,20:30,0,1.0
SEC_C03_05,2026-09-10,20:30,21:00,0,1.0
SEC_C03_05,2026-09-10,21:00,21:30,0,1.0
SEC_C03_05,2026-09-10,21:30,22:00,0,1.0
SEC_C03_05,2026-09-10,22:00,22:30,0,1.0
SEC_C03_05,2026-09-10,22:30,23:00,0,1.0
SEC_C03_05,2026-09-10,23:00,23:30,0,1.0
SEC_C03_05,2026-09-10,23:30,00:00,0,1.0
SEC_C03_06,2026-09-10,00:00,00:30,0,1.0
SEC_C03_06,2026-09-10,00:30,01:00,0,1.0
SEC_C03_06,2026-09-10,01:00,01:30,0,1.0
SEC_C03_06,2026-09-10,01:30,02:00,0,1.0
SEC_C03_06,2026-09-10,02:00,02:30,0,1.0
SEC_C03_06,2026-09-10,02:30,03:00,0,1.0
SEC_C03_06,2026-09-10,03:00,03:30,0,1.0
SEC_C03_06,2026-09-10,03:30,04:00,0,1.0
SEC_C03_06,2026-09-10,04:00,04:30,0,1.0
SEC_C03_06,2026-09-10,04:30,05:00,0,1.0
SEC_C03_06,2026-09-10,05:00,05:30,0,1.0
SEC_C03_06,2026-09-10,05:30,06:00,0,1.0
SEC_C03_06,2026-09-10,06:00,06:30,0,1.0
SEC_C03_06,2026-09-10,06:30,07:00,0,1.0
SEC_C03_06,2026-09-10,07:00,07:30,0,1.0
SEC_C03_06,2026-09-10,07:30,08:00,0,1.0
SEC_C03_06,2026-09-10,08:00,08:30,0,1.0
SEC_C03_06,2026-09-10,08:30,09:00,1,0.8
SEC_C03_06,2026-09-10,09:00,09:30,1,0.8
SEC_C03_06,2026-09-10,09:30,10:00,0,1.0
SEC_C03_06,2026-09-10,10:00,10:30,0,1.0
SEC_C03_06,2026-09-10,10:30,11:00,0,1.0
SEC_C03_06,2026-09-10,11:00,11:30,0,1.0
SEC_C03_06,2026-09-10,11:30,12:00,0,1.0
SEC_C03_06,2026-09-10,12:00,12:30,0,1.0
SEC_C03_06,2026-09-10,12:30,13:00,1,0.8
SEC_C03_06,2026-09-10,13:00,13:30,1,0.8
SEC_C03_06,2026-09-10,13:30,14:00,0,1.0
SEC_C03_06,2026-09-10,14:00,14:30,0,1.0
SEC_C03_06,2026-09-10,14:30,15:00,0,1.0
SEC_C03_06,2026-09-10,15:00,15:30,0,1.0
SEC_C03_06,2026-09-10,15:30,16:00,0,1.0
SEC_C03_06,2026-09-10,16:00,16:30,0,1.0
SEC_C03_06,2026-09-10,16:30,17:00,0,1.0
SEC_C03_06,2026-09-10,17:00,17:30,0,1.0
SEC_C03_06,2026-09-10,17:30,18:00,1,0.8
SEC_C03_06,2026-09-10,18:00,18:30,1,0.8
SEC_C03_06,2026-09-10,18:30,19:00,0,1.0
SEC_C03_06,2026-09-10,19:00,19:30,0,1.0
SEC_C03_06,2026-09-10,19:30,20:00,1,0.8
SEC_C03_06,2026-09-10,20:00,20:30,1,0.8
SEC_C03_06,2026-09-10,20:30,21:00,0,1.0
SEC_C03_06,2026-09-10,21:00,21:30,0,1.0
SEC_C03_06,2026-09-10,21:30,22:00,0,1.0
SEC_C03_06,2026-09-10,22:00,22:30,0,1.0
SEC_C03_06,2026-09-10,22:30,23:00,0,1.0
SEC_C03_06,2026-09-10,23:00,23:30,0,1.0
SEC_C03_06,2026-09-10,23:30,00:00,0,1.0
SEC_C04_01,2026-09-10,00:00,00:30,0,1.0
SEC_C04_01,2026-09-10,00:30,01:00,0,1.0
SEC_C04_01,2026-09-10,01:00,01:30,0,1.0
SEC_C04_01,2026-09-10,01:30,02:00,0,1.0
SEC_C04_01,2026-09-10,02:00,02:30,0,1.0
SEC_C04_01,2026-09-10,02:30,03:00,0,1.0
SEC_C04_01,2026-09-10,03:00,03:30,0,1.0
SEC_C04_01,2026-09-10,03:30,04:00,0,1.0
SEC_C04_01,2026-09-10,04:00,04:30,0,1.0
SEC_C04_01,2026-09-10,04:30,05:00,1,0.8
SEC_C04_01,2026-09-10,05:00,05:30,1,0.8
SEC_C04_01,2026-09-10,05:30,06:00,0,1.0
SEC_C04_01,2026-09-10,06:00,06:30,0,1.0
SEC_C04_01,2026-09-10,06:30,07:00,0,1.0
SEC_C04_01,2026-09-10,07:00,07:30,2,0.5
SEC_C04_01,2026-09-10,07:30,08:00,3,0.25
SEC_C04_01,2026-09-10,08:00,08:30,0,1.0
SEC_C04_01,2026-09-10,08:30,09:00,0,1.0
SEC_C04_01,2026-09-10,09:00,09:30,0,1.0
SEC_C04_01,2026-09-10,09:30,10:00,0,1.0
SEC_C04_01,2026-09-10,10:00,10:30,0,1.0
SEC_C04_01,2026-09-10,10:30,11:00,0,1.0
SEC_C04_01,2026-09-10,11:00,11:30,0,1.0
SEC_C04_01,2026-09-10,11:30,12:00,0,1.0
SEC_C04_01,2026-09-10,12:00,12:30,0,1.0
SEC_C04_01,2026-09-10,12:30,13:00,0,1.0
SEC_C04_01,2026-09-10,13:00,13:30,0,1.0
SEC_C04_01,2026-09-10,13:30,14:00,0,1.0
SEC_C04_01,2026-09-10,14:00,14:30,0,1.0
SEC_C04_01,2026-09-10,14:30,15:00,0,1.0
SEC_C04_01,2026-09-10,15:00,15:30,0,1.0
SEC_C04_01,2026-09-10,15:30,16:00,0,1.0
SEC_C04_01,2026-09-10,16:00,16:30,0,1.0
SEC_C04_01,2026-09-10,16:30,17:00,0,1.0
SEC_C04_01,2026-09-10,17:00,17:30,0,1.0
SEC_C04_01,2026-09-10,17:30,18:00,0,1.0
SEC_C04_01,2026-09-10,18:00,18:30,0,1.0
SEC_C04_01,2026-09-10,18:30,19:00,0,1.0
SEC_C04_01,2026-09-10,19:00,19:30,0,1.0
SEC_C04_01,2026-09-10,19:30,20:00,0,1.0
SEC_C04_01,2026-09-10,20:00,20:30,0,1.0
SEC_C04_01,2026-09-10,20:30,21:00,0,1.0
SEC_C04_01,2026-09-10,21:00,21:30,0,1.0
SEC_C04_01,2026-09-10,21:30,22:00,1,0.8
SEC_C04_01,2026-09-10,22:00,22:30,0,1.0
SEC_C04_01,2026-09-10,22:30,23:00,0,1.0
SEC_C04_01,2026-09-10,23:00,23:30,0,1.0
SEC_C04_01,2026-09-10,23:30,00:00,0,1.0
SEC_C04_02,2026-09-10,00:00,00:30,0,1.0
SEC_C04_02,2026-09-10,00:30,01:00,0,1.0
SEC_C04_02,2026-09-10,01:00,01:30,0,1.0
SEC_C04_02,2026-09-10,01:30,02:00,0,1.0
SEC_C04_02,2026-09-10,02:00,02:30,0,1.0
SEC_C04_02,2026-09-10,02:30,03:00,0,1.0
SEC_C04_02,2026-09-10,03:00,03:30,0,1.0
SEC_C04_02,2026-09-10,03:30,04:00,0,1.0
SEC_C04_02,2026-09-10,04:00,04:30,0,1.0
SEC_C04_02,2026-09-10,04:30,05:00,0,1.0
SEC_C04_02,2026-09-10,05:00,05:30,0,1.0
SEC_C04_02,2026-09-10,05:30,06:00,0,1.0
SEC_C04_02,2026-09-10,06:00,06:30,0,1.0
SEC_C04_02,2026-09-10,06:30,07:00,1,0.8
SEC_C04_02,2026-09-10,07:00,07:30,1,0.8
SEC_C04_02,2026-09-10,07:30,08:00,0,1.0
SEC_C04_02,2026-09-10,08:00,08:30,0,1.0
SEC_C04_02,2026-09-10,08:30,09:00,0,1.0
SEC_C04_02,2026-09-10,09:00,09:30,1,0.8
SEC_C04_02,2026-09-10,09:30,10:00,1,0.8
SEC_C04_02,2026-09-10,10:00,10:30,0,1.0
SEC_C04_02,2026-09-10,10:30,11:00,0,1.0
SEC_C04_02,2026-09-10,11:00,11:30,0,1.0
SEC_C04_02,2026-09-10,11:30,12:00,0,1.0
SEC_C04_02,2026-09-10,12:00,12:30,0,1.0
SEC_C04_02,2026-09-10,12:30,13:00,0,1.0
SEC_C04_02,2026-09-10,13:00,13:30,0,1.0
SEC_C04_02,2026-09-10,13:30,14:00,0,1.0
SEC_C04_02,2026-09-10,14:00,14:30,0,1.0
SEC_C04_02,2026-09-10,14:30,15:00,0,1.0
SEC_C04_02,2026-09-10,15:00,15:30,1,0.5
SEC_C04_02,2026-09-10,15:30,16:00,0,1.0
SEC_C04_02,2026-09-10,16:00,16:30,0,1.0
SEC_C04_02,2026-09-10,16:30,17:00,0,1.0
SEC_C04_02,2026-09-10,17:00,17:30,0,1.0
SEC_C04_02,2026-09-10,17:30,18:00,0,1.0
SEC_C04_02,2026-09-10,18:00,18:30,0,1.0
SEC_C04_02,2026-09-10,18:30,19:00,0,1.0
SEC_C04_02,2026-09-10,19:00,19:30,0,1.0
SEC_C04_02,2026-09-10,19:30,20:00,0,1.0
SEC_C04_02,2026-09-10,20:00,20:30,1,0.8
SEC_C04_02,2026-09-10,20:30,21:00,1,0.8
SEC_C04_02,2026-09-10,21:00,21:30,0,1.0
SEC_C04_02,2026-09-10,21:30,22:00,0,1.0
SEC_C04_02,2026-09-10,22:00,22:30,0,1.0
SEC_C04_02,2026-09-10,22:30,23:00,0,1.0
SEC_C04_02,2026-09-10,23:00,23:30,0,1.0
SEC_C04_02,2026-09-10,23:30,00:00,0,1.0
SEC_C04_03,2026-09-10,00:00,00:30,0,1.0
SEC_C04_03,2026-09-10,00:30,01:00,0,1.0
SEC_C04_03,2026-09-10,01:00,01:30,0,1.0
SEC_C04_03,2026-09-10,01:30,02:00,0,1.0
SEC_C04_03,2026-09-10,02:00,02:30,0,1.0
SEC_C04_03,2026-09-10,02:30,03:00,1,0.8
SEC_C04_03,2026-09-10,03:00,03:30,1,0.8
SEC_C04_03,2026-09-10,03:30,04:00,0,1.0
SEC_C04_03,2026-09-10,04:00,04:30,0,1.0
SEC_C04_03,2026-09-10,04:30,05:00,0,1.0
SEC_C04_03,2026-09-10,05:00,05:30,0,1.0
SEC_C04_03,2026-09-10,05:30,06:00,0,1.0
SEC_C04_03,2026-09-10,06:00,06:30,0,1.0
SEC_C04_03,2026-09-10,06:30,07:00,0,1.0
SEC_C04_03,2026-09-10,07:00,07:30,0,1.0
SEC_C04_03,2026-09-10,07:30,08:00,0,1.0
SEC_C04_03,2026-09-10,08:00,08:30,0,1.0
SEC_C04_03,2026-09-10,08:30,09:00,0,1.0
SEC_C04_03,2026-09-10,09:00,09:30,0,1.0
SEC_C04_03,2026-09-10,09:30,10:00,0,1.0
SEC_C04_03,2026-09-10,10:00,10:30,0,1.0
SEC_C04_03,2026-09-10,10:30,11:00,0,1.0
SEC_C04_03,2026-09-10,11:00,11:30,0,1.0
SEC_C04_03,2026-09-10,11:30,12:00,0,1.0
SEC_C04_03,2026-09-10,12:00,12:30,0,1.0
SEC_C04_03,2026-09-10,12:30,13:00,0,1.0
SEC_C04_03,2026-09-10,13:00,13:30,0,1.0
SEC_C04_03,2026-09-10,13:30,14:00,0,1.0
SEC_C04_03,2026-09-10,14:00,14:30,0,1.0
SEC_C04_03,2026-09-10,14:30,15:00,0,1.0
SEC_C04_03,2026-09-10,15:00,15:30,0,1.0
SEC_C04_03,2026-09-10,15:30,16:00,0,1.0
SEC_C04_03,2026-09-10,16:00,16:30,0,1.0
SEC_C04_03,2026-09-10,16:30,17:00,0,1.0
SEC_C04_03,2026-09-10,17:00,17:30,0,1.0
SEC_C04_03,2026-09-10,17:30,18:00,0,1.0
SEC_C04_03,2026-09-10,18:00,18:30,1,0.8
SEC_C04_03,2026-09-10,18:30,19:00,1,0.8
SEC_C04_03,2026-09-10,19:00,19:30,0,1.0
SEC_C04_03,2026-09-10,19:30,20:00,0,1.0
SEC_C04_03,2026-09-10,20:00,20:30,0,1.0
SEC_C04_03,2026-09-10,20:30,21:00,0,1.0
SEC_C04_03,2026-09-10,21:00,21:30,0,1.0
SEC_C04_03,2026-09-10,21:30,22:00,0,1.0
SEC_C04_03,2026-09-10,22:00,22:30,0,1.0
SEC_C04_03,2026-09-10,22:30,23:00,0,1.0
SEC_C04_03,2026-09-10,23:00,23:30,0,1.0
SEC_C04_03,2026-09-10,23:30,00:00,0,1.0
SEC_C04_04,2026-09-10,00:00,00:30,0,1.0
SEC_C04_04,2026-09-10,00:30,01:00,0,1.0
SEC_C04_04,2026-09-10,01:00,01:30,0,1.0
SEC_C04_04,2026-09-10,01:30,02:00,0,1.0
SEC_C04_04,2026-09-10,02:00,02:30,0,1.0
SEC_C04_04,2026-09-10,02:30,03:00,0,1.0
SEC_C04_04,2026-09-10,03:00,03:30,0,1.0
SEC_C04_04,2026-09-10,03:30,04:00,0,1.0
SEC_C04_04,2026-09-10,04:00,04:30,0,1.0
SEC_C04_04,2026-09-10,04:30,05:00,0,1.0
SEC_C04_04,2026-09-10,05:00,05:30,0,1.0
SEC_C04_04,2026-09-10,05:30,06:00,0,1.0
SEC_C04_04,2026-09-10,06:00,06:30,0,1.0
SEC_C04_04,2026-09-10,06:30,07:00,0,1.0
SEC_C04_04,2026-09-10,07:00,07:30,0,1.0
SEC_C04_04,2026-09-10,07:30,08:00,0,1.0
SEC_C04_04,2026-09-10,08:00,08:30,0,1.0
SEC_C04_04,2026-09-10,08:30,09:00,1,0.8
SEC_C04_04,2026-09-10,09:00,09:30,1,0.8
SEC_C04_04,2026-09-10,09:30,10:00,0,1.0
SEC_C04_04,2026-09-10,10:00,10:30,0,1.0
SEC_C04_04,2026-09-10,10:30,11:00,0,1.0
SEC_C04_04,2026-09-10,11:00,11:30,0,1.0
SEC_C04_04,2026-09-10,11:30,12:00,0,1.0
SEC_C04_04,2026-09-10,12:00,12:30,0,1.0
SEC_C04_04,2026-09-10,12:30,13:00,0,1.0
SEC_C04_04,2026-09-10,13:00,13:30,0,1.0
SEC_C04_04,2026-09-10,13:30,14:00,0,1.0
SEC_C04_04,2026-09-10,14:00,14:30,0,1.0
SEC_C04_04,2026-09-10,14:30,15:00,0,1.0
SEC_C04_04,2026-09-10,15:00,15:30,0,1.0
SEC_C04_04,2026-09-10,15:30,16:00,0,1.0
SEC_C04_04,2026-09-10,16:00,16:30,0,1.0
SEC_C04_04,2026-09-10,16:30,17:00,0,1.0
SEC_C04_04,2026-09-10,17:00,17:30,0,1.0
SEC_C04_04,2026-09-10,17:30,18:00,0,1.0
SEC_C04_04,2026-09-10,18:00,18:30,0,1.0
SEC_C04_04,2026-09-10,18:30,19:00,0,1.0
SEC_C04_04,2026-09-10,19:00,19:30,0,1.0
SEC_C04_04,2026-09-10,19:30,20:00,0,1.0
SEC_C04_04,2026-09-10,20:00,20:30,0,1.0
SEC_C04_04,2026-09-10,20:30,21:00,0,1.0
SEC_C04_04,2026-09-10,21:00,21:30,1,0.8
SEC_C04_04,2026-09-10,21:30,22:00,1,0.8
SEC_C04_04,2026-09-10,22:00,22:30,0,1.0
SEC_C04_04,2026-09-10,22:30,23:00,0,1.0
SEC_C04_04,2026-09-10,23:00,23:30,0,1.0
SEC_C04_04,2026-09-10,23:30,00:00,0,1.0
SEC_C04_05,2026-09-10,00:00,00:30,0,1.0
SEC_C04_05,2026-09-10,00:30,01:00,0,1.0
SEC_C04_05,2026-09-10,01:00,01:30,0,1.0
SEC_C04_05,2026-09-10,01:30,02:00,0,1.0
SEC_C04_05,2026-09-10,02:00,02:30,0,1.0
SEC_C04_05,2026-09-10,02:30,03:00,0,1.0
SEC_C04_05,2026-09-10,03:00,03:30,0,1.0
SEC_C04_05,2026-09-10,03:30,04:00,0,1.0
SEC_C04_05,2026-09-10,04:00,04:30,0,1.0
SEC_C04_05,2026-09-10,04:30,05:00,0,1.0
SEC_C04_05,2026-09-10,05:00,05:30,0,1.0
SEC_C04_05,2026-09-10,05:30,06:00,0,1.0
SEC_C04_05,2026-09-10,06:00,06:30,0,1.0
SEC_C04_05,2026-09-10,06:30,07:00,1,0.8
SEC_C04_05,2026-09-10,07:00,07:30,1,0.8
SEC_C04_05,2026-09-10,07:30,08:00,1,0.8
SEC_C04_05,2026-09-10,08:00,08:30,0,1.0
SEC_C04_05,2026-09-10,08:30,09:00,0,1.0
SEC_C04_05,2026-09-10,09:00,09:30,0,1.0
SEC_C04_05,2026-09-10,09:30,10:00,0,1.0
SEC_C04_05,2026-09-10,10:00,10:30,0,1.0
SEC_C04_05,2026-09-10,10:30,11:00,0,1.0
SEC_C04_05,2026-09-10,11:00,11:30,0,1.0
SEC_C04_05,2026-09-10,11:30,12:00,0,1.0
SEC_C04_05,2026-09-10,12:00,12:30,0,1.0
SEC_C04_05,2026-09-10,12:30,13:00,0,1.0
SEC_C04_05,2026-09-10,13:00,13:30,0,1.0
SEC_C04_05,2026-09-10,13:30,14:00,0,1.0
SEC_C04_05,2026-09-10,14:00,14:30,0,1.0
SEC_C04_05,2026-09-10,14:30,15:00,1,0.8
SEC_C04_05,2026-09-10,15:00,15:30,0,1.0
SEC_C04_05,2026-09-10,15:30,16:00,0,1.0
SEC_C04_05,2026-09-10,16:00,16:30,0,1.0
SEC_C04_05,2026-09-10,16:30,17:00,0,1.0
SEC_C04_05,2026-09-10,17:00,17:30,0,1.0
SEC_C04_05,2026-09-10,17:30,18:00,0,1.0
SEC_C04_05,2026-09-10,18:00,18:30,0,1.0
SEC_C04_05,2026-09-10,18:30,19:00,0,1.0
SEC_C04_05,2026-09-10,19:00,19:30,0,1.0
SEC_C04_05,2026-09-10,19:30,20:00,0,1.0
SEC_C04_05,2026-09-10,20:00,20:30,0,1.0
SEC_C04_05,2026-09-10,20:30,21:00,1,0.8
SEC_C04_05,2026-09-10,21:00,21:30,2,0.2
SEC_C04_05,2026-09-10,21:30,22:00,1,0.5
SEC_C04_05,2026-09-10,22:00,22:30,0,1.0
SEC_C04_05,2026-09-10,22:30,23:00,0,1.0
SEC_C04_05,2026-09-10,23:00,23:30,0,1.0
SEC_C04_05,2026-09-10,23:30,00:00,0,1.0
SEC_C04_06,2026-09-10,00:00,00:30,0,1.0
SEC_C04_06,2026-09-10,00:30,01:00,0,1.0
SEC_C04_06,2026-09-10,01:00,01:30,0,1.0
SEC_C04_06,2026-09-10,01:30,02:00,0,1.0
SEC_C04_06,2026-09-10,02:00,02:30,0,1.0
SEC_C04_06,2026-09-10,02:30,03:00,0,1.0
SEC_C04_06,2026-09-10,03:00,03:30,0,1.0
SEC_C04_06,2026-09-10,03:30,04:00,0,1.0
SEC_C04_06,2026-09-10,04:00,04:30,0,1.0
SEC_C04_06,2026-09-10,04:30,05:00,0,1.0
SEC_C04_06,2026-09-10,05:00,05:30,0,1.0
SEC_C04_06,2026-09-10,05:30,06:00,0,1.0
SEC_C04_06,2026-09-10,06:00,06:30,1,0.8
SEC_C04_06,2026-09-10,06:30,07:00,2,0.2
SEC_C04_06,2026-09-10,07:00,07:30,1,0.5
SEC_C04_06,2026-09-10,07:30,08:00,1,0.5
SEC_C04_06,2026-09-10,08:00,08:30,0,1.0
SEC_C04_06,2026-09-10,08:30,09:00,0,1.0
SEC_C04_06,2026-09-10,09:00,09:30,0,1.0
SEC_C04_06,2026-09-10,09:30,10:00,0,1.0
SEC_C04_06,2026-09-10,10:00,10:30,0,1.0
SEC_C04_06,2026-09-10,10:30,11:00,0,1.0
SEC_C04_06,2026-09-10,11:00,11:30,0,1.0
SEC_C04_06,2026-09-10,11:30,12:00,0,1.0
SEC_C04_06,2026-09-10,12:00,12:30,0,1.0
SEC_C04_06,2026-09-10,12:30,13:00,0,1.0
SEC_C04_06,2026-09-10,13:00,13:30,0,1.0
SEC_C04_06,2026-09-10,13:30,14:00,0,1.0
SEC_C04_06,2026-09-10,14:00,14:30,1,0.8
SEC_C04_06,2026-09-10,14:30,15:00,1,0.8
SEC_C04_06,2026-09-10,15:00,15:30,0,1.0
SEC_C04_06,2026-09-10,15:30,16:00,0,1.0
SEC_C04_06,2026-09-10,16:00,16:30,0,1.0
SEC_C04_06,2026-09-10,16:30,17:00,0,1.0
SEC_C04_06,2026-09-10,17:00,17:30,0,1.0
SEC_C04_06,2026-09-10,17:30,18:00,1,0.8
SEC_C04_06,2026-09-10,18:00,18:30,1,0.8
SEC_C04_06,2026-09-10,18:30,19:00,0,1.0
SEC_C04_06,2026-09-10,19:00,19:30,0,1.0
SEC_C04_06,2026-09-10,19:30,20:00,0,1.0
SEC_C04_06,2026-09-10,20:00,20:30,0,1.0
SEC_C04_06,2026-09-10,20:30,21:00,1,0.5
SEC_C04_06,2026-09-10,21:00,21:30,1,0.5
SEC_C04_06,2026-09-10,21:30,22:00,0,1.0
SEC_C04_06,2026-09-10,22:00,22:30,0,1.0
SEC_C04_06,2026-09-10,22:30,23:00,0,1.0
SEC_C04_06,2026-09-10,23:00,23:30,0,1.0
SEC_C04_06,2026-09-10,23:30,00:00,0,1.0
SEC_C04_07,2026-09-10,00:00,00:30,0,1.0
SEC_C04_07,2026-09-10,00:30,01:00,0,1.0
SEC_C04_07,2026-09-10,01:00,01:30,0,1.0
SEC_C04_07,2026-09-10,01:30,02:00,0,1.0
SEC_C04_07,2026-09-10,02:00,02:30,0,1.0
SEC_C04_07,2026-09-10,02:30,03:00,0,1.0
SEC_C04_07,2026-09-10,03:00,03:30,0,1.0
SEC_C04_07,2026-09-10,03:30,04:00,0,1.0
SEC_C04_07,2026-09-10,04:00,04:30,0,1.0
SEC_C04_07,2026-09-10,04:30,05:00,0,1.0
SEC_C04_07,2026-09-10,05:00,05:30,0,1.0
SEC_C04_07,2026-09-10,05:30,06:00,0,1.0
SEC_C04_07,2026-09-10,06:00,06:30,0,1.0
SEC_C04_07,2026-09-10,06:30,07:00,0,1.0
SEC_C04_07,2026-09-10,07:00,07:30,1,0.8
SEC_C04_07,2026-09-10,07:30,08:00,1,0.8
SEC_C04_07,2026-09-10,08:00,08:30,0,1.0
SEC_C04_07,2026-09-10,08:30,09:00,0,1.0
SEC_C04_07,2026-09-10,09:00,09:30,0,1.0
SEC_C04_07,2026-09-10,09:30,10:00,0,1.0
SEC_C04_07,2026-09-10,10:00,10:30,0,1.0
SEC_C04_07,2026-09-10,10:30,11:00,0,1.0
SEC_C04_07,2026-09-10,11:00,11:30,0,1.0
SEC_C04_07,2026-09-10,11:30,12:00,0,1.0
SEC_C04_07,2026-09-10,12:00,12:30,0,1.0
SEC_C04_07,2026-09-10,12:30,13:00,0,1.0
SEC_C04_07,2026-09-10,13:00,13:30,0,1.0
SEC_C04_07,2026-09-10,13:30,14:00,0,1.0
SEC_C04_07,2026-09-10,14:00,14:30,0,1.0
SEC_C04_07,2026-09-10,14:30,15:00,0,1.0
SEC_C04_07,2026-09-10,15:00,15:30,0,1.0
SEC_C04_07,2026-09-10,15:30,16:00,0,1.0
SEC_C04_07,2026-09-10,16:00,16:30,0,1.0
SEC_C04_07,2026-09-10,16:30,17:00,0,1.0
SEC_C04_07,2026-09-10,17:00,17:30,0,1.0
SEC_C04_07,2026-09-10,17:30,18:00,0,1.0
SEC_C04_07,2026-09-10,18:00,18:30,0,1.0
SEC_C04_07,2026-09-10,18:30,19:00,0,1.0
SEC_C04_07,2026-09-10,19:00,19:30,0,1.0
SEC_C04_07,2026-09-10,19:30,20:00,0,1.0
SEC_C04_07,2026-09-10,20:00,20:30,0,1.0
SEC_C04_07,2026-09-10,20:30,21:00,1,0.8
SEC_C04_07,2026-09-10,21:00,21:30,1,0.8
SEC_C04_07,2026-09-10,21:30,22:00,0,1.0
SEC_C04_07,2026-09-10,22:00,22:30,0,1.0
SEC_C04_07,2026-09-10,22:30,23:00,0,1.0
SEC_C04_07,2026-09-10,23:00,23:30,0,1.0
SEC_C04_07,2026-09-10,23:30,00:00,0,1.0
SEC_C04_08,2026-09-10,00:00,00:30,0,1.0
SEC_C04_08,2026-09-10,00:30,01:00,0,1.0
SEC_C04_08,2026-09-10,01:00,01:30,0,1.0
SEC_C04_08,2026-09-10,01:30,02:00,0,1.0
SEC_C04_08,2026-09-10,02:00,02:30,0,1.0
SEC_C04_08,2026-09-10,02:30,03:00,0,1.0
SEC_C04_08,2026-09-10,03:00,03:30,0,1.0
SEC_C04_08,2026-09-10,03:30,04:00,0,1.0
SEC_C04_08,2026-09-10,04:00,04:30,0,1.0
SEC_C04_08,2026-09-10,04:30,05:00,1,0.8
SEC_C04_08,2026-09-10,05:00,05:30,1,0.8
SEC_C04_08,2026-09-10,05:30,06:00,0,1.0
SEC_C04_08,2026-09-10,06:00,06:30,0,1.0
SEC_C04_08,2026-09-10,06:30,07:00,0,1.0
SEC_C04_08,2026-09-10,07:00,07:30,1,0.8
SEC_C04_08,2026-09-10,07:30,08:00,1,0.8
SEC_C04_08,2026-09-10,08:00,08:30,0,1.0
SEC_C04_08,2026-09-10,08:30,09:00,0,1.0
SEC_C04_08,2026-09-10,09:00,09:30,0,1.0
SEC_C04_08,2026-09-10,09:30,10:00,0,1.0
SEC_C04_08,2026-09-10,10:00,10:30,0,1.0
SEC_C04_08,2026-09-10,10:30,11:00,0,1.0
SEC_C04_08,2026-09-10,11:00,11:30,0,1.0
SEC_C04_08,2026-09-10,11:30,12:00,0,1.0
SEC_C04_08,2026-09-10,12:00,12:30,0,1.0
SEC_C04_08,2026-09-10,12:30,13:00,0,1.0
SEC_C04_08,2026-09-10,13:00,13:30,0,1.0
SEC_C04_08,2026-09-10,13:30,14:00,1,0.8
SEC_C04_08,2026-09-10,14:00,14:30,1,0.8
SEC_C04_08,2026-09-10,14:30,15:00,0,1.0
SEC_C04_08,2026-09-10,15:00,15:30,0,1.0
SEC_C04_08,2026-09-10,15:30,16:00,0,1.0
SEC_C04_08,2026-09-10,16:00,16:30,0,1.0
SEC_C04_08,2026-09-10,16:30,17:00,0,1.0
SEC_C04_08,2026-09-10,17:00,17:30,0,1.0
SEC_C04_08,2026-09-10,17:30,18:00,0,1.0
SEC_C04_08,2026-09-10,18:00,18:30,0,1.0
SEC_C04_08,2026-09-10,18:30,19:00,0,1.0
SEC_C04_08,2026-09-10,19:00,19:30,0,1.0
SEC_C04_08,2026-09-10,19:30,20:00,0,1.0
SEC_C04_08,2026-09-10,20:00,20:30,1,0.8
SEC_C04_08,2026-09-10,20:30,21:00,1,0.8
SEC_C04_08,2026-09-10,21:00,21:30,0,1.0
SEC_C04_08,2026-09-10,21:30,22:00,1,0.5
SEC_C04_08,2026-09-10,22:00,22:30,1,0.5
SEC_C04_08,2026-09-10,22:30,23:00,1,0.5
SEC_C04_08,2026-09-10,23:00,23:30,0,1.0
SEC_C04_08,2026-09-10,23:30,00:00,0,1.0
SEC_C01_01,2026-09-11,00:00,00:30,0,1.0
SEC_C01_01,2026-09-11,00:30,01:00,0,1.0
SEC_C01_01,2026-09-11,01:00,01:30,0,1.0
SEC_C01_01,2026-09-11,01:30,02:00,0,1.0
SEC_C01_01,2026-09-11,02:00,02:30,0,1.0
SEC_C01_01,2026-09-11,02:30,03:00,0,1.0
SEC_C01_01,2026-09-11,03:00,03:30,0,1.0
SEC_C01_01,2026-09-11,03:30,04:00,0,1.0
SEC_C01_01,2026-09-11,04:00,04:30,0,1.0
SEC_C01_01,2026-09-11,04:30,05:00,0,1.0
SEC_C01_01,2026-09-11,05:00,05:30,0,1.0
SEC_C01_01,2026-09-11,05:30,06:00,0,1.0
SEC_C01_01,2026-09-11,06:00,06:30,0,1.0
SEC_C01_01,2026-09-11,06:30,07:00,0,1.0
SEC_C01_01,2026-09-11,07:00,07:30,1,0.8
SEC_C01_01,2026-09-11,07:30,08:00,1,0.8
SEC_C01_01,2026-09-11,08:00,08:30,0,1.0
SEC_C01_01,2026-09-11,08:30,09:00,0,1.0
SEC_C01_01,2026-09-11,09:00,09:30,0,1.0
SEC_C01_01,2026-09-11,09:30,10:00,0,1.0
SEC_C01_01,2026-09-11,10:00,10:30,0,1.0
SEC_C01_01,2026-09-11,10:30,11:00,0,1.0
SEC_C01_01,2026-09-11,11:00,11:30,0,1.0
SEC_C01_01,2026-09-11,11:30,12:00,0,1.0
SEC_C01_01,2026-09-11,12:00,12:30,0,1.0
SEC_C01_01,2026-09-11,12:30,13:00,0,1.0
SEC_C01_01,2026-09-11,13:00,13:30,0,1.0
SEC_C01_01,2026-09-11,13:30,14:00,0,1.0
SEC_C01_01,2026-09-11,14:00,14:30,0,1.0
SEC_C01_01,2026-09-11,14:30,15:00,0,1.0
SEC_C01_01,2026-09-11,15:00,15:30,0,1.0
SEC_C01_01,2026-09-11,15:30,16:00,0,1.0
SEC_C01_01,2026-09-11,16:00,16:30,0,1.0
SEC_C01_01,2026-09-11,16:30,17:00,0,1.0
SEC_C01_01,2026-09-11,17:00,17:30,0,1.0
SEC_C01_01,2026-09-11,17:30,18:00,0,1.0
SEC_C01_01,2026-09-11,18:00,18:30,1,0.8
SEC_C01_01,2026-09-11,18:30,19:00,2,0.5
SEC_C01_01,2026-09-11,19:00,19:30,1,0.8
SEC_C01_01,2026-09-11,19:30,20:00,0,1.0
SEC_C01_01,2026-09-11,20:00,20:30,0,1.0
SEC_C01_01,2026-09-11,20:30,21:00,0,1.0
SEC_C01_01,2026-09-11,21:00,21:30,0,1.0
SEC_C01_01,2026-09-11,21:30,22:00,0,1.0
SEC_C01_01,2026-09-11,22:00,22:30,0,1.0
SEC_C01_01,2026-09-11,22:30,23:00,0,1.0
SEC_C01_01,2026-09-11,23:00,23:30,0,1.0
SEC_C01_01,2026-09-11,23:30,00:00,0,1.0
SEC_C01_02,2026-09-11,00:00,00:30,0,1.0
SEC_C01_02,2026-09-11,00:30,01:00,0,1.0
SEC_C01_02,2026-09-11,01:00,01:30,0,1.0
SEC_C01_02,2026-09-11,01:30,02:00,0,1.0
SEC_C01_02,2026-09-11,02:00,02:30,0,1.0
SEC_C01_02,2026-09-11,02:30,03:00,0,1.0
SEC_C01_02,2026-09-11,03:00,03:30,0,1.0
SEC_C01_02,2026-09-11,03:30,04:00,0,1.0
SEC_C01_02,2026-09-11,04:00,04:30,0,1.0
SEC_C01_02,2026-09-11,04:30,05:00,0,1.0
SEC_C01_02,2026-09-11,05:00,05:30,0,1.0
SEC_C01_02,2026-09-11,05:30,06:00,0,1.0
SEC_C01_02,2026-09-11,06:00,06:30,0,1.0
SEC_C01_02,2026-09-11,06:30,07:00,0,1.0
SEC_C01_02,2026-09-11,07:00,07:30,0,1.0
SEC_C01_02,2026-09-11,07:30,08:00,0,1.0
SEC_C01_02,2026-09-11,08:00,08:30,1,0.8
SEC_C01_02,2026-09-11,08:30,09:00,0,1.0
SEC_C01_02,2026-09-11,09:00,09:30,0,1.0
SEC_C01_02,2026-09-11,09:30,10:00,0,1.0
SEC_C01_02,2026-09-11,10:00,10:30,0,1.0
SEC_C01_02,2026-09-11,10:30,11:00,0,1.0
SEC_C01_02,2026-09-11,11:00,11:30,0,1.0
SEC_C01_02,2026-09-11,11:30,12:00,0,1.0
SEC_C01_02,2026-09-11,12:00,12:30,0,1.0
SEC_C01_02,2026-09-11,12:30,13:00,0,1.0
SEC_C01_02,2026-09-11,13:00,13:30,0,1.0
SEC_C01_02,2026-09-11,13:30,14:00,1,0.8
SEC_C01_02,2026-09-11,14:00,14:30,1,0.8
SEC_C01_02,2026-09-11,14:30,15:00,0,1.0
SEC_C01_02,2026-09-11,15:00,15:30,0,1.0
SEC_C01_02,2026-09-11,15:30,16:00,0,1.0
SEC_C01_02,2026-09-11,16:00,16:30,0,1.0
SEC_C01_02,2026-09-11,16:30,17:00,0,1.0
SEC_C01_02,2026-09-11,17:00,17:30,0,1.0
SEC_C01_02,2026-09-11,17:30,18:00,0,1.0
SEC_C01_02,2026-09-11,18:00,18:30,0,1.0
SEC_C01_02,2026-09-11,18:30,19:00,0,1.0
SEC_C01_02,2026-09-11,19:00,19:30,1,0.5
SEC_C01_02,2026-09-11,19:30,20:00,1,0.5
SEC_C01_02,2026-09-11,20:00,20:30,0,1.0
SEC_C01_02,2026-09-11,20:30,21:00,0,1.0
SEC_C01_02,2026-09-11,21:00,21:30,0,1.0
SEC_C01_02,2026-09-11,21:30,22:00,0,1.0
SEC_C01_02,2026-09-11,22:00,22:30,0,1.0
SEC_C01_02,2026-09-11,22:30,23:00,0,1.0
SEC_C01_02,2026-09-11,23:00,23:30,0,1.0
SEC_C01_02,2026-09-11,23:30,00:00,0,1.0
SEC_C01_03,2026-09-11,00:00,00:30,0,1.0
SEC_C01_03,2026-09-11,00:30,01:00,0,1.0
SEC_C01_03,2026-09-11,01:00,01:30,0,1.0
SEC_C01_03,2026-09-11,01:30,02:00,0,1.0
SEC_C01_03,2026-09-11,02:00,02:30,0,1.0
SEC_C01_03,2026-09-11,02:30,03:00,0,1.0
SEC_C01_03,2026-09-11,03:00,03:30,0,1.0
SEC_C01_03,2026-09-11,03:30,04:00,0,1.0
SEC_C01_03,2026-09-11,04:00,04:30,0,1.0
SEC_C01_03,2026-09-11,04:30,05:00,0,1.0
SEC_C01_03,2026-09-11,05:00,05:30,0,1.0
SEC_C01_03,2026-09-11,05:30,06:00,0,1.0
SEC_C01_03,2026-09-11,06:00,06:30,0,1.0
SEC_C01_03,2026-09-11,06:30,07:00,0,1.0
SEC_C01_03,2026-09-11,07:00,07:30,0,1.0
SEC_C01_03,2026-09-11,07:30,08:00,0,1.0
SEC_C01_03,2026-09-11,08:00,08:30,0,1.0
SEC_C01_03,2026-09-11,08:30,09:00,0,1.0
SEC_C01_03,2026-09-11,09:00,09:30,0,1.0
SEC_C01_03,2026-09-11,09:30,10:00,0,1.0
SEC_C01_03,2026-09-11,10:00,10:30,0,1.0
SEC_C01_03,2026-09-11,10:30,11:00,0,1.0
SEC_C01_03,2026-09-11,11:00,11:30,0,1.0
SEC_C01_03,2026-09-11,11:30,12:00,0,1.0
SEC_C01_03,2026-09-11,12:00,12:30,0,1.0
SEC_C01_03,2026-09-11,12:30,13:00,0,1.0
SEC_C01_03,2026-09-11,13:00,13:30,0,1.0
SEC_C01_03,2026-09-11,13:30,14:00,0,1.0
SEC_C01_03,2026-09-11,14:00,14:30,0,1.0
SEC_C01_03,2026-09-11,14:30,15:00,1,0.8
SEC_C01_03,2026-09-11,15:00,15:30,0,1.0
SEC_C01_03,2026-09-11,15:30,16:00,0,1.0
SEC_C01_03,2026-09-11,16:00,16:30,0,1.0
SEC_C01_03,2026-09-11,16:30,17:00,0,1.0
SEC_C01_03,2026-09-11,17:00,17:30,0,1.0
SEC_C01_03,2026-09-11,17:30,18:00,0,1.0
SEC_C01_03,2026-09-11,18:00,18:30,0,1.0
SEC_C01_03,2026-09-11,18:30,19:00,0,1.0
SEC_C01_03,2026-09-11,19:00,19:30,0,1.0
SEC_C01_03,2026-09-11,19:30,20:00,1,0.8
SEC_C01_03,2026-09-11,20:00,20:30,1,0.8
SEC_C01_03,2026-09-11,20:30,21:00,0,1.0
SEC_C01_03,2026-09-11,21:00,21:30,0,1.0
SEC_C01_03,2026-09-11,21:30,22:00,0,1.0
SEC_C01_03,2026-09-11,22:00,22:30,0,1.0
SEC_C01_03,2026-09-11,22:30,23:00,0,1.0
SEC_C01_03,2026-09-11,23:00,23:30,0,1.0
SEC_C01_03,2026-09-11,23:30,00:00,0,1.0
SEC_C01_04,2026-09-11,00:00,00:30,0,1.0
SEC_C01_04,2026-09-11,00:30,01:00,0,1.0
SEC_C01_04,2026-09-11,01:00,01:30,0,1.0
SEC_C01_04,2026-09-11,01:30,02:00,0,1.0
SEC_C01_04,2026-09-11,02:00,02:30,0,1.0
SEC_C01_04,2026-09-11,02:30,03:00,0,1.0
SEC_C01_04,2026-09-11,03:00,03:30,0,1.0
SEC_C01_04,2026-09-11,03:30,04:00,0,1.0
SEC_C01_04,2026-09-11,04:00,04:30,0,1.0
SEC_C01_04,2026-09-11,04:30,05:00,1,0.5
SEC_C01_04,2026-09-11,05:00,05:30,1,0.5
SEC_C01_04,2026-09-11,05:30,06:00,0,1.0
SEC_C01_04,2026-09-11,06:00,06:30,0,1.0
SEC_C01_04,2026-09-11,06:30,07:00,0,1.0
SEC_C01_04,2026-09-11,07:00,07:30,0,1.0
SEC_C01_04,2026-09-11,07:30,08:00,0,1.0
SEC_C01_04,2026-09-11,08:00,08:30,0,1.0
SEC_C01_04,2026-09-11,08:30,09:00,0,1.0
SEC_C01_04,2026-09-11,09:00,09:30,0,1.0
SEC_C01_04,2026-09-11,09:30,10:00,0,1.0
SEC_C01_04,2026-09-11,10:00,10:30,0,1.0
SEC_C01_04,2026-09-11,10:30,11:00,0,1.0
SEC_C01_04,2026-09-11,11:00,11:30,0,1.0
SEC_C01_04,2026-09-11,11:30,12:00,0,1.0
SEC_C01_04,2026-09-11,12:00,12:30,0,1.0
SEC_C01_04,2026-09-11,12:30,13:00,0,1.0
SEC_C01_04,2026-09-11,13:00,13:30,0,1.0
SEC_C01_04,2026-09-11,13:30,14:00,0,1.0
SEC_C01_04,2026-09-11,14:00,14:30,0,1.0
SEC_C01_04,2026-09-11,14:30,15:00,0,1.0
SEC_C01_04,2026-09-11,15:00,15:30,0,1.0
SEC_C01_04,2026-09-11,15:30,16:00,0,1.0
SEC_C01_04,2026-09-11,16:00,16:30,0,1.0
SEC_C01_04,2026-09-11,16:30,17:00,0,1.0
SEC_C01_04,2026-09-11,17:00,17:30,1,0.8
SEC_C01_04,2026-09-11,17:30,18:00,1,0.8
SEC_C01_04,2026-09-11,18:00,18:30,0,1.0
SEC_C01_04,2026-09-11,18:30,19:00,0,1.0
SEC_C01_04,2026-09-11,19:00,19:30,0,1.0
SEC_C01_04,2026-09-11,19:30,20:00,0,1.0
SEC_C01_04,2026-09-11,20:00,20:30,1,0.8
SEC_C01_04,2026-09-11,20:30,21:00,1,0.8
SEC_C01_04,2026-09-11,21:00,21:30,0,1.0
SEC_C01_04,2026-09-11,21:30,22:00,1,0.8
SEC_C01_04,2026-09-11,22:00,22:30,1,0.8
SEC_C01_04,2026-09-11,22:30,23:00,0,1.0
SEC_C01_04,2026-09-11,23:00,23:30,0,1.0
SEC_C01_04,2026-09-11,23:30,00:00,0,1.0
SEC_C01_05,2026-09-11,00:00,00:30,0,1.0
SEC_C01_05,2026-09-11,00:30,01:00,0,1.0
SEC_C01_05,2026-09-11,01:00,01:30,0,1.0
SEC_C01_05,2026-09-11,01:30,02:00,0,1.0
SEC_C01_05,2026-09-11,02:00,02:30,1,0.8
SEC_C01_05,2026-09-11,02:30,03:00,1,0.8
SEC_C01_05,2026-09-11,03:00,03:30,0,1.0
SEC_C01_05,2026-09-11,03:30,04:00,0,1.0
SEC_C01_05,2026-09-11,04:00,04:30,0,1.0
SEC_C01_05,2026-09-11,04:30,05:00,0,1.0
SEC_C01_05,2026-09-11,05:00,05:30,0,1.0
SEC_C01_05,2026-09-11,05:30,06:00,0,1.0
SEC_C01_05,2026-09-11,06:00,06:30,0,1.0
SEC_C01_05,2026-09-11,06:30,07:00,0,1.0
SEC_C01_05,2026-09-11,07:00,07:30,0,1.0
SEC_C01_05,2026-09-11,07:30,08:00,0,1.0
SEC_C01_05,2026-09-11,08:00,08:30,0,1.0
SEC_C01_05,2026-09-11,08:30,09:00,0,1.0
SEC_C01_05,2026-09-11,09:00,09:30,0,1.0
SEC_C01_05,2026-09-11,09:30,10:00,0,1.0
SEC_C01_05,2026-09-11,10:00,10:30,0,1.0
SEC_C01_05,2026-09-11,10:30,11:00,0,1.0
SEC_C01_05,2026-09-11,11:00,11:30,0,1.0
SEC_C01_05,2026-09-11,11:30,12:00,0,1.0
SEC_C01_05,2026-09-11,12:00,12:30,0,1.0
SEC_C01_05,2026-09-11,12:30,13:00,0,1.0
SEC_C01_05,2026-09-11,13:00,13:30,0,1.0
SEC_C01_05,2026-09-11,13:30,14:00,0,1.0
SEC_C01_05,2026-09-11,14:00,14:30,0,1.0
SEC_C01_05,2026-09-11,14:30,15:00,0,1.0
SEC_C01_05,2026-09-11,15:00,15:30,0,1.0
SEC_C01_05,2026-09-11,15:30,16:00,0,1.0
SEC_C01_05,2026-09-11,16:00,16:30,0,1.0
SEC_C01_05,2026-09-11,16:30,17:00,0,1.0
SEC_C01_05,2026-09-11,17:00,17:30,0,1.0
SEC_C01_05,2026-09-11,17:30,18:00,0,1.0
SEC_C01_05,2026-09-11,18:00,18:30,0,1.0
SEC_C01_05,2026-09-11,18:30,19:00,0,1.0
SEC_C01_05,2026-09-11,19:00,19:30,0,1.0
SEC_C01_05,2026-09-11,19:30,20:00,0,1.0
SEC_C01_05,2026-09-11,20:00,20:30,0,1.0
SEC_C01_05,2026-09-11,20:30,21:00,0,1.0
SEC_C01_05,2026-09-11,21:00,21:30,0,1.0
SEC_C01_05,2026-09-11,21:30,22:00,0,1.0
SEC_C01_05,2026-09-11,22:00,22:30,0,1.0
SEC_C01_05,2026-09-11,22:30,23:00,0,1.0
SEC_C01_05,2026-09-11,23:00,23:30,0,1.0
SEC_C01_05,2026-09-11,23:30,00:00,0,1.0
SEC_C01_06,2026-09-11,00:00,00:30,0,1.0
SEC_C01_06,2026-09-11,00:30,01:00,0,1.0
SEC_C01_06,2026-09-11,01:00,01:30,0,1.0
SEC_C01_06,2026-09-11,01:30,02:00,0,1.0
SEC_C01_06,2026-09-11,02:00,02:30,0,1.0
SEC_C01_06,2026-09-11,02:30,03:00,0,1.0
SEC_C01_06,2026-09-11,03:00,03:30,0,1.0
SEC_C01_06,2026-09-11,03:30,04:00,0,1.0
SEC_C01_06,2026-09-11,04:00,04:30,1,0.8
SEC_C01_06,2026-09-11,04:30,05:00,1,0.8
SEC_C01_06,2026-09-11,05:00,05:30,0,1.0
SEC_C01_06,2026-09-11,05:30,06:00,0,1.0
SEC_C01_06,2026-09-11,06:00,06:30,0,1.0
SEC_C01_06,2026-09-11,06:30,07:00,0,1.0
SEC_C01_06,2026-09-11,07:00,07:30,0,1.0
SEC_C01_06,2026-09-11,07:30,08:00,0,1.0
SEC_C01_06,2026-09-11,08:00,08:30,0,1.0
SEC_C01_06,2026-09-11,08:30,09:00,1,0.8
SEC_C01_06,2026-09-11,09:00,09:30,1,0.8
SEC_C01_06,2026-09-11,09:30,10:00,0,1.0
SEC_C01_06,2026-09-11,10:00,10:30,0,1.0
SEC_C01_06,2026-09-11,10:30,11:00,0,1.0
SEC_C01_06,2026-09-11,11:00,11:30,0,1.0
SEC_C01_06,2026-09-11,11:30,12:00,0,1.0
SEC_C01_06,2026-09-11,12:00,12:30,0,1.0
SEC_C01_06,2026-09-11,12:30,13:00,0,1.0
SEC_C01_06,2026-09-11,13:00,13:30,0,1.0
SEC_C01_06,2026-09-11,13:30,14:00,0,1.0
SEC_C01_06,2026-09-11,14:00,14:30,0,1.0
SEC_C01_06,2026-09-11,14:30,15:00,0,1.0
SEC_C01_06,2026-09-11,15:00,15:30,0,1.0
SEC_C01_06,2026-09-11,15:30,16:00,0,1.0
SEC_C01_06,2026-09-11,16:00,16:30,0,1.0
SEC_C01_06,2026-09-11,16:30,17:00,0,1.0
SEC_C01_06,2026-09-11,17:00,17:30,1,0.8
SEC_C01_06,2026-09-11,17:30,18:00,1,0.8
SEC_C01_06,2026-09-11,18:00,18:30,0,1.0
SEC_C01_06,2026-09-11,18:30,19:00,0,1.0
SEC_C01_06,2026-09-11,19:00,19:30,0,1.0
SEC_C01_06,2026-09-11,19:30,20:00,0,1.0
SEC_C01_06,2026-09-11,20:00,20:30,0,1.0
SEC_C01_06,2026-09-11,20:30,21:00,0,1.0
SEC_C01_06,2026-09-11,21:00,21:30,0,1.0
SEC_C01_06,2026-09-11,21:30,22:00,0,1.0
SEC_C01_06,2026-09-11,22:00,22:30,0,1.0
SEC_C01_06,2026-09-11,22:30,23:00,0,1.0
SEC_C01_06,2026-09-11,23:00,23:30,0,1.0
SEC_C01_06,2026-09-11,23:30,00:00,0,1.0
SEC_C01_07,2026-09-11,00:00,00:30,0,1.0
SEC_C01_07,2026-09-11,00:30,01:00,0,1.0
SEC_C01_07,2026-09-11,01:00,01:30,0,1.0
SEC_C01_07,2026-09-11,01:30,02:00,0,1.0
SEC_C01_07,2026-09-11,02:00,02:30,0,1.0
SEC_C01_07,2026-09-11,02:30,03:00,0,1.0
SEC_C01_07,2026-09-11,03:00,03:30,0,1.0
SEC_C01_07,2026-09-11,03:30,04:00,0,1.0
SEC_C01_07,2026-09-11,04:00,04:30,0,1.0
SEC_C01_07,2026-09-11,04:30,05:00,0,1.0
SEC_C01_07,2026-09-11,05:00,05:30,0,1.0
SEC_C01_07,2026-09-11,05:30,06:00,0,1.0
SEC_C01_07,2026-09-11,06:00,06:30,0,1.0
SEC_C01_07,2026-09-11,06:30,07:00,1,0.8
SEC_C01_07,2026-09-11,07:00,07:30,0,1.0
SEC_C01_07,2026-09-11,07:30,08:00,0,1.0
SEC_C01_07,2026-09-11,08:00,08:30,0,1.0
SEC_C01_07,2026-09-11,08:30,09:00,0,1.0
SEC_C01_07,2026-09-11,09:00,09:30,0,1.0
SEC_C01_07,2026-09-11,09:30,10:00,0,1.0
SEC_C01_07,2026-09-11,10:00,10:30,0,1.0
SEC_C01_07,2026-09-11,10:30,11:00,0,1.0
SEC_C01_07,2026-09-11,11:00,11:30,0,1.0
SEC_C01_07,2026-09-11,11:30,12:00,0,1.0
SEC_C01_07,2026-09-11,12:00,12:30,0,1.0
SEC_C01_07,2026-09-11,12:30,13:00,0,1.0
SEC_C01_07,2026-09-11,13:00,13:30,0,1.0
SEC_C01_07,2026-09-11,13:30,14:00,0,1.0
SEC_C01_07,2026-09-11,14:00,14:30,0,1.0
SEC_C01_07,2026-09-11,14:30,15:00,0,1.0
SEC_C01_07,2026-09-11,15:00,15:30,0,1.0
SEC_C01_07,2026-09-11,15:30,16:00,1,0.8
SEC_C01_07,2026-09-11,16:00,16:30,1,0.8
SEC_C01_07,2026-09-11,16:30,17:00,0,1.0
SEC_C01_07,2026-09-11,17:00,17:30,1,0.5
SEC_C01_07,2026-09-11,17:30,18:00,1,0.5
SEC_C01_07,2026-09-11,18:00,18:30,0,1.0
SEC_C01_07,2026-09-11,18:30,19:00,0,1.0
SEC_C01_07,2026-09-11,19:00,19:30,0,1.0
SEC_C01_07,2026-09-11,19:30,20:00,0,1.0
SEC_C01_07,2026-09-11,20:00,20:30,0,1.0
SEC_C01_07,2026-09-11,20:30,21:00,0,1.0
SEC_C01_07,2026-09-11,21:00,21:30,0,1.0
SEC_C01_07,2026-09-11,21:30,22:00,0,1.0
SEC_C01_07,2026-09-11,22:00,22:30,0,1.0
SEC_C01_07,2026-09-11,22:30,23:00,0,1.0
SEC_C01_07,2026-09-11,23:00,23:30,0,1.0
SEC_C01_07,2026-09-11,23:30,00:00,0,1.0
SEC_C01_08,2026-09-11,00:00,00:30,0,1.0
SEC_C01_08,2026-09-11,00:30,01:00,0,1.0
SEC_C01_08,2026-09-11,01:00,01:30,0,1.0
SEC_C01_08,2026-09-11,01:30,02:00,0,1.0
SEC_C01_08,2026-09-11,02:00,02:30,0,1.0
SEC_C01_08,2026-09-11,02:30,03:00,0,1.0
SEC_C01_08,2026-09-11,03:00,03:30,0,1.0
SEC_C01_08,2026-09-11,03:30,04:00,0,1.0
SEC_C01_08,2026-09-11,04:00,04:30,0,1.0
SEC_C01_08,2026-09-11,04:30,05:00,0,1.0
SEC_C01_08,2026-09-11,05:00,05:30,0,1.0
SEC_C01_08,2026-09-11,05:30,06:00,0,1.0
SEC_C01_08,2026-09-11,06:00,06:30,0,1.0
SEC_C01_08,2026-09-11,06:30,07:00,1,0.8
SEC_C01_08,2026-09-11,07:00,07:30,1,0.8
SEC_C01_08,2026-09-11,07:30,08:00,0,1.0
SEC_C01_08,2026-09-11,08:00,08:30,0,1.0
SEC_C01_08,2026-09-11,08:30,09:00,0,1.0
SEC_C01_08,2026-09-11,09:00,09:30,0,1.0
SEC_C01_08,2026-09-11,09:30,10:00,0,1.0
SEC_C01_08,2026-09-11,10:00,10:30,0,1.0
SEC_C01_08,2026-09-11,10:30,11:00,0,1.0
SEC_C01_08,2026-09-11,11:00,11:30,1,0.8
SEC_C01_08,2026-09-11,11:30,12:00,0,1.0
SEC_C01_08,2026-09-11,12:00,12:30,0,1.0
SEC_C01_08,2026-09-11,12:30,13:00,0,1.0
SEC_C01_08,2026-09-11,13:00,13:30,0,1.0
SEC_C01_08,2026-09-11,13:30,14:00,0,1.0
SEC_C01_08,2026-09-11,14:00,14:30,0,1.0
SEC_C01_08,2026-09-11,14:30,15:00,0,1.0
SEC_C01_08,2026-09-11,15:00,15:30,0,1.0
SEC_C01_08,2026-09-11,15:30,16:00,0,1.0
SEC_C01_08,2026-09-11,16:00,16:30,0,1.0
SEC_C01_08,2026-09-11,16:30,17:00,0,1.0
SEC_C01_08,2026-09-11,17:00,17:30,0,1.0
SEC_C01_08,2026-09-11,17:30,18:00,1,0.8
SEC_C01_08,2026-09-11,18:00,18:30,1,0.8
SEC_C01_08,2026-09-11,18:30,19:00,1,0.8
SEC_C01_08,2026-09-11,19:00,19:30,0,1.0
SEC_C01_08,2026-09-11,19:30,20:00,0,1.0
SEC_C01_08,2026-09-11,20:00,20:30,0,1.0
SEC_C01_08,2026-09-11,20:30,21:00,0,1.0
SEC_C01_08,2026-09-11,21:00,21:30,0,1.0
SEC_C01_08,2026-09-11,21:30,22:00,0,1.0
SEC_C01_08,2026-09-11,22:00,22:30,0,1.0
SEC_C01_08,2026-09-11,22:30,23:00,0,1.0
SEC_C01_08,2026-09-11,23:00,23:30,0,1.0
SEC_C01_08,2026-09-11,23:30,00:00,0,1.0
SEC_C02_01,2026-09-11,00:00,00:30,0,1.0
SEC_C02_01,2026-09-11,00:30,01:00,0,1.0
SEC_C02_01,2026-09-11,01:00,01:30,0,1.0
SEC_C02_01,2026-09-11,01:30,02:00,0,1.0
SEC_C02_01,2026-09-11,02:00,02:30,0,1.0
SEC_C02_01,2026-09-11,02:30,03:00,0,1.0
SEC_C02_01,2026-09-11,03:00,03:30,0,1.0
SEC_C02_01,2026-09-11,03:30,04:00,0,1.0
SEC_C02_01,2026-09-11,04:00,04:30,0,1.0
SEC_C02_01,2026-09-11,04:30,05:00,0,1.0
SEC_C02_01,2026-09-11,05:00,05:30,0,1.0
SEC_C02_01,2026-09-11,05:30,06:00,0,1.0
SEC_C02_01,2026-09-11,06:00,06:30,0,1.0
SEC_C02_01,2026-09-11,06:30,07:00,1,0.8
SEC_C02_01,2026-09-11,07:00,07:30,1,0.8
SEC_C02_01,2026-09-11,07:30,08:00,0,1.0
SEC_C02_01,2026-09-11,08:00,08:30,0,1.0
SEC_C02_01,2026-09-11,08:30,09:00,0,1.0
SEC_C02_01,2026-09-11,09:00,09:30,0,1.0
SEC_C02_01,2026-09-11,09:30,10:00,0,1.0
SEC_C02_01,2026-09-11,10:00,10:30,0,1.0
SEC_C02_01,2026-09-11,10:30,11:00,0,1.0
SEC_C02_01,2026-09-11,11:00,11:30,0,1.0
SEC_C02_01,2026-09-11,11:30,12:00,0,1.0
SEC_C02_01,2026-09-11,12:00,12:30,0,1.0
SEC_C02_01,2026-09-11,12:30,13:00,0,1.0
SEC_C02_01,2026-09-11,13:00,13:30,0,1.0
SEC_C02_01,2026-09-11,13:30,14:00,0,1.0
SEC_C02_01,2026-09-11,14:00,14:30,1,0.8
SEC_C02_01,2026-09-11,14:30,15:00,1,0.8
SEC_C02_01,2026-09-11,15:00,15:30,1,0.8
SEC_C02_01,2026-09-11,15:30,16:00,0,1.0
SEC_C02_01,2026-09-11,16:00,16:30,0,1.0
SEC_C02_01,2026-09-11,16:30,17:00,0,1.0
SEC_C02_01,2026-09-11,17:00,17:30,0,1.0
SEC_C02_01,2026-09-11,17:30,18:00,0,1.0
SEC_C02_01,2026-09-11,18:00,18:30,0,1.0
SEC_C02_01,2026-09-11,18:30,19:00,0,1.0
SEC_C02_01,2026-09-11,19:00,19:30,0,1.0
SEC_C02_01,2026-09-11,19:30,20:00,0,1.0
SEC_C02_01,2026-09-11,20:00,20:30,0,1.0
SEC_C02_01,2026-09-11,20:30,21:00,0,1.0
SEC_C02_01,2026-09-11,21:00,21:30,1,0.8
SEC_C02_01,2026-09-11,21:30,22:00,0,1.0
SEC_C02_01,2026-09-11,22:00,22:30,0,1.0
SEC_C02_01,2026-09-11,22:30,23:00,0,1.0
SEC_C02_01,2026-09-11,23:00,23:30,0,1.0
SEC_C02_01,2026-09-11,23:30,00:00,0,1.0
SEC_C02_02,2026-09-11,00:00,00:30,0,1.0
SEC_C02_02,2026-09-11,00:30,01:00,0,1.0
SEC_C02_02,2026-09-11,01:00,01:30,0,1.0
SEC_C02_02,2026-09-11,01:30,02:00,0,1.0
SEC_C02_02,2026-09-11,02:00,02:30,0,1.0
SEC_C02_02,2026-09-11,02:30,03:00,0,1.0
SEC_C02_02,2026-09-11,03:00,03:30,0,1.0
SEC_C02_02,2026-09-11,03:30,04:00,0,1.0
SEC_C02_02,2026-09-11,04:00,04:30,0,1.0
SEC_C02_02,2026-09-11,04:30,05:00,0,1.0
SEC_C02_02,2026-09-11,05:00,05:30,0,1.0
SEC_C02_02,2026-09-11,05:30,06:00,0,1.0
SEC_C02_02,2026-09-11,06:00,06:30,1,0.5
SEC_C02_02,2026-09-11,06:30,07:00,1,0.5
SEC_C02_02,2026-09-11,07:00,07:30,0,1.0
SEC_C02_02,2026-09-11,07:30,08:00,0,1.0
SEC_C02_02,2026-09-11,08:00,08:30,0,1.0
SEC_C02_02,2026-09-11,08:30,09:00,0,1.0
SEC_C02_02,2026-09-11,09:00,09:30,1,0.8
SEC_C02_02,2026-09-11,09:30,10:00,1,0.8
SEC_C02_02,2026-09-11,10:00,10:30,0,1.0
SEC_C02_02,2026-09-11,10:30,11:00,0,1.0
SEC_C02_02,2026-09-11,11:00,11:30,0,1.0
SEC_C02_02,2026-09-11,11:30,12:00,0,1.0
SEC_C02_02,2026-09-11,12:00,12:30,0,1.0
SEC_C02_02,2026-09-11,12:30,13:00,0,1.0
SEC_C02_02,2026-09-11,13:00,13:30,0,1.0
SEC_C02_02,2026-09-11,13:30,14:00,0,1.0
SEC_C02_02,2026-09-11,14:00,14:30,0,1.0
SEC_C02_02,2026-09-11,14:30,15:00,0,1.0
SEC_C02_02,2026-09-11,15:00,15:30,0,1.0
SEC_C02_02,2026-09-11,15:30,16:00,0,1.0
SEC_C02_02,2026-09-11,16:00,16:30,0,1.0
SEC_C02_02,2026-09-11,16:30,17:00,0,1.0
SEC_C02_02,2026-09-11,17:00,17:30,0,1.0
SEC_C02_02,2026-09-11,17:30,18:00,0,1.0
SEC_C02_02,2026-09-11,18:00,18:30,0,1.0
SEC_C02_02,2026-09-11,18:30,19:00,0,1.0
SEC_C02_02,2026-09-11,19:00,19:30,0,1.0
SEC_C02_02,2026-09-11,19:30,20:00,1,0.8
SEC_C02_02,2026-09-11,20:00,20:30,1,0.8
SEC_C02_02,2026-09-11,20:30,21:00,0,1.0
SEC_C02_02,2026-09-11,21:00,21:30,0,1.0
SEC_C02_02,2026-09-11,21:30,22:00,0,1.0
SEC_C02_02,2026-09-11,22:00,22:30,0,1.0
SEC_C02_02,2026-09-11,22:30,23:00,0,1.0
SEC_C02_02,2026-09-11,23:00,23:30,0,1.0
SEC_C02_02,2026-09-11,23:30,00:00,0,1.0
SEC_C02_03,2026-09-11,00:00,00:30,0,1.0
SEC_C02_03,2026-09-11,00:30,01:00,0,1.0
SEC_C02_03,2026-09-11,01:00,01:30,0,1.0
SEC_C02_03,2026-09-11,01:30,02:00,0,1.0
SEC_C02_03,2026-09-11,02:00,02:30,0,1.0
SEC_C02_03,2026-09-11,02:30,03:00,0,1.0
SEC_C02_03,2026-09-11,03:00,03:30,0,1.0
SEC_C02_03,2026-09-11,03:30,04:00,0,1.0
SEC_C02_03,2026-09-11,04:00,04:30,0,1.0
SEC_C02_03,2026-09-11,04:30,05:00,0,1.0
SEC_C02_03,2026-09-11,05:00,05:30,0,1.0
SEC_C02_03,2026-09-11,05:30,06:00,0,1.0
SEC_C02_03,2026-09-11,06:00,06:30,0,1.0
SEC_C02_03,2026-09-11,06:30,07:00,0,1.0
SEC_C02_03,2026-09-11,07:00,07:30,0,1.0
SEC_C02_03,2026-09-11,07:30,08:00,0,1.0
SEC_C02_03,2026-09-11,08:00,08:30,0,1.0
SEC_C02_03,2026-09-11,08:30,09:00,0,1.0
SEC_C02_03,2026-09-11,09:00,09:30,0,1.0
SEC_C02_03,2026-09-11,09:30,10:00,0,1.0
SEC_C02_03,2026-09-11,10:00,10:30,0,1.0
SEC_C02_03,2026-09-11,10:30,11:00,0,1.0
SEC_C02_03,2026-09-11,11:00,11:30,0,1.0
SEC_C02_03,2026-09-11,11:30,12:00,0,1.0
SEC_C02_03,2026-09-11,12:00,12:30,0,1.0
SEC_C02_03,2026-09-11,12:30,13:00,0,1.0
SEC_C02_03,2026-09-11,13:00,13:30,0,1.0
SEC_C02_03,2026-09-11,13:30,14:00,0,1.0
SEC_C02_03,2026-09-11,14:00,14:30,0,1.0
SEC_C02_03,2026-09-11,14:30,15:00,0,1.0
SEC_C02_03,2026-09-11,15:00,15:30,1,0.5
SEC_C02_03,2026-09-11,15:30,16:00,0,1.0
SEC_C02_03,2026-09-11,16:00,16:30,0,1.0
SEC_C02_03,2026-09-11,16:30,17:00,0,1.0
SEC_C02_03,2026-09-11,17:00,17:30,0,1.0
SEC_C02_03,2026-09-11,17:30,18:00,0,1.0
SEC_C02_03,2026-09-11,18:00,18:30,0,1.0
SEC_C02_03,2026-09-11,18:30,19:00,0,1.0
SEC_C02_03,2026-09-11,19:00,19:30,0,1.0
SEC_C02_03,2026-09-11,19:30,20:00,0,1.0
SEC_C02_03,2026-09-11,20:00,20:30,0,1.0
SEC_C02_03,2026-09-11,20:30,21:00,0,1.0
SEC_C02_03,2026-09-11,21:00,21:30,0,1.0
SEC_C02_03,2026-09-11,21:30,22:00,0,1.0
SEC_C02_03,2026-09-11,22:00,22:30,0,1.0
SEC_C02_03,2026-09-11,22:30,23:00,0,1.0
SEC_C02_03,2026-09-11,23:00,23:30,0,1.0
SEC_C02_03,2026-09-11,23:30,00:00,0,1.0
SEC_C02_04,2026-09-11,00:00,00:30,0,1.0
SEC_C02_04,2026-09-11,00:30,01:00,0,1.0
SEC_C02_04,2026-09-11,01:00,01:30,0,1.0
SEC_C02_04,2026-09-11,01:30,02:00,0,1.0
SEC_C02_04,2026-09-11,02:00,02:30,0,1.0
SEC_C02_04,2026-09-11,02:30,03:00,0,1.0
SEC_C02_04,2026-09-11,03:00,03:30,0,1.0
SEC_C02_04,2026-09-11,03:30,04:00,0,1.0
SEC_C02_04,2026-09-11,04:00,04:30,0,1.0
SEC_C02_04,2026-09-11,04:30,05:00,0,1.0
SEC_C02_04,2026-09-11,05:00,05:30,0,1.0
SEC_C02_04,2026-09-11,05:30,06:00,0,1.0
SEC_C02_04,2026-09-11,06:00,06:30,0,1.0
SEC_C02_04,2026-09-11,06:30,07:00,0,1.0
SEC_C02_04,2026-09-11,07:00,07:30,1,0.5
SEC_C02_04,2026-09-11,07:30,08:00,1,0.5
SEC_C02_04,2026-09-11,08:00,08:30,0,1.0
SEC_C02_04,2026-09-11,08:30,09:00,0,1.0
SEC_C02_04,2026-09-11,09:00,09:30,0,1.0
SEC_C02_04,2026-09-11,09:30,10:00,0,1.0
SEC_C02_04,2026-09-11,10:00,10:30,0,1.0
SEC_C02_04,2026-09-11,10:30,11:00,0,1.0
SEC_C02_04,2026-09-11,11:00,11:30,0,1.0
SEC_C02_04,2026-09-11,11:30,12:00,0,1.0
SEC_C02_04,2026-09-11,12:00,12:30,0,1.0
SEC_C02_04,2026-09-11,12:30,13:00,0,1.0
SEC_C02_04,2026-09-11,13:00,13:30,0,1.0
SEC_C02_04,2026-09-11,13:30,14:00,0,1.0
SEC_C02_04,2026-09-11,14:00,14:30,0,1.0
SEC_C02_04,2026-09-11,14:30,15:00,0,1.0
SEC_C02_04,2026-09-11,15:00,15:30,0,1.0
SEC_C02_04,2026-09-11,15:30,16:00,0,1.0
SEC_C02_04,2026-09-11,16:00,16:30,0,1.0
SEC_C02_04,2026-09-11,16:30,17:00,0,1.0
SEC_C02_04,2026-09-11,17:00,17:30,0,1.0
SEC_C02_04,2026-09-11,17:30,18:00,0,1.0
SEC_C02_04,2026-09-11,18:00,18:30,0,1.0
SEC_C02_04,2026-09-11,18:30,19:00,0,1.0
SEC_C02_04,2026-09-11,19:00,19:30,0,1.0
SEC_C02_04,2026-09-11,19:30,20:00,0,1.0
SEC_C02_04,2026-09-11,20:00,20:30,0,1.0
SEC_C02_04,2026-09-11,20:30,21:00,0,1.0
SEC_C02_04,2026-09-11,21:00,21:30,0,1.0
SEC_C02_04,2026-09-11,21:30,22:00,1,0.8
SEC_C02_04,2026-09-11,22:00,22:30,1,0.8
SEC_C02_04,2026-09-11,22:30,23:00,0,1.0
SEC_C02_04,2026-09-11,23:00,23:30,0,1.0
SEC_C02_04,2026-09-11,23:30,00:00,0,1.0
SEC_C02_05,2026-09-11,00:00,00:30,0,1.0
SEC_C02_05,2026-09-11,00:30,01:00,0,1.0
SEC_C02_05,2026-09-11,01:00,01:30,0,1.0
SEC_C02_05,2026-09-11,01:30,02:00,1,0.8
SEC_C02_05,2026-09-11,02:00,02:30,1,0.8
SEC_C02_05,2026-09-11,02:30,03:00,0,1.0
SEC_C02_05,2026-09-11,03:00,03:30,0,1.0
SEC_C02_05,2026-09-11,03:30,04:00,0,1.0
SEC_C02_05,2026-09-11,04:00,04:30,0,1.0
SEC_C02_05,2026-09-11,04:30,05:00,0,1.0
SEC_C02_05,2026-09-11,05:00,05:30,0,1.0
SEC_C02_05,2026-09-11,05:30,06:00,0,1.0
SEC_C02_05,2026-09-11,06:00,06:30,0,1.0
SEC_C02_05,2026-09-11,06:30,07:00,0,1.0
SEC_C02_05,2026-09-11,07:00,07:30,0,1.0
SEC_C02_05,2026-09-11,07:30,08:00,0,1.0
SEC_C02_05,2026-09-11,08:00,08:30,0,1.0
SEC_C02_05,2026-09-11,08:30,09:00,0,1.0
SEC_C02_05,2026-09-11,09:00,09:30,0,1.0
SEC_C02_05,2026-09-11,09:30,10:00,0,1.0
SEC_C02_05,2026-09-11,10:00,10:30,0,1.0
SEC_C02_05,2026-09-11,10:30,11:00,0,1.0
SEC_C02_05,2026-09-11,11:00,11:30,0,1.0
SEC_C02_05,2026-09-11,11:30,12:00,0,1.0
SEC_C02_05,2026-09-11,12:00,12:30,0,1.0
SEC_C02_05,2026-09-11,12:30,13:00,0,1.0
SEC_C02_05,2026-09-11,13:00,13:30,0,1.0
SEC_C02_05,2026-09-11,13:30,14:00,0,1.0
SEC_C02_05,2026-09-11,14:00,14:30,0,1.0
SEC_C02_05,2026-09-11,14:30,15:00,0,1.0
SEC_C02_05,2026-09-11,15:00,15:30,0,1.0
SEC_C02_05,2026-09-11,15:30,16:00,0,1.0
SEC_C02_05,2026-09-11,16:00,16:30,0,1.0
SEC_C02_05,2026-09-11,16:30,17:00,0,1.0
SEC_C02_05,2026-09-11,17:00,17:30,0,1.0
SEC_C02_05,2026-09-11,17:30,18:00,0,1.0
SEC_C02_05,2026-09-11,18:00,18:30,0,1.0
SEC_C02_05,2026-09-11,18:30,19:00,0,1.0
SEC_C02_05,2026-09-11,19:00,19:30,0,1.0
SEC_C02_05,2026-09-11,19:30,20:00,0,1.0
SEC_C02_05,2026-09-11,20:00,20:30,0,1.0
SEC_C02_05,2026-09-11,20:30,21:00,0,1.0
SEC_C02_05,2026-09-11,21:00,21:30,0,1.0
SEC_C02_05,2026-09-11,21:30,22:00,0,1.0
SEC_C02_05,2026-09-11,22:00,22:30,0,1.0
SEC_C02_05,2026-09-11,22:30,23:00,0,1.0
SEC_C02_05,2026-09-11,23:00,23:30,0,1.0
SEC_C02_05,2026-09-11,23:30,00:00,0,1.0
SEC_C02_06,2026-09-11,00:00,00:30,0,1.0
SEC_C02_06,2026-09-11,00:30,01:00,0,1.0
SEC_C02_06,2026-09-11,01:00,01:30,0,1.0
SEC_C02_06,2026-09-11,01:30,02:00,0,1.0
SEC_C02_06,2026-09-11,02:00,02:30,0,1.0
SEC_C02_06,2026-09-11,02:30,03:00,0,1.0
SEC_C02_06,2026-09-11,03:00,03:30,0,1.0
SEC_C02_06,2026-09-11,03:30,04:00,0,1.0
SEC_C02_06,2026-09-11,04:00,04:30,0,1.0
SEC_C02_06,2026-09-11,04:30,05:00,0,1.0
SEC_C02_06,2026-09-11,05:00,05:30,0,1.0
SEC_C02_06,2026-09-11,05:30,06:00,0,1.0
SEC_C02_06,2026-09-11,06:00,06:30,0,1.0
SEC_C02_06,2026-09-11,06:30,07:00,1,0.8
SEC_C02_06,2026-09-11,07:00,07:30,2,0.5
SEC_C02_06,2026-09-11,07:30,08:00,1,0.8
SEC_C02_06,2026-09-11,08:00,08:30,0,1.0
SEC_C02_06,2026-09-11,08:30,09:00,0,1.0
SEC_C02_06,2026-09-11,09:00,09:30,0,1.0
SEC_C02_06,2026-09-11,09:30,10:00,0,1.0
SEC_C02_06,2026-09-11,10:00,10:30,0,1.0
SEC_C02_06,2026-09-11,10:30,11:00,0,1.0
SEC_C02_06,2026-09-11,11:00,11:30,0,1.0
SEC_C02_06,2026-09-11,11:30,12:00,0,1.0
SEC_C02_06,2026-09-11,12:00,12:30,0,1.0
SEC_C02_06,2026-09-11,12:30,13:00,0,1.0
SEC_C02_06,2026-09-11,13:00,13:30,0,1.0
SEC_C02_06,2026-09-11,13:30,14:00,0,1.0
SEC_C02_06,2026-09-11,14:00,14:30,0,1.0
SEC_C02_06,2026-09-11,14:30,15:00,0,1.0
SEC_C02_06,2026-09-11,15:00,15:30,0,1.0
SEC_C02_06,2026-09-11,15:30,16:00,0,1.0
SEC_C02_06,2026-09-11,16:00,16:30,0,1.0
SEC_C02_06,2026-09-11,16:30,17:00,0,1.0
SEC_C02_06,2026-09-11,17:00,17:30,0,1.0
SEC_C02_06,2026-09-11,17:30,18:00,0,1.0
SEC_C02_06,2026-09-11,18:00,18:30,0,1.0
SEC_C02_06,2026-09-11,18:30,19:00,0,1.0
SEC_C02_06,2026-09-11,19:00,19:30,1,0.5
SEC_C02_06,2026-09-11,19:30,20:00,1,0.5
SEC_C02_06,2026-09-11,20:00,20:30,0,1.0
SEC_C02_06,2026-09-11,20:30,21:00,0,1.0
SEC_C02_06,2026-09-11,21:00,21:30,0,1.0
SEC_C02_06,2026-09-11,21:30,22:00,0,1.0
SEC_C02_06,2026-09-11,22:00,22:30,0,1.0
SEC_C02_06,2026-09-11,22:30,23:00,0,1.0
SEC_C02_06,2026-09-11,23:00,23:30,0,1.0
SEC_C02_06,2026-09-11,23:30,00:00,0,1.0
SEC_C02_07,2026-09-11,00:00,00:30,0,1.0
SEC_C02_07,2026-09-11,00:30,01:00,0,1.0
SEC_C02_07,2026-09-11,01:00,01:30,0,1.0
SEC_C02_07,2026-09-11,01:30,02:00,0,1.0
SEC_C02_07,2026-09-11,02:00,02:30,0,1.0
SEC_C02_07,2026-09-11,02:30,03:00,0,1.0
SEC_C02_07,2026-09-11,03:00,03:30,0,1.0
SEC_C02_07,2026-09-11,03:30,04:00,0,1.0
SEC_C02_07,2026-09-11,04:00,04:30,0,1.0
SEC_C02_07,2026-09-11,04:30,05:00,0,1.0
SEC_C02_07,2026-09-11,05:00,05:30,0,1.0
SEC_C02_07,2026-09-11,05:30,06:00,0,1.0
SEC_C02_07,2026-09-11,06:00,06:30,0,1.0
SEC_C02_07,2026-09-11,06:30,07:00,0,1.0
SEC_C02_07,2026-09-11,07:00,07:30,0,1.0
SEC_C02_07,2026-09-11,07:30,08:00,0,1.0
SEC_C02_07,2026-09-11,08:00,08:30,0,1.0
SEC_C02_07,2026-09-11,08:30,09:00,0,1.0
SEC_C02_07,2026-09-11,09:00,09:30,0,1.0
SEC_C02_07,2026-09-11,09:30,10:00,1,0.8
SEC_C02_07,2026-09-11,10:00,10:30,1,0.8
SEC_C02_07,2026-09-11,10:30,11:00,0,1.0
SEC_C02_07,2026-09-11,11:00,11:30,0,1.0
SEC_C02_07,2026-09-11,11:30,12:00,0,1.0
SEC_C02_07,2026-09-11,12:00,12:30,0,1.0
SEC_C02_07,2026-09-11,12:30,13:00,0,1.0
SEC_C02_07,2026-09-11,13:00,13:30,0,1.0
SEC_C02_07,2026-09-11,13:30,14:00,0,1.0
SEC_C02_07,2026-09-11,14:00,14:30,0,1.0
SEC_C02_07,2026-09-11,14:30,15:00,0,1.0
SEC_C02_07,2026-09-11,15:00,15:30,0,1.0
SEC_C02_07,2026-09-11,15:30,16:00,0,1.0
SEC_C02_07,2026-09-11,16:00,16:30,0,1.0
SEC_C02_07,2026-09-11,16:30,17:00,0,1.0
SEC_C02_07,2026-09-11,17:00,17:30,0,1.0
SEC_C02_07,2026-09-11,17:30,18:00,0,1.0
SEC_C02_07,2026-09-11,18:00,18:30,0,1.0
SEC_C02_07,2026-09-11,18:30,19:00,0,1.0
SEC_C02_07,2026-09-11,19:00,19:30,0,1.0
SEC_C02_07,2026-09-11,19:30,20:00,0,1.0
SEC_C02_07,2026-09-11,20:00,20:30,0,1.0
SEC_C02_07,2026-09-11,20:30,21:00,0,1.0
SEC_C02_07,2026-09-11,21:00,21:30,1,0.8
SEC_C02_07,2026-09-11,21:30,22:00,1,0.8
SEC_C02_07,2026-09-11,22:00,22:30,0,1.0
SEC_C02_07,2026-09-11,22:30,23:00,0,1.0
SEC_C02_07,2026-09-11,23:00,23:30,0,1.0
SEC_C02_07,2026-09-11,23:30,00:00,0,1.0
SEC_C02_08,2026-09-11,00:00,00:30,0,1.0
SEC_C02_08,2026-09-11,00:30,01:00,0,1.0
SEC_C02_08,2026-09-11,01:00,01:30,0,1.0
SEC_C02_08,2026-09-11,01:30,02:00,0,1.0
SEC_C02_08,2026-09-11,02:00,02:30,0,1.0
SEC_C02_08,2026-09-11,02:30,03:00,0,1.0
SEC_C02_08,2026-09-11,03:00,03:30,0,1.0
SEC_C02_08,2026-09-11,03:30,04:00,0,1.0
SEC_C02_08,2026-09-11,04:00,04:30,0,1.0
SEC_C02_08,2026-09-11,04:30,05:00,0,1.0
SEC_C02_08,2026-09-11,05:00,05:30,0,1.0
SEC_C02_08,2026-09-11,05:30,06:00,0,1.0
SEC_C02_08,2026-09-11,06:00,06:30,0,1.0
SEC_C02_08,2026-09-11,06:30,07:00,0,1.0
SEC_C02_08,2026-09-11,07:00,07:30,0,1.0
SEC_C02_08,2026-09-11,07:30,08:00,0,1.0
SEC_C02_08,2026-09-11,08:00,08:30,0,1.0
SEC_C02_08,2026-09-11,08:30,09:00,0,1.0
SEC_C02_08,2026-09-11,09:00,09:30,0,1.0
SEC_C02_08,2026-09-11,09:30,10:00,0,1.0
SEC_C02_08,2026-09-11,10:00,10:30,0,1.0
SEC_C02_08,2026-09-11,10:30,11:00,0,1.0
SEC_C02_08,2026-09-11,11:00,11:30,0,1.0
SEC_C02_08,2026-09-11,11:30,12:00,0,1.0
SEC_C02_08,2026-09-11,12:00,12:30,0,1.0
SEC_C02_08,2026-09-11,12:30,13:00,0,1.0
SEC_C02_08,2026-09-11,13:00,13:30,0,1.0
SEC_C02_08,2026-09-11,13:30,14:00,0,1.0
SEC_C02_08,2026-09-11,14:00,14:30,0,1.0
SEC_C02_08,2026-09-11,14:30,15:00,0,1.0
SEC_C02_08,2026-09-11,15:00,15:30,0,1.0
SEC_C02_08,2026-09-11,15:30,16:00,0,1.0
SEC_C02_08,2026-09-11,16:00,16:30,0,1.0
SEC_C02_08,2026-09-11,16:30,17:00,0,1.0
SEC_C02_08,2026-09-11,17:00,17:30,0,1.0
SEC_C02_08,2026-09-11,17:30,18:00,0,1.0
SEC_C02_08,2026-09-11,18:00,18:30,0,1.0
SEC_C02_08,2026-09-11,18:30,19:00,0,1.0
SEC_C02_08,2026-09-11,19:00,19:30,0,1.0
SEC_C02_08,2026-09-11,19:30,20:00,0,1.0
SEC_C02_08,2026-09-11,20:00,20:30,0,1.0
SEC_C02_08,2026-09-11,20:30,21:00,0,1.0
SEC_C02_08,2026-09-11,21:00,21:30,0,1.0
SEC_C02_08,2026-09-11,21:30,22:00,1,0.8
SEC_C02_08,2026-09-11,22:00,22:30,1,0.8
SEC_C02_08,2026-09-11,22:30,23:00,1,0.8
SEC_C02_08,2026-09-11,23:00,23:30,0,1.0
SEC_C02_08,2026-09-11,23:30,00:00,0,1.0
SEC_C02_09,2026-09-11,00:00,00:30,0,1.0
SEC_C02_09,2026-09-11,00:30,01:00,0,1.0
SEC_C02_09,2026-09-11,01:00,01:30,0,1.0
SEC_C02_09,2026-09-11,01:30,02:00,0,1.0
SEC_C02_09,2026-09-11,02:00,02:30,0,1.0
SEC_C02_09,2026-09-11,02:30,03:00,0,1.0
SEC_C02_09,2026-09-11,03:00,03:30,0,1.0
SEC_C02_09,2026-09-11,03:30,04:00,0,1.0
SEC_C02_09,2026-09-11,04:00,04:30,1,0.8
SEC_C02_09,2026-09-11,04:30,05:00,1,0.8
SEC_C02_09,2026-09-11,05:00,05:30,0,1.0
SEC_C02_09,2026-09-11,05:30,06:00,0,1.0
SEC_C02_09,2026-09-11,06:00,06:30,0,1.0
SEC_C02_09,2026-09-11,06:30,07:00,0,1.0
SEC_C02_09,2026-09-11,07:00,07:30,0,1.0
SEC_C02_09,2026-09-11,07:30,08:00,0,1.0
SEC_C02_09,2026-09-11,08:00,08:30,0,1.0
SEC_C02_09,2026-09-11,08:30,09:00,0,1.0
SEC_C02_09,2026-09-11,09:00,09:30,1,0.8
SEC_C02_09,2026-09-11,09:30,10:00,1,0.8
SEC_C02_09,2026-09-11,10:00,10:30,0,1.0
SEC_C02_09,2026-09-11,10:30,11:00,0,1.0
SEC_C02_09,2026-09-11,11:00,11:30,0,1.0
SEC_C02_09,2026-09-11,11:30,12:00,0,1.0
SEC_C02_09,2026-09-11,12:00,12:30,0,1.0
SEC_C02_09,2026-09-11,12:30,13:00,0,1.0
SEC_C02_09,2026-09-11,13:00,13:30,0,1.0
SEC_C02_09,2026-09-11,13:30,14:00,0,1.0
SEC_C02_09,2026-09-11,14:00,14:30,0,1.0
SEC_C02_09,2026-09-11,14:30,15:00,0,1.0
SEC_C02_09,2026-09-11,15:00,15:30,0,1.0
SEC_C02_09,2026-09-11,15:30,16:00,0,1.0
SEC_C02_09,2026-09-11,16:00,16:30,0,1.0
SEC_C02_09,2026-09-11,16:30,17:00,0,1.0
SEC_C02_09,2026-09-11,17:00,17:30,1,0.8
SEC_C02_09,2026-09-11,17:30,18:00,1,0.8
SEC_C02_09,2026-09-11,18:00,18:30,0,1.0
SEC_C02_09,2026-09-11,18:30,19:00,0,1.0
SEC_C02_09,2026-09-11,19:00,19:30,0,1.0
SEC_C02_09,2026-09-11,19:30,20:00,0,1.0
SEC_C02_09,2026-09-11,20:00,20:30,0,1.0
SEC_C02_09,2026-09-11,20:30,21:00,0,1.0
SEC_C02_09,2026-09-11,21:00,21:30,0,1.0
SEC_C02_09,2026-09-11,21:30,22:00,0,1.0
SEC_C02_09,2026-09-11,22:00,22:30,0,1.0
SEC_C02_09,2026-09-11,22:30,23:00,0,1.0
SEC_C02_09,2026-09-11,23:00,23:30,0,1.0
SEC_C02_09,2026-09-11,23:30,00:00,0,1.0
SEC_C02_10,2026-09-11,00:00,00:30,0,1.0
SEC_C02_10,2026-09-11,00:30,01:00,0,1.0
SEC_C02_10,2026-09-11,01:00,01:30,0,1.0
SEC_C02_10,2026-09-11,01:30,02:00,0,1.0
SEC_C02_10,2026-09-11,02:00,02:30,0,1.0
SEC_C02_10,2026-09-11,02:30,03:00,0,1.0
SEC_C02_10,2026-09-11,03:00,03:30,0,1.0
SEC_C02_10,2026-09-11,03:30,04:00,0,1.0
SEC_C02_10,2026-09-11,04:00,04:30,0,1.0
SEC_C02_10,2026-09-11,04:30,05:00,0,1.0
SEC_C02_10,2026-09-11,05:00,05:30,0,1.0
SEC_C02_10,2026-09-11,05:30,06:00,0,1.0
SEC_C02_10,2026-09-11,06:00,06:30,0,1.0
SEC_C02_10,2026-09-11,06:30,07:00,0,1.0
SEC_C02_10,2026-09-11,07:00,07:30,0,1.0
SEC_C02_10,2026-09-11,07:30,08:00,0,1.0
SEC_C02_10,2026-09-11,08:00,08:30,0,1.0
SEC_C02_10,2026-09-11,08:30,09:00,0,1.0
SEC_C02_10,2026-09-11,09:00,09:30,0,1.0
SEC_C02_10,2026-09-11,09:30,10:00,0,1.0
SEC_C02_10,2026-09-11,10:00,10:30,0,1.0
SEC_C02_10,2026-09-11,10:30,11:00,0,1.0
SEC_C02_10,2026-09-11,11:00,11:30,0,1.0
SEC_C02_10,2026-09-11,11:30,12:00,0,1.0
SEC_C02_10,2026-09-11,12:00,12:30,0,1.0
SEC_C02_10,2026-09-11,12:30,13:00,0,1.0
SEC_C02_10,2026-09-11,13:00,13:30,0,1.0
SEC_C02_10,2026-09-11,13:30,14:00,0,1.0
SEC_C02_10,2026-09-11,14:00,14:30,0,1.0
SEC_C02_10,2026-09-11,14:30,15:00,1,0.8
SEC_C02_10,2026-09-11,15:00,15:30,1,0.8
SEC_C02_10,2026-09-11,15:30,16:00,0,1.0
SEC_C02_10,2026-09-11,16:00,16:30,0,1.0
SEC_C02_10,2026-09-11,16:30,17:00,0,1.0
SEC_C02_10,2026-09-11,17:00,17:30,0,1.0
SEC_C02_10,2026-09-11,17:30,18:00,0,1.0
SEC_C02_10,2026-09-11,18:00,18:30,0,1.0
SEC_C02_10,2026-09-11,18:30,19:00,1,0.8
SEC_C02_10,2026-09-11,19:00,19:30,1,0.8
SEC_C02_10,2026-09-11,19:30,20:00,0,1.0
SEC_C02_10,2026-09-11,20:00,20:30,0,1.0
SEC_C02_10,2026-09-11,20:30,21:00,1,0.8
SEC_C02_10,2026-09-11,21:00,21:30,1,0.8
SEC_C02_10,2026-09-11,21:30,22:00,0,1.0
SEC_C02_10,2026-09-11,22:00,22:30,0,1.0
SEC_C02_10,2026-09-11,22:30,23:00,0,1.0
SEC_C02_10,2026-09-11,23:00,23:30,0,1.0
SEC_C02_10,2026-09-11,23:30,00:00,0,1.0
SEC_C03_01,2026-09-11,00:00,00:30,0,1.0
SEC_C03_01,2026-09-11,00:30,01:00,0,1.0
SEC_C03_01,2026-09-11,01:00,01:30,0,1.0
SEC_C03_01,2026-09-11,01:30,02:00,0,1.0
SEC_C03_01,2026-09-11,02:00,02:30,0,1.0
SEC_C03_01,2026-09-11,02:30,03:00,0,1.0
SEC_C03_01,2026-09-11,03:00,03:30,0,1.0
SEC_C03_01,2026-09-11,03:30,04:00,0,1.0
SEC_C03_01,2026-09-11,04:00,04:30,0,1.0
SEC_C03_01,2026-09-11,04:30,05:00,0,1.0
SEC_C03_01,2026-09-11,05:00,05:30,0,1.0
SEC_C03_01,2026-09-11,05:30,06:00,0,1.0
SEC_C03_01,2026-09-11,06:00,06:30,0,1.0
SEC_C03_01,2026-09-11,06:30,07:00,0,1.0
SEC_C03_01,2026-09-11,07:00,07:30,0,1.0
SEC_C03_01,2026-09-11,07:30,08:00,0,1.0
SEC_C03_01,2026-09-11,08:00,08:30,0,1.0
SEC_C03_01,2026-09-11,08:30,09:00,0,1.0
SEC_C03_01,2026-09-11,09:00,09:30,0,1.0
SEC_C03_01,2026-09-11,09:30,10:00,1,0.8
SEC_C03_01,2026-09-11,10:00,10:30,1,0.8
SEC_C03_01,2026-09-11,10:30,11:00,1,0.8
SEC_C03_01,2026-09-11,11:00,11:30,0,1.0
SEC_C03_01,2026-09-11,11:30,12:00,0,1.0
SEC_C03_01,2026-09-11,12:00,12:30,0,1.0
SEC_C03_01,2026-09-11,12:30,13:00,0,1.0
SEC_C03_01,2026-09-11,13:00,13:30,0,1.0
SEC_C03_01,2026-09-11,13:30,14:00,0,1.0
SEC_C03_01,2026-09-11,14:00,14:30,0,1.0
SEC_C03_01,2026-09-11,14:30,15:00,0,1.0
SEC_C03_01,2026-09-11,15:00,15:30,1,0.8
SEC_C03_01,2026-09-11,15:30,16:00,1,0.8
SEC_C03_01,2026-09-11,16:00,16:30,0,1.0
SEC_C03_01,2026-09-11,16:30,17:00,0,1.0
SEC_C03_01,2026-09-11,17:00,17:30,0,1.0
SEC_C03_01,2026-09-11,17:30,18:00,0,1.0
SEC_C03_01,2026-09-11,18:00,18:30,0,1.0
SEC_C03_01,2026-09-11,18:30,19:00,0,1.0
SEC_C03_01,2026-09-11,19:00,19:30,0,1.0
SEC_C03_01,2026-09-11,19:30,20:00,0,1.0
SEC_C03_01,2026-09-11,20:00,20:30,0,1.0
SEC_C03_01,2026-09-11,20:30,21:00,0,1.0
SEC_C03_01,2026-09-11,21:00,21:30,0,1.0
SEC_C03_01,2026-09-11,21:30,22:00,0,1.0
SEC_C03_01,2026-09-11,22:00,22:30,0,1.0
SEC_C03_01,2026-09-11,22:30,23:00,0,1.0
SEC_C03_01,2026-09-11,23:00,23:30,0,1.0
SEC_C03_01,2026-09-11,23:30,00:00,0,1.0
SEC_C03_02,2026-09-11,00:00,00:30,0,1.0
SEC_C03_02,2026-09-11,00:30,01:00,0,1.0
SEC_C03_02,2026-09-11,01:00,01:30,0,1.0
SEC_C03_02,2026-09-11,01:30,02:00,0,1.0
SEC_C03_02,2026-09-11,02:00,02:30,0,1.0
SEC_C03_02,2026-09-11,02:30,03:00,0,1.0
SEC_C03_02,2026-09-11,03:00,03:30,0,1.0
SEC_C03_02,2026-09-11,03:30,04:00,0,1.0
SEC_C03_02,2026-09-11,04:00,04:30,0,1.0
SEC_C03_02,2026-09-11,04:30,05:00,0,1.0
SEC_C03_02,2026-09-11,05:00,05:30,0,1.0
SEC_C03_02,2026-09-11,05:30,06:00,0,1.0
SEC_C03_02,2026-09-11,06:00,06:30,0,1.0
SEC_C03_02,2026-09-11,06:30,07:00,0,1.0
SEC_C03_02,2026-09-11,07:00,07:30,0,1.0
SEC_C03_02,2026-09-11,07:30,08:00,0,1.0
SEC_C03_02,2026-09-11,08:00,08:30,0,1.0
SEC_C03_02,2026-09-11,08:30,09:00,0,1.0
SEC_C03_02,2026-09-11,09:00,09:30,0,1.0
SEC_C03_02,2026-09-11,09:30,10:00,0,1.0
SEC_C03_02,2026-09-11,10:00,10:30,0,1.0
SEC_C03_02,2026-09-11,10:30,11:00,0,1.0
SEC_C03_02,2026-09-11,11:00,11:30,1,0.5
SEC_C03_02,2026-09-11,11:30,12:00,1,0.5
SEC_C03_02,2026-09-11,12:00,12:30,0,1.0
SEC_C03_02,2026-09-11,12:30,13:00,0,1.0
SEC_C03_02,2026-09-11,13:00,13:30,0,1.0
SEC_C03_02,2026-09-11,13:30,14:00,0,1.0
SEC_C03_02,2026-09-11,14:00,14:30,0,1.0
SEC_C03_02,2026-09-11,14:30,15:00,0,1.0
SEC_C03_02,2026-09-11,15:00,15:30,0,1.0
SEC_C03_02,2026-09-11,15:30,16:00,0,1.0
SEC_C03_02,2026-09-11,16:00,16:30,0,1.0
SEC_C03_02,2026-09-11,16:30,17:00,0,1.0
SEC_C03_02,2026-09-11,17:00,17:30,0,1.0
SEC_C03_02,2026-09-11,17:30,18:00,0,1.0
SEC_C03_02,2026-09-11,18:00,18:30,1,0.8
SEC_C03_02,2026-09-11,18:30,19:00,1,0.8
SEC_C03_02,2026-09-11,19:00,19:30,0,1.0
SEC_C03_02,2026-09-11,19:30,20:00,0,1.0
SEC_C03_02,2026-09-11,20:00,20:30,0,1.0
SEC_C03_02,2026-09-11,20:30,21:00,0,1.0
SEC_C03_02,2026-09-11,21:00,21:30,0,1.0
SEC_C03_02,2026-09-11,21:30,22:00,0,1.0
SEC_C03_02,2026-09-11,22:00,22:30,0,1.0
SEC_C03_02,2026-09-11,22:30,23:00,0,1.0
SEC_C03_02,2026-09-11,23:00,23:30,0,1.0
SEC_C03_02,2026-09-11,23:30,00:00,0,1.0
SEC_C03_03,2026-09-11,00:00,00:30,0,1.0
SEC_C03_03,2026-09-11,00:30,01:00,0,1.0
SEC_C03_03,2026-09-11,01:00,01:30,0,1.0
SEC_C03_03,2026-09-11,01:30,02:00,0,1.0
SEC_C03_03,2026-09-11,02:00,02:30,0,1.0
SEC_C03_03,2026-09-11,02:30,03:00,0,1.0
SEC_C03_03,2026-09-11,03:00,03:30,0,1.0
SEC_C03_03,2026-09-11,03:30,04:00,0,1.0
SEC_C03_03,2026-09-11,04:00,04:30,0,1.0
SEC_C03_03,2026-09-11,04:30,05:00,0,1.0
SEC_C03_03,2026-09-11,05:00,05:30,0,1.0
SEC_C03_03,2026-09-11,05:30,06:00,0,1.0
SEC_C03_03,2026-09-11,06:00,06:30,0,1.0
SEC_C03_03,2026-09-11,06:30,07:00,1,0.5
SEC_C03_03,2026-09-11,07:00,07:30,1,0.5
SEC_C03_03,2026-09-11,07:30,08:00,0,1.0
SEC_C03_03,2026-09-11,08:00,08:30,0,1.0
SEC_C03_03,2026-09-11,08:30,09:00,0,1.0
SEC_C03_03,2026-09-11,09:00,09:30,0,1.0
SEC_C03_03,2026-09-11,09:30,10:00,0,1.0
SEC_C03_03,2026-09-11,10:00,10:30,0,1.0
SEC_C03_03,2026-09-11,10:30,11:00,0,1.0
SEC_C03_03,2026-09-11,11:00,11:30,0,1.0
SEC_C03_03,2026-09-11,11:30,12:00,0,1.0
SEC_C03_03,2026-09-11,12:00,12:30,0,1.0
SEC_C03_03,2026-09-11,12:30,13:00,0,1.0
SEC_C03_03,2026-09-11,13:00,13:30,0,1.0
SEC_C03_03,2026-09-11,13:30,14:00,0,1.0
SEC_C03_03,2026-09-11,14:00,14:30,0,1.0
SEC_C03_03,2026-09-11,14:30,15:00,0,1.0
SEC_C03_03,2026-09-11,15:00,15:30,0,1.0
SEC_C03_03,2026-09-11,15:30,16:00,0,1.0
SEC_C03_03,2026-09-11,16:00,16:30,0,1.0
SEC_C03_03,2026-09-11,16:30,17:00,0,1.0
SEC_C03_03,2026-09-11,17:00,17:30,0,1.0
SEC_C03_03,2026-09-11,17:30,18:00,0,1.0
SEC_C03_03,2026-09-11,18:00,18:30,0,1.0
SEC_C03_03,2026-09-11,18:30,19:00,0,1.0
SEC_C03_03,2026-09-11,19:00,19:30,0,1.0
SEC_C03_03,2026-09-11,19:30,20:00,0,1.0
SEC_C03_03,2026-09-11,20:00,20:30,0,1.0
SEC_C03_03,2026-09-11,20:30,21:00,0,1.0
SEC_C03_03,2026-09-11,21:00,21:30,0,1.0
SEC_C03_03,2026-09-11,21:30,22:00,0,1.0
SEC_C03_03,2026-09-11,22:00,22:30,0,1.0
SEC_C03_03,2026-09-11,22:30,23:00,0,1.0
SEC_C03_03,2026-09-11,23:00,23:30,0,1.0
SEC_C03_03,2026-09-11,23:30,00:00,0,1.0
SEC_C03_04,2026-09-11,00:00,00:30,0,1.0
SEC_C03_04,2026-09-11,00:30,01:00,0,1.0
SEC_C03_04,2026-09-11,01:00,01:30,0,1.0
SEC_C03_04,2026-09-11,01:30,02:00,0,1.0
SEC_C03_04,2026-09-11,02:00,02:30,0,1.0
SEC_C03_04,2026-09-11,02:30,03:00,0,1.0
SEC_C03_04,2026-09-11,03:00,03:30,0,1.0
SEC_C03_04,2026-09-11,03:30,04:00,0,1.0
SEC_C03_04,2026-09-11,04:00,04:30,0,1.0
SEC_C03_04,2026-09-11,04:30,05:00,0,1.0
SEC_C03_04,2026-09-11,05:00,05:30,0,1.0
SEC_C03_04,2026-09-11,05:30,06:00,0,1.0
SEC_C03_04,2026-09-11,06:00,06:30,0,1.0
SEC_C03_04,2026-09-11,06:30,07:00,0,1.0
SEC_C03_04,2026-09-11,07:00,07:30,0,1.0
SEC_C03_04,2026-09-11,07:30,08:00,0,1.0
SEC_C03_04,2026-09-11,08:00,08:30,0,1.0
SEC_C03_04,2026-09-11,08:30,09:00,0,1.0
SEC_C03_04,2026-09-11,09:00,09:30,0,1.0
SEC_C03_04,2026-09-11,09:30,10:00,0,1.0
SEC_C03_04,2026-09-11,10:00,10:30,0,1.0
SEC_C03_04,2026-09-11,10:30,11:00,0,1.0
SEC_C03_04,2026-09-11,11:00,11:30,0,1.0
SEC_C03_04,2026-09-11,11:30,12:00,0,1.0
SEC_C03_04,2026-09-11,12:00,12:30,1,0.8
SEC_C03_04,2026-09-11,12:30,13:00,1,0.8
SEC_C03_04,2026-09-11,13:00,13:30,0,1.0
SEC_C03_04,2026-09-11,13:30,14:00,1,0.8
SEC_C03_04,2026-09-11,14:00,14:30,1,0.8
SEC_C03_04,2026-09-11,14:30,15:00,0,1.0
SEC_C03_04,2026-09-11,15:00,15:30,0,1.0
SEC_C03_04,2026-09-11,15:30,16:00,0,1.0
SEC_C03_04,2026-09-11,16:00,16:30,0,1.0
SEC_C03_04,2026-09-11,16:30,17:00,0,1.0
SEC_C03_04,2026-09-11,17:00,17:30,1,0.8
SEC_C03_04,2026-09-11,17:30,18:00,1,0.8
SEC_C03_04,2026-09-11,18:00,18:30,1,0.8
SEC_C03_04,2026-09-11,18:30,19:00,0,1.0
SEC_C03_04,2026-09-11,19:00,19:30,0,1.0
SEC_C03_04,2026-09-11,19:30,20:00,0,1.0
SEC_C03_04,2026-09-11,20:00,20:30,0,1.0
SEC_C03_04,2026-09-11,20:30,21:00,0,1.0
SEC_C03_04,2026-09-11,21:00,21:30,0,1.0
SEC_C03_04,2026-09-11,21:30,22:00,0,1.0
SEC_C03_04,2026-09-11,22:00,22:30,0,1.0
SEC_C03_04,2026-09-11,22:30,23:00,0,1.0
SEC_C03_04,2026-09-11,23:00,23:30,0,1.0
SEC_C03_04,2026-09-11,23:30,00:00,0,1.0
SEC_C03_05,2026-09-11,00:00,00:30,0,1.0
SEC_C03_05,2026-09-11,00:30,01:00,0,1.0
SEC_C03_05,2026-09-11,01:00,01:30,0,1.0
SEC_C03_05,2026-09-11,01:30,02:00,0,1.0
SEC_C03_05,2026-09-11,02:00,02:30,0,1.0
SEC_C03_05,2026-09-11,02:30,03:00,0,1.0
SEC_C03_05,2026-09-11,03:00,03:30,0,1.0
SEC_C03_05,2026-09-11,03:30,04:00,0,1.0
SEC_C03_05,2026-09-11,04:00,04:30,0,1.0
SEC_C03_05,2026-09-11,04:30,05:00,0,1.0
SEC_C03_05,2026-09-11,05:00,05:30,0,1.0
SEC_C03_05,2026-09-11,05:30,06:00,0,1.0
SEC_C03_05,2026-09-11,06:00,06:30,0,1.0
SEC_C03_05,2026-09-11,06:30,07:00,0,1.0
SEC_C03_05,2026-09-11,07:00,07:30,0,1.0
SEC_C03_05,2026-09-11,07:30,08:00,0,1.0
SEC_C03_05,2026-09-11,08:00,08:30,0,1.0
SEC_C03_05,2026-09-11,08:30,09:00,2,0.5
SEC_C03_05,2026-09-11,09:00,09:30,2,0.5
SEC_C03_05,2026-09-11,09:30,10:00,1,0.8
SEC_C03_05,2026-09-11,10:00,10:30,0,1.0
SEC_C03_05,2026-09-11,10:30,11:00,0,1.0
SEC_C03_05,2026-09-11,11:00,11:30,0,1.0
SEC_C03_05,2026-09-11,11:30,12:00,0,1.0
SEC_C03_05,2026-09-11,12:00,12:30,0,1.0
SEC_C03_05,2026-09-11,12:30,13:00,0,1.0
SEC_C03_05,2026-09-11,13:00,13:30,0,1.0
SEC_C03_05,2026-09-11,13:30,14:00,0,1.0
SEC_C03_05,2026-09-11,14:00,14:30,0,1.0
SEC_C03_05,2026-09-11,14:30,15:00,0,1.0
SEC_C03_05,2026-09-11,15:00,15:30,0,1.0
SEC_C03_05,2026-09-11,15:30,16:00,0,1.0
SEC_C03_05,2026-09-11,16:00,16:30,0,1.0
SEC_C03_05,2026-09-11,16:30,17:00,0,1.0
SEC_C03_05,2026-09-11,17:00,17:30,0,1.0
SEC_C03_05,2026-09-11,17:30,18:00,0,1.0
SEC_C03_05,2026-09-11,18:00,18:30,0,1.0
SEC_C03_05,2026-09-11,18:30,19:00,0,1.0
SEC_C03_05,2026-09-11,19:00,19:30,0,1.0
SEC_C03_05,2026-09-11,19:30,20:00,0,1.0
SEC_C03_05,2026-09-11,20:00,20:30,0,1.0
SEC_C03_05,2026-09-11,20:30,21:00,0,1.0
SEC_C03_05,2026-09-11,21:00,21:30,0,1.0
SEC_C03_05,2026-09-11,21:30,22:00,0,1.0
SEC_C03_05,2026-09-11,22:00,22:30,0,1.0
SEC_C03_05,2026-09-11,22:30,23:00,0,1.0
SEC_C03_05,2026-09-11,23:00,23:30,0,1.0
SEC_C03_05,2026-09-11,23:30,00:00,0,1.0
SEC_C03_06,2026-09-11,00:00,00:30,0,1.0
SEC_C03_06,2026-09-11,00:30,01:00,0,1.0
SEC_C03_06,2026-09-11,01:00,01:30,0,1.0
SEC_C03_06,2026-09-11,01:30,02:00,0,1.0
SEC_C03_06,2026-09-11,02:00,02:30,0,1.0
SEC_C03_06,2026-09-11,02:30,03:00,0,1.0
SEC_C03_06,2026-09-11,03:00,03:30,0,1.0
SEC_C03_06,2026-09-11,03:30,04:00,0,1.0
SEC_C03_06,2026-09-11,04:00,04:30,0,1.0
SEC_C03_06,2026-09-11,04:30,05:00,0,1.0
SEC_C03_06,2026-09-11,05:00,05:30,0,1.0
SEC_C03_06,2026-09-11,05:30,06:00,0,1.0
SEC_C03_06,2026-09-11,06:00,06:30,0,1.0
SEC_C03_06,2026-09-11,06:30,07:00,0,1.0
SEC_C03_06,2026-09-11,07:00,07:30,0,1.0
SEC_C03_06,2026-09-11,07:30,08:00,0,1.0
SEC_C03_06,2026-09-11,08:00,08:30,0,1.0
SEC_C03_06,2026-09-11,08:30,09:00,0,1.0
SEC_C03_06,2026-09-11,09:00,09:30,0,1.0
SEC_C03_06,2026-09-11,09:30,10:00,0,1.0
SEC_C03_06,2026-09-11,10:00,10:30,0,1.0
SEC_C03_06,2026-09-11,10:30,11:00,0,1.0
SEC_C03_06,2026-09-11,11:00,11:30,0,1.0
SEC_C03_06,2026-09-11,11:30,12:00,0,1.0
SEC_C03_06,2026-09-11,12:00,12:30,0,1.0
SEC_C03_06,2026-09-11,12:30,13:00,1,0.8
SEC_C03_06,2026-09-11,13:00,13:30,1,0.8
SEC_C03_06,2026-09-11,13:30,14:00,0,1.0
SEC_C03_06,2026-09-11,14:00,14:30,0,1.0
SEC_C03_06,2026-09-11,14:30,15:00,0,1.0
SEC_C03_06,2026-09-11,15:00,15:30,0,1.0
SEC_C03_06,2026-09-11,15:30,16:00,0,1.0
SEC_C03_06,2026-09-11,16:00,16:30,0,1.0
SEC_C03_06,2026-09-11,16:30,17:00,0,1.0
SEC_C03_06,2026-09-11,17:00,17:30,0,1.0
SEC_C03_06,2026-09-11,17:30,18:00,1,0.8
SEC_C03_06,2026-09-11,18:00,18:30,1,0.8
SEC_C03_06,2026-09-11,18:30,19:00,0,1.0
SEC_C03_06,2026-09-11,19:00,19:30,0,1.0
SEC_C03_06,2026-09-11,19:30,20:00,0,1.0
SEC_C03_06,2026-09-11,20:00,20:30,0,1.0
SEC_C03_06,2026-09-11,20:30,21:00,0,1.0
SEC_C03_06,2026-09-11,21:00,21:30,0,1.0
SEC_C03_06,2026-09-11,21:30,22:00,0,1.0
SEC_C03_06,2026-09-11,22:00,22:30,0,1.0
SEC_C03_06,2026-09-11,22:30,23:00,0,1.0
SEC_C03_06,2026-09-11,23:00,23:30,0,1.0
SEC_C03_06,2026-09-11,23:30,00:00,0,1.0
SEC_C04_01,2026-09-11,00:00,00:30,0,1.0
SEC_C04_01,2026-09-11,00:30,01:00,0,1.0
SEC_C04_01,2026-09-11,01:00,01:30,0,1.0
SEC_C04_01,2026-09-11,01:30,02:00,0,1.0
SEC_C04_01,2026-09-11,02:00,02:30,0,1.0
SEC_C04_01,2026-09-11,02:30,03:00,0,1.0
SEC_C04_01,2026-09-11,03:00,03:30,0,1.0
SEC_C04_01,2026-09-11,03:30,04:00,0,1.0
SEC_C04_01,2026-09-11,04:00,04:30,0,1.0
SEC_C04_01,2026-09-11,04:30,05:00,1,0.8
SEC_C04_01,2026-09-11,05:00,05:30,1,0.8
SEC_C04_01,2026-09-11,05:30,06:00,0,1.0
SEC_C04_01,2026-09-11,06:00,06:30,0,1.0
SEC_C04_01,2026-09-11,06:30,07:00,0,1.0
SEC_C04_01,2026-09-11,07:00,07:30,0,1.0
SEC_C04_01,2026-09-11,07:30,08:00,0,1.0
SEC_C04_01,2026-09-11,08:00,08:30,0,1.0
SEC_C04_01,2026-09-11,08:30,09:00,0,1.0
SEC_C04_01,2026-09-11,09:00,09:30,0,1.0
SEC_C04_01,2026-09-11,09:30,10:00,0,1.0
SEC_C04_01,2026-09-11,10:00,10:30,0,1.0
SEC_C04_01,2026-09-11,10:30,11:00,0,1.0
SEC_C04_01,2026-09-11,11:00,11:30,0,1.0
SEC_C04_01,2026-09-11,11:30,12:00,0,1.0
SEC_C04_01,2026-09-11,12:00,12:30,0,1.0
SEC_C04_01,2026-09-11,12:30,13:00,0,1.0
SEC_C04_01,2026-09-11,13:00,13:30,0,1.0
SEC_C04_01,2026-09-11,13:30,14:00,0,1.0
SEC_C04_01,2026-09-11,14:00,14:30,0,1.0
SEC_C04_01,2026-09-11,14:30,15:00,0,1.0
SEC_C04_01,2026-09-11,15:00,15:30,0,1.0
SEC_C04_01,2026-09-11,15:30,16:00,0,1.0
SEC_C04_01,2026-09-11,16:00,16:30,0,1.0
SEC_C04_01,2026-09-11,16:30,17:00,0,1.0
SEC_C04_01,2026-09-11,17:00,17:30,0,1.0
SEC_C04_01,2026-09-11,17:30,18:00,0,1.0
SEC_C04_01,2026-09-11,18:00,18:30,0,1.0
SEC_C04_01,2026-09-11,18:30,19:00,0,1.0
SEC_C04_01,2026-09-11,19:00,19:30,0,1.0
SEC_C04_01,2026-09-11,19:30,20:00,0,1.0
SEC_C04_01,2026-09-11,20:00,20:30,0,1.0
SEC_C04_01,2026-09-11,20:30,21:00,0,1.0
SEC_C04_01,2026-09-11,21:00,21:30,0,1.0
SEC_C04_01,2026-09-11,21:30,22:00,0,1.0
SEC_C04_01,2026-09-11,22:00,22:30,0,1.0
SEC_C04_01,2026-09-11,22:30,23:00,0,1.0
SEC_C04_01,2026-09-11,23:00,23:30,0,1.0
SEC_C04_01,2026-09-11,23:30,00:00,0,1.0
SEC_C04_02,2026-09-11,00:00,00:30,0,1.0
SEC_C04_02,2026-09-11,00:30,01:00,0,1.0
SEC_C04_02,2026-09-11,01:00,01:30,0,1.0
SEC_C04_02,2026-09-11,01:30,02:00,0,1.0
SEC_C04_02,2026-09-11,02:00,02:30,0,1.0
SEC_C04_02,2026-09-11,02:30,03:00,0,1.0
SEC_C04_02,2026-09-11,03:00,03:30,0,1.0
SEC_C04_02,2026-09-11,03:30,04:00,0,1.0
SEC_C04_02,2026-09-11,04:00,04:30,0,1.0
SEC_C04_02,2026-09-11,04:30,05:00,0,1.0
SEC_C04_02,2026-09-11,05:00,05:30,0,1.0
SEC_C04_02,2026-09-11,05:30,06:00,0,1.0
SEC_C04_02,2026-09-11,06:00,06:30,0,1.0
SEC_C04_02,2026-09-11,06:30,07:00,0,1.0
SEC_C04_02,2026-09-11,07:00,07:30,0,1.0
SEC_C04_02,2026-09-11,07:30,08:00,0,1.0
SEC_C04_02,2026-09-11,08:00,08:30,0,1.0
SEC_C04_02,2026-09-11,08:30,09:00,0,1.0
SEC_C04_02,2026-09-11,09:00,09:30,1,0.8
SEC_C04_02,2026-09-11,09:30,10:00,1,0.8
SEC_C04_02,2026-09-11,10:00,10:30,0,1.0
SEC_C04_02,2026-09-11,10:30,11:00,0,1.0
SEC_C04_02,2026-09-11,11:00,11:30,0,1.0
SEC_C04_02,2026-09-11,11:30,12:00,0,1.0
SEC_C04_02,2026-09-11,12:00,12:30,0,1.0
SEC_C04_02,2026-09-11,12:30,13:00,0,1.0
SEC_C04_02,2026-09-11,13:00,13:30,0,1.0
SEC_C04_02,2026-09-11,13:30,14:00,0,1.0
SEC_C04_02,2026-09-11,14:00,14:30,0,1.0
SEC_C04_02,2026-09-11,14:30,15:00,0,1.0
SEC_C04_02,2026-09-11,15:00,15:30,1,0.5
SEC_C04_02,2026-09-11,15:30,16:00,0,1.0
SEC_C04_02,2026-09-11,16:00,16:30,0,1.0
SEC_C04_02,2026-09-11,16:30,17:00,0,1.0
SEC_C04_02,2026-09-11,17:00,17:30,0,1.0
SEC_C04_02,2026-09-11,17:30,18:00,0,1.0
SEC_C04_02,2026-09-11,18:00,18:30,0,1.0
SEC_C04_02,2026-09-11,18:30,19:00,0,1.0
SEC_C04_02,2026-09-11,19:00,19:30,0,1.0
SEC_C04_02,2026-09-11,19:30,20:00,0,1.0
SEC_C04_02,2026-09-11,20:00,20:30,0,1.0
SEC_C04_02,2026-09-11,20:30,21:00,0,1.0
SEC_C04_02,2026-09-11,21:00,21:30,0,1.0
SEC_C04_02,2026-09-11,21:30,22:00,0,1.0
SEC_C04_02,2026-09-11,22:00,22:30,0,1.0
SEC_C04_02,2026-09-11,22:30,23:00,0,1.0
SEC_C04_02,2026-09-11,23:00,23:30,0,1.0
SEC_C04_02,2026-09-11,23:30,00:00,0,1.0
SEC_C04_03,2026-09-11,00:00,00:30,0,1.0
SEC_C04_03,2026-09-11,00:30,01:00,0,1.0
SEC_C04_03,2026-09-11,01:00,01:30,0,1.0
SEC_C04_03,2026-09-11,01:30,02:00,0,1.0
SEC_C04_03,2026-09-11,02:00,02:30,0,1.0
SEC_C04_03,2026-09-11,02:30,03:00,1,0.8
SEC_C04_03,2026-09-11,03:00,03:30,1,0.8
SEC_C04_03,2026-09-11,03:30,04:00,0,1.0
SEC_C04_03,2026-09-11,04:00,04:30,0,1.0
SEC_C04_03,2026-09-11,04:30,05:00,0,1.0
SEC_C04_03,2026-09-11,05:00,05:30,0,1.0
SEC_C04_03,2026-09-11,05:30,06:00,0,1.0
SEC_C04_03,2026-09-11,06:00,06:30,0,1.0
SEC_C04_03,2026-09-11,06:30,07:00,0,1.0
SEC_C04_03,2026-09-11,07:00,07:30,0,1.0
SEC_C04_03,2026-09-11,07:30,08:00,0,1.0
SEC_C04_03,2026-09-11,08:00,08:30,0,1.0
SEC_C04_03,2026-09-11,08:30,09:00,0,1.0
SEC_C04_03,2026-09-11,09:00,09:30,0,1.0
SEC_C04_03,2026-09-11,09:30,10:00,0,1.0
SEC_C04_03,2026-09-11,10:00,10:30,0,1.0
SEC_C04_03,2026-09-11,10:30,11:00,0,1.0
SEC_C04_03,2026-09-11,11:00,11:30,0,1.0
SEC_C04_03,2026-09-11,11:30,12:00,0,1.0
SEC_C04_03,2026-09-11,12:00,12:30,0,1.0
SEC_C04_03,2026-09-11,12:30,13:00,0,1.0
SEC_C04_03,2026-09-11,13:00,13:30,0,1.0
SEC_C04_03,2026-09-11,13:30,14:00,0,1.0
SEC_C04_03,2026-09-11,14:00,14:30,0,1.0
SEC_C04_03,2026-09-11,14:30,15:00,0,1.0
SEC_C04_03,2026-09-11,15:00,15:30,0,1.0
SEC_C04_03,2026-09-11,15:30,16:00,0,1.0
SEC_C04_03,2026-09-11,16:00,16:30,0,1.0
SEC_C04_03,2026-09-11,16:30,17:00,0,1.0
SEC_C04_03,2026-09-11,17:00,17:30,0,1.0
SEC_C04_03,2026-09-11,17:30,18:00,0,1.0
SEC_C04_03,2026-09-11,18:00,18:30,0,1.0
SEC_C04_03,2026-09-11,18:30,19:00,0,1.0
SEC_C04_03,2026-09-11,19:00,19:30,0,1.0
SEC_C04_03,2026-09-11,19:30,20:00,0,1.0
SEC_C04_03,2026-09-11,20:00,20:30,0,1.0
SEC_C04_03,2026-09-11,20:30,21:00,0,1.0
SEC_C04_03,2026-09-11,21:00,21:30,0,1.0
SEC_C04_03,2026-09-11,21:30,22:00,0,1.0
SEC_C04_03,2026-09-11,22:00,22:30,0,1.0
SEC_C04_03,2026-09-11,22:30,23:00,0,1.0
SEC_C04_03,2026-09-11,23:00,23:30,0,1.0
SEC_C04_03,2026-09-11,23:30,00:00,0,1.0
SEC_C04_04,2026-09-11,00:00,00:30,0,1.0
SEC_C04_04,2026-09-11,00:30,01:00,0,1.0
SEC_C04_04,2026-09-11,01:00,01:30,0,1.0
SEC_C04_04,2026-09-11,01:30,02:00,0,1.0
SEC_C04_04,2026-09-11,02:00,02:30,0,1.0
SEC_C04_04,2026-09-11,02:30,03:00,0,1.0
SEC_C04_04,2026-09-11,03:00,03:30,0,1.0
SEC_C04_04,2026-09-11,03:30,04:00,0,1.0
SEC_C04_04,2026-09-11,04:00,04:30,0,1.0
SEC_C04_04,2026-09-11,04:30,05:00,0,1.0
SEC_C04_04,2026-09-11,05:00,05:30,0,1.0
SEC_C04_04,2026-09-11,05:30,06:00,0,1.0
SEC_C04_04,2026-09-11,06:00,06:30,0,1.0
SEC_C04_04,2026-09-11,06:30,07:00,0,1.0
SEC_C04_04,2026-09-11,07:00,07:30,0,1.0
SEC_C04_04,2026-09-11,07:30,08:00,0,1.0
SEC_C04_04,2026-09-11,08:00,08:30,0,1.0
SEC_C04_04,2026-09-11,08:30,09:00,2,0.5
SEC_C04_04,2026-09-11,09:00,09:30,2,0.5
SEC_C04_04,2026-09-11,09:30,10:00,1,0.5
SEC_C04_04,2026-09-11,10:00,10:30,1,0.5
SEC_C04_04,2026-09-11,10:30,11:00,0,1.0
SEC_C04_04,2026-09-11,11:00,11:30,0,1.0
SEC_C04_04,2026-09-11,11:30,12:00,0,1.0
SEC_C04_04,2026-09-11,12:00,12:30,0,1.0
SEC_C04_04,2026-09-11,12:30,13:00,0,1.0
SEC_C04_04,2026-09-11,13:00,13:30,0,1.0
SEC_C04_04,2026-09-11,13:30,14:00,0,1.0
SEC_C04_04,2026-09-11,14:00,14:30,0,1.0
SEC_C04_04,2026-09-11,14:30,15:00,0,1.0
SEC_C04_04,2026-09-11,15:00,15:30,0,1.0
SEC_C04_04,2026-09-11,15:30,16:00,0,1.0
SEC_C04_04,2026-09-11,16:00,16:30,0,1.0
SEC_C04_04,2026-09-11,16:30,17:00,0,1.0
SEC_C04_04,2026-09-11,17:00,17:30,0,1.0
SEC_C04_04,2026-09-11,17:30,18:00,0,1.0
SEC_C04_04,2026-09-11,18:00,18:30,0,1.0
SEC_C04_04,2026-09-11,18:30,19:00,0,1.0
SEC_C04_04,2026-09-11,19:00,19:30,0,1.0
SEC_C04_04,2026-09-11,19:30,20:00,0,1.0
SEC_C04_04,2026-09-11,20:00,20:30,0,1.0
SEC_C04_04,2026-09-11,20:30,21:00,0,1.0
SEC_C04_04,2026-09-11,21:00,21:30,0,1.0
SEC_C04_04,2026-09-11,21:30,22:00,0,1.0
SEC_C04_04,2026-09-11,22:00,22:30,0,1.0
SEC_C04_04,2026-09-11,22:30,23:00,0,1.0
SEC_C04_04,2026-09-11,23:00,23:30,0,1.0
SEC_C04_04,2026-09-11,23:30,00:00,0,1.0
SEC_C04_05,2026-09-11,00:00,00:30,0,1.0
SEC_C04_05,2026-09-11,00:30,01:00,0,1.0
SEC_C04_05,2026-09-11,01:00,01:30,0,1.0
SEC_C04_05,2026-09-11,01:30,02:00,0,1.0
SEC_C04_05,2026-09-11,02:00,02:30,0,1.0
SEC_C04_05,2026-09-11,02:30,03:00,0,1.0
SEC_C04_05,2026-09-11,03:00,03:30,0,1.0
SEC_C04_05,2026-09-11,03:30,04:00,0,1.0
SEC_C04_05,2026-09-11,04:00,04:30,0,1.0
SEC_C04_05,2026-09-11,04:30,05:00,0,1.0
SEC_C04_05,2026-09-11,05:00,05:30,0,1.0
SEC_C04_05,2026-09-11,05:30,06:00,0,1.0
SEC_C04_05,2026-09-11,06:00,06:30,0,1.0
SEC_C04_05,2026-09-11,06:30,07:00,1,0.8
SEC_C04_05,2026-09-11,07:00,07:30,1,0.8
SEC_C04_05,2026-09-11,07:30,08:00,1,0.8
SEC_C04_05,2026-09-11,08:00,08:30,0,1.0
SEC_C04_05,2026-09-11,08:30,09:00,0,1.0
SEC_C04_05,2026-09-11,09:00,09:30,0,1.0
SEC_C04_05,2026-09-11,09:30,10:00,0,1.0
SEC_C04_05,2026-09-11,10:00,10:30,0,1.0
SEC_C04_05,2026-09-11,10:30,11:00,0,1.0
SEC_C04_05,2026-09-11,11:00,11:30,0,1.0
SEC_C04_05,2026-09-11,11:30,12:00,0,1.0
SEC_C04_05,2026-09-11,12:00,12:30,0,1.0
SEC_C04_05,2026-09-11,12:30,13:00,0,1.0
SEC_C04_05,2026-09-11,13:00,13:30,0,1.0
SEC_C04_05,2026-09-11,13:30,14:00,0,1.0
SEC_C04_05,2026-09-11,14:00,14:30,0,1.0
SEC_C04_05,2026-09-11,14:30,15:00,1,0.8
SEC_C04_05,2026-09-11,15:00,15:30,0,1.0
SEC_C04_05,2026-09-11,15:30,16:00,0,1.0
SEC_C04_05,2026-09-11,16:00,16:30,0,1.0
SEC_C04_05,2026-09-11,16:30,17:00,0,1.0
SEC_C04_05,2026-09-11,17:00,17:30,0,1.0
SEC_C04_05,2026-09-11,17:30,18:00,0,1.0
SEC_C04_05,2026-09-11,18:00,18:30,0,1.0
SEC_C04_05,2026-09-11,18:30,19:00,0,1.0
SEC_C04_05,2026-09-11,19:00,19:30,0,1.0
SEC_C04_05,2026-09-11,19:30,20:00,0,1.0
SEC_C04_05,2026-09-11,20:00,20:30,0,1.0
SEC_C04_05,2026-09-11,20:30,21:00,1,0.8
SEC_C04_05,2026-09-11,21:00,21:30,1,0.8
SEC_C04_05,2026-09-11,21:30,22:00,0,1.0
SEC_C04_05,2026-09-11,22:00,22:30,0,1.0
SEC_C04_05,2026-09-11,22:30,23:00,0,1.0
SEC_C04_05,2026-09-11,23:00,23:30,0,1.0
SEC_C04_05,2026-09-11,23:30,00:00,0,1.0
SEC_C04_06,2026-09-11,00:00,00:30,0,1.0
SEC_C04_06,2026-09-11,00:30,01:00,0,1.0
SEC_C04_06,2026-09-11,01:00,01:30,0,1.0
SEC_C04_06,2026-09-11,01:30,02:00,0,1.0
SEC_C04_06,2026-09-11,02:00,02:30,0,1.0
SEC_C04_06,2026-09-11,02:30,03:00,0,1.0
SEC_C04_06,2026-09-11,03:00,03:30,0,1.0
SEC_C04_06,2026-09-11,03:30,04:00,0,1.0
SEC_C04_06,2026-09-11,04:00,04:30,0,1.0
SEC_C04_06,2026-09-11,04:30,05:00,0,1.0
SEC_C04_06,2026-09-11,05:00,05:30,0,1.0
SEC_C04_06,2026-09-11,05:30,06:00,0,1.0
SEC_C04_06,2026-09-11,06:00,06:30,0,1.0
SEC_C04_06,2026-09-11,06:30,07:00,0,1.0
SEC_C04_06,2026-09-11,07:00,07:30,0,1.0
SEC_C04_06,2026-09-11,07:30,08:00,0,1.0
SEC_C04_06,2026-09-11,08:00,08:30,0,1.0
SEC_C04_06,2026-09-11,08:30,09:00,0,1.0
SEC_C04_06,2026-09-11,09:00,09:30,0,1.0
SEC_C04_06,2026-09-11,09:30,10:00,0,1.0
SEC_C04_06,2026-09-11,10:00,10:30,0,1.0
SEC_C04_06,2026-09-11,10:30,11:00,0,1.0
SEC_C04_06,2026-09-11,11:00,11:30,0,1.0
SEC_C04_06,2026-09-11,11:30,12:00,0,1.0
SEC_C04_06,2026-09-11,12:00,12:30,0,1.0
SEC_C04_06,2026-09-11,12:30,13:00,0,1.0
SEC_C04_06,2026-09-11,13:00,13:30,0,1.0
SEC_C04_06,2026-09-11,13:30,14:00,0,1.0
SEC_C04_06,2026-09-11,14:00,14:30,0,1.0
SEC_C04_06,2026-09-11,14:30,15:00,0,1.0
SEC_C04_06,2026-09-11,15:00,15:30,0,1.0
SEC_C04_06,2026-09-11,15:30,16:00,0,1.0
SEC_C04_06,2026-09-11,16:00,16:30,0,1.0
SEC_C04_06,2026-09-11,16:30,17:00,0,1.0
SEC_C04_06,2026-09-11,17:00,17:30,0,1.0
SEC_C04_06,2026-09-11,17:30,18:00,0,1.0
SEC_C04_06,2026-09-11,18:00,18:30,0,1.0
SEC_C04_06,2026-09-11,18:30,19:00,0,1.0
SEC_C04_06,2026-09-11,19:00,19:30,0,1.0
SEC_C04_06,2026-09-11,19:30,20:00,0,1.0
SEC_C04_06,2026-09-11,20:00,20:30,0,1.0
SEC_C04_06,2026-09-11,20:30,21:00,0,1.0
SEC_C04_06,2026-09-11,21:00,21:30,0,1.0
SEC_C04_06,2026-09-11,21:30,22:00,0,1.0
SEC_C04_06,2026-09-11,22:00,22:30,0,1.0
SEC_C04_06,2026-09-11,22:30,23:00,0,1.0
SEC_C04_06,2026-09-11,23:00,23:30,0,1.0
SEC_C04_06,2026-09-11,23:30,00:00,0,1.0
SEC_C04_07,2026-09-11,00:00,00:30,0,1.0
SEC_C04_07,2026-09-11,00:30,01:00,0,1.0
SEC_C04_07,2026-09-11,01:00,01:30,0,1.0
SEC_C04_07,2026-09-11,01:30,02:00,0,1.0
SEC_C04_07,2026-09-11,02:00,02:30,0,1.0
SEC_C04_07,2026-09-11,02:30,03:00,0,1.0
SEC_C04_07,2026-09-11,03:00,03:30,0,1.0
SEC_C04_07,2026-09-11,03:30,04:00,0,1.0
SEC_C04_07,2026-09-11,04:00,04:30,0,1.0
SEC_C04_07,2026-09-11,04:30,05:00,0,1.0
SEC_C04_07,2026-09-11,05:00,05:30,0,1.0
SEC_C04_07,2026-09-11,05:30,06:00,0,1.0
SEC_C04_07,2026-09-11,06:00,06:30,0,1.0
SEC_C04_07,2026-09-11,06:30,07:00,0,1.0
SEC_C04_07,2026-09-11,07:00,07:30,1,0.8
SEC_C04_07,2026-09-11,07:30,08:00,2,0.5
SEC_C04_07,2026-09-11,08:00,08:30,1,0.8
SEC_C04_07,2026-09-11,08:30,09:00,0,1.0
SEC_C04_07,2026-09-11,09:00,09:30,0,1.0
SEC_C04_07,2026-09-11,09:30,10:00,0,1.0
SEC_C04_07,2026-09-11,10:00,10:30,0,1.0
SEC_C04_07,2026-09-11,10:30,11:00,0,1.0
SEC_C04_07,2026-09-11,11:00,11:30,0,1.0
SEC_C04_07,2026-09-11,11:30,12:00,0,1.0
SEC_C04_07,2026-09-11,12:00,12:30,0,1.0
SEC_C04_07,2026-09-11,12:30,13:00,0,1.0
SEC_C04_07,2026-09-11,13:00,13:30,0,1.0
SEC_C04_07,2026-09-11,13:30,14:00,0,1.0
SEC_C04_07,2026-09-11,14:00,14:30,0,1.0
SEC_C04_07,2026-09-11,14:30,15:00,0,1.0
SEC_C04_07,2026-09-11,15:00,15:30,0,1.0
SEC_C04_07,2026-09-11,15:30,16:00,0,1.0
SEC_C04_07,2026-09-11,16:00,16:30,0,1.0
SEC_C04_07,2026-09-11,16:30,17:00,0,1.0
SEC_C04_07,2026-09-11,17:00,17:30,0,1.0
SEC_C04_07,2026-09-11,17:30,18:00,0,1.0
SEC_C04_07,2026-09-11,18:00,18:30,0,1.0
SEC_C04_07,2026-09-11,18:30,19:00,0,1.0
SEC_C04_07,2026-09-11,19:00,19:30,0,1.0
SEC_C04_07,2026-09-11,19:30,20:00,0,1.0
SEC_C04_07,2026-09-11,20:00,20:30,0,1.0
SEC_C04_07,2026-09-11,20:30,21:00,0,1.0
SEC_C04_07,2026-09-11,21:00,21:30,0,1.0
SEC_C04_07,2026-09-11,21:30,22:00,0,1.0
SEC_C04_07,2026-09-11,22:00,22:30,0,1.0
SEC_C04_07,2026-09-11,22:30,23:00,0,1.0
SEC_C04_07,2026-09-11,23:00,23:30,0,1.0
SEC_C04_07,2026-09-11,23:30,00:00,0,1.0
SEC_C04_08,2026-09-11,00:00,00:30,0,1.0
SEC_C04_08,2026-09-11,00:30,01:00,0,1.0
SEC_C04_08,2026-09-11,01:00,01:30,0,1.0
SEC_C04_08,2026-09-11,01:30,02:00,0,1.0
SEC_C04_08,2026-09-11,02:00,02:30,0,1.0
SEC_C04_08,2026-09-11,02:30,03:00,0,1.0
SEC_C04_08,2026-09-11,03:00,03:30,0,1.0
SEC_C04_08,2026-09-11,03:30,04:00,0,1.0
SEC_C04_08,2026-09-11,04:00,04:30,0,1.0
SEC_C04_08,2026-09-11,04:30,05:00,0,1.0
SEC_C04_08,2026-09-11,05:00,05:30,0,1.0
SEC_C04_08,2026-09-11,05:30,06:00,0,1.0
SEC_C04_08,2026-09-11,06:00,06:30,0,1.0
SEC_C04_08,2026-09-11,06:30,07:00,0,1.0
SEC_C04_08,2026-09-11,07:00,07:30,1,0.8
SEC_C04_08,2026-09-11,07:30,08:00,1,0.8
SEC_C04_08,2026-09-11,08:00,08:30,0,1.0
SEC_C04_08,2026-09-11,08:30,09:00,0,1.0
SEC_C04_08,2026-09-11,09:00,09:30,0,1.0
SEC_C04_08,2026-09-11,09:30,10:00,0,1.0
SEC_C04_08,2026-09-11,10:00,10:30,0,1.0
SEC_C04_08,2026-09-11,10:30,11:00,0,1.0
SEC_C04_08,2026-09-11,11:00,11:30,0,1.0
SEC_C04_08,2026-09-11,11:30,12:00,0,1.0
SEC_C04_08,2026-09-11,12:00,12:30,0,1.0
SEC_C04_08,2026-09-11,12:30,13:00,0,1.0
SEC_C04_08,2026-09-11,13:00,13:30,0,1.0
SEC_C04_08,2026-09-11,13:30,14:00,1,0.8
SEC_C04_08,2026-09-11,14:00,14:30,1,0.8
SEC_C04_08,2026-09-11,14:30,15:00,0,1.0
SEC_C04_08,2026-09-11,15:00,15:30,0,1.0
SEC_C04_08,2026-09-11,15:30,16:00,0,1.0
SEC_C04_08,2026-09-11,16:00,16:30,0,1.0
SEC_C04_08,2026-09-11,16:30,17:00,0,1.0
SEC_C04_08,2026-09-11,17:00,17:30,0,1.0
SEC_C04_08,2026-09-11,17:30,18:00,0,1.0
SEC_C04_08,2026-09-11,18:00,18:30,0,1.0
SEC_C04_08,2026-09-11,18:30,19:00,0,1.0
SEC_C04_08,2026-09-11,19:00,19:30,0,1.0
SEC_C04_08,2026-09-11,19:30,20:00,0,1.0
SEC_C04_08,2026-09-11,20:00,20:30,1,0.8
SEC_C04_08,2026-09-11,20:30,21:00,1,0.8
SEC_C04_08,2026-09-11,21:00,21:30,0,1.0
SEC_C04_08,2026-09-11,21:30,22:00,0,1.0
SEC_C04_08,2026-09-11,22:00,22:30,0,1.0
SEC_C04_08,2026-09-11,22:30,23:00,0,1.0
SEC_C04_08,2026-09-11,23:00,23:30,0,1.0
SEC_C04_08,2026-09-11,23:30,00:00,0,1.0
SEC_C01_01,2026-09-12,00:00,00:30,0,1.0
SEC_C01_01,2026-09-12,00:30,01:00,0,1.0
SEC_C01_01,2026-09-12,01:00,01:30,0,1.0
SEC_C01_01,2026-09-12,01:30,02:00,0,1.0
SEC_C01_01,2026-09-12,02:00,02:30,0,1.0
SEC_C01_01,2026-09-12,02:30,03:00,0,1.0
SEC_C01_01,2026-09-12,03:00,03:30,0,1.0
SEC_C01_01,2026-09-12,03:30,04:00,0,1.0
SEC_C01_01,2026-09-12,04:00,04:30,0,1.0
SEC_C01_01,2026-09-12,04:30,05:00,0,1.0
SEC_C01_01,2026-09-12,05:00,05:30,0,1.0
SEC_C01_01,2026-09-12,05:30,06:00,0,1.0
SEC_C01_01,2026-09-12,06:00,06:30,0,1.0
SEC_C01_01,2026-09-12,06:30,07:00,0,1.0
SEC_C01_01,2026-09-12,07:00,07:30,1,0.8
SEC_C01_01,2026-09-12,07:30,08:00,1,0.8
SEC_C01_01,2026-09-12,08:00,08:30,0,1.0
SEC_C01_01,2026-09-12,08:30,09:00,0,1.0
SEC_C01_01,2026-09-12,09:00,09:30,1,0.5
SEC_C01_01,2026-09-12,09:30,10:00,1,0.5
SEC_C01_01,2026-09-12,10:00,10:30,0,1.0
SEC_C01_01,2026-09-12,10:30,11:00,0,1.0
SEC_C01_01,2026-09-12,11:00,11:30,0,1.0
SEC_C01_01,2026-09-12,11:30,12:00,0,1.0
SEC_C01_01,2026-09-12,12:00,12:30,0,1.0
SEC_C01_01,2026-09-12,12:30,13:00,0,1.0
SEC_C01_01,2026-09-12,13:00,13:30,0,1.0
SEC_C01_01,2026-09-12,13:30,14:00,0,1.0
SEC_C01_01,2026-09-12,14:00,14:30,0,1.0
SEC_C01_01,2026-09-12,14:30,15:00,0,1.0
SEC_C01_01,2026-09-12,15:00,15:30,0,1.0
SEC_C01_01,2026-09-12,15:30,16:00,0,1.0
SEC_C01_01,2026-09-12,16:00,16:30,0,1.0
SEC_C01_01,2026-09-12,16:30,17:00,0,1.0
SEC_C01_01,2026-09-12,17:00,17:30,0,1.0
SEC_C01_01,2026-09-12,17:30,18:00,0,1.0
SEC_C01_01,2026-09-12,18:00,18:30,1,0.8
SEC_C01_01,2026-09-12,18:30,19:00,2,0.5
SEC_C01_01,2026-09-12,19:00,19:30,1,0.8
SEC_C01_01,2026-09-12,19:30,20:00,0,1.0
SEC_C01_01,2026-09-12,20:00,20:30,0,1.0
SEC_C01_01,2026-09-12,20:30,21:00,0,1.0
SEC_C01_01,2026-09-12,21:00,21:30,1,0.8
SEC_C01_01,2026-09-12,21:30,22:00,1,0.8
SEC_C01_01,2026-09-12,22:00,22:30,0,1.0
SEC_C01_01,2026-09-12,22:30,23:00,0,1.0
SEC_C01_01,2026-09-12,23:00,23:30,0,1.0
SEC_C01_01,2026-09-12,23:30,00:00,0,1.0
SEC_C01_02,2026-09-12,00:00,00:30,0,1.0
SEC_C01_02,2026-09-12,00:30,01:00,0,1.0
SEC_C01_02,2026-09-12,01:00,01:30,0,1.0
SEC_C01_02,2026-09-12,01:30,02:00,0,1.0
SEC_C01_02,2026-09-12,02:00,02:30,0,1.0
SEC_C01_02,2026-09-12,02:30,03:00,0,1.0
SEC_C01_02,2026-09-12,03:00,03:30,0,1.0
SEC_C01_02,2026-09-12,03:30,04:00,0,1.0
SEC_C01_02,2026-09-12,04:00,04:30,0,1.0
SEC_C01_02,2026-09-12,04:30,05:00,0,1.0
SEC_C01_02,2026-09-12,05:00,05:30,0,1.0
SEC_C01_02,2026-09-12,05:30,06:00,0,1.0
SEC_C01_02,2026-09-12,06:00,06:30,0,1.0
SEC_C01_02,2026-09-12,06:30,07:00,0,1.0
SEC_C01_02,2026-09-12,07:00,07:30,0,1.0
SEC_C01_02,2026-09-12,07:30,08:00,0,1.0
SEC_C01_02,2026-09-12,08:00,08:30,0,1.0
SEC_C01_02,2026-09-12,08:30,09:00,0,1.0
SEC_C01_02,2026-09-12,09:00,09:30,0,1.0
SEC_C01_02,2026-09-12,09:30,10:00,0,1.0
SEC_C01_02,2026-09-12,10:00,10:30,0,1.0
SEC_C01_02,2026-09-12,10:30,11:00,0,1.0
SEC_C01_02,2026-09-12,11:00,11:30,0,1.0
SEC_C01_02,2026-09-12,11:30,12:00,1,0.8
SEC_C01_02,2026-09-12,12:00,12:30,1,0.8
SEC_C01_02,2026-09-12,12:30,13:00,0,1.0
SEC_C01_02,2026-09-12,13:00,13:30,0,1.0
SEC_C01_02,2026-09-12,13:30,14:00,1,0.8
SEC_C01_02,2026-09-12,14:00,14:30,1,0.8
SEC_C01_02,2026-09-12,14:30,15:00,0,1.0
SEC_C01_02,2026-09-12,15:00,15:30,0,1.0
SEC_C01_02,2026-09-12,15:30,16:00,0,1.0
SEC_C01_02,2026-09-12,16:00,16:30,0,1.0
SEC_C01_02,2026-09-12,16:30,17:00,0,1.0
SEC_C01_02,2026-09-12,17:00,17:30,0,1.0
SEC_C01_02,2026-09-12,17:30,18:00,0,1.0
SEC_C01_02,2026-09-12,18:00,18:30,0,1.0
SEC_C01_02,2026-09-12,18:30,19:00,0,1.0
SEC_C01_02,2026-09-12,19:00,19:30,2,0.2
SEC_C01_02,2026-09-12,19:30,20:00,2,0.2
SEC_C01_02,2026-09-12,20:00,20:30,1,0.8
SEC_C01_02,2026-09-12,20:30,21:00,0,1.0
SEC_C01_02,2026-09-12,21:00,21:30,0,1.0
SEC_C01_02,2026-09-12,21:30,22:00,0,1.0
SEC_C01_02,2026-09-12,22:00,22:30,0,1.0
SEC_C01_02,2026-09-12,22:30,23:00,0,1.0
SEC_C01_02,2026-09-12,23:00,23:30,0,1.0
SEC_C01_02,2026-09-12,23:30,00:00,0,1.0
SEC_C01_03,2026-09-12,00:00,00:30,0,1.0
SEC_C01_03,2026-09-12,00:30,01:00,0,1.0
SEC_C01_03,2026-09-12,01:00,01:30,0,1.0
SEC_C01_03,2026-09-12,01:30,02:00,0,1.0
SEC_C01_03,2026-09-12,02:00,02:30,0,1.0
SEC_C01_03,2026-09-12,02:30,03:00,0,1.0
SEC_C01_03,2026-09-12,03:00,03:30,0,1.0
SEC_C01_03,2026-09-12,03:30,04:00,0,1.0
SEC_C01_03,2026-09-12,04:00,04:30,0,1.0
SEC_C01_03,2026-09-12,04:30,05:00,0,1.0
SEC_C01_03,2026-09-12,05:00,05:30,0,1.0
SEC_C01_03,2026-09-12,05:30,06:00,0,1.0
SEC_C01_03,2026-09-12,06:00,06:30,0,1.0
SEC_C01_03,2026-09-12,06:30,07:00,0,1.0
SEC_C01_03,2026-09-12,07:00,07:30,0,1.0
SEC_C01_03,2026-09-12,07:30,08:00,0,1.0
SEC_C01_03,2026-09-12,08:00,08:30,1,0.8
SEC_C01_03,2026-09-12,08:30,09:00,1,0.8
SEC_C01_03,2026-09-12,09:00,09:30,0,1.0
SEC_C01_03,2026-09-12,09:30,10:00,0,1.0
SEC_C01_03,2026-09-12,10:00,10:30,0,1.0
SEC_C01_03,2026-09-12,10:30,11:00,0,1.0
SEC_C01_03,2026-09-12,11:00,11:30,0,1.0
SEC_C01_03,2026-09-12,11:30,12:00,0,1.0
SEC_C01_03,2026-09-12,12:00,12:30,0,1.0
SEC_C01_03,2026-09-12,12:30,13:00,0,1.0
SEC_C01_03,2026-09-12,13:00,13:30,0,1.0
SEC_C01_03,2026-09-12,13:30,14:00,0,1.0
SEC_C01_03,2026-09-12,14:00,14:30,0,1.0
SEC_C01_03,2026-09-12,14:30,15:00,1,0.8
SEC_C01_03,2026-09-12,15:00,15:30,0,1.0
SEC_C01_03,2026-09-12,15:30,16:00,0,1.0
SEC_C01_03,2026-09-12,16:00,16:30,0,1.0
SEC_C01_03,2026-09-12,16:30,17:00,0,1.0
SEC_C01_03,2026-09-12,17:00,17:30,0,1.0
SEC_C01_03,2026-09-12,17:30,18:00,0,1.0
SEC_C01_03,2026-09-12,18:00,18:30,0,1.0
SEC_C01_03,2026-09-12,18:30,19:00,2,0.5
SEC_C01_03,2026-09-12,19:00,19:30,2,0.5
SEC_C01_03,2026-09-12,19:30,20:00,0,1.0
SEC_C01_03,2026-09-12,20:00,20:30,0,1.0
SEC_C01_03,2026-09-12,20:30,21:00,0,1.0
SEC_C01_03,2026-09-12,21:00,21:30,0,1.0
SEC_C01_03,2026-09-12,21:30,22:00,0,1.0
SEC_C01_03,2026-09-12,22:00,22:30,0,1.0
SEC_C01_03,2026-09-12,22:30,23:00,0,1.0
SEC_C01_03,2026-09-12,23:00,23:30,0,1.0
SEC_C01_03,2026-09-12,23:30,00:00,0,1.0
SEC_C01_04,2026-09-12,00:00,00:30,0,1.0
SEC_C01_04,2026-09-12,00:30,01:00,0,1.0
SEC_C01_04,2026-09-12,01:00,01:30,0,1.0
SEC_C01_04,2026-09-12,01:30,02:00,0,1.0
SEC_C01_04,2026-09-12,02:00,02:30,0,1.0
SEC_C01_04,2026-09-12,02:30,03:00,0,1.0
SEC_C01_04,2026-09-12,03:00,03:30,0,1.0
SEC_C01_04,2026-09-12,03:30,04:00,0,1.0
SEC_C01_04,2026-09-12,04:00,04:30,0,1.0
SEC_C01_04,2026-09-12,04:30,05:00,0,1.0
SEC_C01_04,2026-09-12,05:00,05:30,0,1.0
SEC_C01_04,2026-09-12,05:30,06:00,0,1.0
SEC_C01_04,2026-09-12,06:00,06:30,0,1.0
SEC_C01_04,2026-09-12,06:30,07:00,0,1.0
SEC_C01_04,2026-09-12,07:00,07:30,0,1.0
SEC_C01_04,2026-09-12,07:30,08:00,0,1.0
SEC_C01_04,2026-09-12,08:00,08:30,0,1.0
SEC_C01_04,2026-09-12,08:30,09:00,0,1.0
SEC_C01_04,2026-09-12,09:00,09:30,0,1.0
SEC_C01_04,2026-09-12,09:30,10:00,0,1.0
SEC_C01_04,2026-09-12,10:00,10:30,0,1.0
SEC_C01_04,2026-09-12,10:30,11:00,0,1.0
SEC_C01_04,2026-09-12,11:00,11:30,0,1.0
SEC_C01_04,2026-09-12,11:30,12:00,0,1.0
SEC_C01_04,2026-09-12,12:00,12:30,1,0.8
SEC_C01_04,2026-09-12,12:30,13:00,1,0.8
SEC_C01_04,2026-09-12,13:00,13:30,0,1.0
SEC_C01_04,2026-09-12,13:30,14:00,0,1.0
SEC_C01_04,2026-09-12,14:00,14:30,0,1.0
SEC_C01_04,2026-09-12,14:30,15:00,0,1.0
SEC_C01_04,2026-09-12,15:00,15:30,0,1.0
SEC_C01_04,2026-09-12,15:30,16:00,0,1.0
SEC_C01_04,2026-09-12,16:00,16:30,0,1.0
SEC_C01_04,2026-09-12,16:30,17:00,0,1.0
SEC_C01_04,2026-09-12,17:00,17:30,1,0.8
SEC_C01_04,2026-09-12,17:30,18:00,1,0.8
SEC_C01_04,2026-09-12,18:00,18:30,0,1.0
SEC_C01_04,2026-09-12,18:30,19:00,0,1.0
SEC_C01_04,2026-09-12,19:00,19:30,0,1.0
SEC_C01_04,2026-09-12,19:30,20:00,0,1.0
SEC_C01_04,2026-09-12,20:00,20:30,0,1.0
SEC_C01_04,2026-09-12,20:30,21:00,0,1.0
SEC_C01_04,2026-09-12,21:00,21:30,0,1.0
SEC_C01_04,2026-09-12,21:30,22:00,0,1.0
SEC_C01_04,2026-09-12,22:00,22:30,0,1.0
SEC_C01_04,2026-09-12,22:30,23:00,0,1.0
SEC_C01_04,2026-09-12,23:00,23:30,0,1.0
SEC_C01_04,2026-09-12,23:30,00:00,0,1.0
SEC_C01_05,2026-09-12,00:00,00:30,0,1.0
SEC_C01_05,2026-09-12,00:30,01:00,0,1.0
SEC_C01_05,2026-09-12,01:00,01:30,0,1.0
SEC_C01_05,2026-09-12,01:30,02:00,0,1.0
SEC_C01_05,2026-09-12,02:00,02:30,1,0.8
SEC_C01_05,2026-09-12,02:30,03:00,1,0.8
SEC_C01_05,2026-09-12,03:00,03:30,0,1.0
SEC_C01_05,2026-09-12,03:30,04:00,0,1.0
SEC_C01_05,2026-09-12,04:00,04:30,0,1.0
SEC_C01_05,2026-09-12,04:30,05:00,0,1.0
SEC_C01_05,2026-09-12,05:00,05:30,0,1.0
SEC_C01_05,2026-09-12,05:30,06:00,0,1.0
SEC_C01_05,2026-09-12,06:00,06:30,1,0.8
SEC_C01_05,2026-09-12,06:30,07:00,1,0.8
SEC_C01_05,2026-09-12,07:00,07:30,1,0.8
SEC_C01_05,2026-09-12,07:30,08:00,1,0.8
SEC_C01_05,2026-09-12,08:00,08:30,0,1.0
SEC_C01_05,2026-09-12,08:30,09:00,1,0.8
SEC_C01_05,2026-09-12,09:00,09:30,1,0.8
SEC_C01_05,2026-09-12,09:30,10:00,0,1.0
SEC_C01_05,2026-09-12,10:00,10:30,0,1.0
SEC_C01_05,2026-09-12,10:30,11:00,0,1.0
SEC_C01_05,2026-09-12,11:00,11:30,0,1.0
SEC_C01_05,2026-09-12,11:30,12:00,1,0.8
SEC_C01_05,2026-09-12,12:00,12:30,1,0.8
SEC_C01_05,2026-09-12,12:30,13:00,0,1.0
SEC_C01_05,2026-09-12,13:00,13:30,0,1.0
SEC_C01_05,2026-09-12,13:30,14:00,0,1.0
SEC_C01_05,2026-09-12,14:00,14:30,0,1.0
SEC_C01_05,2026-09-12,14:30,15:00,0,1.0
SEC_C01_05,2026-09-12,15:00,15:30,0,1.0
SEC_C01_05,2026-09-12,15:30,16:00,0,1.0
SEC_C01_05,2026-09-12,16:00,16:30,0,1.0
SEC_C01_05,2026-09-12,16:30,17:00,0,1.0
SEC_C01_05,2026-09-12,17:00,17:30,0,1.0
SEC_C01_05,2026-09-12,17:30,18:00,0,1.0
SEC_C01_05,2026-09-12,18:00,18:30,0,1.0
SEC_C01_05,2026-09-12,18:30,19:00,0,1.0
SEC_C01_05,2026-09-12,19:00,19:30,0,1.0
SEC_C01_05,2026-09-12,19:30,20:00,0,1.0
SEC_C01_05,2026-09-12,20:00,20:30,0,1.0
SEC_C01_05,2026-09-12,20:30,21:00,0,1.0
SEC_C01_05,2026-09-12,21:00,21:30,0,1.0
SEC_C01_05,2026-09-12,21:30,22:00,0,1.0
SEC_C01_05,2026-09-12,22:00,22:30,0,1.0
SEC_C01_05,2026-09-12,22:30,23:00,0,1.0
SEC_C01_05,2026-09-12,23:00,23:30,0,1.0
SEC_C01_05,2026-09-12,23:30,00:00,0,1.0
SEC_C01_06,2026-09-12,00:00,00:30,0,1.0
SEC_C01_06,2026-09-12,00:30,01:00,0,1.0
SEC_C01_06,2026-09-12,01:00,01:30,0,1.0
SEC_C01_06,2026-09-12,01:30,02:00,0,1.0
SEC_C01_06,2026-09-12,02:00,02:30,0,1.0
SEC_C01_06,2026-09-12,02:30,03:00,0,1.0
SEC_C01_06,2026-09-12,03:00,03:30,0,1.0
SEC_C01_06,2026-09-12,03:30,04:00,0,1.0
SEC_C01_06,2026-09-12,04:00,04:30,2,0.5
SEC_C01_06,2026-09-12,04:30,05:00,2,0.5
SEC_C01_06,2026-09-12,05:00,05:30,0,1.0
SEC_C01_06,2026-09-12,05:30,06:00,0,1.0
SEC_C01_06,2026-09-12,06:00,06:30,0,1.0
SEC_C01_06,2026-09-12,06:30,07:00,0,1.0
SEC_C01_06,2026-09-12,07:00,07:30,0,1.0
SEC_C01_06,2026-09-12,07:30,08:00,0,1.0
SEC_C01_06,2026-09-12,08:00,08:30,0,1.0
SEC_C01_06,2026-09-12,08:30,09:00,0,1.0
SEC_C01_06,2026-09-12,09:00,09:30,1,0.8
SEC_C01_06,2026-09-12,09:30,10:00,1,0.8
SEC_C01_06,2026-09-12,10:00,10:30,1,0.8
SEC_C01_06,2026-09-12,10:30,11:00,0,1.0
SEC_C01_06,2026-09-12,11:00,11:30,0,1.0
SEC_C01_06,2026-09-12,11:30,12:00,0,1.0
SEC_C01_06,2026-09-12,12:00,12:30,0,1.0
SEC_C01_06,2026-09-12,12:30,13:00,0,1.0
SEC_C01_06,2026-09-12,13:00,13:30,0,1.0
SEC_C01_06,2026-09-12,13:30,14:00,0,1.0
SEC_C01_06,2026-09-12,14:00,14:30,0,1.0
SEC_C01_06,2026-09-12,14:30,15:00,0,1.0
SEC_C01_06,2026-09-12,15:00,15:30,0,1.0
SEC_C01_06,2026-09-12,15:30,16:00,0,1.0
SEC_C01_06,2026-09-12,16:00,16:30,0,1.0
SEC_C01_06,2026-09-12,16:30,17:00,0,1.0
SEC_C01_06,2026-09-12,17:00,17:30,0,1.0
SEC_C01_06,2026-09-12,17:30,18:00,0,1.0
SEC_C01_06,2026-09-12,18:00,18:30,0,1.0
SEC_C01_06,2026-09-12,18:30,19:00,0,1.0
SEC_C01_06,2026-09-12,19:00,19:30,0,1.0
SEC_C01_06,2026-09-12,19:30,20:00,0,1.0
SEC_C01_06,2026-09-12,20:00,20:30,0,1.0
SEC_C01_06,2026-09-12,20:30,21:00,0,1.0
SEC_C01_06,2026-09-12,21:00,21:30,0,1.0
SEC_C01_06,2026-09-12,21:30,22:00,0,1.0
SEC_C01_06,2026-09-12,22:00,22:30,0,1.0
SEC_C01_06,2026-09-12,22:30,23:00,0,1.0
SEC_C01_06,2026-09-12,23:00,23:30,0,1.0
SEC_C01_06,2026-09-12,23:30,00:00,0,1.0
SEC_C01_07,2026-09-12,00:00,00:30,0,1.0
SEC_C01_07,2026-09-12,00:30,01:00,0,1.0
SEC_C01_07,2026-09-12,01:00,01:30,0,1.0
SEC_C01_07,2026-09-12,01:30,02:00,0,1.0
SEC_C01_07,2026-09-12,02:00,02:30,0,1.0
SEC_C01_07,2026-09-12,02:30,03:00,0,1.0
SEC_C01_07,2026-09-12,03:00,03:30,0,1.0
SEC_C01_07,2026-09-12,03:30,04:00,0,1.0
SEC_C01_07,2026-09-12,04:00,04:30,0,1.0
SEC_C01_07,2026-09-12,04:30,05:00,0,1.0
SEC_C01_07,2026-09-12,05:00,05:30,0,1.0
SEC_C01_07,2026-09-12,05:30,06:00,0,1.0
SEC_C01_07,2026-09-12,06:00,06:30,1,0.8
SEC_C01_07,2026-09-12,06:30,07:00,2,0.5
SEC_C01_07,2026-09-12,07:00,07:30,0,1.0
SEC_C01_07,2026-09-12,07:30,08:00,0,1.0
SEC_C01_07,2026-09-12,08:00,08:30,0,1.0
SEC_C01_07,2026-09-12,08:30,09:00,1,0.8
SEC_C01_07,2026-09-12,09:00,09:30,1,0.8
SEC_C01_07,2026-09-12,09:30,10:00,1,0.8
SEC_C01_07,2026-09-12,10:00,10:30,0,1.0
SEC_C01_07,2026-09-12,10:30,11:00,0,1.0
SEC_C01_07,2026-09-12,11:00,11:30,0,1.0
SEC_C01_07,2026-09-12,11:30,12:00,0,1.0
SEC_C01_07,2026-09-12,12:00,12:30,0,1.0
SEC_C01_07,2026-09-12,12:30,13:00,0,1.0
SEC_C01_07,2026-09-12,13:00,13:30,0,1.0
SEC_C01_07,2026-09-12,13:30,14:00,0,1.0
SEC_C01_07,2026-09-12,14:00,14:30,0,1.0
SEC_C01_07,2026-09-12,14:30,15:00,0,1.0
SEC_C01_07,2026-09-12,15:00,15:30,0,1.0
SEC_C01_07,2026-09-12,15:30,16:00,0,1.0
SEC_C01_07,2026-09-12,16:00,16:30,0,1.0
SEC_C01_07,2026-09-12,16:30,17:00,0,1.0
SEC_C01_07,2026-09-12,17:00,17:30,1,0.5
SEC_C01_07,2026-09-12,17:30,18:00,1,0.5
SEC_C01_07,2026-09-12,18:00,18:30,0,1.0
SEC_C01_07,2026-09-12,18:30,19:00,0,1.0
SEC_C01_07,2026-09-12,19:00,19:30,0,1.0
SEC_C01_07,2026-09-12,19:30,20:00,0,1.0
SEC_C01_07,2026-09-12,20:00,20:30,0,1.0
SEC_C01_07,2026-09-12,20:30,21:00,0,1.0
SEC_C01_07,2026-09-12,21:00,21:30,0,1.0
SEC_C01_07,2026-09-12,21:30,22:00,0,1.0
SEC_C01_07,2026-09-12,22:00,22:30,0,1.0
SEC_C01_07,2026-09-12,22:30,23:00,0,1.0
SEC_C01_07,2026-09-12,23:00,23:30,0,1.0
SEC_C01_07,2026-09-12,23:30,00:00,0,1.0
SEC_C01_08,2026-09-12,00:00,00:30,0,1.0
SEC_C01_08,2026-09-12,00:30,01:00,0,1.0
SEC_C01_08,2026-09-12,01:00,01:30,0,1.0
SEC_C01_08,2026-09-12,01:30,02:00,0,1.0
SEC_C01_08,2026-09-12,02:00,02:30,0,1.0
SEC_C01_08,2026-09-12,02:30,03:00,0,1.0
SEC_C01_08,2026-09-12,03:00,03:30,0,1.0
SEC_C01_08,2026-09-12,03:30,04:00,0,1.0
SEC_C01_08,2026-09-12,04:00,04:30,0,1.0
SEC_C01_08,2026-09-12,04:30,05:00,0,1.0
SEC_C01_08,2026-09-12,05:00,05:30,0,1.0
SEC_C01_08,2026-09-12,05:30,06:00,0,1.0
SEC_C01_08,2026-09-12,06:00,06:30,1,0.8
SEC_C01_08,2026-09-12,06:30,07:00,1,0.8
SEC_C01_08,2026-09-12,07:00,07:30,0,1.0
SEC_C01_08,2026-09-12,07:30,08:00,0,1.0
SEC_C01_08,2026-09-12,08:00,08:30,0,1.0
SEC_C01_08,2026-09-12,08:30,09:00,0,1.0
SEC_C01_08,2026-09-12,09:00,09:30,0,1.0
SEC_C01_08,2026-09-12,09:30,10:00,0,1.0
SEC_C01_08,2026-09-12,10:00,10:30,0,1.0
SEC_C01_08,2026-09-12,10:30,11:00,0,1.0
SEC_C01_08,2026-09-12,11:00,11:30,0,1.0
SEC_C01_08,2026-09-12,11:30,12:00,0,1.0
SEC_C01_08,2026-09-12,12:00,12:30,0,1.0
SEC_C01_08,2026-09-12,12:30,13:00,0,1.0
SEC_C01_08,2026-09-12,13:00,13:30,0,1.0
SEC_C01_08,2026-09-12,13:30,14:00,0,1.0
SEC_C01_08,2026-09-12,14:00,14:30,1,0.8
SEC_C01_08,2026-09-12,14:30,15:00,1,0.8
SEC_C01_08,2026-09-12,15:00,15:30,0,1.0
SEC_C01_08,2026-09-12,15:30,16:00,0,1.0
SEC_C01_08,2026-09-12,16:00,16:30,0,1.0
SEC_C01_08,2026-09-12,16:30,17:00,0,1.0
SEC_C01_08,2026-09-12,17:00,17:30,0,1.0
SEC_C01_08,2026-09-12,17:30,18:00,0,1.0
SEC_C01_08,2026-09-12,18:00,18:30,0,1.0
SEC_C01_08,2026-09-12,18:30,19:00,0,1.0
SEC_C01_08,2026-09-12,19:00,19:30,0,1.0
SEC_C01_08,2026-09-12,19:30,20:00,0,1.0
SEC_C01_08,2026-09-12,20:00,20:30,0,1.0
SEC_C01_08,2026-09-12,20:30,21:00,0,1.0
SEC_C01_08,2026-09-12,21:00,21:30,0,1.0
SEC_C01_08,2026-09-12,21:30,22:00,0,1.0
SEC_C01_08,2026-09-12,22:00,22:30,0,1.0
SEC_C01_08,2026-09-12,22:30,23:00,0,1.0
SEC_C01_08,2026-09-12,23:00,23:30,0,1.0
SEC_C01_08,2026-09-12,23:30,00:00,0,1.0
SEC_C02_01,2026-09-12,00:00,00:30,0,1.0
SEC_C02_01,2026-09-12,00:30,01:00,0,1.0
SEC_C02_01,2026-09-12,01:00,01:30,0,1.0
SEC_C02_01,2026-09-12,01:30,02:00,0,1.0
SEC_C02_01,2026-09-12,02:00,02:30,0,1.0
SEC_C02_01,2026-09-12,02:30,03:00,0,1.0
SEC_C02_01,2026-09-12,03:00,03:30,0,1.0
SEC_C02_01,2026-09-12,03:30,04:00,0,1.0
SEC_C02_01,2026-09-12,04:00,04:30,0,1.0
SEC_C02_01,2026-09-12,04:30,05:00,0,1.0
SEC_C02_01,2026-09-12,05:00,05:30,0,1.0
SEC_C02_01,2026-09-12,05:30,06:00,0,1.0
SEC_C02_01,2026-09-12,06:00,06:30,1,0.8
SEC_C02_01,2026-09-12,06:30,07:00,2,0.5
SEC_C02_01,2026-09-12,07:00,07:30,1,0.8
SEC_C02_01,2026-09-12,07:30,08:00,0,1.0
SEC_C02_01,2026-09-12,08:00,08:30,0,1.0
SEC_C02_01,2026-09-12,08:30,09:00,0,1.0
SEC_C02_01,2026-09-12,09:00,09:30,0,1.0
SEC_C02_01,2026-09-12,09:30,10:00,0,1.0
SEC_C02_01,2026-09-12,10:00,10:30,0,1.0
SEC_C02_01,2026-09-12,10:30,11:00,0,1.0
SEC_C02_01,2026-09-12,11:00,11:30,0,1.0
SEC_C02_01,2026-09-12,11:30,12:00,0,1.0
SEC_C02_01,2026-09-12,12:00,12:30,0,1.0
SEC_C02_01,2026-09-12,12:30,13:00,0,1.0
SEC_C02_01,2026-09-12,13:00,13:30,0,1.0
SEC_C02_01,2026-09-12,13:30,14:00,0,1.0
SEC_C02_01,2026-09-12,14:00,14:30,0,1.0
SEC_C02_01,2026-09-12,14:30,15:00,0,1.0
SEC_C02_01,2026-09-12,15:00,15:30,0,1.0
SEC_C02_01,2026-09-12,15:30,16:00,1,0.8
SEC_C02_01,2026-09-12,16:00,16:30,1,0.8
SEC_C02_01,2026-09-12,16:30,17:00,0,1.0
SEC_C02_01,2026-09-12,17:00,17:30,0,1.0
SEC_C02_01,2026-09-12,17:30,18:00,0,1.0
SEC_C02_01,2026-09-12,18:00,18:30,0,1.0
SEC_C02_01,2026-09-12,18:30,19:00,0,1.0
SEC_C02_01,2026-09-12,19:00,19:30,0,1.0
SEC_C02_01,2026-09-12,19:30,20:00,0,1.0
SEC_C02_01,2026-09-12,20:00,20:30,0,1.0
SEC_C02_01,2026-09-12,20:30,21:00,0,1.0
SEC_C02_01,2026-09-12,21:00,21:30,1,0.8
SEC_C02_01,2026-09-12,21:30,22:00,0,1.0
SEC_C02_01,2026-09-12,22:00,22:30,0,1.0
SEC_C02_01,2026-09-12,22:30,23:00,0,1.0
SEC_C02_01,2026-09-12,23:00,23:30,0,1.0
SEC_C02_01,2026-09-12,23:30,00:00,0,1.0
SEC_C02_02,2026-09-12,00:00,00:30,0,1.0
SEC_C02_02,2026-09-12,00:30,01:00,0,1.0
SEC_C02_02,2026-09-12,01:00,01:30,0,1.0
SEC_C02_02,2026-09-12,01:30,02:00,0,1.0
SEC_C02_02,2026-09-12,02:00,02:30,0,1.0
SEC_C02_02,2026-09-12,02:30,03:00,0,1.0
SEC_C02_02,2026-09-12,03:00,03:30,0,1.0
SEC_C02_02,2026-09-12,03:30,04:00,0,1.0
SEC_C02_02,2026-09-12,04:00,04:30,0,1.0
SEC_C02_02,2026-09-12,04:30,05:00,0,1.0
SEC_C02_02,2026-09-12,05:00,05:30,0,1.0
SEC_C02_02,2026-09-12,05:30,06:00,0,1.0
SEC_C02_02,2026-09-12,06:00,06:30,1,0.8
SEC_C02_02,2026-09-12,06:30,07:00,1,0.8
SEC_C02_02,2026-09-12,07:00,07:30,0,1.0
SEC_C02_02,2026-09-12,07:30,08:00,0,1.0
SEC_C02_02,2026-09-12,08:00,08:30,1,0.8
SEC_C02_02,2026-09-12,08:30,09:00,1,0.8
SEC_C02_02,2026-09-12,09:00,09:30,1,0.8
SEC_C02_02,2026-09-12,09:30,10:00,1,0.8
SEC_C02_02,2026-09-12,10:00,10:30,0,1.0
SEC_C02_02,2026-09-12,10:30,11:00,0,1.0
SEC_C02_02,2026-09-12,11:00,11:30,0,1.0
SEC_C02_02,2026-09-12,11:30,12:00,0,1.0
SEC_C02_02,2026-09-12,12:00,12:30,0,1.0
SEC_C02_02,2026-09-12,12:30,13:00,0,1.0
SEC_C02_02,2026-09-12,13:00,13:30,0,1.0
SEC_C02_02,2026-09-12,13:30,14:00,0,1.0
SEC_C02_02,2026-09-12,14:00,14:30,0,1.0
SEC_C02_02,2026-09-12,14:30,15:00,0,1.0
SEC_C02_02,2026-09-12,15:00,15:30,0,1.0
SEC_C02_02,2026-09-12,15:30,16:00,0,1.0
SEC_C02_02,2026-09-12,16:00,16:30,0,1.0
SEC_C02_02,2026-09-12,16:30,17:00,0,1.0
SEC_C02_02,2026-09-12,17:00,17:30,0,1.0
SEC_C02_02,2026-09-12,17:30,18:00,0,1.0
SEC_C02_02,2026-09-12,18:00,18:30,0,1.0
SEC_C02_02,2026-09-12,18:30,19:00,0,1.0
SEC_C02_02,2026-09-12,19:00,19:30,0,1.0
SEC_C02_02,2026-09-12,19:30,20:00,0,1.0
SEC_C02_02,2026-09-12,20:00,20:30,0,1.0
SEC_C02_02,2026-09-12,20:30,21:00,0,1.0
SEC_C02_02,2026-09-12,21:00,21:30,0,1.0
SEC_C02_02,2026-09-12,21:30,22:00,0,1.0
SEC_C02_02,2026-09-12,22:00,22:30,0,1.0
SEC_C02_02,2026-09-12,22:30,23:00,0,1.0
SEC_C02_02,2026-09-12,23:00,23:30,0,1.0
SEC_C02_02,2026-09-12,23:30,00:00,0,1.0
SEC_C02_03,2026-09-12,00:00,00:30,0,1.0
SEC_C02_03,2026-09-12,00:30,01:00,0,1.0
SEC_C02_03,2026-09-12,01:00,01:30,0,1.0
SEC_C02_03,2026-09-12,01:30,02:00,0,1.0
SEC_C02_03,2026-09-12,02:00,02:30,0,1.0
SEC_C02_03,2026-09-12,02:30,03:00,0,1.0
SEC_C02_03,2026-09-12,03:00,03:30,0,1.0
SEC_C02_03,2026-09-12,03:30,04:00,0,1.0
SEC_C02_03,2026-09-12,04:00,04:30,0,1.0
SEC_C02_03,2026-09-12,04:30,05:00,0,1.0
SEC_C02_03,2026-09-12,05:00,05:30,0,1.0
SEC_C02_03,2026-09-12,05:30,06:00,0,1.0
SEC_C02_03,2026-09-12,06:00,06:30,1,0.8
SEC_C02_03,2026-09-12,06:30,07:00,1,0.8
SEC_C02_03,2026-09-12,07:00,07:30,0,1.0
SEC_C02_03,2026-09-12,07:30,08:00,0,1.0
SEC_C02_03,2026-09-12,08:00,08:30,1,0.8
SEC_C02_03,2026-09-12,08:30,09:00,1,0.8
SEC_C02_03,2026-09-12,09:00,09:30,0,1.0
SEC_C02_03,2026-09-12,09:30,10:00,1,0.8
SEC_C02_03,2026-09-12,10:00,10:30,1,0.8
SEC_C02_03,2026-09-12,10:30,11:00,0,1.0
SEC_C02_03,2026-09-12,11:00,11:30,0,1.0
SEC_C02_03,2026-09-12,11:30,12:00,0,1.0
SEC_C02_03,2026-09-12,12:00,12:30,0,1.0
SEC_C02_03,2026-09-12,12:30,13:00,0,1.0
SEC_C02_03,2026-09-12,13:00,13:30,0,1.0
SEC_C02_03,2026-09-12,13:30,14:00,0,1.0
SEC_C02_03,2026-09-12,14:00,14:30,0,1.0
SEC_C02_03,2026-09-12,14:30,15:00,0,1.0
SEC_C02_03,2026-09-12,15:00,15:30,1,0.5
SEC_C02_03,2026-09-12,15:30,16:00,0,1.0
SEC_C02_03,2026-09-12,16:00,16:30,0,1.0
SEC_C02_03,2026-09-12,16:30,17:00,0,1.0
SEC_C02_03,2026-09-12,17:00,17:30,0,1.0
SEC_C02_03,2026-09-12,17:30,18:00,0,1.0
SEC_C02_03,2026-09-12,18:00,18:30,0,1.0
SEC_C02_03,2026-09-12,18:30,19:00,0,1.0
SEC_C02_03,2026-09-12,19:00,19:30,1,0.5
SEC_C02_03,2026-09-12,19:30,20:00,1,0.5
SEC_C02_03,2026-09-12,20:00,20:30,0,1.0
SEC_C02_03,2026-09-12,20:30,21:00,0,1.0
SEC_C02_03,2026-09-12,21:00,21:30,0,1.0
SEC_C02_03,2026-09-12,21:30,22:00,0,1.0
SEC_C02_03,2026-09-12,22:00,22:30,0,1.0
SEC_C02_03,2026-09-12,22:30,23:00,0,1.0
SEC_C02_03,2026-09-12,23:00,23:30,0,1.0
SEC_C02_03,2026-09-12,23:30,00:00,0,1.0
SEC_C02_04,2026-09-12,00:00,00:30,0,1.0
SEC_C02_04,2026-09-12,00:30,01:00,0,1.0
SEC_C02_04,2026-09-12,01:00,01:30,0,1.0
SEC_C02_04,2026-09-12,01:30,02:00,0,1.0
SEC_C02_04,2026-09-12,02:00,02:30,0,1.0
SEC_C02_04,2026-09-12,02:30,03:00,0,1.0
SEC_C02_04,2026-09-12,03:00,03:30,0,1.0
SEC_C02_04,2026-09-12,03:30,04:00,0,1.0
SEC_C02_04,2026-09-12,04:00,04:30,0,1.0
SEC_C02_04,2026-09-12,04:30,05:00,0,1.0
SEC_C02_04,2026-09-12,05:00,05:30,0,1.0
SEC_C02_04,2026-09-12,05:30,06:00,0,1.0
SEC_C02_04,2026-09-12,06:00,06:30,0,1.0
SEC_C02_04,2026-09-12,06:30,07:00,0,1.0
SEC_C02_04,2026-09-12,07:00,07:30,1,0.5
SEC_C02_04,2026-09-12,07:30,08:00,1,0.5
SEC_C02_04,2026-09-12,08:00,08:30,2,0.5
SEC_C02_04,2026-09-12,08:30,09:00,2,0.5
SEC_C02_04,2026-09-12,09:00,09:30,1,0.8
SEC_C02_04,2026-09-12,09:30,10:00,0,1.0
SEC_C02_04,2026-09-12,10:00,10:30,0,1.0
SEC_C02_04,2026-09-12,10:30,11:00,0,1.0
SEC_C02_04,2026-09-12,11:00,11:30,1,0.8
SEC_C02_04,2026-09-12,11:30,12:00,1,0.8
SEC_C02_04,2026-09-12,12:00,12:30,0,1.0
SEC_C02_04,2026-09-12,12:30,13:00,0,1.0
SEC_C02_04,2026-09-12,13:00,13:30,0,1.0
SEC_C02_04,2026-09-12,13:30,14:00,0,1.0
SEC_C02_04,2026-09-12,14:00,14:30,0,1.0
SEC_C02_04,2026-09-12,14:30,15:00,0,1.0
SEC_C02_04,2026-09-12,15:00,15:30,0,1.0
SEC_C02_04,2026-09-12,15:30,16:00,0,1.0
SEC_C02_04,2026-09-12,16:00,16:30,0,1.0
SEC_C02_04,2026-09-12,16:30,17:00,0,1.0
SEC_C02_04,2026-09-12,17:00,17:30,0,1.0
SEC_C02_04,2026-09-12,17:30,18:00,0,1.0
SEC_C02_04,2026-09-12,18:00,18:30,0,1.0
SEC_C02_04,2026-09-12,18:30,19:00,0,1.0
SEC_C02_04,2026-09-12,19:00,19:30,0,1.0
SEC_C02_04,2026-09-12,19:30,20:00,0,1.0
SEC_C02_04,2026-09-12,20:00,20:30,0,1.0
SEC_C02_04,2026-09-12,20:30,21:00,0,1.0
SEC_C02_04,2026-09-12,21:00,21:30,0,1.0
SEC_C02_04,2026-09-12,21:30,22:00,0,1.0
SEC_C02_04,2026-09-12,22:00,22:30,0,1.0
SEC_C02_04,2026-09-12,22:30,23:00,0,1.0
SEC_C02_04,2026-09-12,23:00,23:30,0,1.0
SEC_C02_04,2026-09-12,23:30,00:00,0,1.0
SEC_C02_05,2026-09-12,00:00,00:30,0,1.0
SEC_C02_05,2026-09-12,00:30,01:00,0,1.0
SEC_C02_05,2026-09-12,01:00,01:30,0,1.0
SEC_C02_05,2026-09-12,01:30,02:00,0,1.0
SEC_C02_05,2026-09-12,02:00,02:30,0,1.0
SEC_C02_05,2026-09-12,02:30,03:00,0,1.0
SEC_C02_05,2026-09-12,03:00,03:30,1,0.8
SEC_C02_05,2026-09-12,03:30,04:00,1,0.8
SEC_C02_05,2026-09-12,04:00,04:30,0,1.0
SEC_C02_05,2026-09-12,04:30,05:00,0,1.0
SEC_C02_05,2026-09-12,05:00,05:30,0,1.0
SEC_C02_05,2026-09-12,05:30,06:00,0,1.0
SEC_C02_05,2026-09-12,06:00,06:30,0,1.0
SEC_C02_05,2026-09-12,06:30,07:00,0,1.0
SEC_C02_05,2026-09-12,07:00,07:30,0,1.0
SEC_C02_05,2026-09-12,07:30,08:00,0,1.0
SEC_C02_05,2026-09-12,08:00,08:30,0,1.0
SEC_C02_05,2026-09-12,08:30,09:00,0,1.0
SEC_C02_05,2026-09-12,09:00,09:30,1,0.8
SEC_C02_05,2026-09-12,09:30,10:00,1,0.8
SEC_C02_05,2026-09-12,10:00,10:30,1,0.8
SEC_C02_05,2026-09-12,10:30,11:00,0,1.0
SEC_C02_05,2026-09-12,11:00,11:30,0,1.0
SEC_C02_05,2026-09-12,11:30,12:00,0,1.0
SEC_C02_05,2026-09-12,12:00,12:30,0,1.0
SEC_C02_05,2026-09-12,12:30,13:00,0,1.0
SEC_C02_05,2026-09-12,13:00,13:30,0,1.0
SEC_C02_05,2026-09-12,13:30,14:00,0,1.0
SEC_C02_05,2026-09-12,14:00,14:30,1,0.8
SEC_C02_05,2026-09-12,14:30,15:00,1,0.8
SEC_C02_05,2026-09-12,15:00,15:30,0,1.0
SEC_C02_05,2026-09-12,15:30,16:00,0,1.0
SEC_C02_05,2026-09-12,16:00,16:30,0,1.0
SEC_C02_05,2026-09-12,16:30,17:00,0,1.0
SEC_C02_05,2026-09-12,17:00,17:30,0,1.0
SEC_C02_05,2026-09-12,17:30,18:00,1,0.8
SEC_C02_05,2026-09-12,18:00,18:30,1,0.8
SEC_C02_05,2026-09-12,18:30,19:00,0,1.0
SEC_C02_05,2026-09-12,19:00,19:30,0,1.0
SEC_C02_05,2026-09-12,19:30,20:00,0,1.0
SEC_C02_05,2026-09-12,20:00,20:30,0,1.0
SEC_C02_05,2026-09-12,20:30,21:00,0,1.0
SEC_C02_05,2026-09-12,21:00,21:30,0,1.0
SEC_C02_05,2026-09-12,21:30,22:00,0,1.0
SEC_C02_05,2026-09-12,22:00,22:30,0,1.0
SEC_C02_05,2026-09-12,22:30,23:00,0,1.0
SEC_C02_05,2026-09-12,23:00,23:30,0,1.0
SEC_C02_05,2026-09-12,23:30,00:00,0,1.0
SEC_C02_06,2026-09-12,00:00,00:30,0,1.0
SEC_C02_06,2026-09-12,00:30,01:00,0,1.0
SEC_C02_06,2026-09-12,01:00,01:30,0,1.0
SEC_C02_06,2026-09-12,01:30,02:00,0,1.0
SEC_C02_06,2026-09-12,02:00,02:30,0,1.0
SEC_C02_06,2026-09-12,02:30,03:00,0,1.0
SEC_C02_06,2026-09-12,03:00,03:30,0,1.0
SEC_C02_06,2026-09-12,03:30,04:00,0,1.0
SEC_C02_06,2026-09-12,04:00,04:30,0,1.0
SEC_C02_06,2026-09-12,04:30,05:00,1,0.8
SEC_C02_06,2026-09-12,05:00,05:30,1,0.8
SEC_C02_06,2026-09-12,05:30,06:00,0,1.0
SEC_C02_06,2026-09-12,06:00,06:30,0,1.0
SEC_C02_06,2026-09-12,06:30,07:00,1,0.8
SEC_C02_06,2026-09-12,07:00,07:30,1,0.8
SEC_C02_06,2026-09-12,07:30,08:00,0,1.0
SEC_C02_06,2026-09-12,08:00,08:30,0,1.0
SEC_C02_06,2026-09-12,08:30,09:00,0,1.0
SEC_C02_06,2026-09-12,09:00,09:30,0,1.0
SEC_C02_06,2026-09-12,09:30,10:00,0,1.0
SEC_C02_06,2026-09-12,10:00,10:30,0,1.0
SEC_C02_06,2026-09-12,10:30,11:00,0,1.0
SEC_C02_06,2026-09-12,11:00,11:30,0,1.0
SEC_C02_06,2026-09-12,11:30,12:00,0,1.0
SEC_C02_06,2026-09-12,12:00,12:30,0,1.0
SEC_C02_06,2026-09-12,12:30,13:00,0,1.0
SEC_C02_06,2026-09-12,13:00,13:30,0,1.0
SEC_C02_06,2026-09-12,13:30,14:00,0,1.0
SEC_C02_06,2026-09-12,14:00,14:30,0,1.0
SEC_C02_06,2026-09-12,14:30,15:00,0,1.0
SEC_C02_06,2026-09-12,15:00,15:30,0,1.0
SEC_C02_06,2026-09-12,15:30,16:00,0,1.0
SEC_C02_06,2026-09-12,16:00,16:30,0,1.0
SEC_C02_06,2026-09-12,16:30,17:00,0,1.0
SEC_C02_06,2026-09-12,17:00,17:30,0,1.0
SEC_C02_06,2026-09-12,17:30,18:00,0,1.0
SEC_C02_06,2026-09-12,18:00,18:30,0,1.0
SEC_C02_06,2026-09-12,18:30,19:00,0,1.0
SEC_C02_06,2026-09-12,19:00,19:30,1,0.5
SEC_C02_06,2026-09-12,19:30,20:00,1,0.5
SEC_C02_06,2026-09-12,20:00,20:30,0,1.0
SEC_C02_06,2026-09-12,20:30,21:00,0,1.0
SEC_C02_06,2026-09-12,21:00,21:30,0,1.0
SEC_C02_06,2026-09-12,21:30,22:00,0,1.0
SEC_C02_06,2026-09-12,22:00,22:30,0,1.0
SEC_C02_06,2026-09-12,22:30,23:00,0,1.0
SEC_C02_06,2026-09-12,23:00,23:30,0,1.0
SEC_C02_06,2026-09-12,23:30,00:00,0,1.0
SEC_C02_07,2026-09-12,00:00,00:30,0,1.0
SEC_C02_07,2026-09-12,00:30,01:00,0,1.0
SEC_C02_07,2026-09-12,01:00,01:30,0,1.0
SEC_C02_07,2026-09-12,01:30,02:00,0,1.0
SEC_C02_07,2026-09-12,02:00,02:30,0,1.0
SEC_C02_07,2026-09-12,02:30,03:00,0,1.0
SEC_C02_07,2026-09-12,03:00,03:30,0,1.0
SEC_C02_07,2026-09-12,03:30,04:00,0,1.0
SEC_C02_07,2026-09-12,04:00,04:30,0,1.0
SEC_C02_07,2026-09-12,04:30,05:00,1,0.8
SEC_C02_07,2026-09-12,05:00,05:30,1,0.8
SEC_C02_07,2026-09-12,05:30,06:00,0,1.0
SEC_C02_07,2026-09-12,06:00,06:30,0,1.0
SEC_C02_07,2026-09-12,06:30,07:00,0,1.0
SEC_C02_07,2026-09-12,07:00,07:30,0,1.0
SEC_C02_07,2026-09-12,07:30,08:00,0,1.0
SEC_C02_07,2026-09-12,08:00,08:30,0,1.0
SEC_C02_07,2026-09-12,08:30,09:00,0,1.0
SEC_C02_07,2026-09-12,09:00,09:30,1,0.8
SEC_C02_07,2026-09-12,09:30,10:00,2,0.5
SEC_C02_07,2026-09-12,10:00,10:30,1,0.8
SEC_C02_07,2026-09-12,10:30,11:00,0,1.0
SEC_C02_07,2026-09-12,11:00,11:30,0,1.0
SEC_C02_07,2026-09-12,11:30,12:00,0,1.0
SEC_C02_07,2026-09-12,12:00,12:30,0,1.0
SEC_C02_07,2026-09-12,12:30,13:00,0,1.0
SEC_C02_07,2026-09-12,13:00,13:30,0,1.0
SEC_C02_07,2026-09-12,13:30,14:00,1,0.8
SEC_C02_07,2026-09-12,14:00,14:30,1,0.8
SEC_C02_07,2026-09-12,14:30,15:00,0,1.0
SEC_C02_07,2026-09-12,15:00,15:30,0,1.0
SEC_C02_07,2026-09-12,15:30,16:00,0,1.0
SEC_C02_07,2026-09-12,16:00,16:30,0,1.0
SEC_C02_07,2026-09-12,16:30,17:00,0,1.0
SEC_C02_07,2026-09-12,17:00,17:30,0,1.0
SEC_C02_07,2026-09-12,17:30,18:00,0,1.0
SEC_C02_07,2026-09-12,18:00,18:30,0,1.0
SEC_C02_07,2026-09-12,18:30,19:00,0,1.0
SEC_C02_07,2026-09-12,19:00,19:30,0,1.0
SEC_C02_07,2026-09-12,19:30,20:00,0,1.0
SEC_C02_07,2026-09-12,20:00,20:30,0,1.0
SEC_C02_07,2026-09-12,20:30,21:00,0,1.0
SEC_C02_07,2026-09-12,21:00,21:30,0,1.0
SEC_C02_07,2026-09-12,21:30,22:00,0,1.0
SEC_C02_07,2026-09-12,22:00,22:30,0,1.0
SEC_C02_07,2026-09-12,22:30,23:00,0,1.0
SEC_C02_07,2026-09-12,23:00,23:30,0,1.0
SEC_C02_07,2026-09-12,23:30,00:00,0,1.0
SEC_C02_08,2026-09-12,00:00,00:30,0,1.0
SEC_C02_08,2026-09-12,00:30,01:00,0,1.0
SEC_C02_08,2026-09-12,01:00,01:30,0,1.0
SEC_C02_08,2026-09-12,01:30,02:00,1,0.8
SEC_C02_08,2026-09-12,02:00,02:30,1,0.8
SEC_C02_08,2026-09-12,02:30,03:00,0,1.0
SEC_C02_08,2026-09-12,03:00,03:30,0,1.0
SEC_C02_08,2026-09-12,03:30,04:00,0,1.0
SEC_C02_08,2026-09-12,04:00,04:30,0,1.0
SEC_C02_08,2026-09-12,04:30,05:00,0,1.0
SEC_C02_08,2026-09-12,05:00,05:30,0,1.0
SEC_C02_08,2026-09-12,05:30,06:00,0,1.0
SEC_C02_08,2026-09-12,06:00,06:30,0,1.0
SEC_C02_08,2026-09-12,06:30,07:00,0,1.0
SEC_C02_08,2026-09-12,07:00,07:30,0,1.0
SEC_C02_08,2026-09-12,07:30,08:00,0,1.0
SEC_C02_08,2026-09-12,08:00,08:30,1,0.8
SEC_C02_08,2026-09-12,08:30,09:00,1,0.8
SEC_C02_08,2026-09-12,09:00,09:30,0,1.0
SEC_C02_08,2026-09-12,09:30,10:00,1,0.5
SEC_C02_08,2026-09-12,10:00,10:30,1,0.5
SEC_C02_08,2026-09-12,10:30,11:00,0,1.0
SEC_C02_08,2026-09-12,11:00,11:30,0,1.0
SEC_C02_08,2026-09-12,11:30,12:00,0,1.0
SEC_C02_08,2026-09-12,12:00,12:30,0,1.0
SEC_C02_08,2026-09-12,12:30,13:00,0,1.0
SEC_C02_08,2026-09-12,13:00,13:30,1,0.8
SEC_C02_08,2026-09-12,13:30,14:00,1,0.8
SEC_C02_08,2026-09-12,14:00,14:30,0,1.0
SEC_C02_08,2026-09-12,14:30,15:00,0,1.0
SEC_C02_08,2026-09-12,15:00,15:30,0,1.0
SEC_C02_08,2026-09-12,15:30,16:00,0,1.0
SEC_C02_08,2026-09-12,16:00,16:30,0,1.0
SEC_C02_08,2026-09-12,16:30,17:00,0,1.0
SEC_C02_08,2026-09-12,17:00,17:30,0,1.0
SEC_C02_08,2026-09-12,17:30,18:00,0,1.0
SEC_C02_08,2026-09-12,18:00,18:30,0,1.0
SEC_C02_08,2026-09-12,18:30,19:00,0,1.0
SEC_C02_08,2026-09-12,19:00,19:30,0,1.0
SEC_C02_08,2026-09-12,19:30,20:00,0,1.0
SEC_C02_08,2026-09-12,20:00,20:30,0,1.0
SEC_C02_08,2026-09-12,20:30,21:00,0,1.0
SEC_C02_08,2026-09-12,21:00,21:30,0,1.0
SEC_C02_08,2026-09-12,21:30,22:00,0,1.0
SEC_C02_08,2026-09-12,22:00,22:30,0,1.0
SEC_C02_08,2026-09-12,22:30,23:00,0,1.0
SEC_C02_08,2026-09-12,23:00,23:30,0,1.0
SEC_C02_08,2026-09-12,23:30,00:00,0,1.0
SEC_C02_09,2026-09-12,00:00,00:30,0,1.0
SEC_C02_09,2026-09-12,00:30,01:00,0,1.0
SEC_C02_09,2026-09-12,01:00,01:30,0,1.0
SEC_C02_09,2026-09-12,01:30,02:00,0,1.0
SEC_C02_09,2026-09-12,02:00,02:30,0,1.0
SEC_C02_09,2026-09-12,02:30,03:00,0,1.0
SEC_C02_09,2026-09-12,03:00,03:30,0,1.0
SEC_C02_09,2026-09-12,03:30,04:00,0,1.0
SEC_C02_09,2026-09-12,04:00,04:30,0,1.0
SEC_C02_09,2026-09-12,04:30,05:00,0,1.0
SEC_C02_09,2026-09-12,05:00,05:30,0,1.0
SEC_C02_09,2026-09-12,05:30,06:00,0,1.0
SEC_C02_09,2026-09-12,06:00,06:30,0,1.0
SEC_C02_09,2026-09-12,06:30,07:00,0,1.0
SEC_C02_09,2026-09-12,07:00,07:30,1,0.8
SEC_C02_09,2026-09-12,07:30,08:00,1,0.8
SEC_C02_09,2026-09-12,08:00,08:30,0,1.0
SEC_C02_09,2026-09-12,08:30,09:00,0,1.0
SEC_C02_09,2026-09-12,09:00,09:30,0,1.0
SEC_C02_09,2026-09-12,09:30,10:00,0,1.0
SEC_C02_09,2026-09-12,10:00,10:30,0,1.0
SEC_C02_09,2026-09-12,10:30,11:00,0,1.0
SEC_C02_09,2026-09-12,11:00,11:30,0,1.0
SEC_C02_09,2026-09-12,11:30,12:00,0,1.0
SEC_C02_09,2026-09-12,12:00,12:30,0,1.0
SEC_C02_09,2026-09-12,12:30,13:00,0,1.0
SEC_C02_09,2026-09-12,13:00,13:30,0,1.0
SEC_C02_09,2026-09-12,13:30,14:00,0,1.0
SEC_C02_09,2026-09-12,14:00,14:30,0,1.0
SEC_C02_09,2026-09-12,14:30,15:00,1,0.8
SEC_C02_09,2026-09-12,15:00,15:30,1,0.8
SEC_C02_09,2026-09-12,15:30,16:00,0,1.0
SEC_C02_09,2026-09-12,16:00,16:30,0,1.0
SEC_C02_09,2026-09-12,16:30,17:00,0,1.0
SEC_C02_09,2026-09-12,17:00,17:30,0,1.0
SEC_C02_09,2026-09-12,17:30,18:00,0,1.0
SEC_C02_09,2026-09-12,18:00,18:30,0,1.0
SEC_C02_09,2026-09-12,18:30,19:00,0,1.0
SEC_C02_09,2026-09-12,19:00,19:30,0,1.0
SEC_C02_09,2026-09-12,19:30,20:00,0,1.0
SEC_C02_09,2026-09-12,20:00,20:30,0,1.0
SEC_C02_09,2026-09-12,20:30,21:00,0,1.0
SEC_C02_09,2026-09-12,21:00,21:30,0,1.0
SEC_C02_09,2026-09-12,21:30,22:00,0,1.0
SEC_C02_09,2026-09-12,22:00,22:30,0,1.0
SEC_C02_09,2026-09-12,22:30,23:00,0,1.0
SEC_C02_09,2026-09-12,23:00,23:30,0,1.0
SEC_C02_09,2026-09-12,23:30,00:00,0,1.0
SEC_C02_10,2026-09-12,00:00,00:30,0,1.0
SEC_C02_10,2026-09-12,00:30,01:00,0,1.0
SEC_C02_10,2026-09-12,01:00,01:30,0,1.0
SEC_C02_10,2026-09-12,01:30,02:00,0,1.0
SEC_C02_10,2026-09-12,02:00,02:30,0,1.0
SEC_C02_10,2026-09-12,02:30,03:00,0,1.0
SEC_C02_10,2026-09-12,03:00,03:30,0,1.0
SEC_C02_10,2026-09-12,03:30,04:00,0,1.0
SEC_C02_10,2026-09-12,04:00,04:30,0,1.0
SEC_C02_10,2026-09-12,04:30,05:00,0,1.0
SEC_C02_10,2026-09-12,05:00,05:30,0,1.0
SEC_C02_10,2026-09-12,05:30,06:00,0,1.0
SEC_C02_10,2026-09-12,06:00,06:30,0,1.0
SEC_C02_10,2026-09-12,06:30,07:00,0,1.0
SEC_C02_10,2026-09-12,07:00,07:30,0,1.0
SEC_C02_10,2026-09-12,07:30,08:00,0,1.0
SEC_C02_10,2026-09-12,08:00,08:30,0,1.0
SEC_C02_10,2026-09-12,08:30,09:00,0,1.0
SEC_C02_10,2026-09-12,09:00,09:30,1,0.8
SEC_C02_10,2026-09-12,09:30,10:00,1,0.8
SEC_C02_10,2026-09-12,10:00,10:30,0,1.0
SEC_C02_10,2026-09-12,10:30,11:00,0,1.0
SEC_C02_10,2026-09-12,11:00,11:30,0,1.0
SEC_C02_10,2026-09-12,11:30,12:00,0,1.0
SEC_C02_10,2026-09-12,12:00,12:30,0,1.0
SEC_C02_10,2026-09-12,12:30,13:00,0,1.0
SEC_C02_10,2026-09-12,13:00,13:30,0,1.0
SEC_C02_10,2026-09-12,13:30,14:00,0,1.0
SEC_C02_10,2026-09-12,14:00,14:30,0,1.0
SEC_C02_10,2026-09-12,14:30,15:00,1,0.8
SEC_C02_10,2026-09-12,15:00,15:30,1,0.8
SEC_C02_10,2026-09-12,15:30,16:00,0,1.0
SEC_C02_10,2026-09-12,16:00,16:30,0,1.0
SEC_C02_10,2026-09-12,16:30,17:00,0,1.0
SEC_C02_10,2026-09-12,17:00,17:30,0,1.0
SEC_C02_10,2026-09-12,17:30,18:00,0,1.0
SEC_C02_10,2026-09-12,18:00,18:30,0,1.0
SEC_C02_10,2026-09-12,18:30,19:00,1,0.8
SEC_C02_10,2026-09-12,19:00,19:30,1,0.8
SEC_C02_10,2026-09-12,19:30,20:00,0,1.0
SEC_C02_10,2026-09-12,20:00,20:30,0,1.0
SEC_C02_10,2026-09-12,20:30,21:00,0,1.0
SEC_C02_10,2026-09-12,21:00,21:30,0,1.0
SEC_C02_10,2026-09-12,21:30,22:00,1,0.8
SEC_C02_10,2026-09-12,22:00,22:30,1,0.8
SEC_C02_10,2026-09-12,22:30,23:00,1,0.8
SEC_C02_10,2026-09-12,23:00,23:30,0,1.0
SEC_C02_10,2026-09-12,23:30,00:00,0,1.0
SEC_C03_01,2026-09-12,00:00,00:30,0,1.0
SEC_C03_01,2026-09-12,00:30,01:00,0,1.0
SEC_C03_01,2026-09-12,01:00,01:30,0,1.0
SEC_C03_01,2026-09-12,01:30,02:00,0,1.0
SEC_C03_01,2026-09-12,02:00,02:30,0,1.0
SEC_C03_01,2026-09-12,02:30,03:00,0,1.0
SEC_C03_01,2026-09-12,03:00,03:30,0,1.0
SEC_C03_01,2026-09-12,03:30,04:00,0,1.0
SEC_C03_01,2026-09-12,04:00,04:30,0,1.0
SEC_C03_01,2026-09-12,04:30,05:00,0,1.0
SEC_C03_01,2026-09-12,05:00,05:30,0,1.0
SEC_C03_01,2026-09-12,05:30,06:00,0,1.0
SEC_C03_01,2026-09-12,06:00,06:30,0,1.0
SEC_C03_01,2026-09-12,06:30,07:00,0,1.0
SEC_C03_01,2026-09-12,07:00,07:30,1,0.8
SEC_C03_01,2026-09-12,07:30,08:00,1,0.8
SEC_C03_01,2026-09-12,08:00,08:30,0,1.0
SEC_C03_01,2026-09-12,08:30,09:00,0,1.0
SEC_C03_01,2026-09-12,09:00,09:30,0,1.0
SEC_C03_01,2026-09-12,09:30,10:00,1,0.8
SEC_C03_01,2026-09-12,10:00,10:30,1,0.8
SEC_C03_01,2026-09-12,10:30,11:00,0,1.0
SEC_C03_01,2026-09-12,11:00,11:30,0,1.0
SEC_C03_01,2026-09-12,11:30,12:00,1,0.5
SEC_C03_01,2026-09-12,12:00,12:30,1,0.5
SEC_C03_01,2026-09-12,12:30,13:00,0,1.0
SEC_C03_01,2026-09-12,13:00,13:30,0,1.0
SEC_C03_01,2026-09-12,13:30,14:00,0,1.0
SEC_C03_01,2026-09-12,14:00,14:30,0,1.0
SEC_C03_01,2026-09-12,14:30,15:00,0,1.0
SEC_C03_01,2026-09-12,15:00,15:30,0,1.0
SEC_C03_01,2026-09-12,15:30,16:00,0,1.0
SEC_C03_01,2026-09-12,16:00,16:30,0,1.0
SEC_C03_01,2026-09-12,16:30,17:00,0,1.0
SEC_C03_01,2026-09-12,17:00,17:30,0,1.0
SEC_C03_01,2026-09-12,17:30,18:00,0,1.0
SEC_C03_01,2026-09-12,18:00,18:30,0,1.0
SEC_C03_01,2026-09-12,18:30,19:00,0,1.0
SEC_C03_01,2026-09-12,19:00,19:30,0,1.0
SEC_C03_01,2026-09-12,19:30,20:00,0,1.0
SEC_C03_01,2026-09-12,20:00,20:30,0,1.0
SEC_C03_01,2026-09-12,20:30,21:00,0,1.0
SEC_C03_01,2026-09-12,21:00,21:30,0,1.0
SEC_C03_01,2026-09-12,21:30,22:00,0,1.0
SEC_C03_01,2026-09-12,22:00,22:30,0,1.0
SEC_C03_01,2026-09-12,22:30,23:00,0,1.0
SEC_C03_01,2026-09-12,23:00,23:30,0,1.0
SEC_C03_01,2026-09-12,23:30,00:00,0,1.0
SEC_C03_02,2026-09-12,00:00,00:30,0,1.0
SEC_C03_02,2026-09-12,00:30,01:00,0,1.0
SEC_C03_02,2026-09-12,01:00,01:30,0,1.0
SEC_C03_02,2026-09-12,01:30,02:00,0,1.0
SEC_C03_02,2026-09-12,02:00,02:30,0,1.0
SEC_C03_02,2026-09-12,02:30,03:00,0,1.0
SEC_C03_02,2026-09-12,03:00,03:30,0,1.0
SEC_C03_02,2026-09-12,03:30,04:00,0,1.0
SEC_C03_02,2026-09-12,04:00,04:30,0,1.0
SEC_C03_02,2026-09-12,04:30,05:00,0,1.0
SEC_C03_02,2026-09-12,05:00,05:30,0,1.0
SEC_C03_02,2026-09-12,05:30,06:00,0,1.0
SEC_C03_02,2026-09-12,06:00,06:30,0,1.0
SEC_C03_02,2026-09-12,06:30,07:00,0,1.0
SEC_C03_02,2026-09-12,07:00,07:30,0,1.0
SEC_C03_02,2026-09-12,07:30,08:00,0,1.0
SEC_C03_02,2026-09-12,08:00,08:30,0,1.0
SEC_C03_02,2026-09-12,08:30,09:00,1,0.8
SEC_C03_02,2026-09-12,09:00,09:30,2,0.5
SEC_C03_02,2026-09-12,09:30,10:00,1,0.8
SEC_C03_02,2026-09-12,10:00,10:30,0,1.0
SEC_C03_02,2026-09-12,10:30,11:00,0,1.0
SEC_C03_02,2026-09-12,11:00,11:30,0,1.0
SEC_C03_02,2026-09-12,11:30,12:00,1,0.8
SEC_C03_02,2026-09-12,12:00,12:30,1,0.8
SEC_C03_02,2026-09-12,12:30,13:00,0,1.0
SEC_C03_02,2026-09-12,13:00,13:30,0,1.0
SEC_C03_02,2026-09-12,13:30,14:00,0,1.0
SEC_C03_02,2026-09-12,14:00,14:30,0,1.0
SEC_C03_02,2026-09-12,14:30,15:00,0,1.0
SEC_C03_02,2026-09-12,15:00,15:30,0,1.0
SEC_C03_02,2026-09-12,15:30,16:00,0,1.0
SEC_C03_02,2026-09-12,16:00,16:30,0,1.0
SEC_C03_02,2026-09-12,16:30,17:00,0,1.0
SEC_C03_02,2026-09-12,17:00,17:30,0,1.0
SEC_C03_02,2026-09-12,17:30,18:00,0,1.0
SEC_C03_02,2026-09-12,18:00,18:30,0,1.0
SEC_C03_02,2026-09-12,18:30,19:00,0,1.0
SEC_C03_02,2026-09-12,19:00,19:30,0,1.0
SEC_C03_02,2026-09-12,19:30,20:00,0,1.0
SEC_C03_02,2026-09-12,20:00,20:30,0,1.0
SEC_C03_02,2026-09-12,20:30,21:00,0,1.0
SEC_C03_02,2026-09-12,21:00,21:30,0,1.0
SEC_C03_02,2026-09-12,21:30,22:00,0,1.0
SEC_C03_02,2026-09-12,22:00,22:30,0,1.0
SEC_C03_02,2026-09-12,22:30,23:00,0,1.0
SEC_C03_02,2026-09-12,23:00,23:30,0,1.0
SEC_C03_02,2026-09-12,23:30,00:00,0,1.0
SEC_C03_03,2026-09-12,00:00,00:30,0,1.0
SEC_C03_03,2026-09-12,00:30,01:00,0,1.0
SEC_C03_03,2026-09-12,01:00,01:30,0,1.0
SEC_C03_03,2026-09-12,01:30,02:00,0,1.0
SEC_C03_03,2026-09-12,02:00,02:30,0,1.0
SEC_C03_03,2026-09-12,02:30,03:00,0,1.0
SEC_C03_03,2026-09-12,03:00,03:30,0,1.0
SEC_C03_03,2026-09-12,03:30,04:00,1,0.8
SEC_C03_03,2026-09-12,04:00,04:30,1,0.8
SEC_C03_03,2026-09-12,04:30,05:00,0,1.0
SEC_C03_03,2026-09-12,05:00,05:30,0,1.0
SEC_C03_03,2026-09-12,05:30,06:00,0,1.0
SEC_C03_03,2026-09-12,06:00,06:30,1,0.5
SEC_C03_03,2026-09-12,06:30,07:00,1,0.5
SEC_C03_03,2026-09-12,07:00,07:30,0,1.0
SEC_C03_03,2026-09-12,07:30,08:00,1,0.5
SEC_C03_03,2026-09-12,08:00,08:30,1,0.5
SEC_C03_03,2026-09-12,08:30,09:00,1,0.5
SEC_C03_03,2026-09-12,09:00,09:30,0,1.0
SEC_C03_03,2026-09-12,09:30,10:00,0,1.0
SEC_C03_03,2026-09-12,10:00,10:30,0,1.0
SEC_C03_03,2026-09-12,10:30,11:00,0,1.0
SEC_C03_03,2026-09-12,11:00,11:30,0,1.0
SEC_C03_03,2026-09-12,11:30,12:00,0,1.0
SEC_C03_03,2026-09-12,12:00,12:30,0,1.0
SEC_C03_03,2026-09-12,12:30,13:00,0,1.0
SEC_C03_03,2026-09-12,13:00,13:30,0,1.0
SEC_C03_03,2026-09-12,13:30,14:00,0,1.0
SEC_C03_03,2026-09-12,14:00,14:30,0,1.0
SEC_C03_03,2026-09-12,14:30,15:00,0,1.0
SEC_C03_03,2026-09-12,15:00,15:30,0,1.0
SEC_C03_03,2026-09-12,15:30,16:00,0,1.0
SEC_C03_03,2026-09-12,16:00,16:30,0,1.0
SEC_C03_03,2026-09-12,16:30,17:00,0,1.0
SEC_C03_03,2026-09-12,17:00,17:30,0,1.0
SEC_C03_03,2026-09-12,17:30,18:00,0,1.0
SEC_C03_03,2026-09-12,18:00,18:30,0,1.0
SEC_C03_03,2026-09-12,18:30,19:00,0,1.0
SEC_C03_03,2026-09-12,19:00,19:30,0,1.0
SEC_C03_03,2026-09-12,19:30,20:00,0,1.0
SEC_C03_03,2026-09-12,20:00,20:30,0,1.0
SEC_C03_03,2026-09-12,20:30,21:00,1,0.8
SEC_C03_03,2026-09-12,21:00,21:30,1,0.8
SEC_C03_03,2026-09-12,21:30,22:00,0,1.0
SEC_C03_03,2026-09-12,22:00,22:30,0,1.0
SEC_C03_03,2026-09-12,22:30,23:00,0,1.0
SEC_C03_03,2026-09-12,23:00,23:30,0,1.0
SEC_C03_03,2026-09-12,23:30,00:00,0,1.0
SEC_C03_04,2026-09-12,00:00,00:30,0,1.0
SEC_C03_04,2026-09-12,00:30,01:00,0,1.0
SEC_C03_04,2026-09-12,01:00,01:30,0,1.0
SEC_C03_04,2026-09-12,01:30,02:00,0,1.0
SEC_C03_04,2026-09-12,02:00,02:30,0,1.0
SEC_C03_04,2026-09-12,02:30,03:00,0,1.0
SEC_C03_04,2026-09-12,03:00,03:30,0,1.0
SEC_C03_04,2026-09-12,03:30,04:00,0,1.0
SEC_C03_04,2026-09-12,04:00,04:30,0,1.0
SEC_C03_04,2026-09-12,04:30,05:00,0,1.0
SEC_C03_04,2026-09-12,05:00,05:30,0,1.0
SEC_C03_04,2026-09-12,05:30,06:00,0,1.0
SEC_C03_04,2026-09-12,06:00,06:30,0,1.0
SEC_C03_04,2026-09-12,06:30,07:00,0,1.0
SEC_C03_04,2026-09-12,07:00,07:30,0,1.0
SEC_C03_04,2026-09-12,07:30,08:00,0,1.0
SEC_C03_04,2026-09-12,08:00,08:30,0,1.0
SEC_C03_04,2026-09-12,08:30,09:00,0,1.0
SEC_C03_04,2026-09-12,09:00,09:30,0,1.0
SEC_C03_04,2026-09-12,09:30,10:00,0,1.0
SEC_C03_04,2026-09-12,10:00,10:30,0,1.0
SEC_C03_04,2026-09-12,10:30,11:00,0,1.0
SEC_C03_04,2026-09-12,11:00,11:30,0,1.0
SEC_C03_04,2026-09-12,11:30,12:00,0,1.0
SEC_C03_04,2026-09-12,12:00,12:30,1,0.8
SEC_C03_04,2026-09-12,12:30,13:00,1,0.8
SEC_C03_04,2026-09-12,13:00,13:30,0,1.0
SEC_C03_04,2026-09-12,13:30,14:00,1,0.8
SEC_C03_04,2026-09-12,14:00,14:30,1,0.8
SEC_C03_04,2026-09-12,14:30,15:00,0,1.0
SEC_C03_04,2026-09-12,15:00,15:30,0,1.0
SEC_C03_04,2026-09-12,15:30,16:00,1,0.8
SEC_C03_04,2026-09-12,16:00,16:30,0,1.0
SEC_C03_04,2026-09-12,16:30,17:00,0,1.0
SEC_C03_04,2026-09-12,17:00,17:30,1,0.8
SEC_C03_04,2026-09-12,17:30,18:00,1,0.8
SEC_C03_04,2026-09-12,18:00,18:30,0,1.0
SEC_C03_04,2026-09-12,18:30,19:00,0,1.0
SEC_C03_04,2026-09-12,19:00,19:30,0,1.0
SEC_C03_04,2026-09-12,19:30,20:00,0,1.0
SEC_C03_04,2026-09-12,20:00,20:30,0,1.0
SEC_C03_04,2026-09-12,20:30,21:00,0,1.0
SEC_C03_04,2026-09-12,21:00,21:30,0,1.0
SEC_C03_04,2026-09-12,21:30,22:00,0,1.0
SEC_C03_04,2026-09-12,22:00,22:30,0,1.0
SEC_C03_04,2026-09-12,22:30,23:00,0,1.0
SEC_C03_04,2026-09-12,23:00,23:30,0,1.0
SEC_C03_04,2026-09-12,23:30,00:00,0,1.0
SEC_C03_05,2026-09-12,00:00,00:30,0,1.0
SEC_C03_05,2026-09-12,00:30,01:00,0,1.0
SEC_C03_05,2026-09-12,01:00,01:30,0,1.0
SEC_C03_05,2026-09-12,01:30,02:00,0,1.0
SEC_C03_05,2026-09-12,02:00,02:30,0,1.0
SEC_C03_05,2026-09-12,02:30,03:00,0,1.0
SEC_C03_05,2026-09-12,03:00,03:30,0,1.0
SEC_C03_05,2026-09-12,03:30,04:00,0,1.0
SEC_C03_05,2026-09-12,04:00,04:30,0,1.0
SEC_C03_05,2026-09-12,04:30,05:00,0,1.0
SEC_C03_05,2026-09-12,05:00,05:30,0,1.0
SEC_C03_05,2026-09-12,05:30,06:00,0,1.0
SEC_C03_05,2026-09-12,06:00,06:30,0,1.0
SEC_C03_05,2026-09-12,06:30,07:00,0,1.0
SEC_C03_05,2026-09-12,07:00,07:30,0,1.0
SEC_C03_05,2026-09-12,07:30,08:00,0,1.0
SEC_C03_05,2026-09-12,08:00,08:30,1,0.8
SEC_C03_05,2026-09-12,08:30,09:00,1,0.8
SEC_C03_05,2026-09-12,09:00,09:30,0,1.0
SEC_C03_05,2026-09-12,09:30,10:00,0,1.0
SEC_C03_05,2026-09-12,10:00,10:30,0,1.0
SEC_C03_05,2026-09-12,10:30,11:00,0,1.0
SEC_C03_05,2026-09-12,11:00,11:30,0,1.0
SEC_C03_05,2026-09-12,11:30,12:00,0,1.0
SEC_C03_05,2026-09-12,12:00,12:30,0,1.0
SEC_C03_05,2026-09-12,12:30,13:00,0,1.0
SEC_C03_05,2026-09-12,13:00,13:30,1,0.8
SEC_C03_05,2026-09-12,13:30,14:00,1,0.8
SEC_C03_05,2026-09-12,14:00,14:30,1,0.8
SEC_C03_05,2026-09-12,14:30,15:00,0,1.0
SEC_C03_05,2026-09-12,15:00,15:30,0,1.0
SEC_C03_05,2026-09-12,15:30,16:00,0,1.0
SEC_C03_05,2026-09-12,16:00,16:30,0,1.0
SEC_C03_05,2026-09-12,16:30,17:00,0,1.0
SEC_C03_05,2026-09-12,17:00,17:30,0,1.0
SEC_C03_05,2026-09-12,17:30,18:00,0,1.0
SEC_C03_05,2026-09-12,18:00,18:30,0,1.0
SEC_C03_05,2026-09-12,18:30,19:00,1,0.5
SEC_C03_05,2026-09-12,19:00,19:30,1,0.5
SEC_C03_05,2026-09-12,19:30,20:00,0,1.0
SEC_C03_05,2026-09-12,20:00,20:30,0,1.0
SEC_C03_05,2026-09-12,20:30,21:00,0,1.0
SEC_C03_05,2026-09-12,21:00,21:30,0,1.0
SEC_C03_05,2026-09-12,21:30,22:00,0,1.0
SEC_C03_05,2026-09-12,22:00,22:30,0,1.0
SEC_C03_05,2026-09-12,22:30,23:00,0,1.0
SEC_C03_05,2026-09-12,23:00,23:30,0,1.0
SEC_C03_05,2026-09-12,23:30,00:00,0,1.0
SEC_C03_06,2026-09-12,00:00,00:30,0,1.0
SEC_C03_06,2026-09-12,00:30,01:00,0,1.0
SEC_C03_06,2026-09-12,01:00,01:30,0,1.0
SEC_C03_06,2026-09-12,01:30,02:00,0,1.0
SEC_C03_06,2026-09-12,02:00,02:30,0,1.0
SEC_C03_06,2026-09-12,02:30,03:00,0,1.0
SEC_C03_06,2026-09-12,03:00,03:30,0,1.0
SEC_C03_06,2026-09-12,03:30,04:00,0,1.0
SEC_C03_06,2026-09-12,04:00,04:30,0,1.0
SEC_C03_06,2026-09-12,04:30,05:00,0,1.0
SEC_C03_06,2026-09-12,05:00,05:30,0,1.0
SEC_C03_06,2026-09-12,05:30,06:00,0,1.0
SEC_C03_06,2026-09-12,06:00,06:30,0,1.0
SEC_C03_06,2026-09-12,06:30,07:00,0,1.0
SEC_C03_06,2026-09-12,07:00,07:30,1,0.8
SEC_C03_06,2026-09-12,07:30,08:00,1,0.8
SEC_C03_06,2026-09-12,08:00,08:30,0,1.0
SEC_C03_06,2026-09-12,08:30,09:00,1,0.8
SEC_C03_06,2026-09-12,09:00,09:30,1,0.8
SEC_C03_06,2026-09-12,09:30,10:00,0,1.0
SEC_C03_06,2026-09-12,10:00,10:30,0,1.0
SEC_C03_06,2026-09-12,10:30,11:00,0,1.0
SEC_C03_06,2026-09-12,11:00,11:30,0,1.0
SEC_C03_06,2026-09-12,11:30,12:00,0,1.0
SEC_C03_06,2026-09-12,12:00,12:30,0,1.0
SEC_C03_06,2026-09-12,12:30,13:00,0,1.0
SEC_C03_06,2026-09-12,13:00,13:30,0,1.0
SEC_C03_06,2026-09-12,13:30,14:00,0,1.0
SEC_C03_06,2026-09-12,14:00,14:30,0,1.0
SEC_C03_06,2026-09-12,14:30,15:00,0,1.0
SEC_C03_06,2026-09-12,15:00,15:30,0,1.0
SEC_C03_06,2026-09-12,15:30,16:00,0,1.0
SEC_C03_06,2026-09-12,16:00,16:30,0,1.0
SEC_C03_06,2026-09-12,16:30,17:00,0,1.0
SEC_C03_06,2026-09-12,17:00,17:30,0,1.0
SEC_C03_06,2026-09-12,17:30,18:00,0,1.0
SEC_C03_06,2026-09-12,18:00,18:30,0,1.0
SEC_C03_06,2026-09-12,18:30,19:00,0,1.0
SEC_C03_06,2026-09-12,19:00,19:30,0,1.0
SEC_C03_06,2026-09-12,19:30,20:00,1,0.8
SEC_C03_06,2026-09-12,20:00,20:30,1,0.8
SEC_C03_06,2026-09-12,20:30,21:00,0,1.0
SEC_C03_06,2026-09-12,21:00,21:30,0,1.0
SEC_C03_06,2026-09-12,21:30,22:00,0,1.0
SEC_C03_06,2026-09-12,22:00,22:30,0,1.0
SEC_C03_06,2026-09-12,22:30,23:00,0,1.0
SEC_C03_06,2026-09-12,23:00,23:30,0,1.0
SEC_C03_06,2026-09-12,23:30,00:00,0,1.0
SEC_C04_01,2026-09-12,00:00,00:30,0,1.0
SEC_C04_01,2026-09-12,00:30,01:00,0,1.0
SEC_C04_01,2026-09-12,01:00,01:30,0,1.0
SEC_C04_01,2026-09-12,01:30,02:00,0,1.0
SEC_C04_01,2026-09-12,02:00,02:30,0,1.0
SEC_C04_01,2026-09-12,02:30,03:00,0,1.0
SEC_C04_01,2026-09-12,03:00,03:30,0,1.0
SEC_C04_01,2026-09-12,03:30,04:00,0,1.0
SEC_C04_01,2026-09-12,04:00,04:30,0,1.0
SEC_C04_01,2026-09-12,04:30,05:00,0,1.0
SEC_C04_01,2026-09-12,05:00,05:30,0,1.0
SEC_C04_01,2026-09-12,05:30,06:00,0,1.0
SEC_C04_01,2026-09-12,06:00,06:30,0,1.0
SEC_C04_01,2026-09-12,06:30,07:00,0,1.0
SEC_C04_01,2026-09-12,07:00,07:30,2,0.5
SEC_C04_01,2026-09-12,07:30,08:00,3,0.25
SEC_C04_01,2026-09-12,08:00,08:30,0,1.0
SEC_C04_01,2026-09-12,08:30,09:00,0,1.0
SEC_C04_01,2026-09-12,09:00,09:30,0,1.0
SEC_C04_01,2026-09-12,09:30,10:00,0,1.0
SEC_C04_01,2026-09-12,10:00,10:30,0,1.0
SEC_C04_01,2026-09-12,10:30,11:00,0,1.0
SEC_C04_01,2026-09-12,11:00,11:30,0,1.0
SEC_C04_01,2026-09-12,11:30,12:00,0,1.0
SEC_C04_01,2026-09-12,12:00,12:30,0,1.0
SEC_C04_01,2026-09-12,12:30,13:00,0,1.0
SEC_C04_01,2026-09-12,13:00,13:30,0,1.0
SEC_C04_01,2026-09-12,13:30,14:00,0,1.0
SEC_C04_01,2026-09-12,14:00,14:30,0,1.0
SEC_C04_01,2026-09-12,14:30,15:00,0,1.0
SEC_C04_01,2026-09-12,15:00,15:30,0,1.0
SEC_C04_01,2026-09-12,15:30,16:00,0,1.0
SEC_C04_01,2026-09-12,16:00,16:30,0,1.0
SEC_C04_01,2026-09-12,16:30,17:00,0,1.0
SEC_C04_01,2026-09-12,17:00,17:30,0,1.0
SEC_C04_01,2026-09-12,17:30,18:00,0,1.0
SEC_C04_01,2026-09-12,18:00,18:30,0,1.0
SEC_C04_01,2026-09-12,18:30,19:00,0,1.0
SEC_C04_01,2026-09-12,19:00,19:30,0,1.0
SEC_C04_01,2026-09-12,19:30,20:00,0,1.0
SEC_C04_01,2026-09-12,20:00,20:30,0,1.0
SEC_C04_01,2026-09-12,20:30,21:00,0,1.0
SEC_C04_01,2026-09-12,21:00,21:30,0,1.0
SEC_C04_01,2026-09-12,21:30,22:00,1,0.8
SEC_C04_01,2026-09-12,22:00,22:30,0,1.0
SEC_C04_01,2026-09-12,22:30,23:00,0,1.0
SEC_C04_01,2026-09-12,23:00,23:30,0,1.0
SEC_C04_01,2026-09-12,23:30,00:00,0,1.0
SEC_C04_02,2026-09-12,00:00,00:30,0,1.0
SEC_C04_02,2026-09-12,00:30,01:00,0,1.0
SEC_C04_02,2026-09-12,01:00,01:30,0,1.0
SEC_C04_02,2026-09-12,01:30,02:00,0,1.0
SEC_C04_02,2026-09-12,02:00,02:30,0,1.0
SEC_C04_02,2026-09-12,02:30,03:00,0,1.0
SEC_C04_02,2026-09-12,03:00,03:30,0,1.0
SEC_C04_02,2026-09-12,03:30,04:00,0,1.0
SEC_C04_02,2026-09-12,04:00,04:30,0,1.0
SEC_C04_02,2026-09-12,04:30,05:00,0,1.0
SEC_C04_02,2026-09-12,05:00,05:30,0,1.0
SEC_C04_02,2026-09-12,05:30,06:00,0,1.0
SEC_C04_02,2026-09-12,06:00,06:30,0,1.0
SEC_C04_02,2026-09-12,06:30,07:00,1,0.8
SEC_C04_02,2026-09-12,07:00,07:30,1,0.8
SEC_C04_02,2026-09-12,07:30,08:00,0,1.0
SEC_C04_02,2026-09-12,08:00,08:30,0,1.0
SEC_C04_02,2026-09-12,08:30,09:00,0,1.0
SEC_C04_02,2026-09-12,09:00,09:30,1,0.8
SEC_C04_02,2026-09-12,09:30,10:00,2,0.2
SEC_C04_02,2026-09-12,10:00,10:30,1,0.5
SEC_C04_02,2026-09-12,10:30,11:00,0,1.0
SEC_C04_02,2026-09-12,11:00,11:30,0,1.0
SEC_C04_02,2026-09-12,11:30,12:00,0,1.0
SEC_C04_02,2026-09-12,12:00,12:30,0,1.0
SEC_C04_02,2026-09-12,12:30,13:00,0,1.0
SEC_C04_02,2026-09-12,13:00,13:30,0,1.0
SEC_C04_02,2026-09-12,13:30,14:00,0,1.0
SEC_C04_02,2026-09-12,14:00,14:30,0,1.0
SEC_C04_02,2026-09-12,14:30,15:00,0,1.0
SEC_C04_02,2026-09-12,15:00,15:30,0,1.0
SEC_C04_02,2026-09-12,15:30,16:00,0,1.0
SEC_C04_02,2026-09-12,16:00,16:30,0,1.0
SEC_C04_02,2026-09-12,16:30,17:00,0,1.0
SEC_C04_02,2026-09-12,17:00,17:30,0,1.0
SEC_C04_02,2026-09-12,17:30,18:00,0,1.0
SEC_C04_02,2026-09-12,18:00,18:30,0,1.0
SEC_C04_02,2026-09-12,18:30,19:00,0,1.0
SEC_C04_02,2026-09-12,19:00,19:30,0,1.0
SEC_C04_02,2026-09-12,19:30,20:00,0,1.0
SEC_C04_02,2026-09-12,20:00,20:30,1,0.8
SEC_C04_02,2026-09-12,20:30,21:00,1,0.8
SEC_C04_02,2026-09-12,21:00,21:30,0,1.0
SEC_C04_02,2026-09-12,21:30,22:00,0,1.0
SEC_C04_02,2026-09-12,22:00,22:30,0,1.0
SEC_C04_02,2026-09-12,22:30,23:00,0,1.0
SEC_C04_02,2026-09-12,23:00,23:30,0,1.0
SEC_C04_02,2026-09-12,23:30,00:00,0,1.0
SEC_C04_03,2026-09-12,00:00,00:30,2,0.5
SEC_C04_03,2026-09-12,00:30,01:00,2,0.5
SEC_C04_03,2026-09-12,01:00,01:30,0,1.0
SEC_C04_03,2026-09-12,01:30,02:00,0,1.0
SEC_C04_03,2026-09-12,02:00,02:30,0,1.0
SEC_C04_03,2026-09-12,02:30,03:00,0,1.0
SEC_C04_03,2026-09-12,03:00,03:30,0,1.0
SEC_C04_03,2026-09-12,03:30,04:00,0,1.0
SEC_C04_03,2026-09-12,04:00,04:30,0,1.0
SEC_C04_03,2026-09-12,04:30,05:00,0,1.0
SEC_C04_03,2026-09-12,05:00,05:30,0,1.0
SEC_C04_03,2026-09-12,05:30,06:00,0,1.0
SEC_C04_03,2026-09-12,06:00,06:30,0,1.0
SEC_C04_03,2026-09-12,06:30,07:00,0,1.0
SEC_C04_03,2026-09-12,07:00,07:30,0,1.0
SEC_C04_03,2026-09-12,07:30,08:00,0,1.0
SEC_C04_03,2026-09-12,08:00,08:30,0,1.0
SEC_C04_03,2026-09-12,08:30,09:00,0,1.0
SEC_C04_03,2026-09-12,09:00,09:30,0,1.0
SEC_C04_03,2026-09-12,09:30,10:00,0,1.0
SEC_C04_03,2026-09-12,10:00,10:30,0,1.0
SEC_C04_03,2026-09-12,10:30,11:00,0,1.0
SEC_C04_03,2026-09-12,11:00,11:30,0,1.0
SEC_C04_03,2026-09-12,11:30,12:00,0,1.0
SEC_C04_03,2026-09-12,12:00,12:30,0,1.0
SEC_C04_03,2026-09-12,12:30,13:00,0,1.0
SEC_C04_03,2026-09-12,13:00,13:30,0,1.0
SEC_C04_03,2026-09-12,13:30,14:00,0,1.0
SEC_C04_03,2026-09-12,14:00,14:30,0,1.0
SEC_C04_03,2026-09-12,14:30,15:00,0,1.0
SEC_C04_03,2026-09-12,15:00,15:30,1,0.8
SEC_C04_03,2026-09-12,15:30,16:00,1,0.8
SEC_C04_03,2026-09-12,16:00,16:30,1,0.8
SEC_C04_03,2026-09-12,16:30,17:00,0,1.0
SEC_C04_03,2026-09-12,17:00,17:30,0,1.0
SEC_C04_03,2026-09-12,17:30,18:00,0,1.0
SEC_C04_03,2026-09-12,18:00,18:30,1,0.8
SEC_C04_03,2026-09-12,18:30,19:00,1,0.8
SEC_C04_03,2026-09-12,19:00,19:30,0,1.0
SEC_C04_03,2026-09-12,19:30,20:00,0,1.0
SEC_C04_03,2026-09-12,20:00,20:30,0,1.0
SEC_C04_03,2026-09-12,20:30,21:00,0,1.0
SEC_C04_03,2026-09-12,21:00,21:30,0,1.0
SEC_C04_03,2026-09-12,21:30,22:00,0,1.0
SEC_C04_03,2026-09-12,22:00,22:30,0,1.0
SEC_C04_03,2026-09-12,22:30,23:00,0,1.0
SEC_C04_03,2026-09-12,23:00,23:30,0,1.0
SEC_C04_03,2026-09-12,23:30,00:00,0,1.0
SEC_C04_04,2026-09-12,00:00,00:30,0,1.0
SEC_C04_04,2026-09-12,00:30,01:00,0,1.0
SEC_C04_04,2026-09-12,01:00,01:30,0,1.0
SEC_C04_04,2026-09-12,01:30,02:00,0,1.0
SEC_C04_04,2026-09-12,02:00,02:30,0,1.0
SEC_C04_04,2026-09-12,02:30,03:00,0,1.0
SEC_C04_04,2026-09-12,03:00,03:30,0,1.0
SEC_C04_04,2026-09-12,03:30,04:00,0,1.0
SEC_C04_04,2026-09-12,04:00,04:30,0,1.0
SEC_C04_04,2026-09-12,04:30,05:00,0,1.0
SEC_C04_04,2026-09-12,05:00,05:30,0,1.0
SEC_C04_04,2026-09-12,05:30,06:00,0,1.0
SEC_C04_04,2026-09-12,06:00,06:30,0,1.0
SEC_C04_04,2026-09-12,06:30,07:00,0,1.0
SEC_C04_04,2026-09-12,07:00,07:30,0,1.0
SEC_C04_04,2026-09-12,07:30,08:00,1,0.8
SEC_C04_04,2026-09-12,08:00,08:30,1,0.8
SEC_C04_04,2026-09-12,08:30,09:00,1,0.8
SEC_C04_04,2026-09-12,09:00,09:30,1,0.8
SEC_C04_04,2026-09-12,09:30,10:00,0,1.0
SEC_C04_04,2026-09-12,10:00,10:30,0,1.0
SEC_C04_04,2026-09-12,10:30,11:00,0,1.0
SEC_C04_04,2026-09-12,11:00,11:30,0,1.0
SEC_C04_04,2026-09-12,11:30,12:00,0,1.0
SEC_C04_04,2026-09-12,12:00,12:30,0,1.0
SEC_C04_04,2026-09-12,12:30,13:00,0,1.0
SEC_C04_04,2026-09-12,13:00,13:30,0,1.0
SEC_C04_04,2026-09-12,13:30,14:00,0,1.0
SEC_C04_04,2026-09-12,14:00,14:30,0,1.0
SEC_C04_04,2026-09-12,14:30,15:00,0,1.0
SEC_C04_04,2026-09-12,15:00,15:30,0,1.0
SEC_C04_04,2026-09-12,15:30,16:00,0,1.0
SEC_C04_04,2026-09-12,16:00,16:30,0,1.0
SEC_C04_04,2026-09-12,16:30,17:00,0,1.0
SEC_C04_04,2026-09-12,17:00,17:30,0,1.0
SEC_C04_04,2026-09-12,17:30,18:00,0,1.0
SEC_C04_04,2026-09-12,18:00,18:30,0,1.0
SEC_C04_04,2026-09-12,18:30,19:00,0,1.0
SEC_C04_04,2026-09-12,19:00,19:30,0,1.0
SEC_C04_04,2026-09-12,19:30,20:00,0,1.0
SEC_C04_04,2026-09-12,20:00,20:30,0,1.0
SEC_C04_04,2026-09-12,20:30,21:00,0,1.0
SEC_C04_04,2026-09-12,21:00,21:30,1,0.8
SEC_C04_04,2026-09-12,21:30,22:00,1,0.8
SEC_C04_04,2026-09-12,22:00,22:30,0,1.0
SEC_C04_04,2026-09-12,22:30,23:00,0,1.0
SEC_C04_04,2026-09-12,23:00,23:30,0,1.0
SEC_C04_04,2026-09-12,23:30,00:00,0,1.0
SEC_C04_05,2026-09-12,00:00,00:30,0,1.0
SEC_C04_05,2026-09-12,00:30,01:00,0,1.0
SEC_C04_05,2026-09-12,01:00,01:30,0,1.0
SEC_C04_05,2026-09-12,01:30,02:00,0,1.0
SEC_C04_05,2026-09-12,02:00,02:30,0,1.0
SEC_C04_05,2026-09-12,02:30,03:00,0,1.0
SEC_C04_05,2026-09-12,03:00,03:30,0,1.0
SEC_C04_05,2026-09-12,03:30,04:00,0,1.0
SEC_C04_05,2026-09-12,04:00,04:30,0,1.0
SEC_C04_05,2026-09-12,04:30,05:00,0,1.0
SEC_C04_05,2026-09-12,05:00,05:30,0,1.0
SEC_C04_05,2026-09-12,05:30,06:00,0,1.0
SEC_C04_05,2026-09-12,06:00,06:30,1,0.8
SEC_C04_05,2026-09-12,06:30,07:00,1,0.8
SEC_C04_05,2026-09-12,07:00,07:30,1,0.8
SEC_C04_05,2026-09-12,07:30,08:00,0,1.0
SEC_C04_05,2026-09-12,08:00,08:30,0,1.0
SEC_C04_05,2026-09-12,08:30,09:00,0,1.0
SEC_C04_05,2026-09-12,09:00,09:30,0,1.0
SEC_C04_05,2026-09-12,09:30,10:00,0,1.0
SEC_C04_05,2026-09-12,10:00,10:30,0,1.0
SEC_C04_05,2026-09-12,10:30,11:00,0,1.0
SEC_C04_05,2026-09-12,11:00,11:30,0,1.0
SEC_C04_05,2026-09-12,11:30,12:00,0,1.0
SEC_C04_05,2026-09-12,12:00,12:30,0,1.0
SEC_C04_05,2026-09-12,12:30,13:00,0,1.0
SEC_C04_05,2026-09-12,13:00,13:30,0,1.0
SEC_C04_05,2026-09-12,13:30,14:00,0,1.0
SEC_C04_05,2026-09-12,14:00,14:30,0,1.0
SEC_C04_05,2026-09-12,14:30,15:00,0,1.0
SEC_C04_05,2026-09-12,15:00,15:30,0,1.0
SEC_C04_05,2026-09-12,15:30,16:00,0,1.0
SEC_C04_05,2026-09-12,16:00,16:30,0,1.0
SEC_C04_05,2026-09-12,16:30,17:00,0,1.0
SEC_C04_05,2026-09-12,17:00,17:30,0,1.0
SEC_C04_05,2026-09-12,17:30,18:00,0,1.0
SEC_C04_05,2026-09-12,18:00,18:30,0,1.0
SEC_C04_05,2026-09-12,18:30,19:00,0,1.0
SEC_C04_05,2026-09-12,19:00,19:30,0,1.0
SEC_C04_05,2026-09-12,19:30,20:00,0,1.0
SEC_C04_05,2026-09-12,20:00,20:30,0,1.0
SEC_C04_05,2026-09-12,20:30,21:00,0,1.0
SEC_C04_05,2026-09-12,21:00,21:30,1,0.5
SEC_C04_05,2026-09-12,21:30,22:00,1,0.5
SEC_C04_05,2026-09-12,22:00,22:30,0,1.0
SEC_C04_05,2026-09-12,22:30,23:00,0,1.0
SEC_C04_05,2026-09-12,23:00,23:30,0,1.0
SEC_C04_05,2026-09-12,23:30,00:00,0,1.0
SEC_C04_06,2026-09-12,00:00,00:30,0,1.0
SEC_C04_06,2026-09-12,00:30,01:00,0,1.0
SEC_C04_06,2026-09-12,01:00,01:30,0,1.0
SEC_C04_06,2026-09-12,01:30,02:00,0,1.0
SEC_C04_06,2026-09-12,02:00,02:30,0,1.0
SEC_C04_06,2026-09-12,02:30,03:00,0,1.0
SEC_C04_06,2026-09-12,03:00,03:30,0,1.0
SEC_C04_06,2026-09-12,03:30,04:00,0,1.0
SEC_C04_06,2026-09-12,04:00,04:30,0,1.0
SEC_C04_06,2026-09-12,04:30,05:00,0,1.0
SEC_C04_06,2026-09-12,05:00,05:30,0,1.0
SEC_C04_06,2026-09-12,05:30,06:00,0,1.0
SEC_C04_06,2026-09-12,06:00,06:30,1,0.8
SEC_C04_06,2026-09-12,06:30,07:00,2,0.2
SEC_C04_06,2026-09-12,07:00,07:30,1,0.5
SEC_C04_06,2026-09-12,07:30,08:00,1,0.5
SEC_C04_06,2026-09-12,08:00,08:30,0,1.0
SEC_C04_06,2026-09-12,08:30,09:00,0,1.0
SEC_C04_06,2026-09-12,09:00,09:30,0,1.0
SEC_C04_06,2026-09-12,09:30,10:00,0,1.0
SEC_C04_06,2026-09-12,10:00,10:30,0,1.0
SEC_C04_06,2026-09-12,10:30,11:00,0,1.0
SEC_C04_06,2026-09-12,11:00,11:30,0,1.0
SEC_C04_06,2026-09-12,11:30,12:00,0,1.0
SEC_C04_06,2026-09-12,12:00,12:30,0,1.0
SEC_C04_06,2026-09-12,12:30,13:00,0,1.0
SEC_C04_06,2026-09-12,13:00,13:30,0,1.0
SEC_C04_06,2026-09-12,13:30,14:00,0,1.0
SEC_C04_06,2026-09-12,14:00,14:30,1,0.8
SEC_C04_06,2026-09-12,14:30,15:00,1,0.8
SEC_C04_06,2026-09-12,15:00,15:30,0,1.0
SEC_C04_06,2026-09-12,15:30,16:00,0,1.0
SEC_C04_06,2026-09-12,16:00,16:30,0,1.0
SEC_C04_06,2026-09-12,16:30,17:00,0,1.0
SEC_C04_06,2026-09-12,17:00,17:30,0,1.0
SEC_C04_06,2026-09-12,17:30,18:00,1,0.8
SEC_C04_06,2026-09-12,18:00,18:30,1,0.8
SEC_C04_06,2026-09-12,18:30,19:00,0,1.0
SEC_C04_06,2026-09-12,19:00,19:30,0,1.0
SEC_C04_06,2026-09-12,19:30,20:00,0,1.0
SEC_C04_06,2026-09-12,20:00,20:30,0,1.0
SEC_C04_06,2026-09-12,20:30,21:00,1,0.5
SEC_C04_06,2026-09-12,21:00,21:30,1,0.5
SEC_C04_06,2026-09-12,21:30,22:00,0,1.0
SEC_C04_06,2026-09-12,22:00,22:30,0,1.0
SEC_C04_06,2026-09-12,22:30,23:00,0,1.0
SEC_C04_06,2026-09-12,23:00,23:30,0,1.0
SEC_C04_06,2026-09-12,23:30,00:00,0,1.0
SEC_C04_07,2026-09-12,00:00,00:30,0,1.0
SEC_C04_07,2026-09-12,00:30,01:00,0,1.0
SEC_C04_07,2026-09-12,01:00,01:30,0,1.0
SEC_C04_07,2026-09-12,01:30,02:00,0,1.0
SEC_C04_07,2026-09-12,02:00,02:30,0,1.0
SEC_C04_07,2026-09-12,02:30,03:00,0,1.0
SEC_C04_07,2026-09-12,03:00,03:30,0,1.0
SEC_C04_07,2026-09-12,03:30,04:00,0,1.0
SEC_C04_07,2026-09-12,04:00,04:30,0,1.0
SEC_C04_07,2026-09-12,04:30,05:00,0,1.0
SEC_C04_07,2026-09-12,05:00,05:30,0,1.0
SEC_C04_07,2026-09-12,05:30,06:00,0,1.0
SEC_C04_07,2026-09-12,06:00,06:30,0,1.0
SEC_C04_07,2026-09-12,06:30,07:00,0,1.0
SEC_C04_07,2026-09-12,07:00,07:30,1,0.8
SEC_C04_07,2026-09-12,07:30,08:00,1,0.8
SEC_C04_07,2026-09-12,08:00,08:30,0,1.0
SEC_C04_07,2026-09-12,08:30,09:00,0,1.0
SEC_C04_07,2026-09-12,09:00,09:30,0,1.0
SEC_C04_07,2026-09-12,09:30,10:00,0,1.0
SEC_C04_07,2026-09-12,10:00,10:30,0,1.0
SEC_C04_07,2026-09-12,10:30,11:00,0,1.0
SEC_C04_07,2026-09-12,11:00,11:30,0,1.0
SEC_C04_07,2026-09-12,11:30,12:00,0,1.0
SEC_C04_07,2026-09-12,12:00,12:30,1,0.5
SEC_C04_07,2026-09-12,12:30,13:00,1,0.5
SEC_C04_07,2026-09-12,13:00,13:30,0,1.0
SEC_C04_07,2026-09-12,13:30,14:00,0,1.0
SEC_C04_07,2026-09-12,14:00,14:30,0,1.0
SEC_C04_07,2026-09-12,14:30,15:00,1,0.8
SEC_C04_07,2026-09-12,15:00,15:30,1,0.8
SEC_C04_07,2026-09-12,15:30,16:00,1,0.8
SEC_C04_07,2026-09-12,16:00,16:30,0,1.0
SEC_C04_07,2026-09-12,16:30,17:00,0,1.0
SEC_C04_07,2026-09-12,17:00,17:30,0,1.0
SEC_C04_07,2026-09-12,17:30,18:00,0,1.0
SEC_C04_07,2026-09-12,18:00,18:30,0,1.0
SEC_C04_07,2026-09-12,18:30,19:00,0,1.0
SEC_C04_07,2026-09-12,19:00,19:30,0,1.0
SEC_C04_07,2026-09-12,19:30,20:00,0,1.0
SEC_C04_07,2026-09-12,20:00,20:30,0,1.0
SEC_C04_07,2026-09-12,20:30,21:00,1,0.8
SEC_C04_07,2026-09-12,21:00,21:30,1,0.8
SEC_C04_07,2026-09-12,21:30,22:00,0,1.0
SEC_C04_07,2026-09-12,22:00,22:30,0,1.0
SEC_C04_07,2026-09-12,22:30,23:00,0,1.0
SEC_C04_07,2026-09-12,23:00,23:30,0,1.0
SEC_C04_07,2026-09-12,23:30,00:00,0,1.0
SEC_C04_08,2026-09-12,00:00,00:30,0,1.0
SEC_C04_08,2026-09-12,00:30,01:00,0,1.0
SEC_C04_08,2026-09-12,01:00,01:30,0,1.0
SEC_C04_08,2026-09-12,01:30,02:00,0,1.0
SEC_C04_08,2026-09-12,02:00,02:30,0,1.0
SEC_C04_08,2026-09-12,02:30,03:00,0,1.0
SEC_C04_08,2026-09-12,03:00,03:30,0,1.0
SEC_C04_08,2026-09-12,03:30,04:00,0,1.0
SEC_C04_08,2026-09-12,04:00,04:30,0,1.0
SEC_C04_08,2026-09-12,04:30,05:00,1,0.8
SEC_C04_08,2026-09-12,05:00,05:30,1,0.8
SEC_C04_08,2026-09-12,05:30,06:00,0,1.0
SEC_C04_08,2026-09-12,06:00,06:30,0,1.0
SEC_C04_08,2026-09-12,06:30,07:00,0,1.0
SEC_C04_08,2026-09-12,07:00,07:30,0,1.0
SEC_C04_08,2026-09-12,07:30,08:00,0,1.0
SEC_C04_08,2026-09-12,08:00,08:30,0,1.0
SEC_C04_08,2026-09-12,08:30,09:00,0,1.0
SEC_C04_08,2026-09-12,09:00,09:30,0,1.0
SEC_C04_08,2026-09-12,09:30,10:00,0,1.0
SEC_C04_08,2026-09-12,10:00,10:30,0,1.0
SEC_C04_08,2026-09-12,10:30,11:00,0,1.0
SEC_C04_08,2026-09-12,11:00,11:30,0,1.0
SEC_C04_08,2026-09-12,11:30,12:00,0,1.0
SEC_C04_08,2026-09-12,12:00,12:30,0,1.0
SEC_C04_08,2026-09-12,12:30,13:00,0,1.0
SEC_C04_08,2026-09-12,13:00,13:30,0,1.0
SEC_C04_08,2026-09-12,13:30,14:00,0,1.0
SEC_C04_08,2026-09-12,14:00,14:30,0,1.0
SEC_C04_08,2026-09-12,14:30,15:00,0,1.0
SEC_C04_08,2026-09-12,15:00,15:30,0,1.0
SEC_C04_08,2026-09-12,15:30,16:00,0,1.0
SEC_C04_08,2026-09-12,16:00,16:30,0,1.0
SEC_C04_08,2026-09-12,16:30,17:00,0,1.0
SEC_C04_08,2026-09-12,17:00,17:30,0,1.0
SEC_C04_08,2026-09-12,17:30,18:00,0,1.0
SEC_C04_08,2026-09-12,18:00,18:30,0,1.0
SEC_C04_08,2026-09-12,18:30,19:00,0,1.0
SEC_C04_08,2026-09-12,19:00,19:30,0,1.0
SEC_C04_08,2026-09-12,19:30,20:00,0,1.0
SEC_C04_08,2026-09-12,20:00,20:30,0,1.0
SEC_C04_08,2026-09-12,20:30,21:00,0,1.0
SEC_C04_08,2026-09-12,21:00,21:30,0,1.0
SEC_C04_08,2026-09-12,21:30,22:00,1,0.5
SEC_C04_08,2026-09-12,22:00,22:30,1,0.5
SEC_C04_08,2026-09-12,22:30,23:00,1,0.5
SEC_C04_08,2026-09-12,23:00,23:30,0,1.0
SEC_C04_08,2026-09-12,23:30,00:00,0,1.0
SEC_C01_01,2026-09-13,00:00,00:30,0,1.0
SEC_C01_01,2026-09-13,00:30,01:00,0,1.0
SEC_C01_01,2026-09-13,01:00,01:30,0,1.0
SEC_C01_01,2026-09-13,01:30,02:00,0,1.0
SEC_C01_01,2026-09-13,02:00,02:30,0,1.0
SEC_C01_01,2026-09-13,02:30,03:00,0,1.0
SEC_C01_01,2026-09-13,03:00,03:30,0,1.0
SEC_C01_01,2026-09-13,03:30,04:00,0,1.0
SEC_C01_01,2026-09-13,04:00,04:30,0,1.0
SEC_C01_01,2026-09-13,04:30,05:00,0,1.0
SEC_C01_01,2026-09-13,05:00,05:30,0,1.0
SEC_C01_01,2026-09-13,05:30,06:00,0,1.0
SEC_C01_01,2026-09-13,06:00,06:30,0,1.0
SEC_C01_01,2026-09-13,06:30,07:00,0,1.0
SEC_C01_01,2026-09-13,07:00,07:30,1,0.8
SEC_C01_01,2026-09-13,07:30,08:00,1,0.8
SEC_C01_01,2026-09-13,08:00,08:30,0,1.0
SEC_C01_01,2026-09-13,08:30,09:00,0,1.0
SEC_C01_01,2026-09-13,09:00,09:30,1,0.5
SEC_C01_01,2026-09-13,09:30,10:00,1,0.5
SEC_C01_01,2026-09-13,10:00,10:30,0,1.0
SEC_C01_01,2026-09-13,10:30,11:00,0,1.0
SEC_C01_01,2026-09-13,11:00,11:30,0,1.0
SEC_C01_01,2026-09-13,11:30,12:00,0,1.0
SEC_C01_01,2026-09-13,12:00,12:30,0,1.0
SEC_C01_01,2026-09-13,12:30,13:00,0,1.0
SEC_C01_01,2026-09-13,13:00,13:30,0,1.0
SEC_C01_01,2026-09-13,13:30,14:00,0,1.0
SEC_C01_01,2026-09-13,14:00,14:30,0,1.0
SEC_C01_01,2026-09-13,14:30,15:00,0,1.0
SEC_C01_01,2026-09-13,15:00,15:30,0,1.0
SEC_C01_01,2026-09-13,15:30,16:00,0,1.0
SEC_C01_01,2026-09-13,16:00,16:30,0,1.0
SEC_C01_01,2026-09-13,16:30,17:00,0,1.0
SEC_C01_01,2026-09-13,17:00,17:30,0,1.0
SEC_C01_01,2026-09-13,17:30,18:00,0,1.0
SEC_C01_01,2026-09-13,18:00,18:30,1,0.8
SEC_C01_01,2026-09-13,18:30,19:00,2,0.5
SEC_C01_01,2026-09-13,19:00,19:30,1,0.8
SEC_C01_01,2026-09-13,19:30,20:00,0,1.0
SEC_C01_01,2026-09-13,20:00,20:30,0,1.0
SEC_C01_01,2026-09-13,20:30,21:00,0,1.0
SEC_C01_01,2026-09-13,21:00,21:30,1,0.8
SEC_C01_01,2026-09-13,21:30,22:00,1,0.8
SEC_C01_01,2026-09-13,22:00,22:30,0,1.0
SEC_C01_01,2026-09-13,22:30,23:00,0,1.0
SEC_C01_01,2026-09-13,23:00,23:30,0,1.0
SEC_C01_01,2026-09-13,23:30,00:00,0,1.0
SEC_C01_02,2026-09-13,00:00,00:30,0,1.0
SEC_C01_02,2026-09-13,00:30,01:00,0,1.0
SEC_C01_02,2026-09-13,01:00,01:30,0,1.0
SEC_C01_02,2026-09-13,01:30,02:00,0,1.0
SEC_C01_02,2026-09-13,02:00,02:30,0,1.0
SEC_C01_02,2026-09-13,02:30,03:00,0,1.0
SEC_C01_02,2026-09-13,03:00,03:30,0,1.0
SEC_C01_02,2026-09-13,03:30,04:00,0,1.0
SEC_C01_02,2026-09-13,04:00,04:30,0,1.0
SEC_C01_02,2026-09-13,04:30,05:00,0,1.0
SEC_C01_02,2026-09-13,05:00,05:30,0,1.0
SEC_C01_02,2026-09-13,05:30,06:00,0,1.0
SEC_C01_02,2026-09-13,06:00,06:30,0,1.0
SEC_C01_02,2026-09-13,06:30,07:00,0,1.0
SEC_C01_02,2026-09-13,07:00,07:30,0,1.0
SEC_C01_02,2026-09-13,07:30,08:00,0,1.0
SEC_C01_02,2026-09-13,08:00,08:30,0,1.0
SEC_C01_02,2026-09-13,08:30,09:00,0,1.0
SEC_C01_02,2026-09-13,09:00,09:30,0,1.0
SEC_C01_02,2026-09-13,09:30,10:00,0,1.0
SEC_C01_02,2026-09-13,10:00,10:30,0,1.0
SEC_C01_02,2026-09-13,10:30,11:00,0,1.0
SEC_C01_02,2026-09-13,11:00,11:30,0,1.0
SEC_C01_02,2026-09-13,11:30,12:00,1,0.8
SEC_C01_02,2026-09-13,12:00,12:30,1,0.8
SEC_C01_02,2026-09-13,12:30,13:00,0,1.0
SEC_C01_02,2026-09-13,13:00,13:30,0,1.0
SEC_C01_02,2026-09-13,13:30,14:00,1,0.8
SEC_C01_02,2026-09-13,14:00,14:30,1,0.8
SEC_C01_02,2026-09-13,14:30,15:00,0,1.0
SEC_C01_02,2026-09-13,15:00,15:30,0,1.0
SEC_C01_02,2026-09-13,15:30,16:00,0,1.0
SEC_C01_02,2026-09-13,16:00,16:30,0,1.0
SEC_C01_02,2026-09-13,16:30,17:00,0,1.0
SEC_C01_02,2026-09-13,17:00,17:30,0,1.0
SEC_C01_02,2026-09-13,17:30,18:00,0,1.0
SEC_C01_02,2026-09-13,18:00,18:30,0,1.0
SEC_C01_02,2026-09-13,18:30,19:00,0,1.0
SEC_C01_02,2026-09-13,19:00,19:30,2,0.2
SEC_C01_02,2026-09-13,19:30,20:00,2,0.2
SEC_C01_02,2026-09-13,20:00,20:30,1,0.8
SEC_C01_02,2026-09-13,20:30,21:00,0,1.0
SEC_C01_02,2026-09-13,21:00,21:30,0,1.0
SEC_C01_02,2026-09-13,21:30,22:00,0,1.0
SEC_C01_02,2026-09-13,22:00,22:30,0,1.0
SEC_C01_02,2026-09-13,22:30,23:00,0,1.0
SEC_C01_02,2026-09-13,23:00,23:30,0,1.0
SEC_C01_02,2026-09-13,23:30,00:00,0,1.0
SEC_C01_03,2026-09-13,00:00,00:30,0,1.0
SEC_C01_03,2026-09-13,00:30,01:00,0,1.0
SEC_C01_03,2026-09-13,01:00,01:30,0,1.0
SEC_C01_03,2026-09-13,01:30,02:00,0,1.0
SEC_C01_03,2026-09-13,02:00,02:30,0,1.0
SEC_C01_03,2026-09-13,02:30,03:00,0,1.0
SEC_C01_03,2026-09-13,03:00,03:30,0,1.0
SEC_C01_03,2026-09-13,03:30,04:00,0,1.0
SEC_C01_03,2026-09-13,04:00,04:30,0,1.0
SEC_C01_03,2026-09-13,04:30,05:00,0,1.0
SEC_C01_03,2026-09-13,05:00,05:30,0,1.0
SEC_C01_03,2026-09-13,05:30,06:00,0,1.0
SEC_C01_03,2026-09-13,06:00,06:30,0,1.0
SEC_C01_03,2026-09-13,06:30,07:00,0,1.0
SEC_C01_03,2026-09-13,07:00,07:30,0,1.0
SEC_C01_03,2026-09-13,07:30,08:00,0,1.0
SEC_C01_03,2026-09-13,08:00,08:30,0,1.0
SEC_C01_03,2026-09-13,08:30,09:00,0,1.0
SEC_C01_03,2026-09-13,09:00,09:30,0,1.0
SEC_C01_03,2026-09-13,09:30,10:00,0,1.0
SEC_C01_03,2026-09-13,10:00,10:30,0,1.0
SEC_C01_03,2026-09-13,10:30,11:00,0,1.0
SEC_C01_03,2026-09-13,11:00,11:30,0,1.0
SEC_C01_03,2026-09-13,11:30,12:00,0,1.0
SEC_C01_03,2026-09-13,12:00,12:30,0,1.0
SEC_C01_03,2026-09-13,12:30,13:00,0,1.0
SEC_C01_03,2026-09-13,13:00,13:30,0,1.0
SEC_C01_03,2026-09-13,13:30,14:00,0,1.0
SEC_C01_03,2026-09-13,14:00,14:30,0,1.0
SEC_C01_03,2026-09-13,14:30,15:00,1,0.8
SEC_C01_03,2026-09-13,15:00,15:30,0,1.0
SEC_C01_03,2026-09-13,15:30,16:00,0,1.0
SEC_C01_03,2026-09-13,16:00,16:30,0,1.0
SEC_C01_03,2026-09-13,16:30,17:00,0,1.0
SEC_C01_03,2026-09-13,17:00,17:30,0,1.0
SEC_C01_03,2026-09-13,17:30,18:00,0,1.0
SEC_C01_03,2026-09-13,18:00,18:30,0,1.0
SEC_C01_03,2026-09-13,18:30,19:00,2,0.5
SEC_C01_03,2026-09-13,19:00,19:30,2,0.5
SEC_C01_03,2026-09-13,19:30,20:00,0,1.0
SEC_C01_03,2026-09-13,20:00,20:30,0,1.0
SEC_C01_03,2026-09-13,20:30,21:00,0,1.0
SEC_C01_03,2026-09-13,21:00,21:30,0,1.0
SEC_C01_03,2026-09-13,21:30,22:00,0,1.0
SEC_C01_03,2026-09-13,22:00,22:30,0,1.0
SEC_C01_03,2026-09-13,22:30,23:00,0,1.0
SEC_C01_03,2026-09-13,23:00,23:30,0,1.0
SEC_C01_03,2026-09-13,23:30,00:00,0,1.0
SEC_C01_04,2026-09-13,00:00,00:30,0,1.0
SEC_C01_04,2026-09-13,00:30,01:00,0,1.0
SEC_C01_04,2026-09-13,01:00,01:30,0,1.0
SEC_C01_04,2026-09-13,01:30,02:00,0,1.0
SEC_C01_04,2026-09-13,02:00,02:30,0,1.0
SEC_C01_04,2026-09-13,02:30,03:00,0,1.0
SEC_C01_04,2026-09-13,03:00,03:30,0,1.0
SEC_C01_04,2026-09-13,03:30,04:00,0,1.0
SEC_C01_04,2026-09-13,04:00,04:30,0,1.0
SEC_C01_04,2026-09-13,04:30,05:00,0,1.0
SEC_C01_04,2026-09-13,05:00,05:30,0,1.0
SEC_C01_04,2026-09-13,05:30,06:00,0,1.0
SEC_C01_04,2026-09-13,06:00,06:30,0,1.0
SEC_C01_04,2026-09-13,06:30,07:00,0,1.0
SEC_C01_04,2026-09-13,07:00,07:30,0,1.0
SEC_C01_04,2026-09-13,07:30,08:00,0,1.0
SEC_C01_04,2026-09-13,08:00,08:30,0,1.0
SEC_C01_04,2026-09-13,08:30,09:00,0,1.0
SEC_C01_04,2026-09-13,09:00,09:30,0,1.0
SEC_C01_04,2026-09-13,09:30,10:00,0,1.0
SEC_C01_04,2026-09-13,10:00,10:30,0,1.0
SEC_C01_04,2026-09-13,10:30,11:00,0,1.0
SEC_C01_04,2026-09-13,11:00,11:30,0,1.0
SEC_C01_04,2026-09-13,11:30,12:00,0,1.0
SEC_C01_04,2026-09-13,12:00,12:30,1,0.8
SEC_C01_04,2026-09-13,12:30,13:00,1,0.8
SEC_C01_04,2026-09-13,13:00,13:30,0,1.0
SEC_C01_04,2026-09-13,13:30,14:00,0,1.0
SEC_C01_04,2026-09-13,14:00,14:30,0,1.0
SEC_C01_04,2026-09-13,14:30,15:00,0,1.0
SEC_C01_04,2026-09-13,15:00,15:30,0,1.0
SEC_C01_04,2026-09-13,15:30,16:00,0,1.0
SEC_C01_04,2026-09-13,16:00,16:30,0,1.0
SEC_C01_04,2026-09-13,16:30,17:00,0,1.0
SEC_C01_04,2026-09-13,17:00,17:30,1,0.8
SEC_C01_04,2026-09-13,17:30,18:00,1,0.8
SEC_C01_04,2026-09-13,18:00,18:30,0,1.0
SEC_C01_04,2026-09-13,18:30,19:00,0,1.0
SEC_C01_04,2026-09-13,19:00,19:30,0,1.0
SEC_C01_04,2026-09-13,19:30,20:00,0,1.0
SEC_C01_04,2026-09-13,20:00,20:30,0,1.0
SEC_C01_04,2026-09-13,20:30,21:00,0,1.0
SEC_C01_04,2026-09-13,21:00,21:30,0,1.0
SEC_C01_04,2026-09-13,21:30,22:00,0,1.0
SEC_C01_04,2026-09-13,22:00,22:30,0,1.0
SEC_C01_04,2026-09-13,22:30,23:00,0,1.0
SEC_C01_04,2026-09-13,23:00,23:30,0,1.0
SEC_C01_04,2026-09-13,23:30,00:00,0,1.0
SEC_C01_05,2026-09-13,00:00,00:30,0,1.0
SEC_C01_05,2026-09-13,00:30,01:00,0,1.0
SEC_C01_05,2026-09-13,01:00,01:30,0,1.0
SEC_C01_05,2026-09-13,01:30,02:00,0,1.0
SEC_C01_05,2026-09-13,02:00,02:30,1,0.8
SEC_C01_05,2026-09-13,02:30,03:00,1,0.8
SEC_C01_05,2026-09-13,03:00,03:30,0,1.0
SEC_C01_05,2026-09-13,03:30,04:00,0,1.0
SEC_C01_05,2026-09-13,04:00,04:30,0,1.0
SEC_C01_05,2026-09-13,04:30,05:00,0,1.0
SEC_C01_05,2026-09-13,05:00,05:30,0,1.0
SEC_C01_05,2026-09-13,05:30,06:00,0,1.0
SEC_C01_05,2026-09-13,06:00,06:30,1,0.8
SEC_C01_05,2026-09-13,06:30,07:00,1,0.8
SEC_C01_05,2026-09-13,07:00,07:30,1,0.8
SEC_C01_05,2026-09-13,07:30,08:00,1,0.8
SEC_C01_05,2026-09-13,08:00,08:30,0,1.0
SEC_C01_05,2026-09-13,08:30,09:00,1,0.8
SEC_C01_05,2026-09-13,09:00,09:30,1,0.8
SEC_C01_05,2026-09-13,09:30,10:00,0,1.0
SEC_C01_05,2026-09-13,10:00,10:30,0,1.0
SEC_C01_05,2026-09-13,10:30,11:00,0,1.0
SEC_C01_05,2026-09-13,11:00,11:30,0,1.0
SEC_C01_05,2026-09-13,11:30,12:00,1,0.8
SEC_C01_05,2026-09-13,12:00,12:30,1,0.8
SEC_C01_05,2026-09-13,12:30,13:00,0,1.0
SEC_C01_05,2026-09-13,13:00,13:30,0,1.0
SEC_C01_05,2026-09-13,13:30,14:00,0,1.0
SEC_C01_05,2026-09-13,14:00,14:30,0,1.0
SEC_C01_05,2026-09-13,14:30,15:00,0,1.0
SEC_C01_05,2026-09-13,15:00,15:30,0,1.0
SEC_C01_05,2026-09-13,15:30,16:00,0,1.0
SEC_C01_05,2026-09-13,16:00,16:30,0,1.0
SEC_C01_05,2026-09-13,16:30,17:00,0,1.0
SEC_C01_05,2026-09-13,17:00,17:30,0,1.0
SEC_C01_05,2026-09-13,17:30,18:00,0,1.0
SEC_C01_05,2026-09-13,18:00,18:30,0,1.0
SEC_C01_05,2026-09-13,18:30,19:00,0,1.0
SEC_C01_05,2026-09-13,19:00,19:30,0,1.0
SEC_C01_05,2026-09-13,19:30,20:00,0,1.0
SEC_C01_05,2026-09-13,20:00,20:30,0,1.0
SEC_C01_05,2026-09-13,20:30,21:00,0,1.0
SEC_C01_05,2026-09-13,21:00,21:30,0,1.0
SEC_C01_05,2026-09-13,21:30,22:00,0,1.0
SEC_C01_05,2026-09-13,22:00,22:30,0,1.0
SEC_C01_05,2026-09-13,22:30,23:00,0,1.0
SEC_C01_05,2026-09-13,23:00,23:30,0,1.0
SEC_C01_05,2026-09-13,23:30,00:00,0,1.0
SEC_C01_06,2026-09-13,00:00,00:30,0,1.0
SEC_C01_06,2026-09-13,00:30,01:00,0,1.0
SEC_C01_06,2026-09-13,01:00,01:30,0,1.0
SEC_C01_06,2026-09-13,01:30,02:00,0,1.0
SEC_C01_06,2026-09-13,02:00,02:30,0,1.0
SEC_C01_06,2026-09-13,02:30,03:00,0,1.0
SEC_C01_06,2026-09-13,03:00,03:30,0,1.0
SEC_C01_06,2026-09-13,03:30,04:00,0,1.0
SEC_C01_06,2026-09-13,04:00,04:30,2,0.5
SEC_C01_06,2026-09-13,04:30,05:00,2,0.5
SEC_C01_06,2026-09-13,05:00,05:30,0,1.0
SEC_C01_06,2026-09-13,05:30,06:00,0,1.0
SEC_C01_06,2026-09-13,06:00,06:30,0,1.0
SEC_C01_06,2026-09-13,06:30,07:00,0,1.0
SEC_C01_06,2026-09-13,07:00,07:30,0,1.0
SEC_C01_06,2026-09-13,07:30,08:00,0,1.0
SEC_C01_06,2026-09-13,08:00,08:30,0,1.0
SEC_C01_06,2026-09-13,08:30,09:00,0,1.0
SEC_C01_06,2026-09-13,09:00,09:30,1,0.8
SEC_C01_06,2026-09-13,09:30,10:00,1,0.8
SEC_C01_06,2026-09-13,10:00,10:30,1,0.8
SEC_C01_06,2026-09-13,10:30,11:00,0,1.0
SEC_C01_06,2026-09-13,11:00,11:30,0,1.0
SEC_C01_06,2026-09-13,11:30,12:00,0,1.0
SEC_C01_06,2026-09-13,12:00,12:30,0,1.0
SEC_C01_06,2026-09-13,12:30,13:00,0,1.0
SEC_C01_06,2026-09-13,13:00,13:30,0,1.0
SEC_C01_06,2026-09-13,13:30,14:00,0,1.0
SEC_C01_06,2026-09-13,14:00,14:30,0,1.0
SEC_C01_06,2026-09-13,14:30,15:00,0,1.0
SEC_C01_06,2026-09-13,15:00,15:30,0,1.0
SEC_C01_06,2026-09-13,15:30,16:00,0,1.0
SEC_C01_06,2026-09-13,16:00,16:30,0,1.0
SEC_C01_06,2026-09-13,16:30,17:00,0,1.0
SEC_C01_06,2026-09-13,17:00,17:30,0,1.0
SEC_C01_06,2026-09-13,17:30,18:00,0,1.0
SEC_C01_06,2026-09-13,18:00,18:30,0,1.0
SEC_C01_06,2026-09-13,18:30,19:00,0,1.0
SEC_C01_06,2026-09-13,19:00,19:30,0,1.0
SEC_C01_06,2026-09-13,19:30,20:00,0,1.0
SEC_C01_06,2026-09-13,20:00,20:30,0,1.0
SEC_C01_06,2026-09-13,20:30,21:00,0,1.0
SEC_C01_06,2026-09-13,21:00,21:30,0,1.0
SEC_C01_06,2026-09-13,21:30,22:00,0,1.0
SEC_C01_06,2026-09-13,22:00,22:30,0,1.0
SEC_C01_06,2026-09-13,22:30,23:00,0,1.0
SEC_C01_06,2026-09-13,23:00,23:30,0,1.0
SEC_C01_06,2026-09-13,23:30,00:00,0,1.0
SEC_C01_07,2026-09-13,00:00,00:30,0,1.0
SEC_C01_07,2026-09-13,00:30,01:00,0,1.0
SEC_C01_07,2026-09-13,01:00,01:30,0,1.0
SEC_C01_07,2026-09-13,01:30,02:00,0,1.0
SEC_C01_07,2026-09-13,02:00,02:30,0,1.0
SEC_C01_07,2026-09-13,02:30,03:00,0,1.0
SEC_C01_07,2026-09-13,03:00,03:30,0,1.0
SEC_C01_07,2026-09-13,03:30,04:00,0,1.0
SEC_C01_07,2026-09-13,04:00,04:30,0,1.0
SEC_C01_07,2026-09-13,04:30,05:00,0,1.0
SEC_C01_07,2026-09-13,05:00,05:30,0,1.0
SEC_C01_07,2026-09-13,05:30,06:00,0,1.0
SEC_C01_07,2026-09-13,06:00,06:30,1,0.8
SEC_C01_07,2026-09-13,06:30,07:00,2,0.5
SEC_C01_07,2026-09-13,07:00,07:30,0,1.0
SEC_C01_07,2026-09-13,07:30,08:00,0,1.0
SEC_C01_07,2026-09-13,08:00,08:30,0,1.0
SEC_C01_07,2026-09-13,08:30,09:00,1,0.8
SEC_C01_07,2026-09-13,09:00,09:30,1,0.8
SEC_C01_07,2026-09-13,09:30,10:00,1,0.8
SEC_C01_07,2026-09-13,10:00,10:30,0,1.0
SEC_C01_07,2026-09-13,10:30,11:00,0,1.0
SEC_C01_07,2026-09-13,11:00,11:30,0,1.0
SEC_C01_07,2026-09-13,11:30,12:00,0,1.0
SEC_C01_07,2026-09-13,12:00,12:30,0,1.0
SEC_C01_07,2026-09-13,12:30,13:00,0,1.0
SEC_C01_07,2026-09-13,13:00,13:30,0,1.0
SEC_C01_07,2026-09-13,13:30,14:00,0,1.0
SEC_C01_07,2026-09-13,14:00,14:30,0,1.0
SEC_C01_07,2026-09-13,14:30,15:00,0,1.0
SEC_C01_07,2026-09-13,15:00,15:30,0,1.0
SEC_C01_07,2026-09-13,15:30,16:00,0,1.0
SEC_C01_07,2026-09-13,16:00,16:30,0,1.0
SEC_C01_07,2026-09-13,16:30,17:00,0,1.0
SEC_C01_07,2026-09-13,17:00,17:30,1,0.5
SEC_C01_07,2026-09-13,17:30,18:00,1,0.5
SEC_C01_07,2026-09-13,18:00,18:30,0,1.0
SEC_C01_07,2026-09-13,18:30,19:00,0,1.0
SEC_C01_07,2026-09-13,19:00,19:30,0,1.0
SEC_C01_07,2026-09-13,19:30,20:00,0,1.0
SEC_C01_07,2026-09-13,20:00,20:30,0,1.0
SEC_C01_07,2026-09-13,20:30,21:00,0,1.0
SEC_C01_07,2026-09-13,21:00,21:30,0,1.0
SEC_C01_07,2026-09-13,21:30,22:00,0,1.0
SEC_C01_07,2026-09-13,22:00,22:30,0,1.0
SEC_C01_07,2026-09-13,22:30,23:00,0,1.0
SEC_C01_07,2026-09-13,23:00,23:30,0,1.0
SEC_C01_07,2026-09-13,23:30,00:00,0,1.0
SEC_C01_08,2026-09-13,00:00,00:30,0,1.0
SEC_C01_08,2026-09-13,00:30,01:00,0,1.0
SEC_C01_08,2026-09-13,01:00,01:30,0,1.0
SEC_C01_08,2026-09-13,01:30,02:00,0,1.0
SEC_C01_08,2026-09-13,02:00,02:30,0,1.0
SEC_C01_08,2026-09-13,02:30,03:00,0,1.0
SEC_C01_08,2026-09-13,03:00,03:30,0,1.0
SEC_C01_08,2026-09-13,03:30,04:00,0,1.0
SEC_C01_08,2026-09-13,04:00,04:30,0,1.0
SEC_C01_08,2026-09-13,04:30,05:00,0,1.0
SEC_C01_08,2026-09-13,05:00,05:30,0,1.0
SEC_C01_08,2026-09-13,05:30,06:00,0,1.0
SEC_C01_08,2026-09-13,06:00,06:30,1,0.8
SEC_C01_08,2026-09-13,06:30,07:00,1,0.8
SEC_C01_08,2026-09-13,07:00,07:30,0,1.0
SEC_C01_08,2026-09-13,07:30,08:00,0,1.0
SEC_C01_08,2026-09-13,08:00,08:30,0,1.0
SEC_C01_08,2026-09-13,08:30,09:00,0,1.0
SEC_C01_08,2026-09-13,09:00,09:30,0,1.0
SEC_C01_08,2026-09-13,09:30,10:00,0,1.0
SEC_C01_08,2026-09-13,10:00,10:30,0,1.0
SEC_C01_08,2026-09-13,10:30,11:00,0,1.0
SEC_C01_08,2026-09-13,11:00,11:30,0,1.0
SEC_C01_08,2026-09-13,11:30,12:00,0,1.0
SEC_C01_08,2026-09-13,12:00,12:30,0,1.0
SEC_C01_08,2026-09-13,12:30,13:00,0,1.0
SEC_C01_08,2026-09-13,13:00,13:30,0,1.0
SEC_C01_08,2026-09-13,13:30,14:00,0,1.0
SEC_C01_08,2026-09-13,14:00,14:30,1,0.8
SEC_C01_08,2026-09-13,14:30,15:00,1,0.8
SEC_C01_08,2026-09-13,15:00,15:30,0,1.0
SEC_C01_08,2026-09-13,15:30,16:00,0,1.0
SEC_C01_08,2026-09-13,16:00,16:30,0,1.0
SEC_C01_08,2026-09-13,16:30,17:00,0,1.0
SEC_C01_08,2026-09-13,17:00,17:30,0,1.0
SEC_C01_08,2026-09-13,17:30,18:00,0,1.0
SEC_C01_08,2026-09-13,18:00,18:30,0,1.0
SEC_C01_08,2026-09-13,18:30,19:00,0,1.0
SEC_C01_08,2026-09-13,19:00,19:30,0,1.0
SEC_C01_08,2026-09-13,19:30,20:00,0,1.0
SEC_C01_08,2026-09-13,20:00,20:30,0,1.0
SEC_C01_08,2026-09-13,20:30,21:00,0,1.0
SEC_C01_08,2026-09-13,21:00,21:30,0,1.0
SEC_C01_08,2026-09-13,21:30,22:00,0,1.0
SEC_C01_08,2026-09-13,22:00,22:30,0,1.0
SEC_C01_08,2026-09-13,22:30,23:00,0,1.0
SEC_C01_08,2026-09-13,23:00,23:30,0,1.0
SEC_C01_08,2026-09-13,23:30,00:00,0,1.0
SEC_C02_01,2026-09-13,00:00,00:30,0,1.0
SEC_C02_01,2026-09-13,00:30,01:00,0,1.0
SEC_C02_01,2026-09-13,01:00,01:30,0,1.0
SEC_C02_01,2026-09-13,01:30,02:00,0,1.0
SEC_C02_01,2026-09-13,02:00,02:30,0,1.0
SEC_C02_01,2026-09-13,02:30,03:00,0,1.0
SEC_C02_01,2026-09-13,03:00,03:30,0,1.0
SEC_C02_01,2026-09-13,03:30,04:00,0,1.0
SEC_C02_01,2026-09-13,04:00,04:30,0,1.0
SEC_C02_01,2026-09-13,04:30,05:00,0,1.0
SEC_C02_01,2026-09-13,05:00,05:30,0,1.0
SEC_C02_01,2026-09-13,05:30,06:00,0,1.0
SEC_C02_01,2026-09-13,06:00,06:30,0,1.0
SEC_C02_01,2026-09-13,06:30,07:00,1,0.8
SEC_C02_01,2026-09-13,07:00,07:30,1,0.8
SEC_C02_01,2026-09-13,07:30,08:00,0,1.0
SEC_C02_01,2026-09-13,08:00,08:30,0,1.0
SEC_C02_01,2026-09-13,08:30,09:00,0,1.0
SEC_C02_01,2026-09-13,09:00,09:30,0,1.0
SEC_C02_01,2026-09-13,09:30,10:00,0,1.0
SEC_C02_01,2026-09-13,10:00,10:30,0,1.0
SEC_C02_01,2026-09-13,10:30,11:00,0,1.0
SEC_C02_01,2026-09-13,11:00,11:30,0,1.0
SEC_C02_01,2026-09-13,11:30,12:00,0,1.0
SEC_C02_01,2026-09-13,12:00,12:30,0,1.0
SEC_C02_01,2026-09-13,12:30,13:00,0,1.0
SEC_C02_01,2026-09-13,13:00,13:30,0,1.0
SEC_C02_01,2026-09-13,13:30,14:00,0,1.0
SEC_C02_01,2026-09-13,14:00,14:30,0,1.0
SEC_C02_01,2026-09-13,14:30,15:00,0,1.0
SEC_C02_01,2026-09-13,15:00,15:30,0,1.0
SEC_C02_01,2026-09-13,15:30,16:00,0,1.0
SEC_C02_01,2026-09-13,16:00,16:30,0,1.0
SEC_C02_01,2026-09-13,16:30,17:00,0,1.0
SEC_C02_01,2026-09-13,17:00,17:30,0,1.0
SEC_C02_01,2026-09-13,17:30,18:00,0,1.0
SEC_C02_01,2026-09-13,18:00,18:30,0,1.0
SEC_C02_01,2026-09-13,18:30,19:00,0,1.0
SEC_C02_01,2026-09-13,19:00,19:30,0,1.0
SEC_C02_01,2026-09-13,19:30,20:00,0,1.0
SEC_C02_01,2026-09-13,20:00,20:30,0,1.0
SEC_C02_01,2026-09-13,20:30,21:00,0,1.0
SEC_C02_01,2026-09-13,21:00,21:30,1,0.8
SEC_C02_01,2026-09-13,21:30,22:00,0,1.0
SEC_C02_01,2026-09-13,22:00,22:30,0,1.0
SEC_C02_01,2026-09-13,22:30,23:00,0,1.0
SEC_C02_01,2026-09-13,23:00,23:30,0,1.0
SEC_C02_01,2026-09-13,23:30,00:00,0,1.0
SEC_C02_02,2026-09-13,00:00,00:30,0,1.0
SEC_C02_02,2026-09-13,00:30,01:00,0,1.0
SEC_C02_02,2026-09-13,01:00,01:30,0,1.0
SEC_C02_02,2026-09-13,01:30,02:00,0,1.0
SEC_C02_02,2026-09-13,02:00,02:30,0,1.0
SEC_C02_02,2026-09-13,02:30,03:00,0,1.0
SEC_C02_02,2026-09-13,03:00,03:30,0,1.0
SEC_C02_02,2026-09-13,03:30,04:00,0,1.0
SEC_C02_02,2026-09-13,04:00,04:30,0,1.0
SEC_C02_02,2026-09-13,04:30,05:00,0,1.0
SEC_C02_02,2026-09-13,05:00,05:30,0,1.0
SEC_C02_02,2026-09-13,05:30,06:00,0,1.0
SEC_C02_02,2026-09-13,06:00,06:30,1,0.8
SEC_C02_02,2026-09-13,06:30,07:00,1,0.8
SEC_C02_02,2026-09-13,07:00,07:30,0,1.0
SEC_C02_02,2026-09-13,07:30,08:00,0,1.0
SEC_C02_02,2026-09-13,08:00,08:30,0,1.0
SEC_C02_02,2026-09-13,08:30,09:00,0,1.0
SEC_C02_02,2026-09-13,09:00,09:30,1,0.8
SEC_C02_02,2026-09-13,09:30,10:00,1,0.8
SEC_C02_02,2026-09-13,10:00,10:30,0,1.0
SEC_C02_02,2026-09-13,10:30,11:00,0,1.0
SEC_C02_02,2026-09-13,11:00,11:30,0,1.0
SEC_C02_02,2026-09-13,11:30,12:00,0,1.0
SEC_C02_02,2026-09-13,12:00,12:30,0,1.0
SEC_C02_02,2026-09-13,12:30,13:00,0,1.0
SEC_C02_02,2026-09-13,13:00,13:30,0,1.0
SEC_C02_02,2026-09-13,13:30,14:00,0,1.0
SEC_C02_02,2026-09-13,14:00,14:30,0,1.0
SEC_C02_02,2026-09-13,14:30,15:00,0,1.0
SEC_C02_02,2026-09-13,15:00,15:30,0,1.0
SEC_C02_02,2026-09-13,15:30,16:00,0,1.0
SEC_C02_02,2026-09-13,16:00,16:30,0,1.0
SEC_C02_02,2026-09-13,16:30,17:00,0,1.0
SEC_C02_02,2026-09-13,17:00,17:30,0,1.0
SEC_C02_02,2026-09-13,17:30,18:00,0,1.0
SEC_C02_02,2026-09-13,18:00,18:30,0,1.0
SEC_C02_02,2026-09-13,18:30,19:00,0,1.0
SEC_C02_02,2026-09-13,19:00,19:30,0,1.0
SEC_C02_02,2026-09-13,19:30,20:00,0,1.0
SEC_C02_02,2026-09-13,20:00,20:30,0,1.0
SEC_C02_02,2026-09-13,20:30,21:00,0,1.0
SEC_C02_02,2026-09-13,21:00,21:30,0,1.0
SEC_C02_02,2026-09-13,21:30,22:00,0,1.0
SEC_C02_02,2026-09-13,22:00,22:30,0,1.0
SEC_C02_02,2026-09-13,22:30,23:00,0,1.0
SEC_C02_02,2026-09-13,23:00,23:30,0,1.0
SEC_C02_02,2026-09-13,23:30,00:00,0,1.0
SEC_C02_03,2026-09-13,00:00,00:30,0,1.0
SEC_C02_03,2026-09-13,00:30,01:00,0,1.0
SEC_C02_03,2026-09-13,01:00,01:30,0,1.0
SEC_C02_03,2026-09-13,01:30,02:00,0,1.0
SEC_C02_03,2026-09-13,02:00,02:30,0,1.0
SEC_C02_03,2026-09-13,02:30,03:00,0,1.0
SEC_C02_03,2026-09-13,03:00,03:30,0,1.0
SEC_C02_03,2026-09-13,03:30,04:00,0,1.0
SEC_C02_03,2026-09-13,04:00,04:30,0,1.0
SEC_C02_03,2026-09-13,04:30,05:00,0,1.0
SEC_C02_03,2026-09-13,05:00,05:30,0,1.0
SEC_C02_03,2026-09-13,05:30,06:00,0,1.0
SEC_C02_03,2026-09-13,06:00,06:30,0,1.0
SEC_C02_03,2026-09-13,06:30,07:00,0,1.0
SEC_C02_03,2026-09-13,07:00,07:30,0,1.0
SEC_C02_03,2026-09-13,07:30,08:00,0,1.0
SEC_C02_03,2026-09-13,08:00,08:30,1,0.8
SEC_C02_03,2026-09-13,08:30,09:00,1,0.8
SEC_C02_03,2026-09-13,09:00,09:30,0,1.0
SEC_C02_03,2026-09-13,09:30,10:00,0,1.0
SEC_C02_03,2026-09-13,10:00,10:30,0,1.0
SEC_C02_03,2026-09-13,10:30,11:00,0,1.0
SEC_C02_03,2026-09-13,11:00,11:30,0,1.0
SEC_C02_03,2026-09-13,11:30,12:00,0,1.0
SEC_C02_03,2026-09-13,12:00,12:30,0,1.0
SEC_C02_03,2026-09-13,12:30,13:00,0,1.0
SEC_C02_03,2026-09-13,13:00,13:30,0,1.0
SEC_C02_03,2026-09-13,13:30,14:00,0,1.0
SEC_C02_03,2026-09-13,14:00,14:30,0,1.0
SEC_C02_03,2026-09-13,14:30,15:00,0,1.0
SEC_C02_03,2026-09-13,15:00,15:30,1,0.5
SEC_C02_03,2026-09-13,15:30,16:00,0,1.0
SEC_C02_03,2026-09-13,16:00,16:30,0,1.0
SEC_C02_03,2026-09-13,16:30,17:00,0,1.0
SEC_C02_03,2026-09-13,17:00,17:30,0,1.0
SEC_C02_03,2026-09-13,17:30,18:00,0,1.0
SEC_C02_03,2026-09-13,18:00,18:30,0,1.0
SEC_C02_03,2026-09-13,18:30,19:00,0,1.0
SEC_C02_03,2026-09-13,19:00,19:30,1,0.5
SEC_C02_03,2026-09-13,19:30,20:00,1,0.5
SEC_C02_03,2026-09-13,20:00,20:30,0,1.0
SEC_C02_03,2026-09-13,20:30,21:00,0,1.0
SEC_C02_03,2026-09-13,21:00,21:30,0,1.0
SEC_C02_03,2026-09-13,21:30,22:00,0,1.0
SEC_C02_03,2026-09-13,22:00,22:30,0,1.0
SEC_C02_03,2026-09-13,22:30,23:00,0,1.0
SEC_C02_03,2026-09-13,23:00,23:30,0,1.0
SEC_C02_03,2026-09-13,23:30,00:00,0,1.0
SEC_C02_04,2026-09-13,00:00,00:30,0,1.0
SEC_C02_04,2026-09-13,00:30,01:00,0,1.0
SEC_C02_04,2026-09-13,01:00,01:30,0,1.0
SEC_C02_04,2026-09-13,01:30,02:00,0,1.0
SEC_C02_04,2026-09-13,02:00,02:30,0,1.0
SEC_C02_04,2026-09-13,02:30,03:00,0,1.0
SEC_C02_04,2026-09-13,03:00,03:30,0,1.0
SEC_C02_04,2026-09-13,03:30,04:00,0,1.0
SEC_C02_04,2026-09-13,04:00,04:30,0,1.0
SEC_C02_04,2026-09-13,04:30,05:00,0,1.0
SEC_C02_04,2026-09-13,05:00,05:30,0,1.0
SEC_C02_04,2026-09-13,05:30,06:00,0,1.0
SEC_C02_04,2026-09-13,06:00,06:30,0,1.0
SEC_C02_04,2026-09-13,06:30,07:00,0,1.0
SEC_C02_04,2026-09-13,07:00,07:30,1,0.5
SEC_C02_04,2026-09-13,07:30,08:00,1,0.5
SEC_C02_04,2026-09-13,08:00,08:30,1,0.8
SEC_C02_04,2026-09-13,08:30,09:00,1,0.8
SEC_C02_04,2026-09-13,09:00,09:30,1,0.8
SEC_C02_04,2026-09-13,09:30,10:00,0,1.0
SEC_C02_04,2026-09-13,10:00,10:30,0,1.0
SEC_C02_04,2026-09-13,10:30,11:00,0,1.0
SEC_C02_04,2026-09-13,11:00,11:30,1,0.8
SEC_C02_04,2026-09-13,11:30,12:00,1,0.8
SEC_C02_04,2026-09-13,12:00,12:30,0,1.0
SEC_C02_04,2026-09-13,12:30,13:00,0,1.0
SEC_C02_04,2026-09-13,13:00,13:30,0,1.0
SEC_C02_04,2026-09-13,13:30,14:00,0,1.0
SEC_C02_04,2026-09-13,14:00,14:30,0,1.0
SEC_C02_04,2026-09-13,14:30,15:00,0,1.0
SEC_C02_04,2026-09-13,15:00,15:30,0,1.0
SEC_C02_04,2026-09-13,15:30,16:00,0,1.0
SEC_C02_04,2026-09-13,16:00,16:30,0,1.0
SEC_C02_04,2026-09-13,16:30,17:00,0,1.0
SEC_C02_04,2026-09-13,17:00,17:30,0,1.0
SEC_C02_04,2026-09-13,17:30,18:00,0,1.0
SEC_C02_04,2026-09-13,18:00,18:30,0,1.0
SEC_C02_04,2026-09-13,18:30,19:00,0,1.0
SEC_C02_04,2026-09-13,19:00,19:30,0,1.0
SEC_C02_04,2026-09-13,19:30,20:00,0,1.0
SEC_C02_04,2026-09-13,20:00,20:30,0,1.0
SEC_C02_04,2026-09-13,20:30,21:00,0,1.0
SEC_C02_04,2026-09-13,21:00,21:30,0,1.0
SEC_C02_04,2026-09-13,21:30,22:00,0,1.0
SEC_C02_04,2026-09-13,22:00,22:30,0,1.0
SEC_C02_04,2026-09-13,22:30,23:00,0,1.0
SEC_C02_04,2026-09-13,23:00,23:30,0,1.0
SEC_C02_04,2026-09-13,23:30,00:00,0,1.0
SEC_C02_05,2026-09-13,00:00,00:30,0,1.0
SEC_C02_05,2026-09-13,00:30,01:00,0,1.0
SEC_C02_05,2026-09-13,01:00,01:30,0,1.0
SEC_C02_05,2026-09-13,01:30,02:00,0,1.0
SEC_C02_05,2026-09-13,02:00,02:30,0,1.0
SEC_C02_05,2026-09-13,02:30,03:00,0,1.0
SEC_C02_05,2026-09-13,03:00,03:30,1,0.8
SEC_C02_05,2026-09-13,03:30,04:00,1,0.8
SEC_C02_05,2026-09-13,04:00,04:30,0,1.0
SEC_C02_05,2026-09-13,04:30,05:00,0,1.0
SEC_C02_05,2026-09-13,05:00,05:30,0,1.0
SEC_C02_05,2026-09-13,05:30,06:00,0,1.0
SEC_C02_05,2026-09-13,06:00,06:30,0,1.0
SEC_C02_05,2026-09-13,06:30,07:00,0,1.0
SEC_C02_05,2026-09-13,07:00,07:30,0,1.0
SEC_C02_05,2026-09-13,07:30,08:00,0,1.0
SEC_C02_05,2026-09-13,08:00,08:30,0,1.0
SEC_C02_05,2026-09-13,08:30,09:00,0,1.0
SEC_C02_05,2026-09-13,09:00,09:30,1,0.8
SEC_C02_05,2026-09-13,09:30,10:00,1,0.8
SEC_C02_05,2026-09-13,10:00,10:30,1,0.8
SEC_C02_05,2026-09-13,10:30,11:00,0,1.0
SEC_C02_05,2026-09-13,11:00,11:30,0,1.0
SEC_C02_05,2026-09-13,11:30,12:00,0,1.0
SEC_C02_05,2026-09-13,12:00,12:30,0,1.0
SEC_C02_05,2026-09-13,12:30,13:00,0,1.0
SEC_C02_05,2026-09-13,13:00,13:30,0,1.0
SEC_C02_05,2026-09-13,13:30,14:00,0,1.0
SEC_C02_05,2026-09-13,14:00,14:30,1,0.8
SEC_C02_05,2026-09-13,14:30,15:00,1,0.8
SEC_C02_05,2026-09-13,15:00,15:30,0,1.0
SEC_C02_05,2026-09-13,15:30,16:00,0,1.0
SEC_C02_05,2026-09-13,16:00,16:30,0,1.0
SEC_C02_05,2026-09-13,16:30,17:00,0,1.0
SEC_C02_05,2026-09-13,17:00,17:30,0,1.0
SEC_C02_05,2026-09-13,17:30,18:00,0,1.0
SEC_C02_05,2026-09-13,18:00,18:30,0,1.0
SEC_C02_05,2026-09-13,18:30,19:00,0,1.0
SEC_C02_05,2026-09-13,19:00,19:30,0,1.0
SEC_C02_05,2026-09-13,19:30,20:00,0,1.0
SEC_C02_05,2026-09-13,20:00,20:30,0,1.0
SEC_C02_05,2026-09-13,20:30,21:00,0,1.0
SEC_C02_05,2026-09-13,21:00,21:30,0,1.0
SEC_C02_05,2026-09-13,21:30,22:00,0,1.0
SEC_C02_05,2026-09-13,22:00,22:30,0,1.0
SEC_C02_05,2026-09-13,22:30,23:00,0,1.0
SEC_C02_05,2026-09-13,23:00,23:30,0,1.0
SEC_C02_05,2026-09-13,23:30,00:00,0,1.0
SEC_C02_06,2026-09-13,00:00,00:30,0,1.0
SEC_C02_06,2026-09-13,00:30,01:00,0,1.0
SEC_C02_06,2026-09-13,01:00,01:30,0,1.0
SEC_C02_06,2026-09-13,01:30,02:00,0,1.0
SEC_C02_06,2026-09-13,02:00,02:30,0,1.0
SEC_C02_06,2026-09-13,02:30,03:00,0,1.0
SEC_C02_06,2026-09-13,03:00,03:30,0,1.0
SEC_C02_06,2026-09-13,03:30,04:00,0,1.0
SEC_C02_06,2026-09-13,04:00,04:30,0,1.0
SEC_C02_06,2026-09-13,04:30,05:00,1,0.8
SEC_C02_06,2026-09-13,05:00,05:30,1,0.8
SEC_C02_06,2026-09-13,05:30,06:00,0,1.0
SEC_C02_06,2026-09-13,06:00,06:30,0,1.0
SEC_C02_06,2026-09-13,06:30,07:00,1,0.8
SEC_C02_06,2026-09-13,07:00,07:30,1,0.8
SEC_C02_06,2026-09-13,07:30,08:00,0,1.0
SEC_C02_06,2026-09-13,08:00,08:30,0,1.0
SEC_C02_06,2026-09-13,08:30,09:00,0,1.0
SEC_C02_06,2026-09-13,09:00,09:30,0,1.0
SEC_C02_06,2026-09-13,09:30,10:00,0,1.0
SEC_C02_06,2026-09-13,10:00,10:30,0,1.0
SEC_C02_06,2026-09-13,10:30,11:00,0,1.0
SEC_C02_06,2026-09-13,11:00,11:30,0,1.0
SEC_C02_06,2026-09-13,11:30,12:00,0,1.0
SEC_C02_06,2026-09-13,12:00,12:30,0,1.0
SEC_C02_06,2026-09-13,12:30,13:00,0,1.0
SEC_C02_06,2026-09-13,13:00,13:30,0,1.0
SEC_C02_06,2026-09-13,13:30,14:00,0,1.0
SEC_C02_06,2026-09-13,14:00,14:30,0,1.0
SEC_C02_06,2026-09-13,14:30,15:00,0,1.0
SEC_C02_06,2026-09-13,15:00,15:30,0,1.0
SEC_C02_06,2026-09-13,15:30,16:00,0,1.0
SEC_C02_06,2026-09-13,16:00,16:30,0,1.0
SEC_C02_06,2026-09-13,16:30,17:00,0,1.0
SEC_C02_06,2026-09-13,17:00,17:30,0,1.0
SEC_C02_06,2026-09-13,17:30,18:00,0,1.0
SEC_C02_06,2026-09-13,18:00,18:30,0,1.0
SEC_C02_06,2026-09-13,18:30,19:00,0,1.0
SEC_C02_06,2026-09-13,19:00,19:30,1,0.5
SEC_C02_06,2026-09-13,19:30,20:00,1,0.5
SEC_C02_06,2026-09-13,20:00,20:30,0,1.0
SEC_C02_06,2026-09-13,20:30,21:00,0,1.0
SEC_C02_06,2026-09-13,21:00,21:30,0,1.0
SEC_C02_06,2026-09-13,21:30,22:00,0,1.0
SEC_C02_06,2026-09-13,22:00,22:30,0,1.0
SEC_C02_06,2026-09-13,22:30,23:00,0,1.0
SEC_C02_06,2026-09-13,23:00,23:30,0,1.0
SEC_C02_06,2026-09-13,23:30,00:00,0,1.0
SEC_C02_07,2026-09-13,00:00,00:30,0,1.0
SEC_C02_07,2026-09-13,00:30,01:00,0,1.0
SEC_C02_07,2026-09-13,01:00,01:30,0,1.0
SEC_C02_07,2026-09-13,01:30,02:00,0,1.0
SEC_C02_07,2026-09-13,02:00,02:30,0,1.0
SEC_C02_07,2026-09-13,02:30,03:00,0,1.0
SEC_C02_07,2026-09-13,03:00,03:30,0,1.0
SEC_C02_07,2026-09-13,03:30,04:00,0,1.0
SEC_C02_07,2026-09-13,04:00,04:30,0,1.0
SEC_C02_07,2026-09-13,04:30,05:00,1,0.8
SEC_C02_07,2026-09-13,05:00,05:30,1,0.8
SEC_C02_07,2026-09-13,05:30,06:00,0,1.0
SEC_C02_07,2026-09-13,06:00,06:30,0,1.0
SEC_C02_07,2026-09-13,06:30,07:00,0,1.0
SEC_C02_07,2026-09-13,07:00,07:30,0,1.0
SEC_C02_07,2026-09-13,07:30,08:00,0,1.0
SEC_C02_07,2026-09-13,08:00,08:30,0,1.0
SEC_C02_07,2026-09-13,08:30,09:00,0,1.0
SEC_C02_07,2026-09-13,09:00,09:30,0,1.0
SEC_C02_07,2026-09-13,09:30,10:00,1,0.8
SEC_C02_07,2026-09-13,10:00,10:30,1,0.8
SEC_C02_07,2026-09-13,10:30,11:00,0,1.0
SEC_C02_07,2026-09-13,11:00,11:30,0,1.0
SEC_C02_07,2026-09-13,11:30,12:00,0,1.0
SEC_C02_07,2026-09-13,12:00,12:30,0,1.0
SEC_C02_07,2026-09-13,12:30,13:00,0,1.0
SEC_C02_07,2026-09-13,13:00,13:30,0,1.0
SEC_C02_07,2026-09-13,13:30,14:00,0,1.0
SEC_C02_07,2026-09-13,14:00,14:30,0,1.0
SEC_C02_07,2026-09-13,14:30,15:00,0,1.0
SEC_C02_07,2026-09-13,15:00,15:30,0,1.0
SEC_C02_07,2026-09-13,15:30,16:00,0,1.0
SEC_C02_07,2026-09-13,16:00,16:30,0,1.0
SEC_C02_07,2026-09-13,16:30,17:00,0,1.0
SEC_C02_07,2026-09-13,17:00,17:30,0,1.0
SEC_C02_07,2026-09-13,17:30,18:00,0,1.0
SEC_C02_07,2026-09-13,18:00,18:30,0,1.0
SEC_C02_07,2026-09-13,18:30,19:00,0,1.0
SEC_C02_07,2026-09-13,19:00,19:30,0,1.0
SEC_C02_07,2026-09-13,19:30,20:00,0,1.0
SEC_C02_07,2026-09-13,20:00,20:30,0,1.0
SEC_C02_07,2026-09-13,20:30,21:00,0,1.0
SEC_C02_07,2026-09-13,21:00,21:30,0,1.0
SEC_C02_07,2026-09-13,21:30,22:00,0,1.0
SEC_C02_07,2026-09-13,22:00,22:30,0,1.0
SEC_C02_07,2026-09-13,22:30,23:00,0,1.0
SEC_C02_07,2026-09-13,23:00,23:30,0,1.0
SEC_C02_07,2026-09-13,23:30,00:00,0,1.0
SEC_C02_08,2026-09-13,00:00,00:30,0,1.0
SEC_C02_08,2026-09-13,00:30,01:00,0,1.0
SEC_C02_08,2026-09-13,01:00,01:30,0,1.0
SEC_C02_08,2026-09-13,01:30,02:00,1,0.8
SEC_C02_08,2026-09-13,02:00,02:30,1,0.8
SEC_C02_08,2026-09-13,02:30,03:00,0,1.0
SEC_C02_08,2026-09-13,03:00,03:30,0,1.0
SEC_C02_08,2026-09-13,03:30,04:00,0,1.0
SEC_C02_08,2026-09-13,04:00,04:30,0,1.0
SEC_C02_08,2026-09-13,04:30,05:00,0,1.0
SEC_C02_08,2026-09-13,05:00,05:30,0,1.0
SEC_C02_08,2026-09-13,05:30,06:00,0,1.0
SEC_C02_08,2026-09-13,06:00,06:30,0,1.0
SEC_C02_08,2026-09-13,06:30,07:00,0,1.0
SEC_C02_08,2026-09-13,07:00,07:30,0,1.0
SEC_C02_08,2026-09-13,07:30,08:00,0,1.0
SEC_C02_08,2026-09-13,08:00,08:30,1,0.8
SEC_C02_08,2026-09-13,08:30,09:00,1,0.8
SEC_C02_08,2026-09-13,09:00,09:30,0,1.0
SEC_C02_08,2026-09-13,09:30,10:00,0,1.0
SEC_C02_08,2026-09-13,10:00,10:30,0,1.0
SEC_C02_08,2026-09-13,10:30,11:00,0,1.0
SEC_C02_08,2026-09-13,11:00,11:30,0,1.0
SEC_C02_08,2026-09-13,11:30,12:00,0,1.0
SEC_C02_08,2026-09-13,12:00,12:30,0,1.0
SEC_C02_08,2026-09-13,12:30,13:00,0,1.0
SEC_C02_08,2026-09-13,13:00,13:30,0,1.0
SEC_C02_08,2026-09-13,13:30,14:00,0,1.0
SEC_C02_08,2026-09-13,14:00,14:30,0,1.0
SEC_C02_08,2026-09-13,14:30,15:00,0,1.0
SEC_C02_08,2026-09-13,15:00,15:30,0,1.0
SEC_C02_08,2026-09-13,15:30,16:00,0,1.0
SEC_C02_08,2026-09-13,16:00,16:30,0,1.0
SEC_C02_08,2026-09-13,16:30,17:00,0,1.0
SEC_C02_08,2026-09-13,17:00,17:30,0,1.0
SEC_C02_08,2026-09-13,17:30,18:00,0,1.0
SEC_C02_08,2026-09-13,18:00,18:30,0,1.0
SEC_C02_08,2026-09-13,18:30,19:00,0,1.0
SEC_C02_08,2026-09-13,19:00,19:30,0,1.0
SEC_C02_08,2026-09-13,19:30,20:00,0,1.0
SEC_C02_08,2026-09-13,20:00,20:30,0,1.0
SEC_C02_08,2026-09-13,20:30,21:00,0,1.0
SEC_C02_08,2026-09-13,21:00,21:30,0,1.0
SEC_C02_08,2026-09-13,21:30,22:00,0,1.0
SEC_C02_08,2026-09-13,22:00,22:30,0,1.0
SEC_C02_08,2026-09-13,22:30,23:00,0,1.0
SEC_C02_08,2026-09-13,23:00,23:30,0,1.0
SEC_C02_08,2026-09-13,23:30,00:00,0,1.0
SEC_C02_09,2026-09-13,00:00,00:30,0,1.0
SEC_C02_09,2026-09-13,00:30,01:00,0,1.0
SEC_C02_09,2026-09-13,01:00,01:30,0,1.0
SEC_C02_09,2026-09-13,01:30,02:00,0,1.0
SEC_C02_09,2026-09-13,02:00,02:30,0,1.0
SEC_C02_09,2026-09-13,02:30,03:00,0,1.0
SEC_C02_09,2026-09-13,03:00,03:30,0,1.0
SEC_C02_09,2026-09-13,03:30,04:00,0,1.0
SEC_C02_09,2026-09-13,04:00,04:30,0,1.0
SEC_C02_09,2026-09-13,04:30,05:00,0,1.0
SEC_C02_09,2026-09-13,05:00,05:30,0,1.0
SEC_C02_09,2026-09-13,05:30,06:00,0,1.0
SEC_C02_09,2026-09-13,06:00,06:30,0,1.0
SEC_C02_09,2026-09-13,06:30,07:00,0,1.0
SEC_C02_09,2026-09-13,07:00,07:30,1,0.8
SEC_C02_09,2026-09-13,07:30,08:00,1,0.8
SEC_C02_09,2026-09-13,08:00,08:30,0,1.0
SEC_C02_09,2026-09-13,08:30,09:00,0,1.0
SEC_C02_09,2026-09-13,09:00,09:30,0,1.0
SEC_C02_09,2026-09-13,09:30,10:00,0,1.0
SEC_C02_09,2026-09-13,10:00,10:30,0,1.0
SEC_C02_09,2026-09-13,10:30,11:00,0,1.0
SEC_C02_09,2026-09-13,11:00,11:30,0,1.0
SEC_C02_09,2026-09-13,11:30,12:00,0,1.0
SEC_C02_09,2026-09-13,12:00,12:30,0,1.0
SEC_C02_09,2026-09-13,12:30,13:00,0,1.0
SEC_C02_09,2026-09-13,13:00,13:30,0,1.0
SEC_C02_09,2026-09-13,13:30,14:00,0,1.0
SEC_C02_09,2026-09-13,14:00,14:30,0,1.0
SEC_C02_09,2026-09-13,14:30,15:00,1,0.8
SEC_C02_09,2026-09-13,15:00,15:30,1,0.8
SEC_C02_09,2026-09-13,15:30,16:00,0,1.0
SEC_C02_09,2026-09-13,16:00,16:30,0,1.0
SEC_C02_09,2026-09-13,16:30,17:00,0,1.0
SEC_C02_09,2026-09-13,17:00,17:30,0,1.0
SEC_C02_09,2026-09-13,17:30,18:00,0,1.0
SEC_C02_09,2026-09-13,18:00,18:30,0,1.0
SEC_C02_09,2026-09-13,18:30,19:00,0,1.0
SEC_C02_09,2026-09-13,19:00,19:30,0,1.0
SEC_C02_09,2026-09-13,19:30,20:00,0,1.0
SEC_C02_09,2026-09-13,20:00,20:30,0,1.0
SEC_C02_09,2026-09-13,20:30,21:00,0,1.0
SEC_C02_09,2026-09-13,21:00,21:30,0,1.0
SEC_C02_09,2026-09-13,21:30,22:00,0,1.0
SEC_C02_09,2026-09-13,22:00,22:30,0,1.0
SEC_C02_09,2026-09-13,22:30,23:00,0,1.0
SEC_C02_09,2026-09-13,23:00,23:30,0,1.0
SEC_C02_09,2026-09-13,23:30,00:00,0,1.0
SEC_C02_10,2026-09-13,00:00,00:30,0,1.0
SEC_C02_10,2026-09-13,00:30,01:00,0,1.0
SEC_C02_10,2026-09-13,01:00,01:30,0,1.0
SEC_C02_10,2026-09-13,01:30,02:00,0,1.0
SEC_C02_10,2026-09-13,02:00,02:30,0,1.0
SEC_C02_10,2026-09-13,02:30,03:00,0,1.0
SEC_C02_10,2026-09-13,03:00,03:30,0,1.0
SEC_C02_10,2026-09-13,03:30,04:00,0,1.0
SEC_C02_10,2026-09-13,04:00,04:30,0,1.0
SEC_C02_10,2026-09-13,04:30,05:00,0,1.0
SEC_C02_10,2026-09-13,05:00,05:30,0,1.0
SEC_C02_10,2026-09-13,05:30,06:00,0,1.0
SEC_C02_10,2026-09-13,06:00,06:30,0,1.0
SEC_C02_10,2026-09-13,06:30,07:00,0,1.0
SEC_C02_10,2026-09-13,07:00,07:30,0,1.0
SEC_C02_10,2026-09-13,07:30,08:00,0,1.0
SEC_C02_10,2026-09-13,08:00,08:30,0,1.0
SEC_C02_10,2026-09-13,08:30,09:00,0,1.0
SEC_C02_10,2026-09-13,09:00,09:30,1,0.8
SEC_C02_10,2026-09-13,09:30,10:00,1,0.8
SEC_C02_10,2026-09-13,10:00,10:30,0,1.0
SEC_C02_10,2026-09-13,10:30,11:00,0,1.0
SEC_C02_10,2026-09-13,11:00,11:30,0,1.0
SEC_C02_10,2026-09-13,11:30,12:00,0,1.0
SEC_C02_10,2026-09-13,12:00,12:30,0,1.0
SEC_C02_10,2026-09-13,12:30,13:00,0,1.0
SEC_C02_10,2026-09-13,13:00,13:30,0,1.0
SEC_C02_10,2026-09-13,13:30,14:00,0,1.0
SEC_C02_10,2026-09-13,14:00,14:30,0,1.0
SEC_C02_10,2026-09-13,14:30,15:00,1,0.8
SEC_C02_10,2026-09-13,15:00,15:30,1,0.8
SEC_C02_10,2026-09-13,15:30,16:00,0,1.0
SEC_C02_10,2026-09-13,16:00,16:30,0,1.0
SEC_C02_10,2026-09-13,16:30,17:00,0,1.0
SEC_C02_10,2026-09-13,17:00,17:30,0,1.0
SEC_C02_10,2026-09-13,17:30,18:00,0,1.0
SEC_C02_10,2026-09-13,18:00,18:30,0,1.0
SEC_C02_10,2026-09-13,18:30,19:00,1,0.8
SEC_C02_10,2026-09-13,19:00,19:30,1,0.8
SEC_C02_10,2026-09-13,19:30,20:00,0,1.0
SEC_C02_10,2026-09-13,20:00,20:30,0,1.0
SEC_C02_10,2026-09-13,20:30,21:00,0,1.0
SEC_C02_10,2026-09-13,21:00,21:30,0,1.0
SEC_C02_10,2026-09-13,21:30,22:00,1,0.8
SEC_C02_10,2026-09-13,22:00,22:30,1,0.8
SEC_C02_10,2026-09-13,22:30,23:00,1,0.8
SEC_C02_10,2026-09-13,23:00,23:30,0,1.0
SEC_C02_10,2026-09-13,23:30,00:00,0,1.0
SEC_C03_01,2026-09-13,00:00,00:30,0,1.0
SEC_C03_01,2026-09-13,00:30,01:00,0,1.0
SEC_C03_01,2026-09-13,01:00,01:30,0,1.0
SEC_C03_01,2026-09-13,01:30,02:00,0,1.0
SEC_C03_01,2026-09-13,02:00,02:30,0,1.0
SEC_C03_01,2026-09-13,02:30,03:00,0,1.0
SEC_C03_01,2026-09-13,03:00,03:30,0,1.0
SEC_C03_01,2026-09-13,03:30,04:00,0,1.0
SEC_C03_01,2026-09-13,04:00,04:30,0,1.0
SEC_C03_01,2026-09-13,04:30,05:00,0,1.0
SEC_C03_01,2026-09-13,05:00,05:30,0,1.0
SEC_C03_01,2026-09-13,05:30,06:00,0,1.0
SEC_C03_01,2026-09-13,06:00,06:30,0,1.0
SEC_C03_01,2026-09-13,06:30,07:00,0,1.0
SEC_C03_01,2026-09-13,07:00,07:30,1,0.8
SEC_C03_01,2026-09-13,07:30,08:00,1,0.8
SEC_C03_01,2026-09-13,08:00,08:30,0,1.0
SEC_C03_01,2026-09-13,08:30,09:00,0,1.0
SEC_C03_01,2026-09-13,09:00,09:30,0,1.0
SEC_C03_01,2026-09-13,09:30,10:00,1,0.8
SEC_C03_01,2026-09-13,10:00,10:30,1,0.8
SEC_C03_01,2026-09-13,10:30,11:00,0,1.0
SEC_C03_01,2026-09-13,11:00,11:30,0,1.0
SEC_C03_01,2026-09-13,11:30,12:00,1,0.5
SEC_C03_01,2026-09-13,12:00,12:30,1,0.5
SEC_C03_01,2026-09-13,12:30,13:00,0,1.0
SEC_C03_01,2026-09-13,13:00,13:30,0,1.0
SEC_C03_01,2026-09-13,13:30,14:00,0,1.0
SEC_C03_01,2026-09-13,14:00,14:30,0,1.0
SEC_C03_01,2026-09-13,14:30,15:00,0,1.0
SEC_C03_01,2026-09-13,15:00,15:30,0,1.0
SEC_C03_01,2026-09-13,15:30,16:00,0,1.0
SEC_C03_01,2026-09-13,16:00,16:30,0,1.0
SEC_C03_01,2026-09-13,16:30,17:00,0,1.0
SEC_C03_01,2026-09-13,17:00,17:30,0,1.0
SEC_C03_01,2026-09-13,17:30,18:00,0,1.0
SEC_C03_01,2026-09-13,18:00,18:30,0,1.0
SEC_C03_01,2026-09-13,18:30,19:00,0,1.0
SEC_C03_01,2026-09-13,19:00,19:30,0,1.0
SEC_C03_01,2026-09-13,19:30,20:00,0,1.0
SEC_C03_01,2026-09-13,20:00,20:30,0,1.0
SEC_C03_01,2026-09-13,20:30,21:00,0,1.0
SEC_C03_01,2026-09-13,21:00,21:30,0,1.0
SEC_C03_01,2026-09-13,21:30,22:00,0,1.0
SEC_C03_01,2026-09-13,22:00,22:30,0,1.0
SEC_C03_01,2026-09-13,22:30,23:00,0,1.0
SEC_C03_01,2026-09-13,23:00,23:30,0,1.0
SEC_C03_01,2026-09-13,23:30,00:00,0,1.0
SEC_C03_02,2026-09-13,00:00,00:30,0,1.0
SEC_C03_02,2026-09-13,00:30,01:00,0,1.0
SEC_C03_02,2026-09-13,01:00,01:30,0,1.0
SEC_C03_02,2026-09-13,01:30,02:00,0,1.0
SEC_C03_02,2026-09-13,02:00,02:30,0,1.0
SEC_C03_02,2026-09-13,02:30,03:00,0,1.0
SEC_C03_02,2026-09-13,03:00,03:30,0,1.0
SEC_C03_02,2026-09-13,03:30,04:00,0,1.0
SEC_C03_02,2026-09-13,04:00,04:30,0,1.0
SEC_C03_02,2026-09-13,04:30,05:00,0,1.0
SEC_C03_02,2026-09-13,05:00,05:30,0,1.0
SEC_C03_02,2026-09-13,05:30,06:00,0,1.0
SEC_C03_02,2026-09-13,06:00,06:30,0,1.0
SEC_C03_02,2026-09-13,06:30,07:00,0,1.0
SEC_C03_02,2026-09-13,07:00,07:30,0,1.0
SEC_C03_02,2026-09-13,07:30,08:00,0,1.0
SEC_C03_02,2026-09-13,08:00,08:30,0,1.0
SEC_C03_02,2026-09-13,08:30,09:00,0,1.0
SEC_C03_02,2026-09-13,09:00,09:30,1,0.8
SEC_C03_02,2026-09-13,09:30,10:00,1,0.8
SEC_C03_02,2026-09-13,10:00,10:30,0,1.0
SEC_C03_02,2026-09-13,10:30,11:00,0,1.0
SEC_C03_02,2026-09-13,11:00,11:30,0,1.0
SEC_C03_02,2026-09-13,11:30,12:00,0,1.0
SEC_C03_02,2026-09-13,12:00,12:30,0,1.0
SEC_C03_02,2026-09-13,12:30,13:00,0,1.0
SEC_C03_02,2026-09-13,13:00,13:30,0,1.0
SEC_C03_02,2026-09-13,13:30,14:00,0,1.0
SEC_C03_02,2026-09-13,14:00,14:30,0,1.0
SEC_C03_02,2026-09-13,14:30,15:00,0,1.0
SEC_C03_02,2026-09-13,15:00,15:30,0,1.0
SEC_C03_02,2026-09-13,15:30,16:00,0,1.0
SEC_C03_02,2026-09-13,16:00,16:30,0,1.0
SEC_C03_02,2026-09-13,16:30,17:00,0,1.0
SEC_C03_02,2026-09-13,17:00,17:30,0,1.0
SEC_C03_02,2026-09-13,17:30,18:00,0,1.0
SEC_C03_02,2026-09-13,18:00,18:30,0,1.0
SEC_C03_02,2026-09-13,18:30,19:00,0,1.0
SEC_C03_02,2026-09-13,19:00,19:30,0,1.0
SEC_C03_02,2026-09-13,19:30,20:00,0,1.0
SEC_C03_02,2026-09-13,20:00,20:30,0,1.0
SEC_C03_02,2026-09-13,20:30,21:00,0,1.0
SEC_C03_02,2026-09-13,21:00,21:30,0,1.0
SEC_C03_02,2026-09-13,21:30,22:00,0,1.0
SEC_C03_02,2026-09-13,22:00,22:30,0,1.0
SEC_C03_02,2026-09-13,22:30,23:00,0,1.0
SEC_C03_02,2026-09-13,23:00,23:30,0,1.0
SEC_C03_02,2026-09-13,23:30,00:00,0,1.0
SEC_C03_03,2026-09-13,00:00,00:30,0,1.0
SEC_C03_03,2026-09-13,00:30,01:00,0,1.0
SEC_C03_03,2026-09-13,01:00,01:30,0,1.0
SEC_C03_03,2026-09-13,01:30,02:00,0,1.0
SEC_C03_03,2026-09-13,02:00,02:30,0,1.0
SEC_C03_03,2026-09-13,02:30,03:00,0,1.0
SEC_C03_03,2026-09-13,03:00,03:30,0,1.0
SEC_C03_03,2026-09-13,03:30,04:00,1,0.8
SEC_C03_03,2026-09-13,04:00,04:30,1,0.8
SEC_C03_03,2026-09-13,04:30,05:00,0,1.0
SEC_C03_03,2026-09-13,05:00,05:30,0,1.0
SEC_C03_03,2026-09-13,05:30,06:00,0,1.0
SEC_C03_03,2026-09-13,06:00,06:30,1,0.5
SEC_C03_03,2026-09-13,06:30,07:00,1,0.5
SEC_C03_03,2026-09-13,07:00,07:30,0,1.0
SEC_C03_03,2026-09-13,07:30,08:00,1,0.5
SEC_C03_03,2026-09-13,08:00,08:30,1,0.5
SEC_C03_03,2026-09-13,08:30,09:00,1,0.5
SEC_C03_03,2026-09-13,09:00,09:30,0,1.0
SEC_C03_03,2026-09-13,09:30,10:00,0,1.0
SEC_C03_03,2026-09-13,10:00,10:30,0,1.0
SEC_C03_03,2026-09-13,10:30,11:00,0,1.0
SEC_C03_03,2026-09-13,11:00,11:30,0,1.0
SEC_C03_03,2026-09-13,11:30,12:00,0,1.0
SEC_C03_03,2026-09-13,12:00,12:30,0,1.0
SEC_C03_03,2026-09-13,12:30,13:00,0,1.0
SEC_C03_03,2026-09-13,13:00,13:30,0,1.0
SEC_C03_03,2026-09-13,13:30,14:00,0,1.0
SEC_C03_03,2026-09-13,14:00,14:30,0,1.0
SEC_C03_03,2026-09-13,14:30,15:00,0,1.0
SEC_C03_03,2026-09-13,15:00,15:30,0,1.0
SEC_C03_03,2026-09-13,15:30,16:00,0,1.0
SEC_C03_03,2026-09-13,16:00,16:30,0,1.0
SEC_C03_03,2026-09-13,16:30,17:00,0,1.0
SEC_C03_03,2026-09-13,17:00,17:30,0,1.0
SEC_C03_03,2026-09-13,17:30,18:00,0,1.0
SEC_C03_03,2026-09-13,18:00,18:30,0,1.0
SEC_C03_03,2026-09-13,18:30,19:00,0,1.0
SEC_C03_03,2026-09-13,19:00,19:30,0,1.0
SEC_C03_03,2026-09-13,19:30,20:00,0,1.0
SEC_C03_03,2026-09-13,20:00,20:30,0,1.0
SEC_C03_03,2026-09-13,20:30,21:00,0,1.0
SEC_C03_03,2026-09-13,21:00,21:30,0,1.0
SEC_C03_03,2026-09-13,21:30,22:00,0,1.0
SEC_C03_03,2026-09-13,22:00,22:30,0,1.0
SEC_C03_03,2026-09-13,22:30,23:00,0,1.0
SEC_C03_03,2026-09-13,23:00,23:30,0,1.0
SEC_C03_03,2026-09-13,23:30,00:00,0,1.0
SEC_C03_04,2026-09-13,00:00,00:30,0,1.0
SEC_C03_04,2026-09-13,00:30,01:00,0,1.0
SEC_C03_04,2026-09-13,01:00,01:30,0,1.0
SEC_C03_04,2026-09-13,01:30,02:00,0,1.0
SEC_C03_04,2026-09-13,02:00,02:30,0,1.0
SEC_C03_04,2026-09-13,02:30,03:00,0,1.0
SEC_C03_04,2026-09-13,03:00,03:30,0,1.0
SEC_C03_04,2026-09-13,03:30,04:00,0,1.0
SEC_C03_04,2026-09-13,04:00,04:30,0,1.0
SEC_C03_04,2026-09-13,04:30,05:00,0,1.0
SEC_C03_04,2026-09-13,05:00,05:30,0,1.0
SEC_C03_04,2026-09-13,05:30,06:00,0,1.0
SEC_C03_04,2026-09-13,06:00,06:30,0,1.0
SEC_C03_04,2026-09-13,06:30,07:00,0,1.0
SEC_C03_04,2026-09-13,07:00,07:30,0,1.0
SEC_C03_04,2026-09-13,07:30,08:00,0,1.0
SEC_C03_04,2026-09-13,08:00,08:30,0,1.0
SEC_C03_04,2026-09-13,08:30,09:00,0,1.0
SEC_C03_04,2026-09-13,09:00,09:30,0,1.0
SEC_C03_04,2026-09-13,09:30,10:00,0,1.0
SEC_C03_04,2026-09-13,10:00,10:30,0,1.0
SEC_C03_04,2026-09-13,10:30,11:00,0,1.0
SEC_C03_04,2026-09-13,11:00,11:30,0,1.0
SEC_C03_04,2026-09-13,11:30,12:00,0,1.0
SEC_C03_04,2026-09-13,12:00,12:30,1,0.8
SEC_C03_04,2026-09-13,12:30,13:00,1,0.8
SEC_C03_04,2026-09-13,13:00,13:30,0,1.0
SEC_C03_04,2026-09-13,13:30,14:00,1,0.8
SEC_C03_04,2026-09-13,14:00,14:30,1,0.8
SEC_C03_04,2026-09-13,14:30,15:00,0,1.0
SEC_C03_04,2026-09-13,15:00,15:30,0,1.0
SEC_C03_04,2026-09-13,15:30,16:00,1,0.8
SEC_C03_04,2026-09-13,16:00,16:30,0,1.0
SEC_C03_04,2026-09-13,16:30,17:00,0,1.0
SEC_C03_04,2026-09-13,17:00,17:30,1,0.8
SEC_C03_04,2026-09-13,17:30,18:00,1,0.8
SEC_C03_04,2026-09-13,18:00,18:30,0,1.0
SEC_C03_04,2026-09-13,18:30,19:00,0,1.0
SEC_C03_04,2026-09-13,19:00,19:30,0,1.0
SEC_C03_04,2026-09-13,19:30,20:00,0,1.0
SEC_C03_04,2026-09-13,20:00,20:30,0,1.0
SEC_C03_04,2026-09-13,20:30,21:00,0,1.0
SEC_C03_04,2026-09-13,21:00,21:30,0,1.0
SEC_C03_04,2026-09-13,21:30,22:00,0,1.0
SEC_C03_04,2026-09-13,22:00,22:30,0,1.0
SEC_C03_04,2026-09-13,22:30,23:00,0,1.0
SEC_C03_04,2026-09-13,23:00,23:30,0,1.0
SEC_C03_04,2026-09-13,23:30,00:00,0,1.0
SEC_C03_05,2026-09-13,00:00,00:30,0,1.0
SEC_C03_05,2026-09-13,00:30,01:00,0,1.0
SEC_C03_05,2026-09-13,01:00,01:30,0,1.0
SEC_C03_05,2026-09-13,01:30,02:00,0,1.0
SEC_C03_05,2026-09-13,02:00,02:30,0,1.0
SEC_C03_05,2026-09-13,02:30,03:00,0,1.0
SEC_C03_05,2026-09-13,03:00,03:30,0,1.0
SEC_C03_05,2026-09-13,03:30,04:00,0,1.0
SEC_C03_05,2026-09-13,04:00,04:30,0,1.0
SEC_C03_05,2026-09-13,04:30,05:00,0,1.0
SEC_C03_05,2026-09-13,05:00,05:30,0,1.0
SEC_C03_05,2026-09-13,05:30,06:00,0,1.0
SEC_C03_05,2026-09-13,06:00,06:30,0,1.0
SEC_C03_05,2026-09-13,06:30,07:00,0,1.0
SEC_C03_05,2026-09-13,07:00,07:30,0,1.0
SEC_C03_05,2026-09-13,07:30,08:00,0,1.0
SEC_C03_05,2026-09-13,08:00,08:30,0,1.0
SEC_C03_05,2026-09-13,08:30,09:00,0,1.0
SEC_C03_05,2026-09-13,09:00,09:30,0,1.0
SEC_C03_05,2026-09-13,09:30,10:00,0,1.0
SEC_C03_05,2026-09-13,10:00,10:30,0,1.0
SEC_C03_05,2026-09-13,10:30,11:00,0,1.0
SEC_C03_05,2026-09-13,11:00,11:30,0,1.0
SEC_C03_05,2026-09-13,11:30,12:00,0,1.0
SEC_C03_05,2026-09-13,12:00,12:30,0,1.0
SEC_C03_05,2026-09-13,12:30,13:00,0,1.0
SEC_C03_05,2026-09-13,13:00,13:30,1,0.8
SEC_C03_05,2026-09-13,13:30,14:00,1,0.8
SEC_C03_05,2026-09-13,14:00,14:30,1,0.8
SEC_C03_05,2026-09-13,14:30,15:00,0,1.0
SEC_C03_05,2026-09-13,15:00,15:30,0,1.0
SEC_C03_05,2026-09-13,15:30,16:00,0,1.0
SEC_C03_05,2026-09-13,16:00,16:30,0,1.0
SEC_C03_05,2026-09-13,16:30,17:00,0,1.0
SEC_C03_05,2026-09-13,17:00,17:30,0,1.0
SEC_C03_05,2026-09-13,17:30,18:00,0,1.0
SEC_C03_05,2026-09-13,18:00,18:30,0,1.0
SEC_C03_05,2026-09-13,18:30,19:00,0,1.0
SEC_C03_05,2026-09-13,19:00,19:30,0,1.0
SEC_C03_05,2026-09-13,19:30,20:00,0,1.0
SEC_C03_05,2026-09-13,20:00,20:30,0,1.0
SEC_C03_05,2026-09-13,20:30,21:00,0,1.0
SEC_C03_05,2026-09-13,21:00,21:30,0,1.0
SEC_C03_05,2026-09-13,21:30,22:00,0,1.0
SEC_C03_05,2026-09-13,22:00,22:30,0,1.0
SEC_C03_05,2026-09-13,22:30,23:00,0,1.0
SEC_C03_05,2026-09-13,23:00,23:30,0,1.0
SEC_C03_05,2026-09-13,23:30,00:00,0,1.0
SEC_C03_06,2026-09-13,00:00,00:30,0,1.0
SEC_C03_06,2026-09-13,00:30,01:00,0,1.0
SEC_C03_06,2026-09-13,01:00,01:30,0,1.0
SEC_C03_06,2026-09-13,01:30,02:00,0,1.0
SEC_C03_06,2026-09-13,02:00,02:30,0,1.0
SEC_C03_06,2026-09-13,02:30,03:00,0,1.0
SEC_C03_06,2026-09-13,03:00,03:30,0,1.0
SEC_C03_06,2026-09-13,03:30,04:00,0,1.0
SEC_C03_06,2026-09-13,04:00,04:30,0,1.0
SEC_C03_06,2026-09-13,04:30,05:00,0,1.0
SEC_C03_06,2026-09-13,05:00,05:30,0,1.0
SEC_C03_06,2026-09-13,05:30,06:00,0,1.0
SEC_C03_06,2026-09-13,06:00,06:30,0,1.0
SEC_C03_06,2026-09-13,06:30,07:00,0,1.0
SEC_C03_06,2026-09-13,07:00,07:30,1,0.8
SEC_C03_06,2026-09-13,07:30,08:00,1,0.8
SEC_C03_06,2026-09-13,08:00,08:30,0,1.0
SEC_C03_06,2026-09-13,08:30,09:00,1,0.8
SEC_C03_06,2026-09-13,09:00,09:30,1,0.8
SEC_C03_06,2026-09-13,09:30,10:00,0,1.0
SEC_C03_06,2026-09-13,10:00,10:30,0,1.0
SEC_C03_06,2026-09-13,10:30,11:00,0,1.0
SEC_C03_06,2026-09-13,11:00,11:30,0,1.0
SEC_C03_06,2026-09-13,11:30,12:00,0,1.0
SEC_C03_06,2026-09-13,12:00,12:30,0,1.0
SEC_C03_06,2026-09-13,12:30,13:00,0,1.0
SEC_C03_06,2026-09-13,13:00,13:30,0,1.0
SEC_C03_06,2026-09-13,13:30,14:00,0,1.0
SEC_C03_06,2026-09-13,14:00,14:30,0,1.0
SEC_C03_06,2026-09-13,14:30,15:00,0,1.0
SEC_C03_06,2026-09-13,15:00,15:30,0,1.0
SEC_C03_06,2026-09-13,15:30,16:00,0,1.0
SEC_C03_06,2026-09-13,16:00,16:30,0,1.0
SEC_C03_06,2026-09-13,16:30,17:00,0,1.0
SEC_C03_06,2026-09-13,17:00,17:30,0,1.0
SEC_C03_06,2026-09-13,17:30,18:00,0,1.0
SEC_C03_06,2026-09-13,18:00,18:30,0,1.0
SEC_C03_06,2026-09-13,18:30,19:00,0,1.0
SEC_C03_06,2026-09-13,19:00,19:30,0,1.0
SEC_C03_06,2026-09-13,19:30,20:00,0,1.0
SEC_C03_06,2026-09-13,20:00,20:30,0,1.0
SEC_C03_06,2026-09-13,20:30,21:00,0,1.0
SEC_C03_06,2026-09-13,21:00,21:30,0,1.0
SEC_C03_06,2026-09-13,21:30,22:00,0,1.0
SEC_C03_06,2026-09-13,22:00,22:30,0,1.0
SEC_C03_06,2026-09-13,22:30,23:00,0,1.0
SEC_C03_06,2026-09-13,23:00,23:30,0,1.0
SEC_C03_06,2026-09-13,23:30,00:00,0,1.0
SEC_C04_01,2026-09-13,00:00,00:30,0,1.0
SEC_C04_01,2026-09-13,00:30,01:00,0,1.0
SEC_C04_01,2026-09-13,01:00,01:30,0,1.0
SEC_C04_01,2026-09-13,01:30,02:00,0,1.0
SEC_C04_01,2026-09-13,02:00,02:30,0,1.0
SEC_C04_01,2026-09-13,02:30,03:00,0,1.0
SEC_C04_01,2026-09-13,03:00,03:30,0,1.0
SEC_C04_01,2026-09-13,03:30,04:00,0,1.0
SEC_C04_01,2026-09-13,04:00,04:30,0,1.0
SEC_C04_01,2026-09-13,04:30,05:00,0,1.0
SEC_C04_01,2026-09-13,05:00,05:30,0,1.0
SEC_C04_01,2026-09-13,05:30,06:00,0,1.0
SEC_C04_01,2026-09-13,06:00,06:30,0,1.0
SEC_C04_01,2026-09-13,06:30,07:00,0,1.0
SEC_C04_01,2026-09-13,07:00,07:30,0,1.0
SEC_C04_01,2026-09-13,07:30,08:00,0,1.0
SEC_C04_01,2026-09-13,08:00,08:30,0,1.0
SEC_C04_01,2026-09-13,08:30,09:00,0,1.0
SEC_C04_01,2026-09-13,09:00,09:30,0,1.0
SEC_C04_01,2026-09-13,09:30,10:00,0,1.0
SEC_C04_01,2026-09-13,10:00,10:30,0,1.0
SEC_C04_01,2026-09-13,10:30,11:00,0,1.0
SEC_C04_01,2026-09-13,11:00,11:30,0,1.0
SEC_C04_01,2026-09-13,11:30,12:00,0,1.0
SEC_C04_01,2026-09-13,12:00,12:30,0,1.0
SEC_C04_01,2026-09-13,12:30,13:00,0,1.0
SEC_C04_01,2026-09-13,13:00,13:30,0,1.0
SEC_C04_01,2026-09-13,13:30,14:00,0,1.0
SEC_C04_01,2026-09-13,14:00,14:30,0,1.0
SEC_C04_01,2026-09-13,14:30,15:00,0,1.0
SEC_C04_01,2026-09-13,15:00,15:30,0,1.0
SEC_C04_01,2026-09-13,15:30,16:00,0,1.0
SEC_C04_01,2026-09-13,16:00,16:30,0,1.0
SEC_C04_01,2026-09-13,16:30,17:00,0,1.0
SEC_C04_01,2026-09-13,17:00,17:30,0,1.0
SEC_C04_01,2026-09-13,17:30,18:00,0,1.0
SEC_C04_01,2026-09-13,18:00,18:30,0,1.0
SEC_C04_01,2026-09-13,18:30,19:00,0,1.0
SEC_C04_01,2026-09-13,19:00,19:30,0,1.0
SEC_C04_01,2026-09-13,19:30,20:00,0,1.0
SEC_C04_01,2026-09-13,20:00,20:30,0,1.0
SEC_C04_01,2026-09-13,20:30,21:00,0,1.0
SEC_C04_01,2026-09-13,21:00,21:30,0,1.0
SEC_C04_01,2026-09-13,21:30,22:00,0,1.0
SEC_C04_01,2026-09-13,22:00,22:30,0,1.0
SEC_C04_01,2026-09-13,22:30,23:00,0,1.0
SEC_C04_01,2026-09-13,23:00,23:30,0,1.0
SEC_C04_01,2026-09-13,23:30,00:00,0,1.0
SEC_C04_02,2026-09-13,00:00,00:30,0,1.0
SEC_C04_02,2026-09-13,00:30,01:00,0,1.0
SEC_C04_02,2026-09-13,01:00,01:30,0,1.0
SEC_C04_02,2026-09-13,01:30,02:00,0,1.0
SEC_C04_02,2026-09-13,02:00,02:30,0,1.0
SEC_C04_02,2026-09-13,02:30,03:00,0,1.0
SEC_C04_02,2026-09-13,03:00,03:30,0,1.0
SEC_C04_02,2026-09-13,03:30,04:00,0,1.0
SEC_C04_02,2026-09-13,04:00,04:30,0,1.0
SEC_C04_02,2026-09-13,04:30,05:00,0,1.0
SEC_C04_02,2026-09-13,05:00,05:30,0,1.0
SEC_C04_02,2026-09-13,05:30,06:00,0,1.0
SEC_C04_02,2026-09-13,06:00,06:30,0,1.0
SEC_C04_02,2026-09-13,06:30,07:00,0,1.0
SEC_C04_02,2026-09-13,07:00,07:30,0,1.0
SEC_C04_02,2026-09-13,07:30,08:00,0,1.0
SEC_C04_02,2026-09-13,08:00,08:30,0,1.0
SEC_C04_02,2026-09-13,08:30,09:00,0,1.0
SEC_C04_02,2026-09-13,09:00,09:30,1,0.8
SEC_C04_02,2026-09-13,09:30,10:00,2,0.2
SEC_C04_02,2026-09-13,10:00,10:30,1,0.5
SEC_C04_02,2026-09-13,10:30,11:00,0,1.0
SEC_C04_02,2026-09-13,11:00,11:30,0,1.0
SEC_C04_02,2026-09-13,11:30,12:00,0,1.0
SEC_C04_02,2026-09-13,12:00,12:30,0,1.0
SEC_C04_02,2026-09-13,12:30,13:00,0,1.0
SEC_C04_02,2026-09-13,13:00,13:30,0,1.0
SEC_C04_02,2026-09-13,13:30,14:00,0,1.0
SEC_C04_02,2026-09-13,14:00,14:30,0,1.0
SEC_C04_02,2026-09-13,14:30,15:00,0,1.0
SEC_C04_02,2026-09-13,15:00,15:30,0,1.0
SEC_C04_02,2026-09-13,15:30,16:00,0,1.0
SEC_C04_02,2026-09-13,16:00,16:30,0,1.0
SEC_C04_02,2026-09-13,16:30,17:00,0,1.0
SEC_C04_02,2026-09-13,17:00,17:30,0,1.0
SEC_C04_02,2026-09-13,17:30,18:00,0,1.0
SEC_C04_02,2026-09-13,18:00,18:30,0,1.0
SEC_C04_02,2026-09-13,18:30,19:00,0,1.0
SEC_C04_02,2026-09-13,19:00,19:30,0,1.0
SEC_C04_02,2026-09-13,19:30,20:00,0,1.0
SEC_C04_02,2026-09-13,20:00,20:30,1,0.8
SEC_C04_02,2026-09-13,20:30,21:00,1,0.8
SEC_C04_02,2026-09-13,21:00,21:30,0,1.0
SEC_C04_02,2026-09-13,21:30,22:00,0,1.0
SEC_C04_02,2026-09-13,22:00,22:30,0,1.0
SEC_C04_02,2026-09-13,22:30,23:00,0,1.0
SEC_C04_02,2026-09-13,23:00,23:30,0,1.0
SEC_C04_02,2026-09-13,23:30,00:00,0,1.0
SEC_C04_03,2026-09-13,00:00,00:30,2,0.5
SEC_C04_03,2026-09-13,00:30,01:00,2,0.5
SEC_C04_03,2026-09-13,01:00,01:30,0,1.0
SEC_C04_03,2026-09-13,01:30,02:00,0,1.0
SEC_C04_03,2026-09-13,02:00,02:30,0,1.0
SEC_C04_03,2026-09-13,02:30,03:00,0,1.0
SEC_C04_03,2026-09-13,03:00,03:30,0,1.0
SEC_C04_03,2026-09-13,03:30,04:00,0,1.0
SEC_C04_03,2026-09-13,04:00,04:30,0,1.0
SEC_C04_03,2026-09-13,04:30,05:00,0,1.0
SEC_C04_03,2026-09-13,05:00,05:30,0,1.0
SEC_C04_03,2026-09-13,05:30,06:00,0,1.0
SEC_C04_03,2026-09-13,06:00,06:30,0,1.0
SEC_C04_03,2026-09-13,06:30,07:00,0,1.0
SEC_C04_03,2026-09-13,07:00,07:30,0,1.0
SEC_C04_03,2026-09-13,07:30,08:00,0,1.0
SEC_C04_03,2026-09-13,08:00,08:30,0,1.0
SEC_C04_03,2026-09-13,08:30,09:00,0,1.0
SEC_C04_03,2026-09-13,09:00,09:30,0,1.0
SEC_C04_03,2026-09-13,09:30,10:00,0,1.0
SEC_C04_03,2026-09-13,10:00,10:30,0,1.0
SEC_C04_03,2026-09-13,10:30,11:00,0,1.0
SEC_C04_03,2026-09-13,11:00,11:30,0,1.0
SEC_C04_03,2026-09-13,11:30,12:00,0,1.0
SEC_C04_03,2026-09-13,12:00,12:30,0,1.0
SEC_C04_03,2026-09-13,12:30,13:00,0,1.0
SEC_C04_03,2026-09-13,13:00,13:30,0,1.0
SEC_C04_03,2026-09-13,13:30,14:00,0,1.0
SEC_C04_03,2026-09-13,14:00,14:30,0,1.0
SEC_C04_03,2026-09-13,14:30,15:00,0,1.0
SEC_C04_03,2026-09-13,15:00,15:30,1,0.8
SEC_C04_03,2026-09-13,15:30,16:00,1,0.8
SEC_C04_03,2026-09-13,16:00,16:30,1,0.8
SEC_C04_03,2026-09-13,16:30,17:00,0,1.0
SEC_C04_03,2026-09-13,17:00,17:30,0,1.0
SEC_C04_03,2026-09-13,17:30,18:00,0,1.0
SEC_C04_03,2026-09-13,18:00,18:30,0,1.0
SEC_C04_03,2026-09-13,18:30,19:00,0,1.0
SEC_C04_03,2026-09-13,19:00,19:30,0,1.0
SEC_C04_03,2026-09-13,19:30,20:00,0,1.0
SEC_C04_03,2026-09-13,20:00,20:30,0,1.0
SEC_C04_03,2026-09-13,20:30,21:00,0,1.0
SEC_C04_03,2026-09-13,21:00,21:30,0,1.0
SEC_C04_03,2026-09-13,21:30,22:00,0,1.0
SEC_C04_03,2026-09-13,22:00,22:30,0,1.0
SEC_C04_03,2026-09-13,22:30,23:00,0,1.0
SEC_C04_03,2026-09-13,23:00,23:30,0,1.0
SEC_C04_03,2026-09-13,23:30,00:00,0,1.0
SEC_C04_04,2026-09-13,00:00,00:30,0,1.0
SEC_C04_04,2026-09-13,00:30,01:00,0,1.0
SEC_C04_04,2026-09-13,01:00,01:30,0,1.0
SEC_C04_04,2026-09-13,01:30,02:00,0,1.0
SEC_C04_04,2026-09-13,02:00,02:30,0,1.0
SEC_C04_04,2026-09-13,02:30,03:00,0,1.0
SEC_C04_04,2026-09-13,03:00,03:30,0,1.0
SEC_C04_04,2026-09-13,03:30,04:00,0,1.0
SEC_C04_04,2026-09-13,04:00,04:30,0,1.0
SEC_C04_04,2026-09-13,04:30,05:00,0,1.0
SEC_C04_04,2026-09-13,05:00,05:30,0,1.0
SEC_C04_04,2026-09-13,05:30,06:00,0,1.0
SEC_C04_04,2026-09-13,06:00,06:30,0,1.0
SEC_C04_04,2026-09-13,06:30,07:00,0,1.0
SEC_C04_04,2026-09-13,07:00,07:30,0,1.0
SEC_C04_04,2026-09-13,07:30,08:00,1,0.8
SEC_C04_04,2026-09-13,08:00,08:30,1,0.8
SEC_C04_04,2026-09-13,08:30,09:00,1,0.8
SEC_C04_04,2026-09-13,09:00,09:30,1,0.8
SEC_C04_04,2026-09-13,09:30,10:00,0,1.0
SEC_C04_04,2026-09-13,10:00,10:30,0,1.0
SEC_C04_04,2026-09-13,10:30,11:00,0,1.0
SEC_C04_04,2026-09-13,11:00,11:30,0,1.0
SEC_C04_04,2026-09-13,11:30,12:00,0,1.0
SEC_C04_04,2026-09-13,12:00,12:30,0,1.0
SEC_C04_04,2026-09-13,12:30,13:00,0,1.0
SEC_C04_04,2026-09-13,13:00,13:30,0,1.0
SEC_C04_04,2026-09-13,13:30,14:00,0,1.0
SEC_C04_04,2026-09-13,14:00,14:30,0,1.0
SEC_C04_04,2026-09-13,14:30,15:00,0,1.0
SEC_C04_04,2026-09-13,15:00,15:30,0,1.0
SEC_C04_04,2026-09-13,15:30,16:00,0,1.0
SEC_C04_04,2026-09-13,16:00,16:30,0,1.0
SEC_C04_04,2026-09-13,16:30,17:00,0,1.0
SEC_C04_04,2026-09-13,17:00,17:30,0,1.0
SEC_C04_04,2026-09-13,17:30,18:00,0,1.0
SEC_C04_04,2026-09-13,18:00,18:30,0,1.0
SEC_C04_04,2026-09-13,18:30,19:00,0,1.0
SEC_C04_04,2026-09-13,19:00,19:30,0,1.0
SEC_C04_04,2026-09-13,19:30,20:00,0,1.0
SEC_C04_04,2026-09-13,20:00,20:30,0,1.0
SEC_C04_04,2026-09-13,20:30,21:00,0,1.0
SEC_C04_04,2026-09-13,21:00,21:30,0,1.0
SEC_C04_04,2026-09-13,21:30,22:00,0,1.0
SEC_C04_04,2026-09-13,22:00,22:30,0,1.0
SEC_C04_04,2026-09-13,22:30,23:00,0,1.0
SEC_C04_04,2026-09-13,23:00,23:30,0,1.0
SEC_C04_04,2026-09-13,23:30,00:00,0,1.0
SEC_C04_05,2026-09-13,00:00,00:30,0,1.0
SEC_C04_05,2026-09-13,00:30,01:00,0,1.0
SEC_C04_05,2026-09-13,01:00,01:30,0,1.0
SEC_C04_05,2026-09-13,01:30,02:00,0,1.0
SEC_C04_05,2026-09-13,02:00,02:30,0,1.0
SEC_C04_05,2026-09-13,02:30,03:00,0,1.0
SEC_C04_05,2026-09-13,03:00,03:30,0,1.0
SEC_C04_05,2026-09-13,03:30,04:00,0,1.0
SEC_C04_05,2026-09-13,04:00,04:30,0,1.0
SEC_C04_05,2026-09-13,04:30,05:00,0,1.0
SEC_C04_05,2026-09-13,05:00,05:30,0,1.0
SEC_C04_05,2026-09-13,05:30,06:00,0,1.0
SEC_C04_05,2026-09-13,06:00,06:30,1,0.8
SEC_C04_05,2026-09-13,06:30,07:00,1,0.8
SEC_C04_05,2026-09-13,07:00,07:30,1,0.8
SEC_C04_05,2026-09-13,07:30,08:00,0,1.0
SEC_C04_05,2026-09-13,08:00,08:30,0,1.0
SEC_C04_05,2026-09-13,08:30,09:00,0,1.0
SEC_C04_05,2026-09-13,09:00,09:30,0,1.0
SEC_C04_05,2026-09-13,09:30,10:00,0,1.0
SEC_C04_05,2026-09-13,10:00,10:30,0,1.0
SEC_C04_05,2026-09-13,10:30,11:00,0,1.0
SEC_C04_05,2026-09-13,11:00,11:30,0,1.0
SEC_C04_05,2026-09-13,11:30,12:00,0,1.0
SEC_C04_05,2026-09-13,12:00,12:30,0,1.0
SEC_C04_05,2026-09-13,12:30,13:00,0,1.0
SEC_C04_05,2026-09-13,13:00,13:30,0,1.0
SEC_C04_05,2026-09-13,13:30,14:00,0,1.0
SEC_C04_05,2026-09-13,14:00,14:30,0,1.0
SEC_C04_05,2026-09-13,14:30,15:00,0,1.0
SEC_C04_05,2026-09-13,15:00,15:30,0,1.0
SEC_C04_05,2026-09-13,15:30,16:00,0,1.0
SEC_C04_05,2026-09-13,16:00,16:30,0,1.0
SEC_C04_05,2026-09-13,16:30,17:00,0,1.0
SEC_C04_05,2026-09-13,17:00,17:30,0,1.0
SEC_C04_05,2026-09-13,17:30,18:00,0,1.0
SEC_C04_05,2026-09-13,18:00,18:30,0,1.0
SEC_C04_05,2026-09-13,18:30,19:00,0,1.0
SEC_C04_05,2026-09-13,19:00,19:30,0,1.0
SEC_C04_05,2026-09-13,19:30,20:00,0,1.0
SEC_C04_05,2026-09-13,20:00,20:30,0,1.0
SEC_C04_05,2026-09-13,20:30,21:00,0,1.0
SEC_C04_05,2026-09-13,21:00,21:30,1,0.5
SEC_C04_05,2026-09-13,21:30,22:00,1,0.5
SEC_C04_05,2026-09-13,22:00,22:30,0,1.0
SEC_C04_05,2026-09-13,22:30,23:00,0,1.0
SEC_C04_05,2026-09-13,23:00,23:30,0,1.0
SEC_C04_05,2026-09-13,23:30,00:00,0,1.0
SEC_C04_06,2026-09-13,00:00,00:30,0,1.0
SEC_C04_06,2026-09-13,00:30,01:00,0,1.0
SEC_C04_06,2026-09-13,01:00,01:30,0,1.0
SEC_C04_06,2026-09-13,01:30,02:00,0,1.0
SEC_C04_06,2026-09-13,02:00,02:30,0,1.0
SEC_C04_06,2026-09-13,02:30,03:00,0,1.0
SEC_C04_06,2026-09-13,03:00,03:30,0,1.0
SEC_C04_06,2026-09-13,03:30,04:00,0,1.0
SEC_C04_06,2026-09-13,04:00,04:30,0,1.0
SEC_C04_06,2026-09-13,04:30,05:00,0,1.0
SEC_C04_06,2026-09-13,05:00,05:30,0,1.0
SEC_C04_06,2026-09-13,05:30,06:00,0,1.0
SEC_C04_06,2026-09-13,06:00,06:30,0,1.0
SEC_C04_06,2026-09-13,06:30,07:00,0,1.0
SEC_C04_06,2026-09-13,07:00,07:30,0,1.0
SEC_C04_06,2026-09-13,07:30,08:00,0,1.0
SEC_C04_06,2026-09-13,08:00,08:30,0,1.0
SEC_C04_06,2026-09-13,08:30,09:00,0,1.0
SEC_C04_06,2026-09-13,09:00,09:30,0,1.0
SEC_C04_06,2026-09-13,09:30,10:00,0,1.0
SEC_C04_06,2026-09-13,10:00,10:30,0,1.0
SEC_C04_06,2026-09-13,10:30,11:00,0,1.0
SEC_C04_06,2026-09-13,11:00,11:30,0,1.0
SEC_C04_06,2026-09-13,11:30,12:00,0,1.0
SEC_C04_06,2026-09-13,12:00,12:30,0,1.0
SEC_C04_06,2026-09-13,12:30,13:00,0,1.0
SEC_C04_06,2026-09-13,13:00,13:30,0,1.0
SEC_C04_06,2026-09-13,13:30,14:00,0,1.0
SEC_C04_06,2026-09-13,14:00,14:30,1,0.8
SEC_C04_06,2026-09-13,14:30,15:00,1,0.8
SEC_C04_06,2026-09-13,15:00,15:30,0,1.0
SEC_C04_06,2026-09-13,15:30,16:00,0,1.0
SEC_C04_06,2026-09-13,16:00,16:30,0,1.0
SEC_C04_06,2026-09-13,16:30,17:00,0,1.0
SEC_C04_06,2026-09-13,17:00,17:30,0,1.0
SEC_C04_06,2026-09-13,17:30,18:00,1,0.8
SEC_C04_06,2026-09-13,18:00,18:30,1,0.8
SEC_C04_06,2026-09-13,18:30,19:00,0,1.0
SEC_C04_06,2026-09-13,19:00,19:30,0,1.0
SEC_C04_06,2026-09-13,19:30,20:00,0,1.0
SEC_C04_06,2026-09-13,20:00,20:30,0,1.0
SEC_C04_06,2026-09-13,20:30,21:00,1,0.5
SEC_C04_06,2026-09-13,21:00,21:30,1,0.5
SEC_C04_06,2026-09-13,21:30,22:00,0,1.0
SEC_C04_06,2026-09-13,22:00,22:30,0,1.0
SEC_C04_06,2026-09-13,22:30,23:00,0,1.0
SEC_C04_06,2026-09-13,23:00,23:30,0,1.0
SEC_C04_06,2026-09-13,23:30,00:00,0,1.0
SEC_C04_07,2026-09-13,00:00,00:30,0,1.0
SEC_C04_07,2026-09-13,00:30,01:00,0,1.0
SEC_C04_07,2026-09-13,01:00,01:30,0,1.0
SEC_C04_07,2026-09-13,01:30,02:00,0,1.0
SEC_C04_07,2026-09-13,02:00,02:30,0,1.0
SEC_C04_07,2026-09-13,02:30,03:00,0,1.0
SEC_C04_07,2026-09-13,03:00,03:30,0,1.0
SEC_C04_07,2026-09-13,03:30,04:00,0,1.0
SEC_C04_07,2026-09-13,04:00,04:30,0,1.0
SEC_C04_07,2026-09-13,04:30,05:00,0,1.0
SEC_C04_07,2026-09-13,05:00,05:30,0,1.0
SEC_C04_07,2026-09-13,05:30,06:00,0,1.0
SEC_C04_07,2026-09-13,06:00,06:30,0,1.0
SEC_C04_07,2026-09-13,06:30,07:00,0,1.0
SEC_C04_07,2026-09-13,07:00,07:30,1,0.8
SEC_C04_07,2026-09-13,07:30,08:00,1,0.8
SEC_C04_07,2026-09-13,08:00,08:30,0,1.0
SEC_C04_07,2026-09-13,08:30,09:00,0,1.0
SEC_C04_07,2026-09-13,09:00,09:30,0,1.0
SEC_C04_07,2026-09-13,09:30,10:00,0,1.0
SEC_C04_07,2026-09-13,10:00,10:30,0,1.0
SEC_C04_07,2026-09-13,10:30,11:00,0,1.0
SEC_C04_07,2026-09-13,11:00,11:30,0,1.0
SEC_C04_07,2026-09-13,11:30,12:00,0,1.0
SEC_C04_07,2026-09-13,12:00,12:30,1,0.5
SEC_C04_07,2026-09-13,12:30,13:00,1,0.5
SEC_C04_07,2026-09-13,13:00,13:30,0,1.0
SEC_C04_07,2026-09-13,13:30,14:00,0,1.0
SEC_C04_07,2026-09-13,14:00,14:30,0,1.0
SEC_C04_07,2026-09-13,14:30,15:00,1,0.8
SEC_C04_07,2026-09-13,15:00,15:30,1,0.8
SEC_C04_07,2026-09-13,15:30,16:00,1,0.8
SEC_C04_07,2026-09-13,16:00,16:30,0,1.0
SEC_C04_07,2026-09-13,16:30,17:00,0,1.0
SEC_C04_07,2026-09-13,17:00,17:30,0,1.0
SEC_C04_07,2026-09-13,17:30,18:00,0,1.0
SEC_C04_07,2026-09-13,18:00,18:30,0,1.0
SEC_C04_07,2026-09-13,18:30,19:00,0,1.0
SEC_C04_07,2026-09-13,19:00,19:30,0,1.0
SEC_C04_07,2026-09-13,19:30,20:00,0,1.0
SEC_C04_07,2026-09-13,20:00,20:30,0,1.0
SEC_C04_07,2026-09-13,20:30,21:00,1,0.8
SEC_C04_07,2026-09-13,21:00,21:30,1,0.8
SEC_C04_07,2026-09-13,21:30,22:00,0,1.0
SEC_C04_07,2026-09-13,22:00,22:30,0,1.0
SEC_C04_07,2026-09-13,22:30,23:00,0,1.0
SEC_C04_07,2026-09-13,23:00,23:30,0,1.0
SEC_C04_07,2026-09-13,23:30,00:00,0,1.0
SEC_C04_08,2026-09-13,00:00,00:30,0,1.0
SEC_C04_08,2026-09-13,00:30,01:00,0,1.0
SEC_C04_08,2026-09-13,01:00,01:30,0,1.0
SEC_C04_08,2026-09-13,01:30,02:00,0,1.0
SEC_C04_08,2026-09-13,02:00,02:30,0,1.0
SEC_C04_08,2026-09-13,02:30,03:00,0,1.0
SEC_C04_08,2026-09-13,03:00,03:30,0,1.0
SEC_C04_08,2026-09-13,03:30,04:00,0,1.0
SEC_C04_08,2026-09-13,04:00,04:30,0,1.0
SEC_C04_08,2026-09-13,04:30,05:00,0,1.0
SEC_C04_08,2026-09-13,05:00,05:30,0,1.0
SEC_C04_08,2026-09-13,05:30,06:00,0,1.0
SEC_C04_08,2026-09-13,06:00,06:30,0,1.0
SEC_C04_08,2026-09-13,06:30,07:00,0,1.0
SEC_C04_08,2026-09-13,07:00,07:30,0,1.0
SEC_C04_08,2026-09-13,07:30,08:00,0,1.0
SEC_C04_08,2026-09-13,08:00,08:30,0,1.0
SEC_C04_08,2026-09-13,08:30,09:00,0,1.0
SEC_C04_08,2026-09-13,09:00,09:30,0,1.0
SEC_C04_08,2026-09-13,09:30,10:00,0,1.0
SEC_C04_08,2026-09-13,10:00,10:30,0,1.0
SEC_C04_08,2026-09-13,10:30,11:00,0,1.0
SEC_C04_08,2026-09-13,11:00,11:30,0,1.0
SEC_C04_08,2026-09-13,11:30,12:00,0,1.0
SEC_C04_08,2026-09-13,12:00,12:30,0,1.0
SEC_C04_08,2026-09-13,12:30,13:00,0,1.0
SEC_C04_08,2026-09-13,13:00,13:30,0,1.0
SEC_C04_08,2026-09-13,13:30,14:00,0,1.0
SEC_C04_08,2026-09-13,14:00,14:30,0,1.0
SEC_C04_08,2026-09-13,14:30,15:00,0,1.0
SEC_C04_08,2026-09-13,15:00,15:30,0,1.0
SEC_C04_08,2026-09-13,15:30,16:00,0,1.0
SEC_C04_08,2026-09-13,16:00,16:30,0,1.0
SEC_C04_08,2026-09-13,16:30,17:00,0,1.0
SEC_C04_08,2026-09-13,17:00,17:30,0,1.0
SEC_C04_08,2026-09-13,17:30,18:00,0,1.0
SEC_C04_08,2026-09-13,18:00,18:30,0,1.0
SEC_C04_08,2026-09-13,18:30,19:00,0,1.0
SEC_C04_08,2026-09-13,19:00,19:30,0,1.0
SEC_C04_08,2026-09-13,19:30,20:00,0,1.0
SEC_C04_08,2026-09-13,20:00,20:30,0,1.0
SEC_C04_08,2026-09-13,20:30,21:00,0,1.0
SEC_C04_08,2026-09-13,21:00,21:30,0,1.0
SEC_C04_08,2026-09-13,21:30,22:00,0,1.0
SEC_C04_08,2026-09-13,22:00,22:30,0,1.0
SEC_C04_08,2026-09-13,22:30,23:00,0,1.0
SEC_C04_08,2026-09-13,23:00,23:30,0,1.0
SEC_C04_08,2026-09-13,23:30,00:00,0,1.0
